id,symbol,side,mode,regime,entry_price,exit_price,leverage,pnl_usdt,pnl_pct,close_reason,opened_at,closed_at,duration_min,pred_change_pct,confidence,ml_mode,direction_correct,outcome,actual_move_pct
5262,NEAR/USDT,SELL,FUTURES,TRANSITION,4.487,4.505,5,-0.7601,-2.006,stop_loss,2026-09-25 06:40:58.107801+00,2026-09-25 06:43:45.899272+00,2.80,-4.306,0.920,FUTURES,incorrect,loss,0.401
5261,XRP/USDT,SELL,FUTURES,TRANSITION,1.5246,1.5308,5,-0.7722,-2.033,stop_loss,2026-09-25 06:39:32.762356+00,2026-09-25 06:54:37.87333+00,15.09,-1.934,0.920,FUTURES,incorrect,loss,0.407
5260,ONDO/USDT,SELL,FUTURES,TRENDING,0.54,0.5424,5,-1.7159,-2.222,stop_loss,2026-09-25 06:38:37.638628+00,2026-09-25 06:41:23.093997+00,2.76,-9.119,0.920,FUTURES,incorrect,loss,0.444
5259,ETC/USDT,SELL,FUTURES,TRANSITION,9.48,9.52,5,-0.8145,-2.110,stop_loss,2026-09-25 06:38:37.62784+00,2026-09-25 06:40:58.067829+00,2.34,-4.469,0.920,FUTURES,incorrect,loss,0.422
5258,FIL/USDT,SELL,FUTURES,TRANSITION,0.9896,0.9936,5,-0.7766,-2.021,stop_loss,2026-09-25 06:38:32.738645+00,2026-09-25 06:51:35.107913+00,13.04,-4.028,0.896,FUTURES,incorrect,loss,0.404
5255,TIA/USDT,SELL,FUTURES,TRANSITION,0.4879,0.4847,5,1.2631,3.279,manual,2026-09-25 06:31:56.302073+00,2026-09-25 06:38:27.61131+00,6.52,-4.922,0.920,FUTURES,correct,win,-0.656
5254,OP/USDT,SELL,FUTURES,TRANSITION,0.1326,0.1316,5,1.4551,3.771,manual,2026-09-25 06:27:47.761744+00,2026-09-25 06:38:32.696871+00,10.75,-6.161,0.920,FUTURES,correct,win,-0.754
5253,WLD/USDT,BUY,FUTURES,TRANSITION,0.4372,0.4354,5,-0.7966,-2.059,stop_loss,2026-09-25 06:27:37.664593+00,2026-09-25 06:39:32.726622+00,11.92,9.466,0.723,SPOT,incorrect,loss,-0.412
5252,ASTER/USDT,BUY,SPOT,TRANSITION,0.7132,0.7146,1,0.0196,0.196,profitable_timeout,2026-09-25 06:22:24.958466+00,2026-09-25 06:52:25.377777+00,30.01,,,,unknown,win,0.196
5251,SUI/USDT,SELL,FUTURES,TRANSITION,1.02,1.0131,5,1.3118,3.382,manual,2026-09-25 06:21:19.766242+00,2026-09-25 06:38:37.582875+00,17.30,,,,unknown,win,-0.676
5250,FIL/USDT,SELL,FUTURES,TRANSITION,0.9913,0.9957,5,-0.8627,-2.219,stop_loss,2026-09-25 06:20:39.624941+00,2026-09-25 06:27:37.629518+00,6.97,,,,unknown,loss,0.444
5249,HBAR/USDT,SELL,FUTURES,TRANSITION,0.09256,0.09193,5,1.3264,3.403,manual,2026-09-25 06:20:34.489698+00,2026-09-25 06:38:37.593993+00,18.05,,,,unknown,win,-0.681
5248,TIA/USDT,SELL,FUTURES,TRANSITION,0.4864,0.4879,5,-0.6024,-1.542,trade_switch,2026-09-25 06:20:19.888026+00,2026-09-25 06:31:55.897259+00,11.60,,,,unknown,loss,0.308
5247,SUI/USDT,SELL,FUTURES,TRANSITION,1.0165,1.02,5,-0.6739,-1.722,trade_switch,2026-09-25 06:20:04.921229+00,2026-09-25 06:21:19.741868+00,1.25,,,,unknown,loss,0.344
5246,AVAX/USDT,BUY,FUTURES,TRANSITION,10.207,10.171,5,-0.6929,-1.763,trade_switch,2026-09-25 06:19:59.853076+00,2026-09-25 06:27:47.749867+00,7.80,,,,unknown,loss,-0.353
5245,FIL/USDT,SELL,FUTURES,TRANSITION,0.9881,0.9913,5,-0.6234,-1.619,trade_switch,2026-09-25 06:19:39.838007+00,2026-09-25 06:20:39.600386+00,1.00,,,,unknown,loss,0.324
5244,TIA/USDT,SELL,FUTURES,TRANSITION,0.4849,0.4864,5,-0.5964,-1.547,trade_switch,2026-09-25 06:17:51.157219+00,2026-09-25 06:20:19.866781+00,2.48,,,,unknown,loss,0.309
5243,HBAR/USDT,SELL,FUTURES,TRANSITION,0.09224,0.09256,5,-0.6668,-1.735,trade_switch,2026-09-25 06:17:46.105029+00,2026-09-25 06:20:34.470187+00,2.81,,,,unknown,loss,0.347
5242,OP/USDT,SELL,FUTURES,TRANSITION,0.1324,0.1331,5,-1.0175,-2.644,stop_loss,2026-09-25 06:14:50.809659+00,2026-09-25 06:19:59.813331+00,5.15,,,,unknown,loss,0.529
5241,ONDO/USDT,SELL,FUTURES,TRENDING,0.5366,0.5385,5,-1.3672,-1.770,trade_switch,2026-09-25 06:14:45.748204+00,2026-09-25 06:19:39.826245+00,4.90,,,,unknown,loss,0.354
5240,WLD/USDT,BUY,FUTURES,TRANSITION,0.4337,0.4387,5,2.2296,5.764,trailing_stop,2026-09-25 06:12:33.616234+00,2026-09-25 06:22:24.920289+00,9.86,,,,unknown,win,1.153
5239,UNI/USDT,BUY,FUTURES,TRANSITION,9.092,9.094,5,0.0426,0.110,profitable_timeout,2026-09-25 06:11:58.498393+00,2026-09-25 06:51:15.090149+00,39.28,,,,unknown,win,0.022
5238,ONDO/USDT,SELL,FUTURES,TRENDING,0.5348,0.5366,5,-1.3338,-1.683,trade_switch,2026-09-25 06:11:48.397478+00,2026-09-25 06:14:45.72335+00,2.96,,,,unknown,loss,0.337
5237,BCH/USDT,SELL,FUTURES,TRANSITION,332.3,333.4,5,-0.6559,-1.655,trade_switch,2026-09-25 06:11:48.386643+00,2026-09-25 06:17:51.146745+00,6.05,,,,unknown,loss,0.331
5236,SUI/USDT,SELL,FUTURES,TRANSITION,1.013,1.0165,5,-0.6839,-1.728,trade_switch,2026-09-25 06:11:43.308101+00,2026-09-25 06:20:04.898745+00,8.36,,,,unknown,loss,0.346
5235,PUMP/USDT,BUY,FUTURES,TRANSITION,0.003909,0.003875,5,-1.7266,-4.349,stop_loss,2026-09-25 06:10:43.139008+00,2026-09-25 06:36:34.676534+00,25.86,,,,unknown,loss,-0.870
5234,OP/USDT,SELL,FUTURES,TRANSITION,0.132,0.1324,5,-0.6028,-1.515,trade_switch,2026-09-25 06:10:08.011148+00,2026-09-25 06:14:50.790474+00,4.71,,,,unknown,loss,0.303
5233,UNI/USDT,BUY,FUTURES,TRANSITION,9.12,9.092,5,-0.6123,-1.535,trade_switch,2026-09-25 06:07:00.135615+00,2026-09-25 06:11:58.483866+00,4.97,,,,unknown,loss,-0.307
5232,PUMP/USDT,BUY,FUTURES,TRANSITION,0.003921,0.003908,5,-0.6639,-1.658,trade_switch,2026-09-25 06:04:09.689443+00,2026-09-25 06:10:07.998792+00,5.97,,,,unknown,loss,-0.332
5231,WLD/USDT,BUY,FUTURES,TRANSITION,0.4353,0.4337,5,-0.7320,-1.838,trade_switch,2026-09-25 05:50:38.971751+00,2026-09-25 06:12:33.59932+00,21.91,,,,unknown,loss,-0.368
5230,UNI/USDT,BUY,FUTURES,TRANSITION,9.149,9.12,5,-0.6190,-1.585,trade_switch,2026-09-25 05:50:28.862872+00,2026-09-25 06:07:00.12064+00,16.52,,,,unknown,loss,-0.317
5229,ONDO/USDT,SELL,FUTURES,TRENDING,0.5315,0.5339,5,-1.7882,-2.258,stop_loss,2026-09-25 05:42:25.442823+00,2026-09-25 05:50:28.82405+00,8.06,,,,unknown,loss,0.452
5228,ARB/USDT,SELL,FUTURES,TRANSITION,0.217,0.2162,5,0.7300,1.843,profitable_timeout,2026-09-25 05:42:25.432782+00,2026-09-25 06:17:46.080609+00,35.34,,,,unknown,win,-0.369
5227,AVAX/USDT,BUY,FUTURES,TRANSITION,10.214,10.169,5,-0.8731,-2.203,stop_loss,2026-09-25 05:41:49.364+00,2026-09-25 06:10:43.112804+00,28.90,,,,unknown,loss,-0.441
5226,FIL/USDT,SELL,FUTURES,TRANSITION,0.9908,0.9859,5,0.9573,2.473,profitable_timeout,2026-09-25 05:41:44.291338+00,2026-09-25 06:11:48.343445+00,30.07,,,,unknown,win,-0.495
5225,TIA/USDT,SELL,FUTURES,TRANSITION,0.4849,0.4843,5,0.2395,0.619,profitable_timeout,2026-09-25 05:41:44.279416+00,2026-09-25 06:11:48.354133+00,30.07,,,,unknown,win,-0.124
5224,HBAR/USDT,SELL,FUTURES,TRANSITION,0.09237,0.09205,5,0.6587,1.732,profitable_timeout,2026-09-25 05:41:39.207253+00,2026-09-25 06:11:43.273863+00,30.07,,,,unknown,win,-0.346
5223,OP/USDT,SELL,FUTURES,TRANSITION,0.1316,0.1322,5,-0.8669,-2.280,stop_loss,2026-09-25 05:41:39.195058+00,2026-09-25 06:04:09.669564+00,22.51,,,,unknown,loss,0.456
5222,WLD/USDT,BUY,FUTURES,TRANSITION,0.4346,0.4347,5,0.0439,0.115,profitable_timeout,2026-09-25 04:34:53.828168+00,2026-09-25 05:41:49.323843+00,66.92,8.079,0.911,FUTURES,correct,win,0.023
5221,UNI/USDT,BUY,FUTURES,TRANSITION,9.149,9.138,5,-0.2302,-0.601,negative_timeout,2026-09-25 04:34:28.30644+00,2026-09-25 05:42:25.391063+00,67.95,7.696,0.919,FUTURES,incorrect,loss,-0.120
5220,LTC/USDT,SELL,FUTURES,TRANSITION,70.81,71.14,5,-0.8952,-2.330,stop_loss,2026-09-25 04:20:00.045515+00,2026-09-25 04:34:53.787239+00,14.90,-1.589,0.920,FUTURES,incorrect,loss,0.466
5219,ADA/USDT,SELL,FUTURES,TRANSITION,0.2481,0.2479,5,0.1532,0.403,profitable_timeout,2026-09-25 04:19:14.493194+00,2026-09-25 05:41:44.240114+00,82.50,1.068,0.089,SPOT,incorrect,win,-0.081
5218,XPL/USDT,SELL,FUTURES,TRENDING,0.11589,0.11729,5,-4.7252,-6.040,stop_loss,2026-09-25 04:17:53.560196+00,2026-09-25 04:19:14.447586+00,1.35,-6.129,0.920,FUTURES,incorrect,loss,1.208
5217,TUT/USDT,SELL,FUTURES,TRANSITION,0.02608,0.02619,5,-0.7989,-2.109,stop_loss,2026-09-25 04:16:52.620894+00,2026-09-25 04:17:53.515829+00,1.01,,,,unknown,loss,0.422
5216,APT/USDT,SELL,FUTURES,TRANSITION,0.7972,0.8023,5,-1.2118,-3.199,stop_loss,2026-09-25 04:16:50.169178+00,2026-09-25 04:34:28.26515+00,17.63,,,,unknown,loss,0.640
5215,SUI/USDT,SELL,FUTURES,TRENDING,1.0138,1.0135,5,0.1114,0.148,profitable_timeout,2026-09-25 04:15:54.648632+00,2026-09-25 05:41:44.250026+00,85.83,,,,unknown,win,-0.030
5214,OP/USDT,SELL,FUTURES,TRANSITION,0.1304,0.131,5,-0.8819,-2.301,stop_loss,2026-09-25 04:15:17.260174+00,2026-09-25 04:20:00.0033+00,4.71,,,,unknown,loss,0.460
5213,PAXG/USDT,BUY,SPOT,RANGING,4263.82,4267.3,1,0.0088,0.082,profitable_timeout,2026-09-25 04:15:17.252944+00,2026-09-25 05:41:32.66528+00,86.26,,,,unknown,win,0.082
5212,SOL/USDT,BUY,SPOT,TRANSITION,116.45,116.57,1,0.0103,0.103,profitable_timeout,2026-09-25 04:15:17.244032+00,2026-09-25 05:41:35.271045+00,86.30,,,,unknown,win,0.103
5211,PUMP/USDT,BUY,FUTURES,TRANSITION,0.003894,0.003936,5,2.0673,5.393,trailing_stop,2026-09-25 04:15:17.229356+00,2026-09-25 05:50:38.950383+00,95.36,,,,unknown,win,1.079
5210,DOT/USDT,SELL,FUTURES,TRENDING,1.136,1.138,5,-0.6926,-0.880,negative_timeout,2026-09-25 03:13:10.984171+00,2026-09-25 04:16:50.13833+00,63.65,,,,unknown,loss,0.176
5209,WLD/USDT,BUY,FUTURES,TRANSITION,0.4313,0.4316,5,0.1359,0.348,profitable_timeout,2026-09-25 03:13:00.882684+00,2026-09-25 04:15:14.114593+00,62.22,,,,unknown,win,0.070
5208,TIA/USDT,SELL,FUTURES,TRENDING,0.4843,0.4833,5,0.8292,1.032,profitable_timeout,2026-09-25 03:10:32.183067+00,2026-09-25 04:15:52.532631+00,65.34,,,,unknown,win,-0.206
5207,BCH/USDT,SELL,FUTURES,TRANSITION,339.9,333.3,5,3.9101,9.709,manual,2026-09-25 03:09:36.642778+00,2026-09-25 05:42:25.403693+00,152.81,,,,unknown,win,-1.942
5206,FIL/USDT,SELL,FUTURES,TRANSITION,0.9815,0.9811,5,0.0803,0.204,profitable_timeout,2026-09-25 03:07:10.179799+00,2026-09-25 04:15:17.051179+00,68.11,,,,unknown,win,-0.041
5205,PEPE/USDT,BUY,SPOT,TRANSITION,4.41e-06,4.42e-06,1,0.0227,0.227,profitable_timeout,2026-09-25 03:06:14.610625+00,2026-09-25 04:16:50.147175+00,70.59,,,,unknown,win,0.227
5204,WLD/USDT,BUY,FUTURES,TRANSITION,0.4331,0.4318,5,-0.6007,-1.501,trade_switch,2026-09-25 03:05:42.943071+00,2026-09-25 03:10:32.172489+00,4.82,,,,unknown,loss,-0.300
5203,PUMP/USDT,BUY,FUTURES,TRANSITION,0.003879,0.003921,5,2.1296,5.414,trailing_stop,2026-09-25 03:05:27.813524+00,2026-09-25 03:13:00.854989+00,7.55,,,,unknown,win,1.083
5202,LTC/USDT,SELL,FUTURES,TRANSITION,71.05,71.05,5,0.0272,0.070,take_profit,2026-09-25 03:04:22.082497+00,2026-09-25 03:13:10.950546+00,8.81,,,,unknown,win,0.000
5201,ARB/USDT,SELL,FUTURES,TRANSITION,0.2163,0.2175,5,-1.0530,-2.774,stop_loss,2026-09-25 03:04:11.972704+00,2026-09-25 04:15:17.101336+00,71.09,,,,unknown,loss,0.555
5200,ICP/USDT,SELL,FUTURES,TRANSITION,3.069,3.069,5,0.0585,0.163,take_profit,2026-09-25 03:04:01.864926+00,2026-09-25 03:09:36.615089+00,5.58,,,,unknown,win,0.000
5199,ADA/USDT,SELL,FUTURES,TRANSITION,0.2472,0.2482,5,-0.7270,-2.023,stop_loss,2026-09-25 03:03:26.492222+00,2026-09-25 03:06:14.584988+00,2.80,,,,unknown,loss,0.405
5198,XPL/USDT,SELL,FUTURES,TRENDING,0.11322,0.11322,5,0.0653,0.088,take_profit,2026-09-25 03:03:16.314671+00,2026-09-25 03:07:10.154147+00,3.90,,,,unknown,win,0.000
5197,ONDO/USDT,SELL,FUTURES,TRENDING,0.5311,0.5333,5,-1.5580,-2.071,stop_loss,2026-09-25 03:02:24.069632+00,2026-09-25 03:04:22.04326+00,1.97,,,,unknown,loss,0.414
5196,TUT/USDT,SELL,FUTURES,TRANSITION,0.026,0.02612,5,-0.8628,-2.308,stop_loss,2026-09-25 03:01:15.069652+00,2026-09-25 03:03:16.267477+00,2.02,,,,unknown,loss,0.462
5195,XLM/USDT,SELL,FUTURES,TRENDING,0.2192,0.2204,5,-2.0468,-2.737,stop_loss,2026-09-25 03:01:12.789885+00,2026-09-25 03:04:11.936079+00,2.99,,,,unknown,loss,0.547
5194,SUI/USDT,SELL,FUTURES,TRENDING,1.0093,1.0134,5,-1.5188,-2.031,stop_loss,2026-09-25 03:01:12.780833+00,2026-09-25 03:05:27.791925+00,4.25,,,,unknown,loss,0.406
5193,OP/USDT,SELL,FUTURES,TRANSITION,0.1305,0.1311,5,-0.8698,-2.299,stop_loss,2026-09-25 03:00:17.237886+00,2026-09-25 03:05:42.918803+00,5.43,,,,unknown,loss,0.460
5192,BCH/USDT,SELL,FUTURES,TRANSITION,337.5,338.9,5,-0.7847,-2.074,stop_loss,2026-09-25 03:00:17.223719+00,2026-09-25 03:03:26.458872+00,3.15,,,,unknown,loss,0.415
5191,UNI/USDT,BUY,FUTURES,TRANSITION,9.08,9.117,5,0.7709,2.037,profitable_timeout,2026-09-25 03:00:17.211164+00,2026-09-25 04:15:17.110606+00,75.00,,,,unknown,win,0.407
5190,PEPE/USDT,BUY,SPOT,TRANSITION,4.43e-06,4.38e-06,1,-0.1129,-1.129,negative_timeout,2026-09-25 01:57:22.030663+00,2026-09-25 03:00:12.205117+00,62.84,,,,unknown,loss,-1.129
5189,WLD/USDT,BUY,FUTURES,TRANSITION,0.4359,0.4297,5,-2.6262,-7.112,stop_loss,2026-09-25 01:54:12.339007+00,2026-09-25 03:00:14.608974+00,66.04,,,,unknown,loss,-1.422
5188,APT/USDT,SELL,FUTURES,TRANSITION,0.8034,0.795,5,1.9108,5.228,trailing_stop,2026-09-25 01:49:31.693365+00,2026-09-25 03:01:12.726819+00,71.68,,,,unknown,win,-1.046
5187,SUI/USDT,SELL,FUTURES,TRENDING,1.022,1.022,5,0.1455,0.196,take_profit,2026-09-25 01:48:01.948516+00,2026-09-25 01:54:12.229546+00,6.17,,,,unknown,win,0.000
5186,SOL/USDT,BUY,SPOT,TRANSITION,117.37,116.77,1,-0.0511,-0.511,negative_timeout,2026-09-25 01:45:28.599119+00,2026-09-25 03:02:24.034272+00,76.92,,,,unknown,loss,-0.511
5185,TIA/USDT,SELL,FUTURES,TRENDING,0.489,0.4826,5,4.9972,6.544,trailing_stop,2026-09-25 01:45:28.537621+00,2026-09-25 03:01:12.741648+00,75.74,,,,unknown,win,-1.309
5184,FIL/USDT,SELL,FUTURES,TRANSITION,0.9878,0.9771,5,2.0680,5.416,trailing_stop,2026-09-25 01:45:28.52431+00,2026-09-25 03:01:12.752286+00,75.74,,,,unknown,win,-1.083
5183,PUMP/USDT,BUY,FUTURES,TRANSITION,0.003913,0.00385,5,-3.0737,-8.050,stop_loss,2026-09-25 01:45:28.478324+00,2026-09-25 03:00:14.706527+00,74.77,,,,unknown,loss,-1.610
5182,OP/USDT,SELL,FUTURES,TRANSITION,0.1325,0.131,5,2.1663,5.660,trailing_stop,2026-09-25 00:14:10.948739+00,2026-09-25 01:57:21.996792+00,103.18,,,,unknown,win,-1.132
5181,BCH/USDT,SELL,FUTURES,TRANSITION,339.2,338.7,5,0.2829,0.737,profitable_timeout,2026-09-25 00:12:50.373902+00,2026-09-25 01:45:25.225658+00,92.58,,,,unknown,win,-0.147
5180,DOT/USDT,SELL,FUTURES,TRENDING,1.161,1.138,5,7.8278,9.905,trailing_stop,2026-09-25 00:09:40.898142+00,2026-09-25 03:04:01.835528+00,174.35,,,,unknown,win,-1.981
5179,UNI/USDT,BUY,FUTURES,TRANSITION,9.18,9.181,5,0.0211,0.054,profitable_timeout,2026-09-25 00:09:26.035311+00,2026-09-25 01:45:25.309962+00,95.99,,,,unknown,win,0.011
5178,FIL/USDT,SELL,FUTURES,TRANSITION,0.9945,0.9986,5,-0.8005,-2.061,stop_loss,2026-09-25 00:09:18.602615+00,2026-09-25 00:14:07.732424+00,4.82,,,,unknown,loss,0.412
5177,PEPE/USDT,BUY,SPOT,TRANSITION,4.45e-06,4.42e-06,1,-0.0674,-0.674,negative_timeout,2026-09-25 00:06:22.053349+00,2026-09-25 01:47:59.606634+00,101.63,,,,unknown,loss,-0.674
5176,PUMP/USDT,BUY,FUTURES,TRANSITION,0.00387,0.00387,5,0.0000,0.000,take_profit,2026-09-25 00:05:50.043947+00,2026-09-25 00:09:16.024122+00,3.43,,,,unknown,loss,0.000
5175,ICP/USDT,SELL,FUTURES,TRANSITION,3.095,3.11,5,-0.9366,-2.423,stop_loss,2026-09-25 00:05:42.48678+00,2026-09-25 00:09:38.556067+00,3.93,,,,unknown,loss,0.485
5174,ADA/USDT,SELL,FUTURES,TRANSITION,0.2487,0.2497,5,-0.7621,-2.010,stop_loss,2026-09-25 00:04:32.745962+00,2026-09-25 00:12:47.677209+00,8.25,,,,unknown,loss,0.402
5173,XPL/USDT,SELL,FUTURES,TRENDING,0.11251,0.11307,5,-1.8484,-2.489,stop_loss,2026-09-25 00:03:47.964661+00,2026-09-25 00:05:47.508727+00,1.99,,,,unknown,loss,0.498
5172,TUT/USDT,SELL,FUTURES,TRANSITION,0.02709,0.02667,5,2.8787,7.752,trailing_stop,2026-09-25 00:03:47.929974+00,2026-09-25 01:49:31.659315+00,105.73,,,,unknown,win,-1.550
5171,XLM/USDT,SELL,FUTURES,TRENDING,0.2185,0.2194,5,-1.5589,-2.059,stop_loss,2026-09-25 00:02:48.844753+00,2026-09-25 00:04:32.706272+00,1.73,,,,unknown,loss,0.412
5170,APT/USDT,SELL,FUTURES,TRANSITION,0.8093,0.8129,5,-0.8175,-2.224,stop_loss,2026-09-25 00:01:28.11318+00,2026-09-25 00:05:42.450562+00,4.24,,,,unknown,loss,0.445
5169,PAXG/USDT,BUY,SPOT,RANGING,4260.66,4285.38,1,0.0604,0.580,profitable_timeout,2026-09-25 00:00:45.259931+00,2026-09-25 01:45:28.14966+00,104.71,,,,unknown,win,0.580
5168,TIA/USDT,SELL,FUTURES,TRENDING,0.4889,0.4909,5,-1.5197,-2.045,stop_loss,2026-09-25 00:00:45.244578+00,2026-09-25 00:09:26.009833+00,8.68,,,,unknown,loss,0.409
5167,BCH/USDT,SELL,FUTURES,TRANSITION,338,338,5,0.0550,0.148,take_profit,2026-09-25 00:00:45.231658+00,2026-09-25 00:06:22.028461+00,5.61,,,,unknown,win,0.000
5166,WLD/USDT,BUY,FUTURES,TRANSITION,0.4401,0.4376,5,-1.0551,-2.840,stop_loss,2026-09-25 00:00:45.213542+00,2026-09-25 01:45:28.225536+00,104.72,,,,unknown,loss,-0.568
5165,SUI/USDT,SELL,FUTURES,TRENDING,1.0179,1.0153,5,0.9666,1.277,profitable_timeout,2026-09-24 21:51:16.725487+00,2026-09-25 00:01:28.075671+00,130.19,-3.306,0.920,FUTURES,correct,win,-0.255
5164,OP/USDT,SELL,FUTURES,TRANSITION,0.1325,0.1318,5,0.9986,2.642,profitable_timeout,2026-09-24 21:49:03.306435+00,2026-09-25 00:03:44.4518+00,134.69,-3.921,0.920,FUTURES,correct,win,-0.528
5163,DOT/USDT,SELL,FUTURES,TRENDING,1.173,1.158,5,4.8239,6.394,trailing_stop,2026-09-24 21:48:53.170302+00,2026-09-25 00:03:44.464474+00,134.85,-3.830,0.920,FUTURES,correct,win,-1.279
5162,PUMP/USDT,BUY,FUTURES,TRANSITION,0.003891,0.00385,5,-1.9928,-5.269,stop_loss,2026-09-24 21:46:26.931741+00,2026-09-25 00:00:44.9513+00,134.30,10.927,0.782,FUTURES,incorrect,loss,-1.054
5161,UNI/USDT,BUY,FUTURES,TRANSITION,9.197,9.152,5,-0.9088,-2.446,stop_loss,2026-09-24 21:41:18.255296+00,2026-09-25 00:00:45.02561+00,139.45,5.057,0.920,FUTURES,incorrect,loss,-0.489
5160,SAGA/USDT,BUY,FUTURES,TRANSITION,0.05712,0.0588336,5,5.5755,15.144,take_profit,2026-09-24 21:40:17.742306+00,2026-09-24 21:41:15.766061+00,0.97,0.047,0.449,SPOT,correct,win,3.000
5159,FIL/USDT,SELL,FUTURES,TRANSITION,1.0033,0.9921,5,2.0677,5.582,trailing_stop,2026-09-24 21:34:40.166645+00,2026-09-25 00:02:48.808692+00,148.14,,,,unknown,win,-1.116
5158,SAGA/USDT,BUY,FUTURES,TRANSITION,0.05661,0.05606,5,-1.7999,-4.858,stop_loss,2026-09-24 21:34:31.876601+00,2026-09-24 21:34:36.900538+00,0.08,,,,unknown,loss,-0.972
5157,SOL/USDT,BUY,FUTURES,TRENDING,116.98,117.05,5,0.2227,0.299,profitable_timeout,2026-09-24 21:33:20.496739+00,2026-09-25 00:00:45.059909+00,147.41,,,,unknown,win,0.060
5156,PEPE/USDT,BUY,SPOT,TRANSITION,4.47e-06,4.43e-06,1,-0.0895,-0.895,negative_timeout,2026-09-24 21:27:21.70883+00,2026-09-25 00:00:45.073646+00,153.39,,,,unknown,loss,-0.895
5155,SAGA/USDT,BUY,FUTURES,TRANSITION,0.05461,0.05358,5,-3.4800,-9.431,stop_loss,2026-09-24 21:27:14.123222+00,2026-09-24 21:27:19.148542+00,0.08,,,,unknown,loss,-1.886
5154,UNI/USDT,BUY,FUTURES,TRANSITION,9.215,9.215,5,0.0201,0.054,take_profit,2026-09-24 21:25:12.503586+00,2026-09-24 21:34:29.275417+00,9.28,,,,unknown,win,0.000
5153,UNI/USDT,BUY,FUTURES,TRANSITION,9.243,9.215,5,-0.5596,-1.515,trade_switch,2026-09-24 21:24:11.522346+00,2026-09-24 21:25:12.48237+00,1.02,,,,unknown,loss,-0.303
5152,DOT/USDT,SELL,FUTURES,TRENDING,1.171,1.176,5,-1.6309,-2.135,stop_loss,2026-09-24 21:21:02.245058+00,2026-09-24 21:33:17.82765+00,12.26,,,,unknown,loss,0.427
5151,TIA/USDT,SELL,FUTURES,TRANSITION,0.4988,0.4934,5,2.0510,5.413,trailing_stop,2026-09-24 21:20:54.694062+00,2026-09-24 21:51:16.696509+00,30.37,,,,unknown,win,-1.083
5150,SAGA/USDT,BUY,FUTURES,TRANSITION,0.04749,0.04692,5,-2.2790,-6.001,stop_loss,2026-09-24 21:20:39.596858+00,2026-09-24 21:20:59.715936+00,0.34,,,,unknown,loss,-1.200
5149,BCH/USDT,SELL,FUTURES,TRANSITION,340.4,339.9,5,0.2794,0.734,profitable_timeout,2026-09-24 21:18:59.368368+00,2026-09-24 21:49:03.278359+00,30.07,,,,unknown,win,-0.147
5148,WLD/USDT,BUY,FUTURES,TRENDING,0.4415,0.4417,5,0.1769,0.227,profitable_timeout,2026-09-24 21:18:51.871764+00,2026-09-24 21:48:53.14071+00,30.02,,,,unknown,win,0.045
5147,TUT/USDT,SELL,FUTURES,TRANSITION,0.0274,0.02752,5,-0.8335,-2.190,stop_loss,2026-09-24 21:15:00.342715+00,2026-09-24 21:46:26.915774+00,31.44,,,,unknown,loss,0.438
5146,SUI/USDT,SELL,FUTURES,TRANSITION,1.0224,1.0262,5,-0.7120,-1.858,trade_switch,2026-09-24 21:14:02.381144+00,2026-09-24 21:20:39.587593+00,6.62,,,,unknown,loss,0.372
5145,SAGA/USDT,BUY,FUTURES,TRANSITION,0.04233,0.04189,5,-1.9969,-5.197,stop_loss,2026-09-24 21:13:52.259238+00,2026-09-24 21:14:02.328654+00,0.17,,,,unknown,loss,-1.039
5144,PUMP/USDT,BUY,SPOT,TRANSITION,0.003875,0.00388,1,0.0129,0.129,profitable_timeout,2026-09-24 21:10:10.387989+00,2026-09-24 21:40:17.710781+00,30.12,10.273,0.814,FUTURES,correct,win,0.129
5143,DOT/USDT,SELL,FUTURES,TRENDING,1.167,1.167,5,0.0000,0.000,take_profit,2026-09-24 21:07:52.402927+00,2026-09-24 21:14:57.82247+00,7.09,-2.720,0.920,FUTURES,incorrect,loss,0.000
5142,TIA/USDT,SELL,FUTURES,TRANSITION,0.4934,0.4956,5,-0.8597,-2.229,stop_loss,2026-09-24 21:03:33.812595+00,2026-09-24 21:13:52.220049+00,10.31,-4.465,0.917,FUTURES,incorrect,loss,0.446
5141,BCH/USDT,SELL,FUTURES,TRANSITION,339.2,340.4,5,-0.6837,-1.769,trade_switch,2026-09-24 21:02:23.266738+00,2026-09-24 21:18:59.350526+00,16.60,-3.417,0.848,FUTURES,incorrect,loss,0.354
5140,SAGA/USDT,BUY,FUTURES,TRANSITION,0.04271,0.04248,5,-1.0198,-2.693,stop_loss,2026-09-24 21:02:18.217182+00,2026-09-24 21:07:52.364127+00,5.57,9.327,0.851,FUTURES,incorrect,loss,-0.539
5139,SOL/USDT,BUY,FUTURES,TRENDING,116.78,116.93,5,0.4989,0.642,profitable_timeout,2026-09-24 20:57:09.673854+00,2026-09-24 21:27:14.098998+00,30.07,4.947,0.699,SPOT,correct,win,0.128
5138,PEPE/USDT,BUY,SPOT,TRANSITION,4.47e-06,4.49e-06,1,0.0447,0.447,profitable_timeout,2026-09-24 20:50:54.428565+00,2026-09-24 21:20:54.659255+00,30.00,6.962,0.761,FUTURES,correct,win,0.447
5137,FIL/USDT,SELL,FUTURES,TRANSITION,1.0021,1.0019,5,0.0380,0.100,profitable_timeout,2026-09-24 20:49:11.234513+00,2026-09-24 21:24:11.498009+00,35.00,-4.861,0.918,FUTURES,correct,win,-0.020
5136,DOT/USDT,SELL,FUTURES,TRENDING,1.164,1.169,5,-1.6672,-2.148,stop_loss,2026-09-24 20:48:05.770701+00,2026-09-24 21:02:18.184674+00,14.21,-2.720,0.920,FUTURES,incorrect,loss,0.430
5135,TIA/USDT,SELL,FUTURES,TRANSITION,0.4929,0.4948,5,-0.7502,-1.927,trade_switch,2026-09-24 20:46:55.256766+00,2026-09-24 21:02:23.255652+00,15.47,-4.465,0.917,FUTURES,incorrect,loss,0.385
5134,BCH/USDT,SELL,FUTURES,TRANSITION,336.6,338,5,-0.8036,-2.080,stop_loss,2026-09-24 20:44:44.379006+00,2026-09-24 20:46:55.208285+00,2.18,-3.417,0.848,FUTURES,incorrect,loss,0.416
5133,WLD/USDT,BUY,FUTURES,TRENDING,0.4394,0.4405,5,0.9859,1.252,profitable_timeout,2026-09-24 20:38:57.034822+00,2026-09-24 21:10:10.360567+00,31.22,9.401,0.911,FUTURES,correct,win,0.250
5132,UNI/USDT,BUY,FUTURES,TRANSITION,9.255,9.255,5,0.0000,0.000,take_profit,2026-09-24 20:37:26.471642+00,2026-09-24 21:18:51.851125+00,41.42,,,,unknown,loss,0.000
5131,WLD/USDT,BUY,FUTURES,TRENDING,0.4413,0.4396,5,-1.5283,-1.926,trade_switch,2026-09-24 20:35:35.69845+00,2026-09-24 20:37:26.459901+00,1.85,,,,unknown,loss,-0.385
5130,PUMP/USDT,BUY,FUTURES,TRANSITION,0.003861,0.003879,5,0.9276,2.331,profitable_timeout,2026-09-24 20:33:33.114343+00,2026-09-24 21:03:33.780708+00,30.01,,,,unknown,win,0.466
5129,FIL/USDT,SELL,FUTURES,TRANSITION,0.9984,1.0021,5,-0.7396,-1.853,trade_switch,2026-09-24 20:28:19.100734+00,2026-09-24 20:49:11.214013+00,20.87,,,,unknown,loss,0.371
5128,SAGA/USDT,BUY,FUTURES,TRANSITION,0.04238,0.04239,5,0.0459,0.118,profitable_timeout,2026-09-24 20:27:08.66323+00,2026-09-24 20:57:09.649544+00,30.02,,,,unknown,win,0.024
5127,FET/USDT,BUY,FUTURES,TRENDING,0.2236,0.2236,5,0.3500,0.447,take_profit,2026-09-24 20:24:32.884848+00,2026-09-24 20:27:08.621643+00,2.60,,,,unknown,win,0.000
5126,UNI/USDT,BUY,FUTURES,TRANSITION,9.292,9.254,5,-0.8031,-2.045,stop_loss,2026-09-24 20:23:46.030086+00,2026-09-24 20:28:19.054553+00,4.55,,,,unknown,loss,-0.409
5125,SOL/USDT,BUY,FUTURES,TRENDING,116.88,117.01,5,0.4392,0.556,profitable_timeout,2026-09-24 20:20:50.028453+00,2026-09-24 20:50:54.406681+00,30.07,,,,unknown,win,0.111
5124,WLD/USDT,BUY,FUTURES,TRENDING,0.4437,0.4414,5,-2.1084,-2.592,stop_loss,2026-09-24 20:20:04.720738+00,2026-09-24 20:24:32.849889+00,4.47,,,,unknown,loss,-0.518
5123,PAXG/USDT,BUY,SPOT,TRANSITION,4262.58,4265.21,1,0.0062,0.062,profitable_timeout,2026-09-24 20:18:01.729082+00,2026-09-24 20:48:05.738209+00,30.07,,,,unknown,win,0.062
5122,FIL/USDT,SELL,FUTURES,TRANSITION,0.9953,0.9993,5,-0.8088,-2.009,stop_loss,2026-09-24 20:14:50.595146+00,2026-09-24 20:18:01.681116+00,3.18,,,,unknown,loss,0.402
5121,PEPE/USDT,BUY,SPOT,TRANSITION,4.44e-06,4.45e-06,1,0.0225,0.225,profitable_timeout,2026-09-24 20:14:40.499663+00,2026-09-24 20:44:42.434937+00,30.03,,,,unknown,win,0.225
5120,FET/USDT,BUY,FUTURES,TRENDING,0.2245,0.2234,5,-1.9924,-2.450,stop_loss,2026-09-24 20:13:22.765781+00,2026-09-24 20:14:50.556775+00,1.46,10.161,0.748,SPOT,incorrect,loss,-0.490
5119,PUMP/USDT,BUY,FUTURES,TRANSITION,0.003888,0.003865,5,-1.1712,-2.958,stop_loss,2026-09-24 20:13:12.62509+00,2026-09-24 20:23:46.000315+00,10.56,11.742,0.770,FUTURES,incorrect,loss,-0.592
5118,UNI/USDT,BUY,FUTURES,TRANSITION,9.325,9.286,5,-0.8048,-2.091,stop_loss,2026-09-24 20:12:47.454516+00,2026-09-24 20:14:40.454334+00,1.88,5.359,0.889,FUTURES,incorrect,loss,-0.418
5117,SAGA/USDT,BUY,FUTURES,TRANSITION,0.04262,0.04243,5,-0.8515,-2.229,stop_loss,2026-09-24 20:07:48.433632+00,2026-09-24 20:20:04.688422+00,12.27,9.202,0.920,FUTURES,incorrect,loss,-0.446
5116,SOL/USDT,BUY,FUTURES,TRENDING,117.24,116.88,5,-1.1789,-1.535,trade_switch,2026-09-24 19:56:45.312554+00,2026-09-24 20:20:50.012278+00,24.08,4.082,0.753,FUTURES,incorrect,loss,-0.307
5115,SAGA/USDT,BUY,FUTURES,TRENDING,0.04287,0.04268,5,-1.7292,-2.216,stop_loss,2026-09-24 19:47:38.110649+00,2026-09-24 19:56:45.263936+00,9.12,9.202,0.920,FUTURES,incorrect,loss,-0.443
5114,XLM/USDT,SELL,FUTURES,TRENDING,0.2131,0.2128,5,0.5655,0.704,profitable_timeout,2026-09-24 19:42:44.53201+00,2026-09-24 20:12:47.404939+00,30.05,-3.474,0.920,FUTURES,correct,win,-0.141
5113,TAO/USDT,BUY,FUTURES,TRANSITION,298.3,302.9,5,2.9710,7.710,trailing_stop,2026-09-24 19:40:13.673831+00,2026-09-24 19:47:38.064828+00,7.41,2.287,0.610,SPOT,correct,win,1.542
5112,ZRO/USDT,BUY,SPOT,TRANSITION,1.49,1.465,1,-0.1678,-1.678,negative_timeout,2026-09-24 19:38:52.871199+00,2026-09-24 20:38:57.016625+00,60.07,5.834,0.533,SPOT,incorrect,loss,-1.678
5111,WLD/USDT,BUY,FUTURES,TRENDING,0.4425,0.4433,5,0.7142,0.904,profitable_timeout,2026-09-24 19:38:52.856853+00,2026-09-24 20:13:12.59137+00,34.33,9.129,0.920,FUTURES,correct,win,0.181
5110,DOT/USDT,SELL,FUTURES,TRENDING,1.168,1.167,5,0.3382,0.428,profitable_timeout,2026-09-24 19:38:52.841304+00,2026-09-24 20:13:22.720524+00,34.50,-2.794,0.920,FUTURES,correct,win,-0.086
5109,SAGA/USDT,BUY,FUTURES,TRENDING,0.0426,0.04313,5,4.9413,6.221,manual,2026-09-24 19:09:57.385791+00,2026-09-24 19:40:13.629991+00,30.27,,,,unknown,win,1.244
5108,PEPE/USDT,BUY,FUTURES,TRANSITION,4.48e-06,4.46e-06,5,-0.8676,-2.232,stop_loss,2026-09-24 19:09:47.239966+00,2026-09-24 19:42:44.49483+00,32.95,,,,unknown,loss,-0.446
5107,SAGA/USDT,BUY,FUTURES,TRENDING,0.04277,0.0426,5,-1.5734,-1.987,trade_switch,2026-09-24 19:08:26.75869+00,2026-09-24 19:09:57.366908+00,1.51,,,,unknown,loss,-0.397
5106,PUMP/USDT,BUY,SPOT,TRANSITION,0.003925,0.003895,1,-0.0764,-0.764,negative_timeout,2026-09-24 19:07:46.550767+00,2026-09-24 20:07:48.404223+00,60.03,,,,unknown,loss,-0.764
5105,FET/USDT,BUY,FUTURES,TRENDING,0.2237,0.224,5,0.5330,0.671,profitable_timeout,2026-09-24 19:07:46.539833+00,2026-09-24 19:38:50.582785+00,31.07,,,,unknown,win,0.134
5104,DOT/USDT,SELL,FUTURES,TRENDING,1.164,1.169,5,-1.7564,-2.148,stop_loss,2026-09-24 19:04:35.093132+00,2026-09-24 19:09:47.203053+00,5.20,,,,unknown,loss,0.430
5103,TAO/USDT,BUY,FUTURES,TRANSITION,293.4,293.4,5,0.0000,0.000,take_profit,2026-09-24 19:01:25.003962+00,2026-09-24 19:07:46.491631+00,6.36,,,,unknown,loss,0.000
5102,AVAX/USDT,BUY,FUTURES,TRANSITION,10.411,10.366,5,-0.8810,-2.161,stop_loss,2026-09-24 19:01:09.850847+00,2026-09-24 19:04:35.052129+00,3.42,,,,unknown,loss,-0.432
5101,UNI/USDT,BUY,FUTURES,TRANSITION,9.248,9.284,5,0.7962,1.946,profitable_timeout,2026-09-24 19:00:54.980018+00,2026-09-24 19:38:50.595515+00,37.93,,,,unknown,win,0.389
5100,WLD/USDT,BUY,FUTURES,TRENDING,0.4433,0.4433,5,0.0930,0.113,take_profit,2026-09-24 19:00:25.089017+00,2026-09-24 19:07:46.505409+00,7.36,,,,unknown,win,0.000
5099,TAO/USDT,BUY,FUTURES,TRANSITION,294.3,293.4,5,-0.6124,-1.529,trade_switch,2026-09-24 19:00:20.012168+00,2026-09-24 19:01:24.982487+00,1.08,,,,unknown,loss,-0.306
5098,BCH/USDT,SELL,FUTURES,TRANSITION,338,337.1,5,0.5332,1.331,profitable_timeout,2026-09-24 19:00:19.999691+00,2026-09-24 19:38:50.606997+00,38.51,,,,unknown,win,-0.266
5097,PEPE/USDT,BUY,FUTURES,TRANSITION,4.5e-06,4.48e-06,5,-0.8605,-2.222,stop_loss,2026-09-24 19:00:14.909747+00,2026-09-24 19:00:19.940587+00,0.08,,,,unknown,loss,-0.444
5096,UNI/USDT,BUY,FUTURES,TRANSITION,9.276,9.248,5,-0.5776,-1.509,trade_switch,2026-09-24 18:59:12.780455+00,2026-09-24 19:00:54.964182+00,1.70,,,,unknown,loss,-0.302
5095,WLD/USDT,BUY,FUTURES,TRENDING,0.4448,0.4433,5,-1.2907,-1.686,trade_switch,2026-09-24 18:59:12.770597+00,2026-09-24 19:00:25.072323+00,1.21,,,,unknown,loss,-0.337
5094,FET/USDT,BUY,FUTURES,TRENDING,0.2216,0.2232,5,2.8428,3.610,manual,2026-09-24 18:45:30.819996+00,2026-09-24 19:00:19.961669+00,14.82,,,,unknown,win,0.722
5093,AVAX/USDT,BUY,FUTURES,TRANSITION,10.399,10.351,5,-0.9122,-2.308,stop_loss,2026-09-24 18:39:53.230815+00,2026-09-24 18:45:30.780072+00,5.63,,,,unknown,loss,-0.462
5092,XLM/USDT,SELL,FUTURES,TRENDING,0.2132,0.2144,5,-2.1820,-2.814,stop_loss,2026-09-24 18:39:43.061927+00,2026-09-24 18:59:12.718192+00,19.49,-3.203,0.920,FUTURES,incorrect,loss,0.563
5091,TAO/USDT,BUY,FUTURES,TRANSITION,296.1,294.5,5,-1.0503,-2.702,stop_loss,2026-09-24 18:39:08.671359+00,2026-09-24 18:39:53.150284+00,0.74,3.695,0.746,SPOT,incorrect,loss,-0.540
5090,ZRO/USDT,BUY,SPOT,TRANSITION,1.452,1.472,1,0.1377,1.377,profitable_timeout,2026-09-24 18:38:25.324073+00,2026-09-24 19:08:26.724666+00,30.02,7.555,0.653,SPOT,correct,win,1.377
5089,SAGA/USDT,BUY,FUTURES,TRENDING,0.04264,0.04293,5,2.6749,3.401,manual,2026-09-24 18:37:45.995146+00,2026-09-24 19:00:14.877841+00,22.48,9.110,0.769,FUTURES,correct,win,0.680
5088,FET/USDT,BUY,FUTURES,TRENDING,0.2178,0.2207,5,5.4019,6.657,trailing_stop,2026-09-24 18:35:34.989299+00,2026-09-24 18:39:42.984751+00,4.13,10.452,0.869,FUTURES,correct,win,1.331
5087,SAGA/USDT,BUY,FUTURES,TRENDING,0.04277,0.04264,5,-1.2366,-1.520,trade_switch,2026-09-24 18:35:29.926942+00,2026-09-24 18:37:45.976978+00,2.27,9.110,0.769,FUTURES,incorrect,loss,-0.304
5086,BCH/USDT,SELL,FUTURES,TRANSITION,336.2,338.2,5,-1.2136,-2.974,stop_loss,2026-09-24 18:35:24.856648+00,2026-09-24 18:39:08.631325+00,3.73,-3.997,0.836,FUTURES,incorrect,loss,0.595
5085,PEPE/USDT,BUY,FUTURES,TRANSITION,4.47e-06,4.45e-06,5,-0.9149,-2.237,stop_loss,2026-09-24 18:35:04.089457+00,2026-09-24 18:35:24.808712+00,0.35,8.171,0.913,FUTURES,incorrect,loss,-0.447
5084,SAGA/USDT,BUY,FUTURES,TRENDING,0.0429,0.04277,5,-1.2643,-1.515,trade_switch,2026-09-24 18:32:17.792498+00,2026-09-24 18:35:29.906987+00,3.20,9.110,0.769,FUTURES,incorrect,loss,-0.303
5083,PUMP/USDT,BUY,SPOT,TRANSITION,0.003902,0.003908,1,0.0154,0.154,profitable_timeout,2026-09-24 18:31:05.14831+00,2026-09-24 19:01:09.812451+00,30.08,10.669,0.724,SPOT,correct,win,0.154
5082,UNI/USDT,BUY,FUTURES,TRANSITION,9.258,9.215,5,-0.9791,-2.322,stop_loss,2026-09-24 18:25:56.284495+00,2026-09-24 18:35:04.048523+00,9.13,5.635,0.872,FUTURES,incorrect,loss,-0.464
5081,DOT/USDT,SELL,FUTURES,TRENDING,1.162,1.173,5,-4.1235,-4.733,stop_loss,2026-09-24 18:23:59.342332+00,2026-09-24 18:59:12.740063+00,35.22,-6.088,0.920,FUTURES,incorrect,loss,0.947
5080,TIA/USDT,SELL,FUTURES,TRENDING,0.4838,0.4858,5,-0.7234,-2.067,stop_loss,2026-09-24 18:09:16.100254+00,2026-09-24 18:23:59.300129+00,14.72,-1.986,0.857,FUTURES,incorrect,loss,0.413
5079,MUBARAK/USDT,BUY,FUTURES,TRANSITION,0.04567,0.04549,5,-0.6897,-1.971,trade_switch,2026-09-24 18:09:11.002765+00,2026-09-24 18:18:01.316195+00,8.84,1.902,0.706,SPOT,incorrect,loss,-0.394
5078,UNI/USDT,BUY,FUTURES,TRANSITION,9.203,9.253,5,0.9508,2.717,manual,2026-09-24 18:08:27.078711+00,2026-09-24 18:18:44.750152+00,10.29,5.635,0.872,FUTURES,correct,win,0.543
5077,WLD/USDT,BUY,FUTURES,TRENDING,0.4404,0.4407,5,0.1192,0.341,profitable_timeout,2026-09-24 18:08:21.984573+00,2026-09-24 18:38:25.287302+00,30.06,8.464,0.890,FUTURES,correct,win,0.068
5076,FET/USDT,BUY,FUTURES,TRENDING,0.2186,0.2178,5,-0.6404,-1.830,trade_switch,2026-09-24 18:08:21.975526+00,2026-09-24 18:35:34.97299+00,27.22,10.452,0.869,FUTURES,incorrect,loss,-0.366
5075,牛来/USDT,BUY,FUTURES,TRANSITION,0.10248,0.10336,5,1.5027,4.294,manual,2026-09-24 18:07:15.426756+00,2026-09-24 18:31:05.112637+00,23.83,1.099,0.902,FUTURES,correct,win,0.859
5074,TAO/USDT,BUY,FUTURES,TRANSITION,290.3,292.8,5,1.5071,4.306,manual,2026-09-24 18:04:49.778472+00,2026-09-24 18:11:55.727727+00,7.10,,,,unknown,win,0.861
5073,OP/USDT,SELL,FUTURES,TRENDING,0.1315,0.1322,5,-0.9316,-2.662,stop_loss,2026-09-24 18:04:19.682056+00,2026-09-24 18:08:21.927745+00,4.04,,,,unknown,loss,0.532
5072,INJ/USDT,SELL,FUTURES,TRENDING,8.09,7.998,5,1.9901,5.686,trailing_stop,2026-09-24 18:04:10.504589+00,2026-09-24 18:05:18.673393+00,1.14,,,,unknown,win,-1.137
5071,SAGA/USDT,SELL,FUTURES,TRENDING,0.04261,0.04274,5,-0.5339,-1.525,trade_switch,2026-09-24 18:03:24.780784+00,2026-09-24 18:25:56.272686+00,22.52,,,,unknown,loss,0.305
5070,ZEC/USDT,SELL,FUTURES,TRANSITION,1547.56,1557.77,5,-1.1546,-3.299,stop_loss,2026-09-24 18:03:17.22213+00,2026-09-24 18:09:10.947286+00,5.90,,,,unknown,loss,0.660
5069,PEPE/USDT,BUY,FUTURES,TRANSITION,4.41e-06,4.38e-06,5,-1.1905,-3.401,stop_loss,2026-09-24 18:03:17.191535+00,2026-09-24 18:06:01.10813+00,2.73,,,,unknown,loss,-0.680
5068,AVAX/USDT,BUY,SPOT,TRANSITION,10.26,10.382,1,0.1189,1.189,profitable_timeout,2026-09-24 18:02:14.85508+00,2026-09-24 18:32:17.7567+00,30.05,,,,unknown,win,1.189
5067,LTC/USDT,SELL,FUTURES,TRENDING,71.72,72.07,5,-0.8540,-2.440,stop_loss,2026-09-24 17:59:45.804638+00,2026-09-24 18:11:15.327601+00,11.49,,,,unknown,loss,0.488
5066,DOT/USDT,SELL,FUTURES,TRENDING,1.164,1.157,5,1.0524,3.007,trailing_stop,2026-09-24 17:58:44.110402+00,2026-09-24 18:04:37.482779+00,5.89,,,,unknown,win,-0.601
5065,MUBARAK/USDT,BUY,FUTURES,TRANSITION,0.04543,0.04543,5,0.0000,0.000,take_profit,2026-09-24 17:57:18.734688+00,2026-09-24 18:04:07.994734+00,6.82,,,,unknown,loss,0.000
5064,INJ/USDT,SELL,FUTURES,TRENDING,8.336,8.291,5,0.9447,2.699,trailing_stop,2026-09-24 17:57:03.463523+00,2026-09-24 17:58:40.685189+00,1.62,,,,unknown,win,-0.540
5063,ADA/USDT,SELL,FUTURES,TRENDING,0.246,0.2468,5,-0.5691,-1.626,trade_switch,2026-09-24 17:54:09.848179+00,2026-09-24 18:18:35.666963+00,24.43,,,,unknown,loss,0.325
5062,UNI/USDT,BUY,FUTURES,TRANSITION,9.225,9.182,5,-0.8157,-2.331,stop_loss,2026-09-24 17:54:03.247473+00,2026-09-24 18:03:22.262727+00,9.32,,,,unknown,loss,-0.466
5061,FIL/USDT,SELL,FUTURES,TRENDING,1.0014,0.994,5,1.2932,3.695,trailing_stop,2026-09-24 17:53:24.9926+00,2026-09-24 18:08:14.201116+00,14.82,,,,unknown,win,-0.739
5060,FET/USDT,BUY,FUTURES,TRENDING,0.2192,0.2183,5,-0.7185,-2.053,stop_loss,2026-09-24 17:53:08.96041+00,2026-09-24 18:03:14.915532+00,10.10,,,,unknown,loss,-0.411
5059,TIA/USDT,SELL,FUTURES,TRENDING,0.485,0.4821,5,1.0464,2.990,trailing_stop,2026-09-24 17:53:01.470784+00,2026-09-24 18:04:14.517771+00,11.22,,,,unknown,win,-0.598
5058,WLD/USDT,BUY,FUTURES,TRENDING,0.4404,0.4383,5,-0.8345,-2.384,stop_loss,2026-09-24 17:52:53.113557+00,2026-09-24 18:03:14.932536+00,10.36,,,,unknown,loss,-0.477
5057,LINK/USDT,SELL,FUTURES,TRENDING,12.886,12.941,5,-0.7469,-2.134,stop_loss,2026-09-24 17:52:28.767291+00,2026-09-24 18:09:01.75163+00,16.55,,,,unknown,loss,0.427
5056,HBAR/USDT,SELL,FUTURES,TRANSITION,0.09238,0.09187,5,0.9661,2.760,trailing_stop,2026-09-24 17:52:28.756163+00,2026-09-24 18:07:08.385651+00,14.66,,,,unknown,win,-0.552
5055,APT/USDT,SELL,FUTURES,TRENDING,0.8179,0.8093,5,1.8401,5.257,trailing_stop,2026-09-24 17:52:20.217407+00,2026-09-24 18:05:11.979803+00,12.86,,,,unknown,win,-1.051
5054,牛来/USDT,BUY,FUTURES,TRANSITION,0.10312,0.10255,5,-0.9673,-2.764,stop_loss,2026-09-24 17:52:20.203516+00,2026-09-24 18:02:14.808998+00,9.91,,,,unknown,loss,-0.553
5053,MUBARAK/USDT,BUY,FUTURES,TRANSITION,0.04551,0.04537,5,-0.5383,-1.538,trade_switch,2026-09-24 17:52:20.189176+00,2026-09-24 17:54:09.813736+00,1.83,,,,unknown,loss,-0.308
5052,XRP/USDT,SELL,FUTURES,TRENDING,1.5283,1.5205,5,0.8931,2.552,trailing_stop,2026-09-24 17:47:57.964313+00,2026-09-24 18:06:44.617656+00,18.78,-0.501,0.920,FUTURES,correct,win,-0.510
5051,ASTER/USDT,BUY,SPOT,TRANSITION,0.7089,0.7106,1,0.0240,0.240,profitable_timeout,2026-09-24 17:47:57.95477+00,2026-09-24 18:18:01.298528+00,30.06,0.807,0.551,SPOT,correct,win,0.240
5050,ZEC/USDT,SELL,FUTURES,TRANSITION,1547.38,1554.92,5,-0.8527,-2.436,stop_loss,2026-09-24 17:47:24.817081+00,2026-09-24 17:48:27.703044+00,1.05,-1.235,0.920,FUTURES,incorrect,loss,0.487
5049,TAO/USDT,BUY,FUTURES,TRANSITION,291.6,293.2,5,0.9602,2.743,trailing_stop,2026-09-24 17:47:24.798875+00,2026-09-24 17:59:45.724202+00,12.35,3.141,0.645,SPOT,correct,win,0.549
5048,XLM/USDT,SELL,FUTURES,TRENDING,0.2102,0.2112,5,-0.8325,-2.379,stop_loss,2026-09-24 17:47:24.787452+00,2026-09-24 18:11:23.73786+00,23.98,-3.027,0.920,FUTURES,incorrect,loss,0.476
5047,WLD/USDT,BUY,FUTURES,TRENDING,0.4418,0.4404,5,-0.5545,-1.584,trade_switch,2026-09-24 17:47:24.767622+00,2026-09-24 17:52:53.090951+00,5.47,6.991,0.887,FUTURES,incorrect,loss,-0.317
5046,FET/USDT,BUY,FUTURES,TRENDING,0.22,0.2192,5,-0.6364,-1.818,trade_switch,2026-09-24 17:47:24.757544+00,2026-09-24 17:53:01.459023+00,5.61,11.436,0.781,FUTURES,incorrect,loss,-0.364
5045,TIA/USDT,SELL,FUTURES,TRENDING,0.4922,0.4879,5,1.5289,4.368,trailing_stop,2026-09-24 17:33:20.013231+00,2026-09-24 17:47:54.703044+00,14.58,-5.515,0.920,FUTURES,correct,win,-0.874
5044,PUMP/USDT,BUY,SPOT,TRANSITION,0.003936,0.003857,1,-0.2007,-2.007,stop_loss,2026-09-24 17:31:48.791524+00,2026-09-24 18:05:42.991818+00,33.90,10.205,0.752,FUTURES,incorrect,loss,-2.007
5043,APT/USDT,SELL,FUTURES,TRENDING,0.8315,0.8315,5,1.9573,5.592,take_profit,2026-09-24 17:30:16.345324+00,2026-09-24 17:47:18.835789+00,17.04,-0.753,0.882,FUTURES,correct,win,0.000
5042,牛来/USDT,BUY,FUTURES,TRANSITION,0.10365,0.10283,5,-1.3845,-3.956,stop_loss,2026-09-24 17:29:45.749054+00,2026-09-24 17:47:18.883944+00,17.55,1.208,0.882,FUTURES,incorrect,loss,-0.791
5041,INJ/USDT,SELL,FUTURES,TRENDING,8.5,8.417,5,1.7088,4.882,trailing_stop,2026-09-24 17:29:35.878753+00,2026-09-24 17:47:54.719369+00,18.31,-2.415,0.894,FUTURES,correct,win,-0.976
5040,WLD/USDT,BUY,FUTURES,TRENDING,0.4461,0.4443,5,-0.7061,-2.017,stop_loss,2026-09-24 17:29:26.443278+00,2026-09-24 17:32:44.740783+00,3.30,6.991,0.887,FUTURES,incorrect,loss,-0.403
5039,LTC/USDT,SELL,FUTURES,TRENDING,73.92,72.62,5,3.0777,8.793,trailing_stop,2026-09-24 17:28:46.495571+00,2026-09-24 17:48:57.396129+00,20.18,-2.114,0.853,FUTURES,correct,win,-1.759
5038,ADA/USDT,SELL,FUTURES,TRENDING,0.2477,0.2467,5,0.7065,2.019,trailing_stop,2026-09-24 17:28:36.386399+00,2026-09-24 17:48:03.024033+00,19.44,-1.358,0.920,FUTURES,correct,win,-0.404
5037,FET/USDT,BUY,FUTURES,TRENDING,0.2217,0.2207,5,-0.7894,-2.255,stop_loss,2026-09-24 17:28:16.933361+00,2026-09-24 17:28:41.461133+00,0.41,11.436,0.781,FUTURES,incorrect,loss,-0.451
5036,FIL/USDT,SELL,FUTURES,TRENDING,1.0065,1.002,5,0.7824,2.235,trailing_stop,2026-09-24 17:26:44.0623+00,2026-09-24 17:47:54.736975+00,21.18,-4.923,0.920,FUTURES,correct,win,-0.447
5035,XRP/USDT,SELL,FUTURES,TRENDING,1.5357,1.5428,5,-0.8091,-2.312,stop_loss,2026-09-24 17:25:13.551261+00,2026-09-24 17:29:30.890314+00,4.29,-0.501,0.920,FUTURES,incorrect,loss,0.462
5034,SAGA/USDT,SELL,FUTURES,TRENDING,0.04282,0.04258,5,0.9809,2.802,trailing_stop,2026-09-24 17:23:53.505404+00,2026-09-24 17:53:08.914239+00,29.26,-1.838,0.920,FUTURES,correct,win,-0.560
5033,MUBARAK/USDT,BUY,FUTURES,TRANSITION,0.04562,0.0454,5,-0.8439,-2.411,stop_loss,2026-09-24 17:23:53.494381+00,2026-09-24 17:47:18.949474+00,23.42,2.527,0.779,FUTURES,incorrect,loss,-0.482
5032,TAO/USDT,BUY,FUTURES,TRANSITION,293.3,293.3,5,0.0000,0.000,take_profit,2026-09-24 17:23:03.382967+00,2026-09-24 17:29:21.413654+00,6.30,3.141,0.645,SPOT,incorrect,loss,0.000
5031,DOT/USDT,SELL,FUTURES,TRENDING,1.164,1.163,5,0.1503,0.430,profitable_timeout,2026-09-24 17:22:23.663426+00,2026-09-24 17:53:24.942994+00,31.02,-3.410,0.920,FUTURES,correct,win,-0.086
5030,牛来/USDT,BUY,FUTURES,TRANSITION,0.10412,0.10364,5,-0.8068,-2.305,stop_loss,2026-09-24 17:21:37.836521+00,2026-09-24 17:23:48.535274+00,2.18,1.208,0.882,FUTURES,incorrect,loss,-0.461
5029,OP/USDT,SELL,FUTURES,TRENDING,0.1348,0.1331,5,2.2070,6.306,trailing_stop,2026-09-24 17:21:37.825795+00,2026-09-24 17:47:57.897593+00,26.33,-1.443,0.907,FUTURES,correct,win,-1.261
5028,INJ/USDT,SELL,FUTURES,TRENDING,8.565,8.516,5,1.0012,2.860,trailing_stop,2026-09-24 17:21:35.812436+00,2026-09-24 17:24:10.475892+00,2.58,-2.415,0.894,FUTURES,correct,win,-0.572
5027,WLD/USDT,BUY,FUTURES,TRENDING,0.4473,0.4452,5,-0.8216,-2.347,stop_loss,2026-09-24 17:21:28.176178+00,2026-09-24 17:23:51.047784+00,2.38,6.991,0.887,FUTURES,incorrect,loss,-0.469
5026,LINK/USDT,SELL,FUTURES,TRENDING,12.917,12.917,5,0.4606,1.316,take_profit,2026-09-24 17:21:12.224496+00,2026-09-24 17:47:21.534645+00,26.16,-1.207,0.899,FUTURES,correct,win,0.000
5025,HBAR/USDT,SELL,FUTURES,TRANSITION,0.09262,0.09262,5,0.4535,1.296,take_profit,2026-09-24 17:21:04.895832+00,2026-09-24 17:47:24.704816+00,26.33,-1.281,0.917,FUTURES,correct,win,0.000
5024,UNI/USDT,BUY,FUTURES,TRANSITION,9.257,9.225,5,-0.6049,-1.728,trade_switch,2026-09-24 17:20:32.471659+00,2026-09-24 17:54:03.228644+00,33.51,5.045,0.808,FUTURES,incorrect,loss,-0.346
5023,FET/USDT,BUY,FUTURES,TRENDING,0.2215,0.2225,5,0.7901,2.257,trailing_stop,2026-09-24 17:20:07.5572+00,2026-09-24 17:22:23.596504+00,2.27,11.436,0.781,FUTURES,correct,win,0.451
5022,ZEC/USDT,SELL,FUTURES,TRANSITION,1551.51,1557.93,5,-0.7241,-2.069,stop_loss,2026-09-24 17:18:07.532091+00,2026-09-24 17:29:45.690006+00,11.64,-1.235,0.920,FUTURES,incorrect,loss,0.414
5021,AAVE/USDT,BUY,SPOT,TRENDING,144.47,144.69,1,0.0152,0.152,profitable_timeout,2026-09-24 17:17:45.20942+00,2026-09-24 18:16:37.556609+00,58.87,2.414,0.615,SPOT,correct,win,0.152
5020,ICP/USDT,SELL,FUTURES,TRENDING,3.151,3.137,5,0.7775,2.222,trailing_stop,2026-09-24 17:17:45.197681+00,2026-09-24 17:21:35.712528+00,3.84,-2.315,0.920,FUTURES,correct,win,-0.444
5019,ARB/USDT,SELL,FUTURES,TRANSITION,0.2187,0.2177,5,0.8002,2.286,trailing_stop,2026-09-24 17:17:10.173829+00,2026-09-24 17:21:28.112312+00,4.30,-2.389,0.920,FUTURES,correct,win,-0.457
5018,LTC/USDT,SELL,FUTURES,TRENDING,74.69,74.29,5,0.9372,2.678,trailing_stop,2026-09-24 17:16:49.849911+00,2026-09-24 17:21:35.723704+00,4.76,-2.114,0.853,FUTURES,correct,win,-0.536
5017,APT/USDT,SELL,FUTURES,TRENDING,0.8277,0.8277,5,0.0000,0.000,take_profit,2026-09-24 17:16:13.015025+00,2026-09-24 17:23:03.326225+00,6.84,-0.753,0.882,FUTURES,incorrect,loss,0.000
5016,UNI/USDT,BUY,FUTURES,TRANSITION,9.285,9.257,5,-0.5277,-1.508,trade_switch,2026-09-24 17:16:12.983053+00,2026-09-24 17:20:32.455588+00,4.32,5.045,0.808,FUTURES,incorrect,loss,-0.302
5015,DOT/USDT,SELL,FUTURES,TRENDING,1.163,1.168,5,-0.7524,-2.150,stop_loss,2026-09-24 17:02:01.717073+00,2026-09-24 17:16:49.76336+00,14.80,,,,unknown,loss,0.430
5014,FIL/USDT,SELL,FUTURES,TRANSITION,1.0139,1.0078,5,1.0529,3.008,trailing_stop,2026-09-24 17:01:52.657645+00,2026-09-24 17:21:12.152126+00,19.32,,,,unknown,win,-0.602
5013,TAO/USDT,BUY,FUTURES,TRANSITION,292.6,295.5,5,1.7344,4.956,trailing_stop,2026-09-24 17:00:48.896221+00,2026-09-24 17:17:45.089347+00,16.94,,,,unknown,win,0.991
5012,INJ/USDT,SELL,FUTURES,TRENDING,8.628,8.571,5,1.1561,3.303,trailing_stop,2026-09-24 16:58:30.57398+00,2026-09-24 17:16:12.887572+00,17.71,,,,unknown,win,-0.661
5011,ARB/USDT,SELL,FUTURES,TRANSITION,0.2183,0.2191,5,-0.6413,-1.832,trade_switch,2026-09-24 16:58:25.454185+00,2026-09-24 17:02:01.68974+00,3.60,,,,unknown,loss,0.366
5010,PEPE/USDT,BUY,SPOT,TRENDING,4.47e-06,4.43e-06,1,-0.0895,-0.895,negative_timeout,2026-09-24 16:57:12.667095+00,2026-09-24 17:57:18.687455+00,60.10,,,,unknown,loss,-0.895
5009,AVAX/USDT,BUY,SPOT,TRANSITION,10.426,10.304,1,-0.1170,-1.170,negative_timeout,2026-09-24 16:56:57.39789+00,2026-09-24 17:57:03.419487+00,60.10,,,,unknown,loss,-1.170
5008,PUMP/USDT,BUY,SPOT,TRANSITION,0.003901,0.003913,1,0.0308,0.308,profitable_timeout,2026-09-24 16:56:38.218764+00,2026-09-24 17:26:44.01705+00,30.10,,,,unknown,win,0.308
5007,TAO/USDT,BUY,FUTURES,TRANSITION,293.6,292.6,5,-0.5960,-1.703,trade_switch,2026-09-24 16:55:34.447357+00,2026-09-24 17:00:48.874252+00,5.24,,,,unknown,loss,-0.341
5006,LTC/USDT,SELL,FUTURES,TRENDING,73.75,74.14,5,-0.9254,-2.644,stop_loss,2026-09-24 16:54:49.531562+00,2026-09-24 16:56:57.320885+00,2.13,,,,unknown,loss,0.529
5005,WLD/USDT,BUY,FUTURES,TRENDING,0.448,0.4499,5,0.7422,2.121,trailing_stop,2026-09-24 16:54:40.387085+00,2026-09-24 17:16:12.924589+00,21.54,,,,unknown,win,0.424
5004,FIL/USDT,SELL,FUTURES,TRANSITION,1.004,1.0094,5,-0.9412,-2.689,stop_loss,2026-09-24 16:54:00.773231+00,2026-09-24 16:56:38.151286+00,2.62,,,,unknown,loss,0.538
5003,TIA/USDT,SELL,FUTURES,TRENDING,0.4954,0.4934,5,0.7065,2.019,trailing_stop,2026-09-24 16:53:55.681517+00,2026-09-24 17:28:16.887446+00,34.35,,,,unknown,win,-0.404
5002,XLM/USDT,SELL,FUTURES,TRENDING,0.212,0.2116,5,0.3302,0.943,profitable_timeout,2026-09-24 16:53:21.96869+00,2026-09-24 17:30:16.279792+00,36.91,,,,unknown,win,-0.189
5001,BCH/USDT,SELL,FUTURES,TRANSITION,337.2,337.2,5,0.1038,0.297,take_profit,2026-09-24 16:52:30.606164+00,2026-09-24 17:18:06.612194+00,25.60,,,,unknown,win,0.000
5000,LTC/USDT,SELL,FUTURES,TRENDING,73.84,74.11,5,-0.6399,-1.828,trade_switch,2026-09-24 16:51:41.911985+00,2026-09-24 16:52:30.587355+00,0.81,,,,unknown,loss,0.366
4999,WIF/USDT,SELL,FUTURES,TRANSITION,0.2384,0.2372,5,0.8809,2.517,trailing_stop,2026-09-24 16:51:41.897456+00,2026-09-24 17:21:02.424656+00,29.34,,,,unknown,win,-0.503
4998,PENGU/USDT,BUY,SPOT,TRANSITION,0.00999,0.009994,1,0.0040,0.040,profitable_timeout,2026-09-24 16:51:22.404476+00,2026-09-24 17:31:48.766185+00,40.44,,,,unknown,win,0.040
4997,WLD/USDT,BUY,FUTURES,TRENDING,0.4485,0.4471,5,-0.5463,-1.561,trade_switch,2026-09-24 16:51:17.272139+00,2026-09-24 16:54:00.764374+00,2.72,,,,unknown,loss,-0.312
4996,MUBARAK/USDT,BUY,FUTURES,TRANSITION,0.04592,0.04569,5,-0.8765,-2.504,stop_loss,2026-09-24 16:50:56.826153+00,2026-09-24 17:17:45.128886+00,26.81,,,,unknown,loss,-0.501
4995,BROCCOLI714/USDT,SELL,FUTURES,TRENDING,0.03308,0.03319,5,-0.5819,-1.663,trade_switch,2026-09-24 16:50:47.57593+00,2026-09-24 16:53:21.958443+00,2.57,,,,unknown,loss,0.333
4994,ADA/USDT,SELL,FUTURES,TRENDING,0.2493,0.2478,5,1.0529,3.008,trailing_stop,2026-09-24 16:50:18.029548+00,2026-09-24 17:21:35.759048+00,31.30,,,,unknown,win,-0.602
4993,NEAR/USDT,SELL,FUTURES,TRENDING,4.699,4.68,5,0.7076,2.022,trailing_stop,2026-09-24 16:48:09.573018+00,2026-09-24 16:51:12.10149+00,3.04,,,,unknown,win,-0.404
4992,XRP/USDT,SELL,FUTURES,TRENDING,1.5342,1.5342,5,0.1483,0.424,take_profit,2026-09-24 16:47:55.296399+00,2026-09-24 17:20:07.5244+00,32.20,,,,unknown,win,0.000
4991,牛来/USDT,BUY,FUTURES,TRANSITION,0.10483,0.10446,5,-0.6177,-1.765,trade_switch,2026-09-24 16:47:45.104288+00,2026-09-24 16:53:55.671928+00,6.18,,,,unknown,loss,-0.353
4990,LINK/USDT,SELL,FUTURES,TRANSITION,12.972,12.92,5,0.7015,2.004,trailing_stop,2026-09-24 16:47:15.18476+00,2026-09-24 16:54:40.333591+00,7.42,,,,unknown,win,-0.401
4989,ZEC/USDT,SELL,FUTURES,TRANSITION,1541.42,1546.62,5,-0.5904,-1.687,trade_switch,2026-09-24 16:47:15.173186+00,2026-09-24 16:58:30.547239+00,11.26,,,,unknown,loss,0.337
4988,SAGA/USDT,SELL,FUTURES,TRANSITION,0.04262,0.04259,5,0.1232,0.352,profitable_timeout,2026-09-24 16:47:00.852125+00,2026-09-24 17:17:10.11472+00,30.15,,,,unknown,win,-0.070
4987,ICP/USDT,SELL,FUTURES,TRENDING,3.171,3.155,5,0.8830,2.523,trailing_stop,2026-09-24 16:46:38.07113+00,2026-09-24 16:55:34.392619+00,8.94,,,,unknown,win,-0.505
4986,ARB/USDT,SELL,FUTURES,TRANSITION,0.2186,0.2186,5,0.0000,0.000,take_profit,2026-09-24 16:46:38.060251+00,2026-09-24 16:51:01.873883+00,4.40,,,,unknown,loss,0.000
4985,APT/USDT,SELL,FUTURES,TRENDING,0.8322,0.8247,5,1.5771,4.506,trailing_stop,2026-09-24 16:46:28.669474+00,2026-09-24 16:57:12.618202+00,10.73,,,,unknown,win,-0.901
4984,FIL/USDT,SELL,FUTURES,TRANSITION,1.0073,1.0116,5,-0.7470,-2.134,stop_loss,2026-09-24 16:46:18.427963+00,2026-09-24 16:47:45.02933+00,1.44,,,,unknown,loss,0.427
4983,TIA/USDT,SELL,FUTURES,TRENDING,0.4973,0.4999,5,-0.9149,-2.614,stop_loss,2026-09-24 16:46:18.416068+00,2026-09-24 16:48:09.503877+00,1.85,,,,unknown,loss,0.523
4982,XLM/USDT,SELL,FUTURES,TRENDING,0.2128,0.2137,5,-0.7401,-2.115,stop_loss,2026-09-24 16:36:18.342089+00,2026-09-24 16:47:55.222081+00,11.61,,,,unknown,loss,0.423
4981,TAO/USDT,BUY,FUTURES,TRANSITION,294.1,296.2,5,1.2496,3.570,trailing_stop,2026-09-24 16:36:03.115686+00,2026-09-24 16:50:17.942967+00,14.25,,,,unknown,win,0.714
4980,WLD/USDT,BUY,FUTURES,TRENDING,0.452,0.4494,5,-1.0066,-2.876,stop_loss,2026-09-24 16:35:58.188202+00,2026-09-24 16:46:15.645089+00,10.29,,,,unknown,loss,-0.575
4979,XLM/USDT,SELL,FUTURES,TRENDING,0.2121,0.2128,5,-0.5776,-1.650,trade_switch,2026-09-24 16:34:37.323918+00,2026-09-24 16:36:18.324457+00,1.68,,,,unknown,loss,0.330
4978,LTC/USDT,SELL,FUTURES,TRENDING,74.05,74.39,5,-0.8035,-2.296,stop_loss,2026-09-24 16:33:31.853528+00,2026-09-24 16:46:37.970135+00,13.10,,,,unknown,loss,0.459
4977,AAVE/USDT,BUY,SPOT,TRENDING,144.99,145.03,1,0.0028,0.028,profitable_timeout,2026-09-24 16:31:30.633006+00,2026-09-24 17:01:52.616611+00,30.37,,,,unknown,win,0.028
4976,WLD/USDT,BUY,FUTURES,TRENDING,0.4527,0.451,5,-0.6572,-1.878,trade_switch,2026-09-24 16:31:18.179502+00,2026-09-24 16:34:37.314264+00,3.32,,,,unknown,loss,-0.376
4975,INJ/USDT,SELL,FUTURES,TRENDING,8.559,8.605,5,-0.9405,-2.687,stop_loss,2026-09-24 16:30:42.796789+00,2026-09-24 16:47:00.773385+00,16.30,,,,unknown,loss,0.537
4974,TIA/USDT,SELL,FUTURES,TRENDING,0.4978,0.4978,5,0.1406,0.402,take_profit,2026-09-24 16:30:12.465669+00,2026-09-24 16:31:28.266124+00,1.26,,,,unknown,win,0.000
4973,ICP/USDT,SELL,FUTURES,TRENDING,3.185,3.2,5,-0.8242,-2.355,stop_loss,2026-09-24 16:29:27.079422+00,2026-09-24 16:30:42.720883+00,1.26,,,,unknown,loss,0.471
4972,ARB/USDT,SELL,FUTURES,TRANSITION,0.2184,0.2184,5,0.0000,0.000,take_profit,2026-09-24 16:28:41.525547+00,2026-09-24 16:31:18.102133+00,2.61,,,,unknown,loss,0.000
4971,ASTER/USDT,BUY,SPOT,TRANSITION,0.715,0.7102,1,-0.0671,-0.671,negative_timeout,2026-09-24 16:28:31.489205+00,2026-09-24 17:28:36.346412+00,60.08,,,,unknown,loss,-0.671
4970,DOT/USDT,SELL,FUTURES,TRENDING,1.167,1.161,5,0.8997,2.571,trailing_stop,2026-09-24 16:25:43.324597+00,2026-09-24 16:54:49.483393+00,29.10,,,,unknown,win,-0.514
4969,UNI/USDT,BUY,FUTURES,TRANSITION,9.271,9.273,5,0.0378,0.108,profitable_timeout,2026-09-24 16:25:33.306998+00,2026-09-24 16:58:25.413609+00,32.87,,,,unknown,win,0.022
4968,FIL/USDT,SELL,FUTURES,TRANSITION,1.0039,1.0086,5,-0.8193,-2.341,stop_loss,2026-09-24 16:25:23.142881+00,2026-09-24 16:35:58.127179+00,10.58,,,,unknown,loss,0.468
4967,WIF/USDT,SELL,FUTURES,TRANSITION,0.2394,0.2384,5,0.7310,2.089,trailing_stop,2026-09-24 16:24:37.632834+00,2026-09-24 16:46:37.994034+00,22.01,,,,unknown,win,-0.418
4966,TIA/USDT,SELL,FUTURES,TRENDING,0.4955,0.4977,5,-0.7770,-2.220,stop_loss,2026-09-24 16:24:12.483645+00,2026-09-24 16:24:37.564145+00,0.42,,,,unknown,loss,0.444
4965,XLM/USDT,SELL,FUTURES,TRENDING,0.212,0.2131,5,-0.9080,-2.594,stop_loss,2026-09-24 16:23:42.249825+00,2026-09-24 16:29:27.006872+00,5.75,,,,unknown,loss,0.519
4964,UNI/USDT,BUY,FUTURES,TRANSITION,9.3,9.271,5,-0.5457,-1.559,trade_switch,2026-09-24 16:23:06.960521+00,2026-09-24 16:25:33.294373+00,2.44,,,,unknown,loss,-0.312
4963,ZEC/USDT,SELL,FUTURES,TRANSITION,1527.61,1534.79,5,-0.8225,-2.350,stop_loss,2026-09-24 16:21:46.489804+00,2026-09-24 16:28:41.461472+00,6.92,,,,unknown,loss,0.470
4962,WLD/USDT,BUY,FUTURES,TRENDING,0.4511,0.4531,5,0.7759,2.217,trailing_stop,2026-09-24 16:21:36.518974+00,2026-09-24 16:25:43.242141+00,4.11,,,,unknown,win,0.443
4961,NEAR/USDT,SELL,FUTURES,TRENDING,4.651,4.666,5,-0.5644,-1.613,trade_switch,2026-09-24 16:21:31.432689+00,2026-09-24 16:23:42.239124+00,2.18,,,,unknown,loss,0.323
4960,MARSCOIN/USDT,BUY,SPOT,TRENDING,0.1178,0.1185,1,0.0594,0.594,profitable_timeout,2026-09-24 16:21:31.421485+00,2026-09-24 16:51:31.569626+00,30.00,,,,unknown,win,0.594
4959,LTC/USDT,SELL,FUTURES,TRENDING,74.39,74.04,5,0.8234,2.352,trailing_stop,2026-09-24 16:21:31.407489+00,2026-09-24 16:28:31.414075+00,7.00,,,,unknown,win,-0.470
4958,PEPE/USDT,BUY,SPOT,TRENDING,4.47e-06,4.48e-06,1,0.0224,0.224,profitable_timeout,2026-09-24 16:21:31.394864+00,2026-09-24 16:51:36.758527+00,30.09,,,,unknown,win,0.224
4957,APT/USDT,SELL,FUTURES,TRENDING,0.8289,0.8315,5,-0.5489,-1.568,trade_switch,2026-09-24 16:21:21.20512+00,2026-09-24 16:36:03.094743+00,14.70,,,,unknown,loss,0.314
4956,ZEC/USDT,SELL,FUTURES,TRANSITION,1521.77,1527.61,5,-0.6716,-1.919,trade_switch,2026-09-24 16:21:04.406483+00,2026-09-24 16:21:46.450246+00,0.70,,,,unknown,loss,0.384
4955,TAO/USDT,BUY,FUTURES,TRANSITION,293.2,294.8,5,0.9550,2.729,trailing_stop,2026-09-24 16:20:54.232999+00,2026-09-24 16:30:12.413039+00,9.30,,,,unknown,win,0.546
4954,BCH/USDT,SELL,FUTURES,TRANSITION,339.3,337.6,5,0.8768,2.505,trailing_stop,2026-09-24 16:20:54.215614+00,2026-09-24 16:47:15.097472+00,26.35,,,,unknown,win,-0.501
4953,PUMP/USDT,BUY,SPOT,TRANSITION,0.003885,0.003904,1,0.0489,0.489,profitable_timeout,2026-09-24 16:20:54.206082+00,2026-09-24 16:50:56.764894+00,30.04,,,,unknown,win,0.489
4952,XLM/USDT,SELL,FUTURES,TRENDING,0.2109,0.2116,5,-0.5808,-1.660,trade_switch,2026-09-24 16:20:54.197513+00,2026-09-24 16:23:06.949763+00,2.21,,,,unknown,loss,0.332
4951,WIF/USDT,SELL,FUTURES,TRANSITION,0.2388,0.2396,5,-0.5863,-1.675,trade_switch,2026-09-24 16:20:54.189095+00,2026-09-24 16:24:12.474586+00,3.30,,,,unknown,loss,0.335
4950,SUI/USDT,SELL,FUTURES,TRENDING,1.011,1.0156,5,-0.8180,-2.275,stop_loss,2026-09-24 16:20:44.065102+00,2026-09-24 16:47:15.11165+00,26.52,,,,unknown,loss,0.455
4949,ETC/USDT,SELL,FUTURES,TRENDING,10.1,10.05,5,0.8900,2.475,trailing_stop,2026-09-24 16:20:44.048983+00,2026-09-24 16:33:31.794923+00,12.80,,,,unknown,win,-0.495
4948,AVAX/USDT,BUY,SPOT,TRANSITION,10.399,10.444,1,0.0433,0.433,profitable_timeout,2026-09-24 16:20:44.038209+00,2026-09-24 16:50:47.514155+00,30.06,,,,unknown,win,0.433
4947,WLD/USDT,BUY,FUTURES,TRENDING,0.4526,0.4511,5,-0.5958,-1.657,trade_switch,2026-09-24 16:20:44.026631+00,2026-09-24 16:21:36.506194+00,0.87,,,,unknown,loss,-0.331
4946,USD1/USDT,SELL,FUTURES,TRANSITION,0.99965,0.9995,5,0.0263,0.075,profitable_timeout,2026-09-24 16:16:27.946595+00,2026-09-24 20:35:35.665104+00,259.13,,,,unknown,win,-0.015
4945,ENA/USDT,BUY,SPOT,TRENDING,0.2188,0.2198,1,0.0457,0.457,profitable_timeout,2026-09-24 16:16:27.935178+00,2026-09-24 16:46:28.616454+00,30.01,,,,unknown,win,0.457
4944,RLUSD/USDT,SELL,FUTURES,TRENDING,1.0004,1.0003,5,0.0175,0.050,profitable_timeout,2026-09-24 16:16:27.925348+00,2026-09-24 20:33:33.084394+00,257.09,,,,unknown,win,-0.010
4943,MUBARAK/USDT,BUY,FUTURES,TRANSITION,0.04619,0.04619,5,0.0000,0.000,take_profit,2026-09-24 16:16:27.914412+00,2026-09-24 16:20:43.999961+00,4.27,,,,unknown,loss,0.000
4942,BROCCOLI714/USDT,SELL,FUTURES,TRENDING,0.03309,0.03347,5,-2.0097,-5.742,stop_loss,2026-09-24 16:16:17.654966+00,2026-09-24 16:16:27.762097+00,0.17,,,,unknown,loss,1.148
4941,ADA/USDT,SELL,FUTURES,TRENDING,0.2486,0.2496,5,-0.7039,-2.011,stop_loss,2026-09-24 16:16:00.846813+00,2026-09-24 16:16:27.775084+00,0.45,,,,unknown,loss,0.402
4940,NEAR/USDT,SELL,FUTURES,TRENDING,4.591,4.619,5,-1.0673,-3.049,stop_loss,2026-09-24 16:15:50.645476+00,2026-09-24 16:16:27.787982+00,0.62,,,,unknown,loss,0.610
4939,PENGU/USDT,BUY,SPOT,TRANSITION,0.00992,0.009983,1,0.0635,0.635,profitable_timeout,2026-09-24 16:15:50.635037+00,2026-09-24 16:46:18.278801+00,30.46,,,,unknown,win,0.635
4938,XRP/USDT,SELL,FUTURES,TRENDING,1.5188,1.5252,5,-0.7374,-2.107,stop_loss,2026-09-24 16:15:50.625315+00,2026-09-24 16:16:48.001386+00,0.96,,,,unknown,loss,0.421
4937,牛来/USDT,BUY,FUTURES,TRANSITION,0.10368,0.10488,5,2.0255,5.787,manual,2026-09-24 16:15:50.61407+00,2026-09-24 16:17:38.637708+00,1.80,,,,unknown,win,1.157
4936,LINK/USDT,SELL,FUTURES,TRANSITION,12.827,12.889,5,-0.8459,-2.417,stop_loss,2026-09-24 16:15:50.603269+00,2026-09-24 16:17:08.400248+00,1.30,,,,unknown,loss,0.483
4935,SAGA/USDT,SELL,FUTURES,TRANSITION,0.04291,0.04307,5,-0.6525,-1.864,trade_switch,2026-09-24 16:15:40.49884+00,2026-09-24 16:25:23.115878+00,9.71,,,,unknown,loss,0.373
4934,ICP/USDT,SELL,FUTURES,TRENDING,3.155,3.168,5,-0.7211,-2.060,stop_loss,2026-09-24 16:15:40.482936+00,2026-09-24 16:16:48.022923+00,1.13,,,,unknown,loss,0.412
4933,APT/USDT,SELL,FUTURES,TRENDING,0.8269,0.8307,5,-0.8042,-2.298,stop_loss,2026-09-24 16:15:40.470231+00,2026-09-24 16:16:15.802869+00,0.59,,,,unknown,loss,0.460
4932,UNI/USDT,BUY,FUTURES,TRANSITION,9.217,9.297,5,1.5189,4.340,manual,2026-09-24 16:15:40.440623+00,2026-09-24 16:17:38.655394+00,1.97,,,,unknown,win,0.868
4931,INJ/USDT,SELL,FUTURES,TRENDING,8.503,8.569,5,-1.3583,-3.881,stop_loss,2026-09-24 15:58:57.428122+00,2026-09-24 16:16:48.038319+00,17.84,-2.670,0.892,FUTURES,incorrect,loss,0.776
4930,LTC/USDT,SELL,FUTURES,TRENDING,74.33,74.77,5,-1.0359,-2.960,stop_loss,2026-09-24 15:58:52.288255+00,2026-09-24 16:16:27.823011+00,17.59,-2.919,0.920,FUTURES,incorrect,loss,0.592
4929,WLD/USDT,BUY,FUTURES,TRENDING,0.4391,0.452273,5,5.3006,15.145,take_profit,2026-09-24 15:58:47.170589+00,2026-09-24 16:15:40.256272+00,16.88,6.468,0.869,FUTURES,correct,win,3.000
4928,ETC/USDT,SELL,FUTURES,TRENDING,10,10.05,5,-0.8750,-2.500,stop_loss,2026-09-24 15:58:03.411593+00,2026-09-24 16:15:40.325922+00,17.62,-5.441,0.920,FUTURES,incorrect,loss,0.500
4927,FIL/USDT,SELL,FUTURES,TRANSITION,0.9986,1.0043,5,-0.9989,-2.854,stop_loss,2026-09-24 15:57:28.787886+00,2026-09-24 16:16:48.048309+00,19.32,-3.899,0.831,FUTURES,incorrect,loss,0.571
4926,APT/USDT,SELL,FUTURES,TRENDING,0.8293,0.8259,5,0.7175,2.050,trailing_stop,2026-09-24 15:54:36.975911+00,2026-09-24 15:58:03.311297+00,3.44,-2.769,0.912,FUTURES,correct,win,-0.410
4925,DOT/USDT,SELL,FUTURES,TRENDING,1.171,1.176,5,-0.7472,-2.135,stop_loss,2026-09-24 15:53:30.40397+00,2026-09-24 16:18:18.613494+00,24.80,-1.994,0.920,FUTURES,incorrect,loss,0.427
4924,LTC/USDT,SELL,FUTURES,TRENDING,73.99,74.25,5,-0.6149,-1.757,trade_switch,2026-09-24 15:52:56.28078+00,2026-09-24 15:54:36.94113+00,1.68,-2.919,0.920,FUTURES,incorrect,loss,0.351
4923,SAGA/USDT,SELL,FUTURES,TRANSITION,0.04331,0.04312,5,0.7677,2.193,trailing_stop,2026-09-24 15:52:31.362414+00,2026-09-24 15:53:30.326791+00,0.98,-2.553,0.920,FUTURES,correct,win,-0.439
4922,LINK/USDT,SELL,FUTURES,TRANSITION,12.745,12.784,5,-0.5355,-1.530,trade_switch,2026-09-24 15:52:26.222915+00,2026-09-24 15:58:52.255409+00,6.43,-0.743,0.920,FUTURES,incorrect,loss,0.306
4921,ETC/USDT,SELL,FUTURES,TRENDING,10.07,10.12,5,-0.8689,-2.483,stop_loss,2026-09-24 15:51:17.97294+00,2026-09-24 15:52:26.140882+00,1.14,-5.441,0.920,FUTURES,incorrect,loss,0.497
4920,INJ/USDT,SELL,FUTURES,TRENDING,8.526,8.466,5,1.2315,3.519,trailing_stop,2026-09-24 15:50:38.340531+00,2026-09-24 15:52:56.187211+00,2.30,-2.670,0.892,FUTURES,correct,win,-0.704
4919,SAGA/USDT,SELL,FUTURES,TRANSITION,0.04318,0.04331,5,-0.5269,-1.505,trade_switch,2026-09-24 15:50:33.217899+00,2026-09-24 15:52:31.331376+00,1.97,-2.553,0.920,FUTURES,incorrect,loss,0.301
4918,AAVE/USDT,BUY,SPOT,TRENDING,143.86,144.93,1,0.0744,0.744,profitable_timeout,2026-09-24 15:49:29.097067+00,2026-09-24 16:19:33.986574+00,30.08,2.167,0.684,SPOT,correct,win,0.744
4917,INJ/USDT,SELL,FUTURES,TRENDING,8.499,8.526,5,-0.5559,-1.588,trade_switch,2026-09-24 15:48:59.517707+00,2026-09-24 15:50:38.308563+00,1.65,-2.670,0.892,FUTURES,incorrect,loss,0.318
4916,ICP/USDT,SELL,FUTURES,TRENDING,3.127,3.109,5,1.0074,2.878,trailing_stop,2026-09-24 15:48:24.244794+00,2026-09-24 15:58:57.329732+00,10.55,-2.061,0.920,FUTURES,correct,win,-0.576
4915,ARB/USDT,SELL,FUTURES,TRANSITION,0.218,0.2189,5,-0.7225,-2.064,stop_loss,2026-09-24 15:48:03.874854+00,2026-09-24 16:17:08.424282+00,29.08,-1.961,0.920,FUTURES,incorrect,loss,0.413
4914,ASTER/USDT,BUY,SPOT,TRANSITION,0.7099,0.7149,1,0.0704,0.704,profitable_timeout,2026-09-24 15:47:04.485676+00,2026-09-24 16:17:08.433834+00,30.07,2.026,0.606,SPOT,correct,win,0.704
4913,WLD/USDT,BUY,FUTURES,TRENDING,0.4407,0.4391,5,-0.6354,-1.815,trade_switch,2026-09-24 15:46:07.567774+00,2026-09-24 15:58:47.154887+00,12.66,6.468,0.869,FUTURES,incorrect,loss,-0.363
4912,ONDO/USDT,SELL,FUTURES,TRENDING,0.519,0.5127,5,2.1243,6.069,trailing_stop,2026-09-24 15:44:14.917012+00,2026-09-24 15:49:29.006476+00,5.23,-6.578,0.920,FUTURES,correct,win,-1.214
4911,DOT/USDT,SELL,FUTURES,TRENDING,1.165,1.17,5,-0.7511,-2.146,stop_loss,2026-09-24 15:44:12.460064+00,2026-09-24 15:48:24.16883+00,4.20,-1.994,0.920,FUTURES,incorrect,loss,0.429
4910,PEPE/USDT,BUY,SPOT,TRENDING,4.45e-06,4.47e-06,1,0.0449,0.449,profitable_timeout,2026-09-24 15:43:13.848217+00,2026-09-24 16:16:27.848352+00,33.23,4.965,0.702,SPOT,correct,win,0.449
4909,TIA/USDT,SELL,FUTURES,TRENDING,0.4894,0.4924,5,-1.0727,-3.065,stop_loss,2026-09-24 15:43:11.399327+00,2026-09-24 16:16:48.069115+00,33.61,-4.450,0.920,FUTURES,incorrect,loss,0.613
4908,OP/USDT,SELL,FUTURES,TRENDING,0.1328,0.1335,5,-0.9224,-2.636,stop_loss,2026-09-24 15:39:59.754515+00,2026-09-24 15:43:27.21856+00,3.46,-1.196,0.847,FUTURES,incorrect,loss,0.527
4907,WIF/USDT,SELL,FUTURES,TRANSITION,0.239,0.2389,5,0.0732,0.209,profitable_timeout,2026-09-24 15:38:34.577658+00,2026-09-24 16:15:50.516287+00,37.27,-4.800,0.920,FUTURES,correct,win,-0.042
4906,MARSCOIN/USDT,BUY,SPOT,TRENDING,0.1167,0.1171,1,0.0343,0.343,profitable_timeout,2026-09-24 15:37:59.95442+00,2026-09-24 16:16:27.864161+00,38.47,2.254,0.537,SPOT,correct,win,0.343
4905,APT/USDT,SELL,FUTURES,TRENDING,0.8254,0.829,5,-0.7633,-2.181,stop_loss,2026-09-24 15:37:49.753497+00,2026-09-24 15:48:59.448774+00,11.16,-2.769,0.912,FUTURES,incorrect,loss,0.436
4904,SUI/USDT,SELL,FUTURES,TRENDING,1.0106,1.0051,5,0.9524,2.721,trailing_stop,2026-09-24 15:37:45.667992+00,2026-09-24 16:15:40.384373+00,37.91,-0.986,0.920,FUTURES,correct,win,-0.544
4903,SAGA/USDT,SELL,FUTURES,TRANSITION,0.04363,0.04326,5,1.4841,4.240,manual,2026-09-24 15:37:40.562562+00,2026-09-24 15:43:39.453792+00,5.98,-2.553,0.920,FUTURES,correct,win,-0.848
4902,FIL/USDT,SELL,FUTURES,TRANSITION,1.0011,1.0054,5,-0.7517,-2.148,stop_loss,2026-09-24 15:37:35.428371+00,2026-09-24 15:50:33.156555+00,12.96,-3.899,0.831,FUTURES,incorrect,loss,0.430
4901,ICP/USDT,SELL,FUTURES,TRENDING,3.099,3.127,5,-1.5812,-4.518,stop_loss,2026-09-24 15:37:30.329791+00,2026-09-24 15:42:39.089634+00,5.15,-2.061,0.920,FUTURES,incorrect,loss,0.904
4900,LTC/USDT,SELL,FUTURES,TRENDING,73.9,74.23,5,-0.7815,-2.233,stop_loss,2026-09-24 15:37:20.13002+00,2026-09-24 15:47:40.492536+00,10.34,-2.919,0.920,FUTURES,incorrect,loss,0.447
4899,ZEC/USDT,SELL,FUTURES,TRANSITION,1523.44,1513.62,5,1.1280,3.223,trailing_stop,2026-09-24 15:36:46.622433+00,2026-09-24 16:16:00.803303+00,39.24,-0.991,0.920,FUTURES,correct,win,-0.645
4898,ETC/USDT,SELL,FUTURES,TRENDING,10.18,10.18,5,0.1719,0.491,take_profit,2026-09-24 15:36:12.075944+00,2026-09-24 15:45:46.262842+00,9.57,-5.441,0.920,FUTURES,correct,win,0.000
4897,ARB/USDT,SELL,FUTURES,TRANSITION,0.2171,0.2183,5,-0.9673,-2.764,stop_loss,2026-09-24 15:35:18.210888+00,2026-09-24 15:37:30.232843+00,2.20,-1.776,0.920,FUTURES,incorrect,loss,0.553
4896,ONDO/USDT,SELL,FUTURES,TRENDING,0.5122,0.5155,5,-1.2782,-3.221,stop_loss,2026-09-24 15:35:18.202255+00,2026-09-24 15:36:11.979147+00,0.90,-5.251,0.920,FUTURES,incorrect,loss,0.644
4895,BCH/USDT,SELL,FUTURES,TRANSITION,340.8,338.6,5,1.1297,3.228,trailing_stop,2026-09-24 15:35:18.194453+00,2026-09-24 16:15:50.532699+00,40.54,-2.584,0.730,SPOT,correct,win,-0.646
4894,INJ/USDT,SELL,FUTURES,TRENDING,8.463,8.503,5,-0.9377,-2.363,stop_loss,2026-09-24 15:35:18.185955+00,2026-09-24 15:36:46.541964+00,1.47,-2.617,0.920,FUTURES,incorrect,loss,0.473
4893,AVAX/USDT,BUY,SPOT,TRANSITION,10.367,10.38,1,0.0125,0.125,profitable_timeout,2026-09-24 15:35:18.177761+00,2026-09-24 16:15:40.402647+00,40.37,2.964,0.542,SPOT,correct,win,0.125
4892,APT/USDT,SELL,FUTURES,TRENDING,0.8223,0.8254,5,-0.7479,-1.885,trade_switch,2026-09-24 15:35:18.169761+00,2026-09-24 15:37:49.728805+00,2.53,-3.191,0.920,FUTURES,incorrect,loss,0.377
4891,SUI/USDT,SELL,FUTURES,TRENDING,1.007,1.0106,5,-0.7092,-1.787,trade_switch,2026-09-24 15:35:18.162122+00,2026-09-24 15:37:45.642178+00,2.46,-2.491,0.920,FUTURES,incorrect,loss,0.357
4890,DOT/USDT,SELL,FUTURES,TRENDING,1.158,1.163,5,-0.8566,-2.159,stop_loss,2026-09-24 15:35:18.154619+00,2026-09-24 15:37:59.88926+00,2.70,-2.481,0.876,FUTURES,incorrect,loss,0.432
4889,PEPE/USDT,BUY,FUTURES,TRENDING,4.44e-06,4.46e-06,5,0.8936,2.252,trailing_stop,2026-09-24 15:35:18.145867+00,2026-09-24 15:37:40.474708+00,2.37,5.346,0.664,SPOT,correct,win,0.450
4888,TAO/USDT,BUY,FUTURES,TRANSITION,290.4,290.9,5,0.3013,0.861,profitable_timeout,2026-09-24 15:35:18.13737+00,2026-09-24 16:15:50.541387+00,40.54,3.935,0.787,FUTURES,correct,win,0.172
4887,TIA/USDT,SELL,FUTURES,TRENDING,0.4864,0.4886,5,-0.8973,-2.262,stop_loss,2026-09-24 15:35:18.127977+00,2026-09-24 15:37:20.071621+00,2.03,-4.175,0.920,FUTURES,incorrect,loss,0.452
4886,PUMP/USDT,BUY,SPOT,TRANSITION,0.003872,0.003877,1,0.0129,0.129,profitable_timeout,2026-09-24 15:35:18.119613+00,2026-09-24 16:15:50.552338+00,40.54,6.531,0.743,SPOT,correct,win,0.129
4885,WIF/USDT,SELL,FUTURES,TRANSITION,0.2381,0.239,5,-0.6615,-1.890,trade_switch,2026-09-24 15:35:18.110824+00,2026-09-24 15:38:34.558307+00,3.27,-4.396,0.912,FUTURES,incorrect,loss,0.378
4884,FIL/USDT,SELL,FUTURES,TRANSITION,0.9975,1.0011,5,-0.6316,-1.805,trade_switch,2026-09-24 15:35:18.102814+00,2026-09-24 15:37:35.409111+00,2.29,-4.340,0.867,FUTURES,incorrect,loss,0.361
4883,WLD/USDT,BUY,FUTURES,TRENDING,0.4392,0.4417,5,1.1292,2.846,trailing_stop,2026-09-24 15:35:18.093697+00,2026-09-24 15:39:59.696437+00,4.69,6.791,0.860,FUTURES,correct,win,0.569
4882,XLM/USDT,SELL,FUTURES,TRANSITION,0.2092,0.2089,5,0.2510,0.717,profitable_timeout,2026-09-24 15:35:18.083044+00,2026-09-24 16:15:50.562704+00,40.54,-3.788,0.920,FUTURES,correct,win,-0.143
4881,UNI/USDT,BUY,FUTURES,TRANSITION,9.24,9.277,5,0.7008,2.002,trailing_stop,2026-09-24 15:35:18.072759+00,2026-09-24 15:57:28.758221+00,22.18,4.768,0.920,FUTURES,correct,win,0.400
4880,FET/USDT,BUY,FUTURES,TRENDING,0.2212,0.2245,5,2.9596,7.459,manual,2026-09-24 15:35:18.06123+00,2026-09-24 15:43:04.779491+00,7.78,8.660,0.831,FUTURES,correct,win,1.492
4879,UNI/USDT,BUY,FUTURES,TRANSITION,9.102,9.062,5,-0.7691,-2.197,stop_loss,2026-09-24 14:50:14.695378+00,2026-09-24 14:53:07.965569+00,2.89,4.424,0.920,FUTURES,incorrect,loss,-0.439
4878,BROCCOLI714/USDT,SELL,FUTURES,TRENDING,0.03176,0.03155,5,1.1571,3.306,trailing_stop,2026-09-24 14:49:10.604767+00,2026-09-24 14:51:32.823259+00,2.37,-2.725,0.920,FUTURES,correct,win,-0.661
4877,TAO/USDT,BUY,FUTURES,TRANSITION,287.8,286.5,5,-0.7905,-2.259,stop_loss,2026-09-24 14:49:10.579336+00,2026-09-24 14:50:04.425943+00,0.90,5.573,0.725,SPOT,incorrect,loss,-0.452
4876,LTC/USDT,SELL,FUTURES,TRENDING,72.4,72.09,5,0.7493,2.141,trailing_stop,2026-09-24 14:48:35.948532+00,2026-09-24 14:53:42.415669+00,5.11,-2.647,0.920,FUTURES,correct,win,-0.428
4875,牛来/USDT,BUY,FUTURES,TRENDING,0.10454,0.10363,5,-1.5233,-4.352,stop_loss,2026-09-24 14:48:16.596129+00,2026-09-24 14:49:01.427911+00,0.75,0.756,0.845,FUTURES,incorrect,loss,-0.870
4874,ENA/USDT,SELL,FUTURES,TRENDING,0.2217,0.216,5,4.4993,12.855,trailing_stop,2026-09-24 14:47:12.214178+00,2026-09-24 14:50:14.626926+00,3.04,-0.368,0.792,FUTURES,correct,win,-2.571
4873,ONE/USDT,BUY,FUTURES,TRANSITION,0.002551,0.002532,5,-1.3034,-3.724,stop_loss,2026-09-24 14:47:12.202585+00,2026-09-24 14:48:16.515542+00,1.07,3.117,0.786,FUTURES,incorrect,loss,-0.745
4872,NEAR/USDT,SELL,FUTURES,TRENDING,4.627,4.608,5,0.7186,2.053,trailing_stop,2026-09-24 14:46:47.753523+00,2026-09-24 14:49:01.442515+00,2.23,-2.480,0.902,FUTURES,correct,win,-0.411
4871,ETC/USDT,SELL,FUTURES,TRENDING,9.99,9.99,5,0.1752,0.501,take_profit,2026-09-24 14:46:38.609872+00,2026-09-24 14:47:22.329+00,0.73,-5.082,0.920,FUTURES,correct,win,0.000
4870,ZEC/USDT,SELL,FUTURES,TRANSITION,1515.35,1504.81,5,1.2172,3.478,trailing_stop,2026-09-24 14:46:33.484617+00,2026-09-24 14:50:29.929071+00,3.94,-0.910,0.873,FUTURES,correct,win,-0.696
4869,AAVE/USDT,BUY,FUTURES,TRENDING,143.65,143.01,5,-0.7797,-2.228,stop_loss,2026-09-24 14:46:33.472068+00,2026-09-24 14:48:26.742764+00,1.89,2.299,0.636,SPOT,incorrect,loss,-0.446
4868,ARB/USDT,SELL,FUTURES,TRENDING,0.219,0.2149,5,3.2763,9.361,trailing_stop,2026-09-24 14:45:39.617337+00,2026-09-24 14:50:29.942455+00,4.84,-1.248,0.920,FUTURES,correct,win,-1.872
4867,SUI/USDT,SELL,FUTURES,TRENDING,1.0083,0.9943,5,2.4298,6.942,trailing_stop,2026-09-24 14:45:22.688839+00,2026-09-24 14:50:29.954954+00,5.12,-2.117,0.920,FUTURES,correct,win,-1.388
4866,APT/USDT,SELL,FUTURES,TRENDING,0.8344,0.831,5,0.7131,2.037,trailing_stop,2026-09-24 14:45:22.679129+00,2026-09-24 14:48:06.247825+00,2.73,-3.288,0.920,FUTURES,correct,win,-0.407
4865,PUMP/USDT,BUY,FUTURES,TRENDING,0.003922,0.003903,5,-0.8478,-2.422,stop_loss,2026-09-24 14:45:22.657834+00,2026-09-24 14:47:12.138993+00,1.82,8.171,0.792,FUTURES,incorrect,loss,-0.484
4864,ONDO/USDT,SELL,FUTURES,TRENDING,0.5029,0.5056,5,-0.9396,-2.684,stop_loss,2026-09-24 14:44:47.961823+00,2026-09-24 14:45:22.58005+00,0.58,-4.723,0.920,FUTURES,incorrect,loss,0.537
4863,PEPE/USDT,BUY,FUTURES,TRENDING,4.47e-06,4.45e-06,5,-0.7830,-2.237,stop_loss,2026-09-24 14:44:47.940153+00,2026-09-24 14:47:02.989782+00,2.25,6.553,0.687,SPOT,incorrect,loss,-0.447
4862,TIA/USDT,SELL,FUTURES,TRENDING,0.4887,0.4799,5,3.1512,9.003,trailing_stop,2026-09-24 14:44:28.646161+00,2026-09-24 14:50:29.965471+00,6.02,-5.753,0.920,FUTURES,correct,win,-1.801
4861,BROCCOLI714/USDT,SELL,FUTURES,TRENDING,0.0319,0.0319,5,0.0000,0.000,take_profit,2026-09-24 14:42:54.190758+00,2026-09-24 14:44:09.230173+00,1.25,-2.725,0.920,FUTURES,incorrect,loss,0.000
4860,INJ/USDT,SELL,FUTURES,TRENDING,8.315,8.21,5,2.2099,6.314,manual,2026-09-24 14:42:09.847576+00,2026-09-24 14:46:28.265059+00,4.31,-2.522,0.920,FUTURES,correct,win,-1.263
4859,UNI/USDT,BUY,FUTURES,TRANSITION,9.262,9.222,5,-0.7558,-2.159,stop_loss,2026-09-24 14:41:59.389095+00,2026-09-24 14:45:12.346308+00,3.22,4.424,0.920,FUTURES,incorrect,loss,-0.432
4858,ONE/USDT,BUY,FUTURES,TRANSITION,0.00254,0.002526,5,-0.9646,-2.756,stop_loss,2026-09-24 14:41:49.761987+00,2026-09-24 14:42:09.704786+00,0.33,3.117,0.786,FUTURES,incorrect,loss,-0.551
4857,BCH/USDT,SELL,FUTURES,TRANSITION,343.4,336.7,5,3.4144,9.755,trailing_stop,2026-09-24 14:41:34.80577+00,2026-09-24 14:50:29.975946+00,8.92,-2.966,0.904,FUTURES,correct,win,-1.951
4856,LTC/USDT,SELL,FUTURES,TRENDING,73.51,73.16,5,0.8332,2.381,trailing_stop,2026-09-24 14:41:24.58682+00,2026-09-24 14:43:34.41236+00,2.16,-2.647,0.920,FUTURES,correct,win,-0.476
4855,SAGA/USDT,SELL,FUTURES,TRANSITION,0.04442,0.04378,5,2.5214,7.204,trailing_stop,2026-09-24 14:40:54.802002+00,2026-09-24 14:50:29.985895+00,9.59,-3.866,0.920,FUTURES,correct,win,-1.441
4854,RLUSD/USDT,SELL,FUTURES,TRENDING,1.0004,1.0003,5,0.0175,0.050,profitable_timeout,2026-09-24 14:40:24.994903+00,2026-09-24 15:46:59.483541+00,66.57,-0.002,0.920,FUTURES,correct,win,-0.010
4853,USD1/USDT,BUY,FUTURES,TRANSITION,0.99953,0.99956,5,0.0053,0.015,profitable_timeout,2026-09-24 14:40:24.985419+00,2026-09-24 15:10:28.9695+00,30.07,0.002,0.920,FUTURES,correct,win,0.003
4852,NEAR/USDT,SELL,FUTURES,TRENDING,4.695,4.672,5,0.8573,2.449,trailing_stop,2026-09-24 14:40:24.961801+00,2026-09-24 14:41:44.982594+00,1.33,-2.480,0.902,FUTURES,correct,win,-0.490
4851,ETC/USDT,SELL,FUTURES,TRENDING,10.21,10.21,5,0.0000,0.000,take_profit,2026-09-24 14:39:51.222563+00,2026-09-24 14:41:34.732943+00,1.73,-5.082,0.920,FUTURES,incorrect,loss,0.000
4850,TAO/USDT,BUY,FUTURES,TRANSITION,293.4,292.2,5,-0.7157,-2.045,stop_loss,2026-09-24 14:39:51.203469+00,2026-09-24 14:44:09.272499+00,4.30,5.573,0.725,SPOT,incorrect,loss,-0.409
4849,WLD/USDT,BUY,FUTURES,TRENDING,0.4426,0.4398,5,-1.1071,-3.163,stop_loss,2026-09-24 14:39:28.202421+00,2026-09-24 14:45:32.827546+00,6.08,6.107,0.660,SPOT,incorrect,loss,-0.633
4848,HBAR/USDT,SELL,FUTURES,TRENDING,0.09477,0.09397,5,1.4773,4.221,trailing_stop,2026-09-24 14:37:55.239719+00,2026-09-24 14:46:38.543467+00,8.72,-0.108,0.854,FUTURES,correct,win,-0.844
4847,ENA/USDT,SELL,FUTURES,TRENDING,0.2245,0.2234,5,0.8575,2.450,trailing_stop,2026-09-24 14:37:55.230371+00,2026-09-24 14:42:09.764641+00,4.24,-0.368,0.792,FUTURES,correct,win,-0.490
4846,ADA/USDT,SELL,FUTURES,TRENDING,0.2499,0.2454,5,3.1513,9.004,trailing_stop,2026-09-24 14:36:59.897078+00,2026-09-24 14:50:30.002959+00,13.50,-0.243,0.920,FUTURES,correct,win,-1.801
4845,牛来/USDT,BUY,FUTURES,TRENDING,0.10553,0.10627,5,1.2271,3.506,trailing_stop,2026-09-24 14:36:50.667364+00,2026-09-24 14:43:14.788092+00,6.40,0.756,0.845,FUTURES,correct,win,0.701
4844,ONE/USDT,BUY,FUTURES,TRANSITION,0.002574,0.002556,5,-1.2238,-3.497,stop_loss,2026-09-24 14:36:35.36592+00,2026-09-24 14:36:45.459517+00,0.17,3.117,0.786,FUTURES,incorrect,loss,-0.699
4843,BROCCOLI714/USDT,SELL,FUTURES,TRENDING,0.03203,0.03162,5,2.2401,6.400,trailing_stop,2026-09-24 14:36:26.123107+00,2026-09-24 14:37:50.016651+00,1.40,-2.725,0.920,FUTURES,correct,win,-1.280
4842,XRP/USDT,SELL,FUTURES,TRENDING,1.5255,1.5038,5,2.4893,7.112,trailing_stop,2026-09-24 14:35:56.391416+00,2026-09-24 14:50:30.012826+00,14.56,-0.578,0.920,FUTURES,correct,win,-1.422
4841,ZEC/USDT,SELL,FUTURES,TRANSITION,1528.56,1521.97,5,0.7545,2.156,trailing_stop,2026-09-24 14:34:46.818928+00,2026-09-24 14:40:20.63682+00,5.56,-0.910,0.873,FUTURES,correct,win,-0.431
4840,ARB/USDT,SELL,FUTURES,TRENDING,0.223,0.2214,5,1.2556,3.587,trailing_stop,2026-09-24 14:34:46.808698+00,2026-09-24 14:40:20.646925+00,5.56,-1.248,0.920,FUTURES,correct,win,-0.717
4839,NEAR/USDT,SELL,FUTURES,TRENDING,4.715,4.747,5,-1.1877,-3.393,stop_loss,2026-09-24 14:34:36.347244+00,2026-09-24 14:34:41.384758+00,0.08,-2.480,0.902,FUTURES,incorrect,loss,0.679
4838,LTC/USDT,SELL,FUTURES,TRENDING,74.07,74.46,5,-0.9214,-2.633,stop_loss,2026-09-24 14:34:16.686113+00,2026-09-24 14:36:20.898717+00,2.07,-2.647,0.920,FUTURES,incorrect,loss,0.527
4837,MUBARAK/USDT,BUY,SPOT,TRANSITION,0.04841,0.04731,1,-0.2272,-2.272,stop_loss,2026-09-24 14:34:06.421027+00,2026-09-24 14:49:45.184394+00,15.65,0.874,0.671,SPOT,incorrect,loss,-2.272
4836,ONDO/USDT,SELL,FUTURES,TRENDING,0.5096,0.5065,5,1.0884,3.042,trailing_stop,2026-09-24 14:33:41.959284+00,2026-09-24 14:39:45.976956+00,6.07,-4.723,0.920,FUTURES,correct,win,-0.608
4835,SAGA/USDT,SELL,FUTURES,TRANSITION,0.04478,0.04478,5,0.0000,0.000,take_profit,2026-09-24 14:33:41.951096+00,2026-09-24 14:35:50.984113+00,2.15,-3.866,0.920,FUTURES,incorrect,loss,0.000
4834,INJ/USDT,SELL,FUTURES,TRENDING,8.257,8.312,5,-1.1918,-3.331,stop_loss,2026-09-24 14:33:41.942669+00,2026-09-24 14:37:04.946806+00,3.38,-2.522,0.920,FUTURES,incorrect,loss,0.666
4833,AAVE/USDT,BUY,FUTURES,TRENDING,145.08,144.47,5,-0.7523,-2.102,stop_loss,2026-09-24 14:33:41.931882+00,2026-09-24 14:41:05.116422+00,7.39,2.299,0.636,SPOT,incorrect,loss,-0.420
4832,ETC/USDT,SELL,FUTURES,TRENDING,10.41,10.35,5,1.0312,2.882,trailing_stop,2026-09-24 14:33:41.922254+00,2026-09-24 14:34:32.038908+00,0.84,-5.082,0.920,FUTURES,correct,win,-0.576
4831,SUI/USDT,SELL,FUTURES,TRENDING,1.0207,1.0166,5,0.7187,2.008,trailing_stop,2026-09-24 14:33:41.911852+00,2026-09-24 14:40:20.678392+00,6.65,-2.117,0.920,FUTURES,correct,win,-0.402
4830,APT/USDT,SELL,FUTURES,TRENDING,0.8471,0.843,5,0.8660,2.420,trailing_stop,2026-09-24 14:33:41.90291+00,2026-09-24 14:40:20.693329+00,6.65,-3.288,0.920,FUTURES,correct,win,-0.484
4829,BCH/USDT,SELL,FUTURES,TRANSITION,345.2,345.2,5,0.3042,0.869,take_profit,2026-09-24 14:33:41.895134+00,2026-09-24 14:36:31.185036+00,2.82,-2.966,0.904,FUTURES,correct,win,0.000
4828,FIL/USDT,SELL,FUTURES,TRANSITION,1.0182,1.0077,5,1.8047,5.156,manual,2026-09-24 14:33:41.8868+00,2026-09-24 14:46:38.563031+00,12.94,-3.029,0.826,FUTURES,correct,win,-1.031
4827,DOT/USDT,SELL,FUTURES,TRENDING,1.179,1.165,5,2.1245,5.937,manual,2026-09-24 14:33:41.878457+00,2026-09-24 14:46:33.435901+00,12.86,-2.986,0.920,FUTURES,correct,win,-1.187
4826,WLD/USDT,BUY,FUTURES,TRENDING,0.4476,0.4458,5,-0.7195,-2.011,stop_loss,2026-09-24 14:33:41.870562+00,2026-09-24 14:34:11.480474+00,0.49,6.107,0.660,SPOT,incorrect,loss,-0.402
4825,PAXG/USDT,BUY,SPOT,RANGING,4256.32,4256.37,1,0.0001,0.001,profitable_timeout,2026-09-24 14:33:41.862362+00,2026-09-24 15:51:17.93822+00,77.60,1.335,0.550,SPOT,correct,win,0.001
4824,UNI/USDT,BUY,FUTURES,TRANSITION,9.354,9.311,5,-0.8045,-2.298,stop_loss,2026-09-24 14:33:41.854291+00,2026-09-24 14:36:55.733254+00,3.23,4.424,0.920,FUTURES,incorrect,loss,-0.460
4823,WIF/USDT,SELL,FUTURES,TRANSITION,0.2418,0.2369,5,3.5463,10.132,trailing_stop,2026-09-24 14:33:41.845317+00,2026-09-24 14:50:30.026147+00,16.80,-4.863,0.920,FUTURES,correct,win,-2.026
4822,TIA/USDT,SELL,FUTURES,TRENDING,0.4925,0.4898,5,0.9809,2.741,trailing_stop,2026-09-24 14:33:41.83741+00,2026-09-24 14:39:24.098712+00,5.70,-5.753,0.920,FUTURES,correct,win,-0.548
4821,PEPE/USDT,BUY,FUTURES,TRENDING,4.52e-06,4.5e-06,5,-0.7917,-2.212,stop_loss,2026-09-24 14:33:41.828528+00,2026-09-24 14:39:46.028901+00,6.07,6.553,0.687,SPOT,incorrect,loss,-0.442
4820,XLM/USDT,SELL,FUTURES,TRANSITION,0.209,0.2067,5,1.9258,5.502,trailing_stop,2026-09-24 14:33:41.818443+00,2026-09-24 14:50:30.035964+00,16.80,-3.660,0.920,FUTURES,correct,win,-1.100
4819,PUMP/USDT,BUY,FUTURES,TRENDING,0.003937,0.003937,5,0.1363,0.381,take_profit,2026-09-24 14:33:41.806414+00,2026-09-24 14:40:20.798439+00,6.65,8.171,0.792,FUTURES,correct,win,0.000
4818,TAO/USDT,BUY,FUTURES,TRANSITION,295.2,295.2,5,0.0000,0.000,take_profit,2026-09-24 14:33:41.789688+00,2026-09-24 14:34:41.500567+00,1.00,5.573,0.725,SPOT,incorrect,loss,0.000
4817,PEPE/USDT,BUY,FUTURES,TRENDING,4.39e-06,4.37e-06,5,-0.8170,-2.278,stop_loss,2026-09-24 14:01:45.246476+00,2026-09-24 14:02:19.422597+00,0.57,5.454,0.553,SPOT,incorrect,loss,-0.456
4816,INJ/USDT,SELL,FUTURES,TRENDING,8.042,8.095,5,-1.1533,-3.295,stop_loss,2026-09-24 14:00:17.58581+00,2026-09-24 14:01:21.108743+00,1.06,-2.640,0.920,FUTURES,incorrect,loss,0.659
4815,WLD/USDT,BUY,FUTURES,TRANSITION,0.4269,0.4288,5,0.7789,2.225,trailing_stop,2026-09-24 13:58:58.814023+00,2026-09-24 14:01:00.904091+00,2.03,7.214,0.848,FUTURES,correct,win,0.445
4814,BNB/USDT,BUY,SPOT,TRANSITION,776.57,783.14,1,0.0846,0.846,profitable_timeout,2026-09-24 13:58:15.491599+00,2026-09-24 14:33:39.797194+00,35.41,0.993,0.341,SPOT,correct,win,0.846
4813,AVAX/USDT,BUY,FUTURES,TRENDING,10.273,10.483,5,3.5773,10.221,manual,2026-09-24 13:58:15.472979+00,2026-09-24 14:34:06.324443+00,35.85,2.306,0.680,SPOT,correct,win,2.044
4812,UNI/USDT,BUY,FUTURES,TRENDING,9.163,9.184,5,0.4011,1.146,trailing_stop,2026-09-24 13:54:54.51579+00,2026-09-24 14:01:21.125806+00,6.44,4.137,0.920,FUTURES,correct,win,0.229
4811,DOT/USDT,SELL,FUTURES,TRANSITION,1.148,1.156,5,-1.2195,-3.484,stop_loss,2026-09-24 13:53:16.855961+00,2026-09-24 14:01:00.927981+00,7.73,-1.305,0.911,FUTURES,incorrect,loss,0.697
4810,INJ/USDT,SELL,FUTURES,TRENDING,8.129,8.094,5,0.7535,2.153,trailing_stop,2026-09-24 13:53:16.845709+00,2026-09-24 13:55:13.61803+00,1.95,-2.721,0.920,FUTURES,correct,win,-0.431
4809,TAO/USDT,BUY,FUTURES,TRANSITION,287.1,287.8,5,0.4267,1.219,trailing_stop,2026-09-24 13:53:16.831673+00,2026-09-24 14:00:17.55453+00,7.01,5.475,0.757,FUTURES,correct,win,0.244
4808,PEPE/USDT,BUY,FUTURES,TRENDING,4.37e-06,4.38e-06,5,0.4005,1.144,trailing_stop,2026-09-24 13:53:16.822007+00,2026-09-24 13:56:41.232199+00,3.41,6.884,0.689,SPOT,correct,win,0.229
4807,PUMP/USDT,BUY,FUTURES,TRENDING,0.003833,0.003846,5,0.5935,1.696,trailing_stop,2026-09-24 13:53:16.810938+00,2026-09-24 14:00:07.427981+00,6.84,8.319,0.799,FUTURES,correct,win,0.339
4806,WLD/USDT,BUY,SPOT,TRANSITION,0.424,0.4237,1,-0.0248,-0.071,negative_timeout,2026-09-24 13:38:51.395655+00,2026-09-24 13:53:56.13537+00,15.08,9.520,0.887,FUTURES,incorrect,loss,-0.071
4805,BNB/USDT,BUY,SPOT,TRANSITION,776.1,775.11,1,-0.0446,-0.128,negative_timeout,2026-09-24 13:38:08.109195+00,2026-09-24 13:53:11.717651+00,15.06,1.238,0.511,SPOT,incorrect,loss,-0.128
4804,DOGE/USDT,BUY,SPOT,TRANSITION,0.09402,0.09381,1,-0.0782,-0.223,manual,2026-09-24 13:38:08.095907+00,2026-09-24 13:46:28.508336+00,8.34,0.221,0.265,SPOT,incorrect,loss,-0.223
4803,UNI/USDT,BUY,FUTURES,TRENDING,9.201,9.162,5,-0.7963,-2.119,stop_loss,2026-09-24 13:38:08.084703+00,2026-09-24 13:49:50.181984+00,11.70,4.137,0.920,FUTURES,incorrect,loss,-0.424
4802,XPL/USDT,BUY,SPOT,TRANSITION,0.09012,0.09006,1,-0.0233,-0.067,negative_timeout,2026-09-24 13:38:08.072322+00,2026-09-24 13:53:11.727193+00,15.06,3.063,0.422,SPOT,incorrect,loss,-0.067
4801,LINK/USDT,BUY,SPOT,TRANSITION,12.465,12.457,1,-0.0225,-0.064,negative_timeout,2026-09-24 13:38:08.061807+00,2026-09-24 13:53:11.737034+00,15.06,1.170,0.131,SPOT,incorrect,loss,-0.064
4800,TAO/USDT,BUY,FUTURES,TRENDING,287.3,287.9,5,0.3923,1.044,trailing_stop,2026-09-24 13:38:08.051057+00,2026-09-24 13:47:49.005913+00,9.68,5.475,0.757,FUTURES,correct,win,0.209
4799,AAVE/USDT,BUY,SPOT,TRANSITION,141.17,141.19,1,0.0050,0.014,manual,2026-09-24 13:38:08.040283+00,2026-09-24 13:46:42.605505+00,8.58,2.311,0.558,SPOT,correct,win,0.014
4798,AVAX/USDT,BUY,FUTURES,TRENDING,10.241,10.236,5,-0.0917,-0.244,negative_timeout,2026-09-24 13:38:08.029026+00,2026-09-24 13:53:11.746568+00,15.06,5.417,0.920,FUTURES,incorrect,loss,-0.049
4797,ACE/USDT,BUY,SPOT,TRANSITION,0.1768,0.1776,1,0.1584,0.452,manual,2026-09-24 13:38:08.015474+00,2026-09-24 13:46:04.465354+00,7.94,,,,unknown,win,0.452
4796,WLD/USDT,BUY,SPOT,TRANSITION,0.4224,0.4233,1,0.0746,0.213,manual,2026-09-24 13:33:06.015738+00,2026-09-24 13:33:35.077813+00,0.48,,,,unknown,win,0.213
4795,DOGE/USDT,BUY,SPOT,TRANSITION,0.0937,0.09436,1,0.2465,0.704,manual,2026-09-24 13:30:33.055862+00,2026-09-24 13:33:05.901183+00,2.55,,,,unknown,win,0.704
4794,LINK/USDT,BUY,SPOT,TRANSITION,12.387,12.466,1,0.2232,0.638,manual,2026-09-24 13:30:33.034971+00,2026-09-24 13:33:05.913699+00,2.55,,,,unknown,win,0.638
4793,AAVE/USDT,BUY,SPOT,TRANSITION,140.59,141.25,1,0.1643,0.469,manual,2026-09-24 13:30:33.019139+00,2026-09-24 13:33:05.926557+00,2.55,,,,unknown,win,0.469
4792,UNI/USDT,BUY,FUTURES,TRENDING,9.059,9.19,5,2.5306,7.230,manual,2026-09-24 13:07:07.675787+00,2026-09-24 13:33:05.939602+00,25.97,3.856,0.920,FUTURES,correct,win,1.446
4791,TAO/USDT,BUY,FUTURES,TRENDING,283.5,286.4,5,1.7901,5.115,manual,2026-09-24 13:07:07.661485+00,2026-09-24 13:33:05.951934+00,25.97,6.748,0.920,FUTURES,correct,win,1.023
4790,AVAX/USDT,BUY,FUTURES,TRENDING,10.09,10.264,5,3.0178,8.622,manual,2026-09-24 13:07:07.651516+00,2026-09-24 13:33:05.963624+00,25.97,6.240,0.920,FUTURES,correct,win,1.724
4789,BNB/USDT,BUY,SPOT,TRANSITION,772.38,777,1,0.2094,0.598,manual,2026-09-24 13:07:02.616117+00,2026-09-24 13:33:05.974635+00,26.06,0.665,0.888,SPOT,correct,win,0.598
4788,XPL/USDT,BUY,SPOT,TRANSITION,0.08934,0.09035,1,0.3957,1.131,manual,2026-09-24 13:07:02.595022+00,2026-09-24 13:33:05.984735+00,26.06,4.357,0.759,SPOT,correct,win,1.131
4787,ACE/USDT,BUY,SPOT,TRANSITION,0.1747,0.1763,1,0.3205,0.916,manual,2026-09-24 13:07:02.571213+00,2026-09-24 13:33:05.995627+00,26.06,23.151,0.719,SPOT,correct,win,0.916
4786,WLD/USDT,BUY,SPOT,TRANSITION,0.4105,0.4135,1,0.2558,0.731,manual,2026-09-24 12:54:09.09958+00,2026-09-24 13:07:00.90282+00,12.86,9.344,0.832,SPOT,correct,win,0.731
4785,LINK/USDT,BUY,SPOT,TRANSITION,12.25,12.324,1,0.2114,0.604,manual,2026-09-24 12:39:43.374968+00,2026-09-24 13:07:00.917683+00,27.29,2.225,0.920,SPOT,correct,win,0.604
4784,BNB/USDT,BUY,SPOT,TRANSITION,770.42,770.1,1,-0.0145,-0.042,negative_timeout,2026-09-24 12:39:05.381904+00,2026-09-24 12:54:09.066296+00,15.06,0.765,0.866,SPOT,incorrect,loss,-0.042
4783,DOGE/USDT,BUY,SPOT,TRANSITION,0.09219,0.09307,1,0.3341,0.955,manual,2026-09-24 12:39:02.877381+00,2026-09-24 13:07:00.931717+00,27.97,1.726,0.886,SPOT,correct,win,0.955
4782,SOL/USDT,BUY,SPOT,TRENDING,113.28,114.18,1,0.2781,0.794,manual,2026-09-24 12:39:00.102402+00,2026-09-24 13:07:00.945368+00,28.01,2.217,0.647,SPOT,correct,win,0.794
4781,XPL/USDT,BUY,FUTURES,TRENDING,0.088,0.08844,5,0.8750,2.500,trailing_stop,2026-09-24 12:38:57.714766+00,2026-09-24 12:45:47.0115+00,6.82,4.323,0.734,SPOT,correct,win,0.500
4780,UNI/USDT,BUY,FUTURES,TRENDING,8.963,9.001,5,0.7419,2.120,trailing_stop,2026-09-24 12:38:54.95891+00,2026-09-24 12:42:45.841328+00,3.85,4.374,0.920,FUTURES,correct,win,0.424
4779,TAO/USDT,BUY,FUTURES,TRENDING,280.2,278.8,5,-0.8744,-2.498,stop_loss,2026-09-24 12:38:52.409919+00,2026-09-24 12:41:46.531944+00,2.90,6.096,0.920,FUTURES,incorrect,loss,-0.500
4778,AAVE/USDT,BUY,SPOT,TRANSITION,136.92,138.22,1,0.3323,0.949,manual,2026-09-24 12:38:49.612417+00,2026-09-24 13:07:00.957322+00,28.19,5.514,0.920,SPOT,correct,win,0.949
4777,AVAX/USDT,BUY,FUTURES,TRENDING,9.992,10.05,5,1.0158,2.902,trailing_stop,2026-09-24 12:38:47.166594+00,2026-09-24 12:45:47.02597+00,7.00,5.993,0.920,FUTURES,correct,win,0.580
4776,ACE/USDT,BUY,FUTURES,TRENDING,0.176,0.1749,5,-1.0937,-3.125,stop_loss,2026-09-24 12:35:49.935636+00,2026-09-24 12:39:33.447333+00,3.73,24.866,0.542,SPOT,incorrect,loss,-0.625
4775,HBAR/USDT,SELL,FUTURES,TRENDING,0.09002,0.0901,5,-0.1555,-0.444,negative_timeout,2026-09-24 12:35:44.892649+00,2026-09-24 12:50:47.363558+00,15.04,0.881,0.402,SPOT,incorrect,loss,0.089
4774,SUI/USDT,SELL,FUTURES,TRENDING,0.9553,0.9514,5,0.7144,2.041,trailing_stop,2026-09-24 12:31:02.890436+00,2026-09-24 12:34:55.660312+00,3.88,-2.519,0.920,FUTURES,correct,win,-0.408
4773,TAO/USDT,BUY,FUTURES,TRENDING,281.5,280.1,5,-0.8703,-2.487,stop_loss,2026-09-24 12:31:00.414842+00,2026-09-24 12:33:33.437121+00,2.55,4.447,0.920,FUTURES,incorrect,loss,-0.497
4772,APT/USDT,SELL,FUTURES,TRENDING,0.7664,0.7697,5,-0.7535,-2.153,stop_loss,2026-09-24 12:30:57.786901+00,2026-09-24 12:40:50.451179+00,9.88,-5.996,0.920,FUTURES,incorrect,loss,0.431
4771,ONDO/USDT,SELL,FUTURES,TRENDING,0.4563,0.4563,5,0.0359,0.219,take_profit,2026-09-24 12:24:19.706363+00,2026-09-24 12:33:19.466692+00,9.00,-4.372,0.915,FUTURES,correct,win,0.000
4770,PUMP/USDT,BUY,FUTURES,TRENDING,0.0038,0.003788,5,-0.2610,-1.579,negative_timeout,2026-09-24 12:23:35.744244+00,2026-09-24 12:38:42.012056+00,15.10,13.042,0.920,FUTURES,incorrect,loss,-0.316
4769,TAO/USDT,BUY,FUTURES,TRENDING,282.4,283.2,5,0.2310,1.416,trailing_stop,2026-09-24 12:19:06.399918+00,2026-09-24 12:23:30.638845+00,4.40,,,,unknown,win,0.283
4768,LINK/USDT,BUY,FUTURES,TRENDING,12.278,12.244,5,-0.2281,-1.385,negative_timeout,2026-09-24 12:18:57.410748+00,2026-09-24 12:33:57.523177+00,15.00,,,,unknown,loss,-0.277
4767,ONDO/USDT,SELL,FUTURES,TRENDING,0.4578,0.4524,5,0.9724,5.898,trailing_stop,2026-09-24 12:18:23.160645+00,2026-09-24 12:19:16.501245+00,0.89,,,,unknown,win,-1.180
4766,APT/USDT,SELL,FUTURES,TRENDING,0.7671,0.7703,5,-0.3474,-2.086,stop_loss,2026-09-24 12:14:48.558677+00,2026-09-24 12:25:17.37569+00,10.48,-5.673,0.920,FUTURES,incorrect,loss,0.417
4765,HBAR/USDT,SELL,FUTURES,TRENDING,0.09031,0.09031,5,0.1182,0.720,take_profit,2026-09-24 12:13:48.71846+00,2026-09-24 12:30:42.291297+00,16.89,-2.859,0.829,FUTURES,correct,win,0.000
4764,ACE/USDT,BUY,FUTURES,TRENDING,0.1781,0.1773,5,-0.3726,-2.246,stop_loss,2026-09-24 12:13:39.708411+00,2026-09-24 12:30:45.920552+00,17.10,14.695,0.865,FUTURES,incorrect,loss,-0.449
4763,PUMP/USDT,BUY,FUTURES,TRENDING,0.0038,0.003784,5,-0.3496,-2.105,stop_loss,2026-09-24 12:13:10.513198+00,2026-09-24 12:18:33.264813+00,5.38,12.004,0.920,FUTURES,incorrect,loss,-0.421
4762,ONDO/USDT,SELL,FUTURES,TRENDING,0.4667,0.4686,5,-0.3449,-2.036,stop_loss,2026-09-24 12:12:50.322835+00,2026-09-24 12:13:19.474119+00,0.49,-2.242,0.915,FUTURES,incorrect,loss,0.407
4761,DOT/USDT,SELL,FUTURES,TRENDING,1.118,1.112,5,0.4547,2.683,trailing_stop,2026-09-24 12:12:50.307364+00,2026-09-24 12:34:36.704841+00,21.77,-3.671,0.920,FUTURES,correct,win,-0.537
4760,LINK/USDT,BUY,FUTURES,TRENDING,12.221,12.274,5,0.3755,2.168,trailing_stop,2026-09-24 12:07:48.025016+00,2026-09-24 12:13:53.761545+00,6.10,1.270,0.920,FUTURES,correct,win,0.434
4759,TAO/USDT,BUY,FUTURES,TRENDING,281.8,283.8,5,0.6144,3.549,trailing_stop,2026-09-24 12:07:48.008656+00,2026-09-24 12:14:05.3831+00,6.29,4.356,0.920,FUTURES,correct,win,0.710
4758,PENGU/USDT,BUY,SPOT,TRANSITION,0.009743,0.009732,1,-0.0113,-0.113,negative_timeout,2026-09-24 12:07:47.99603+00,2026-09-24 12:32:59.229169+00,25.19,8.515,0.725,SPOT,incorrect,loss,-0.113
4757,WLD/USDT,BUY,SPOT,TRENDING,0.4062,0.4085,1,0.0566,0.566,profitable_timeout,2026-09-24 12:07:47.983144+00,2026-09-24 12:38:44.463008+00,30.94,8.891,0.914,FUTURES,correct,win,0.566
4756,APT/USDT,SELL,FUTURES,TRENDING,0.7607,0.7639,5,-0.3500,-2.103,stop_loss,2026-09-24 11:55:34.914729+00,2026-09-24 12:09:46.527355+00,14.19,-5.673,0.920,FUTURES,incorrect,loss,0.421
4755,ACE/USDT,BUY,FUTURES,TRENDING,0.1777,0.1767,5,-0.4682,-2.814,stop_loss,2026-09-24 11:55:34.900499+00,2026-09-24 12:08:37.947138+00,13.05,14.695,0.865,FUTURES,incorrect,loss,-0.563
4754,HBAR/USDT,SELL,FUTURES,TRENDING,0.08976,0.08978,5,-0.0187,-0.111,negative_timeout,2026-09-24 11:45:31.483141+00,2026-09-24 12:08:48.074572+00,23.28,-2.859,0.829,FUTURES,incorrect,loss,0.022
4753,PUMP/USDT,BUY,FUTURES,TRENDING,0.00377,0.003782,5,0.2702,1.592,trailing_stop,2026-09-24 11:44:35.755604+00,2026-09-24 12:08:08.74356+00,23.55,12.004,0.920,FUTURES,correct,win,0.318
4752,ONDO/USDT,SELL,FUTURES,TRENDING,0.4267,0.452,5,-5.0839,-29.646,stop_loss,2026-09-24 11:42:09.056093+00,2026-09-24 12:07:47.938456+00,25.65,-2.242,0.915,FUTURES,incorrect,loss,5.929
4751,LTC/USDT,SELL,FUTURES,TRENDING,66.64,65.69,5,1.2011,7.128,trailing_stop,2026-09-24 11:39:35.190878+00,2026-09-24 12:08:48.085105+00,29.21,-2.232,0.920,FUTURES,correct,win,-1.426
4750,DOT/USDT,SELL,FUTURES,TRENDING,1.115,1.113,5,0.1511,0.897,profitable_timeout,2026-09-24 11:36:47.947878+00,2026-09-24 12:07:47.954116+00,31.00,-3.671,0.920,FUTURES,correct,win,-0.179
4749,PUMP/USDT,BUY,FUTURES,TRENDING,0.003801,0.003801,5,0.0000,0.000,take_profit,2026-09-24 11:36:17.555222+00,2026-09-24 11:39:35.121089+00,3.29,12.004,0.920,FUTURES,incorrect,loss,0.000
4748,APT/USDT,SELL,FUTURES,TRENDING,0.7655,0.7697,5,-0.4716,-2.743,stop_loss,2026-09-24 11:36:12.491917+00,2026-09-24 11:40:41.254594+00,4.48,-5.673,0.920,FUTURES,incorrect,loss,0.549
4747,PENGU/USDT,BUY,SPOT,TRANSITION,0.00977,0.00971,1,-0.0614,-0.614,negative_timeout,2026-09-24 11:35:52.664212+00,2026-09-24 11:55:23.500746+00,19.51,8.515,0.725,SPOT,incorrect,loss,-0.614
4746,WLD/USDT,BUY,FUTURES,TRENDING,0.4064,0.4061,5,-0.0660,-0.369,negative_timeout,2026-09-24 11:35:50.109765+00,2026-09-24 11:55:25.997887+00,19.60,8.891,0.914,FUTURES,incorrect,loss,-0.074
4745,LINK/USDT,BUY,FUTURES,TRENDING,12.224,12.195,5,-0.2163,-1.186,negative_timeout,2026-09-24 11:35:32.930288+00,2026-09-24 11:55:29.393014+00,19.94,1.270,0.920,FUTURES,incorrect,loss,-0.237
4744,TAO/USDT,BUY,FUTURES,TRENDING,281.9,281,5,-0.2911,-1.596,negative_timeout,2026-09-24 11:35:30.400467+00,2026-09-24 11:55:33.436836+00,20.05,4.356,0.920,FUTURES,incorrect,loss,-0.319
4743,APT/USDT,SELL,FUTURES,TRENDING,0.767,0.7649,5,0.2166,1.369,trailing_stop,2026-09-24 11:26:24.350342+00,2026-09-24 11:31:06.25804+00,4.70,-5.673,0.920,FUTURES,correct,win,-0.274
4742,LTC/USDT,SELL,FUTURES,TRENDING,66.57,66.42,5,0.1819,1.127,trailing_stop,2026-09-24 11:24:42.567816+00,2026-09-24 11:34:30.554916+00,9.80,-2.232,0.920,FUTURES,correct,win,-0.225
4741,ONDO/USDT,SELL,FUTURES,TRENDING,0.428,0.4269,5,0.2074,1.285,trailing_stop,2026-09-24 11:24:39.103482+00,2026-09-24 11:37:08.178143+00,12.48,-2.242,0.915,FUTURES,correct,win,-0.257
4740,PUMP/USDT,BUY,FUTURES,TRENDING,0.003827,0.003811,5,-0.3375,-2.090,stop_loss,2026-09-24 11:18:16.25925+00,2026-09-24 11:31:13.578601+00,12.96,12.004,0.920,FUTURES,incorrect,loss,-0.418
4739,LINK/USDT,BUY,FUTURES,TRENDING,12.26,12.228,5,-0.1958,-1.305,negative_timeout,2026-09-24 11:13:42.614589+00,2026-09-24 11:30:18.812829+00,16.60,1.806,0.920,FUTURES,incorrect,loss,-0.261
4738,XPL/USDT,BUY,SPOT,TRANSITION,0.0884,0.08828,1,-0.0136,-0.136,negative_timeout,2026-09-24 11:13:39.378611+00,2026-09-24 11:30:21.320443+00,16.70,4.021,0.715,SPOT,incorrect,loss,-0.136
4737,TAO/USDT,BUY,FUTURES,TRENDING,282.8,282,5,-0.2122,-1.414,negative_timeout,2026-09-24 11:13:36.695768+00,2026-09-24 11:30:23.686866+00,16.78,3.533,0.920,FUTURES,incorrect,loss,-0.283
4736,FET/USDT,BUY,SPOT,TRANSITION,0.1982,0.1977,1,-0.0252,-0.252,negative_timeout,2026-09-24 11:13:34.357125+00,2026-09-24 11:30:26.287726+00,16.87,3.387,0.920,SPOT,incorrect,loss,-0.252
4735,PENGU/USDT,BUY,SPOT,TRANSITION,0.0098,0.009799,1,-0.0010,-0.010,negative_timeout,2026-09-24 11:13:31.77765+00,2026-09-24 11:30:28.774181+00,16.95,8.544,0.715,SPOT,incorrect,loss,-0.010
4734,DOT/USDT,SELL,FUTURES,TRENDING,1.122,1.115,5,0.4679,3.119,trailing_stop,2026-09-24 11:13:29.424627+00,2026-09-24 11:31:46.795039+00,18.29,-3.509,0.920,FUTURES,correct,win,-0.624
4733,HBAR/USDT,SELL,FUTURES,TRENDING,0.08977,0.0898,5,-0.0251,-0.167,negative_timeout,2026-09-24 11:13:26.89083+00,2026-09-24 11:40:31.100822+00,27.07,-3.291,0.871,FUTURES,incorrect,loss,0.033
4732,APT/USDT,SELL,FUTURES,TRENDING,0.7692,0.7674,5,0.1755,1.170,trailing_stop,2026-09-24 11:13:23.668253+00,2026-09-24 11:21:15.52148+00,7.86,-5.432,0.920,FUTURES,correct,win,-0.234
4731,WLD/USDT,BUY,FUTURES,TRENDING,0.4072,0.4064,5,-0.1473,-0.982,negative_timeout,2026-09-24 11:13:20.586959+00,2026-09-24 11:30:36.849011+00,17.27,7.572,0.905,FUTURES,incorrect,loss,-0.196
4730,PUMP/USDT,BUY,SPOT,TRENDING,0.003888,0.00382776516,1,-1.0943,-1.517,stop_loss,2026-09-24 09:15:11.928887+00,2026-09-24 11:13:15.786155+00,118.06,11.053,0.865,FUTURES,incorrect,loss,-1.549
4729,FIL/USDT,SELL,FUTURES,TRENDING,0.9772,0.974,3,2.1862,0.982,manual,2026-09-24 09:05:48.828455+00,2026-09-24 09:19:02.984298+00,13.24,-7.815,0.920,FUTURES,correct,win,-0.327
4728,PUMP/USDT,BUY,SPOT,TRENDING,0.00393,0.003929,1,-0.0171,-0.025,negative_timeout,2026-09-24 08:54:37.118686+00,2026-09-24 09:10:05.201052+00,15.47,11.053,0.865,FUTURES,incorrect,loss,-0.025
4727,FIL/USDT,SELL,FUTURES,TRENDING,0.9756,0.9823,3,-5.9422,-2.060,stop_loss,2026-09-24 08:54:24.637676+00,2026-09-24 09:00:48.519343+00,6.40,-7.815,0.920,FUTURES,incorrect,loss,0.687
4726,PENGU/USDT,BUY,SPOT,TRANSITION,0.00984,0.0096924,1,-0.1504,-1.504,stop_loss,2026-09-24 08:41:12.758014+00,2026-09-24 08:49:05.552174+00,7.88,7.764,0.819,SPOT,incorrect,loss,-1.500
4725,PUMP/USDT,BUY,FUTURES,TRENDING,0.00395,0.003921,3,-1.2003,-2.203,stop_loss,2026-09-24 08:39:36.628711+00,2026-09-24 08:49:22.470292+00,9.76,11.053,0.865,FUTURES,incorrect,loss,-0.734
4724,HBAR/USDT,SELL,FUTURES,TRENDING,0.09061,0.08998,3,1.0976,2.086,manual,2026-09-24 08:33:35.90103+00,2026-09-24 08:49:22.479587+00,15.78,-4.473,0.890,FUTURES,correct,win,-0.695
4723,FIL/USDT,SELL,FUTURES,TRENDING,0.9838,0.973,3,1.8905,3.293,manual,2026-09-24 08:33:25.80793+00,2026-09-24 08:49:17.439035+00,15.86,-7.815,0.920,FUTURES,correct,win,-1.098
4722,APT/USDT,SELL,FUTURES,TRENDING,0.7652,0.7582,3,1.7186,2.744,manual,2026-09-24 08:33:15.73224+00,2026-09-24 08:49:12.402622+00,15.94,-5.340,0.920,FUTURES,correct,win,-0.915
4721,WLD/USDT,BUY,FUTURES,TRENDING,0.4106,0.4078,3,-1.3976,-2.046,stop_loss,2026-09-24 08:32:09.274739+00,2026-09-24 08:45:46.625395+00,13.62,6.043,0.920,FUTURES,incorrect,loss,-0.682
4720,PUMP/USDT,BUY,FUTURES,TRENDING,0.003983,0.003955,3,-1.0250,-2.109,stop_loss,2026-09-24 08:26:36.122246+00,2026-09-24 08:34:29.912466+00,7.90,11.053,0.865,FUTURES,incorrect,loss,-0.703
4719,WLD/USDT,BUY,FUTURES,TRENDING,0.4144,0.4115,3,-1.0020,-2.099,stop_loss,2026-09-24 08:21:12.468343+00,2026-09-24 08:27:08.433174+00,5.93,6.043,0.920,FUTURES,incorrect,loss,-0.700
4718,ETC/USDT,SELL,FUTURES,TRENDING,9.65,9.5,3,2.4279,4.663,manual,2026-09-24 08:17:31.808992+00,2026-09-24 08:28:18.960996+00,10.79,-6.928,0.920,FUTURES,correct,win,-1.554
4717,PENGU/USDT,BUY,SPOT,TRANSITION,0.009975,0.009846,1,-0.1293,-1.293,negative_timeout,2026-09-24 08:16:05.559739+00,2026-09-24 08:36:06.13051+00,20.01,7.764,0.819,SPOT,incorrect,loss,-1.293
4716,APT/USDT,SELL,FUTURES,TRENDING,0.7729,0.764,3,1.7993,3.455,manual,2026-09-24 08:10:48.573581+00,2026-09-24 08:28:13.912836+00,17.42,-5.254,0.920,FUTURES,correct,win,-1.152
4715,DOT/USDT,SELL,FUTURES,TRENDING,1.138,1.118,3,2.7461,5.272,manual,2026-09-24 08:10:48.564575+00,2026-09-24 08:44:27.398258+00,33.65,-3.900,0.920,FUTURES,correct,win,-1.757
4714,HBAR/USDT,SELL,FUTURES,TRENDING,0.0915,0.09069,3,1.5090,2.656,manual,2026-09-24 08:08:52.443895+00,2026-09-24 08:28:30.891311+00,19.64,-4.543,0.886,FUTURES,correct,win,-0.885
4713,PUMP/USDT,BUY,FUTURES,TRENDING,0.004013,0.003986,3,-1.2511,-2.018,stop_loss,2026-09-24 08:08:20.475338+00,2026-09-24 08:21:35.870541+00,13.26,11.306,0.906,FUTURES,incorrect,loss,-0.673
4712,ETC/USDT,SELL,FUTURES,TRENDING,9.62,9.62,3,0.0000,0.000,take_profit,2026-09-24 08:05:44.395922+00,2026-09-24 08:12:29.731916+00,6.76,-5.813,0.920,FUTURES,incorrect,loss,0.000
4711,FIL/USDT,SELL,FUTURES,TRENDING,0.9938,0.985,3,1.5251,2.656,manual,2026-09-24 08:03:36.529166+00,2026-09-24 08:28:24.033121+00,24.79,-7.809,0.920,FUTURES,correct,win,-0.885
4710,WLD/USDT,BUY,FUTURES,TRENDING,0.4165,0.4146,3,-0.6549,-1.369,negative_timeout,2026-09-24 07:55:43.478903+00,2026-09-24 08:15:45.380365+00,20.03,5.687,0.882,FUTURES,incorrect,loss,-0.456
4709,PENGU/USDT,BUY,SPOT,TRANSITION,0.010025,0.01002,1,-0.0050,-0.050,negative_timeout,2026-09-24 07:48:29.598209+00,2026-09-24 08:11:05.438209+00,22.60,8.276,0.853,SPOT,incorrect,loss,-0.050
4708,APT/USDT,SELL,FUTURES,TRENDING,0.7686,0.7716,3,-0.6416,-1.171,negative_timeout,2026-09-24 07:45:43.704484+00,2026-09-24 08:05:44.366128+00,20.01,-5.254,0.920,FUTURES,incorrect,loss,0.390
4707,DOT/USDT,SELL,FUTURES,TRENDING,1.133,1.139,3,-0.8704,-1.589,negative_timeout,2026-09-24 07:45:41.261016+00,2026-09-24 08:05:44.376937+00,20.05,-3.900,0.920,FUTURES,incorrect,loss,0.530
4706,HBAR/USDT,SELL,FUTURES,TRENDING,0.09123,0.0913,3,-0.1513,-0.230,negative_timeout,2026-09-24 07:43:49.538939+00,2026-09-24 08:03:51.653652+00,20.04,-4.543,0.886,FUTURES,incorrect,loss,0.077
4705,ETC/USDT,SELL,FUTURES,TRENDING,9.41,9.55115,3,-3.1442,-4.782,stop_loss,2026-09-24 07:43:47.088112+00,2026-09-24 08:00:38.455066+00,16.86,-5.813,0.920,FUTURES,incorrect,loss,1.500
4704,FIL/USDT,SELL,FUTURES,TRENDING,0.987,0.9901,3,-0.4193,-0.942,negative_timeout,2026-09-24 07:38:35.26217+00,2026-09-24 07:58:35.620312+00,20.01,-7.809,0.920,FUTURES,incorrect,loss,0.314
4703,APT/USDT,SELL,FUTURES,TRENDING,0.7665,0.7703,3,-0.8019,-1.487,negative_timeout,2026-09-24 07:20:24.459082+00,2026-09-24 07:40:25.049916+00,20.01,-5.254,0.920,FUTURES,incorrect,loss,0.496
4702,DOT/USDT,SELL,FUTURES,TRENDING,1.128,1.133,3,-0.7170,-1.330,negative_timeout,2026-09-24 07:20:24.448528+00,2026-09-24 07:40:25.060408+00,20.01,-3.900,0.920,FUTURES,incorrect,loss,0.443
4701,WLD/USDT,BUY,FUTURES,TRENDING,0.4139,0.416,3,0.8207,1.522,profitable_timeout,2026-09-24 07:20:24.437438+00,2026-09-24 07:50:36.755285+00,30.21,5.687,0.882,FUTURES,correct,win,0.507
4700,PUMP/USDT,BUY,FUTURES,TRENDING,0.003992,0.004018,3,1.1493,1.954,profitable_timeout,2026-09-24 07:20:19.224245+00,2026-09-24 08:03:14.645275+00,42.92,11.306,0.906,FUTURES,correct,win,0.651
4699,FIL/USDT,SELL,FUTURES,TRENDING,0.9831,0.983,3,0.0149,0.031,take_profit,2026-09-24 07:14:51.625123+00,2026-09-24 07:25:08.576572+00,10.28,,,,unknown,win,-0.010
4698,ETC/USDT,SELL,FUTURES,TRENDING,9.27,9.48,3,-3.6136,-6.796,stop_loss,2026-09-24 07:14:04.593586+00,2026-09-24 07:38:35.224694+00,24.51,,,,unknown,loss,2.265
4697,WIF/USDT,SELL,FUTURES,TRENDING,0.2394,0.2404,3,-0.7269,-1.253,negative_timeout,2026-09-24 07:13:41.684562+00,2026-09-24 07:38:35.233541+00,24.89,,,,unknown,loss,0.418
4696,PENGU/USDT,BUY,SPOT,TRANSITION,0.009861,0.010051,1,0.2129,1.927,profitable_timeout,2026-09-24 07:12:33.002535+00,2026-09-24 07:43:06.205835+00,30.55,,,,unknown,win,1.927
4695,HBAR/USDT,SELL,FUTURES,TRENDING,0.09111,0.09147,3,-0.7858,-1.185,negative_timeout,2026-09-24 07:12:32.992003+00,2026-09-24 07:38:35.244335+00,26.04,,,,unknown,loss,0.395
4694,PUMP/USDT,BUY,FUTURES,TRENDING,0.003987,0.003983,3,-0.1465,-0.301,negative_timeout,2026-09-24 06:55:12.786169+00,2026-09-24 07:15:13.444693+00,20.01,,,,unknown,loss,-0.100
4693,ETC/USDT,SELL,FUTURES,TRENDING,9.22,9.26,3,-0.6008,-1.302,negative_timeout,2026-09-24 06:48:59.886195+00,2026-09-24 07:09:00.528359+00,20.01,,,,unknown,loss,0.434
4692,PENGU/USDT,BUY,SPOT,TRANSITION,0.00993,0.009848,1,-0.0826,-0.826,negative_timeout,2026-09-24 06:47:24.625148+00,2026-09-24 07:07:28.392793+00,20.06,,,,unknown,loss,-0.826
4691,DOT/USDT,SELL,FUTURES,TRENDING,1.128,1.125,3,0.4659,0.798,profitable_timeout,2026-09-24 06:45:20.864934+00,2026-09-24 07:15:23.540734+00,30.04,-3.443,0.920,FUTURES,correct,win,-0.266
4690,APT/USDT,SELL,FUTURES,TRENDING,0.7709,0.7661,3,1.0907,1.868,profitable_timeout,2026-09-24 06:45:20.854081+00,2026-09-24 07:15:23.550064+00,30.04,-5.322,0.920,FUTURES,correct,win,-0.623
4689,FIL/USDT,SELL,FUTURES,TRENDING,0.9853,0.9855,3,-0.0388,-0.061,negative_timeout,2026-09-24 06:45:15.808446+00,2026-09-24 07:09:49.042848+00,24.55,-7.646,0.920,FUTURES,incorrect,loss,0.020
4688,HBAR/USDT,SELL,FUTURES,TRENDING,0.09175,0.09121,3,0.7190,1.766,profitable_timeout,2026-09-24 06:37:24.200881+00,2026-09-24 07:07:28.410653+00,30.07,-4.343,0.891,FUTURES,correct,win,-0.589
4687,PENGU/USDT,BUY,SPOT,TRANSITION,0.010041,0.00994,1,-0.1006,-1.006,negative_timeout,2026-09-24 06:22:16.883282+00,2026-09-24 06:42:20.88073+00,20.07,7.967,0.802,SPOT,incorrect,loss,-1.006
4686,DOT/USDT,SELL,FUTURES,TRENDING,1.125,1.128,3,-0.5867,-0.800,negative_timeout,2026-09-24 06:20:19.211189+00,2026-09-24 06:40:19.518989+00,20.01,-3.443,0.920,FUTURES,incorrect,loss,0.267
4685,WIF/USDT,SELL,FUTURES,TRENDING,0.2424,0.2401,3,2.0875,2.847,manual,2026-09-24 06:20:16.790603+00,2026-09-24 07:08:38.818386+00,48.37,-6.602,0.920,FUTURES,correct,win,-0.949
4684,APT/USDT,SELL,FUTURES,TRENDING,0.7685,0.7705,3,-0.5725,-0.781,negative_timeout,2026-09-24 06:20:14.44399+00,2026-09-24 06:40:19.531944+00,20.08,-5.322,0.920,FUTURES,incorrect,loss,0.260
4683,ETC/USDT,SELL,FUTURES,TRENDING,9.26,9.27,3,-0.2376,-0.324,negative_timeout,2026-09-24 06:20:11.164823+00,2026-09-24 06:43:55.884374+00,23.75,-5.672,0.920,FUTURES,incorrect,loss,0.108
4682,FIL/USDT,SELL,FUTURES,TRENDING,0.9817,0.9853,3,-0.8068,-1.100,negative_timeout,2026-09-24 06:20:08.80788+00,2026-09-24 06:40:13.021653+00,20.07,-7.646,0.920,FUTURES,incorrect,loss,0.367
4681,PUMP/USDT,BUY,FUTURES,TRENDING,0.003974,0.003991,3,0.9411,1.283,profitable_timeout,2026-09-24 06:20:06.375876+00,2026-09-24 06:50:08.523332+00,30.04,11.322,0.920,FUTURES,correct,win,0.428
4680,HBAR/USDT,SELL,FUTURES,TRENDING,0.09178,0.09195,3,-0.4445,-0.556,negative_timeout,2026-09-24 06:12:20.209072+00,2026-09-24 06:32:20.761782+00,20.01,-4.343,0.891,FUTURES,incorrect,loss,0.185
