id,symbol,hour_start,packet_time,pred_side,pred_low,pred_high,invalidation,confidence,setup,arm
29,MU/USDT,2026-10-05 15:00:00+00,2026-10-05 15:10:07.795244+00,bull,1068.19826884,1072.50932791,1069.43,0.85,15m holding above hour open and EMA21,t
33,VVV/USDT,2026-10-05 15:00:00+00,2026-10-05 15:10:07.795244+00,bear,28.49504447,28.78558221,28.737,0.8,mixed 15m structure — EMA side only,t
37,SOXS/USDT,2026-10-05 15:00:00+00,2026-10-05 15:10:07.795244+00,bear,29.65548048,30.02580781,29.93,0.85,mixed 15m structure — EMA side only,t
14,NVDA/USDT,2026-10-05 15:00:00+00,2026-10-05 15:10:07.795244+00,bull,237.31946469,237.91633827,237.47,0.85,15m holding above hour open and EMA21,t
35,ATH/USDT,2026-10-05 15:00:00+00,2026-10-05 15:10:07.795244+00,bear,0.00731477,0.00739689,0.007392,0.85,15m sweep of hour high then reject,t
31,RKLB/USDT,2026-10-05 15:00:00+00,2026-10-05 15:10:07.795244+00,bear,72.40362181,72.95455128,72.82,0.85,mixed 15m structure — EMA side only,t
10,TSM/USDT,2026-10-05 15:00:00+00,2026-10-05 15:10:07.795244+00,bull,481.31747666,482.65630835,481.7,0.85,15m holding above hour open and EMA21,t
27,AIO/USDT,2026-10-05 15:00:00+00,2026-10-05 15:10:07.795244+00,bear,0.04161938,0.04242025,0.04224,0.85,mixed 15m structure — EMA side only,t
23,QQQ/USDT,2026-10-05 15:00:00+00,2026-10-05 15:10:07.795244+00,bull,753.85373399,755.13566503,754.22,0.85,15m holding above hour open and EMA21,t
9,ZHIPU/USDT,2026-10-05 15:00:00+00,2026-10-05 15:10:07.795244+00,bear,84.45294495,84.65882202,84.6,0.6,mixed 15m structure — EMA side only,t
19,BTW/USDT,2026-10-05 15:00:00+00,2026-10-05 15:10:07.795244+00,bear,1.14036836,1.17003265,1.1619,0.85,mixed 15m structure — EMA side only,t
15,MSTR/USDT,2026-10-05 15:00:00+00,2026-10-05 15:10:07.795244+00,bear,161.33936558,163.04025377,162.64,0.8,mixed 15m structure — EMA side only,t
8,SPCX/USDT,2026-10-05 15:00:00+00,2026-10-05 15:10:07.795244+00,bull,167.31562313,168.34594219,167.58,0.85,15m holding above hour open and EMA21,t
1,MVLL/USDT,2026-10-05 15:00:00+00,2026-10-05 15:10:07.795244+00,bear,37.52738413,38.03104635,37.89,0.85,mixed 15m structure — EMA side only,t
7,AXTI/USDT,2026-10-05 15:00:00+00,2026-10-05 15:10:07.795244+00,bear,84.42959811,85.54216075,85.39,0.85,mixed 15m structure — EMA side only,t
11,SNXX/USDT,2026-10-05 15:00:00+00,2026-10-05 15:10:07.795244+00,bull,16.39826155,16.50934612,16.42,0.85,15m sweep of hour low then reclaim,t
12,AMD/USDT,2026-10-05 15:00:00+00,2026-10-05 15:10:07.795244+00,bull,630.4729702,632.49257449,631.03,0.85,15m holding above hour open and EMA21,t
6,ARM/USDT,2026-10-05 15:00:00+00,2026-10-05 15:10:07.795244+00,bear,303.33615959,305.34953617,304.8,0.8,mixed 15m structure — EMA side only,t
5,BR/USDT,2026-10-05 15:00:00+00,2026-10-05 15:10:07.795244+00,bear,0.38582665,0.39353134,0.39187,0.85,15m holding below hour open and EMA21,t
18,CBRS/USDT,2026-10-05 15:00:00+00,2026-10-05 15:10:07.795244+00,bull,184.26938448,186.2165388,184.79,0.85,mixed 15m structure — EMA side only,t
38,COIN/USDT,2026-10-05 15:00:00+00,2026-10-05 15:10:07.795244+00,bear,186.5400957,187.99196172,187.64,0.85,mixed 15m structure — EMA side only,t
22,RAYSOL/USDT,2026-10-05 15:00:00+00,2026-10-05 15:10:07.795244+00,bear,1.99631075,2.0104357,2.0071,0.85,mixed 15m structure — EMA side only,t
4,INTC/USDT,2026-10-05 15:00:00+00,2026-10-05 15:10:07.795244+00,bull,116.89269976,117.75825059,117.14,0.85,15m holding above hour open and EMA21,t
3,DELL/USDT,2026-10-05 15:00:00+00,2026-10-05 15:10:07.795244+00,bear,553.37201164,556.22519534,555.42,0.85,15m holding below hour open and EMA21,t
26,MINIMAX/USDT,2026-10-05 15:00:00+00,2026-10-05 15:10:07.795244+00,bull,31.30701121,31.38747198,31.33,0.85,15m holding above hour open and EMA21,t
34,1000SHIB/USDT,2026-10-05 15:00:00+00,2026-10-05 15:10:07.795244+00,bear,0.00585828,0.00589569,0.00589,0.85,mixed 15m structure — EMA side only,t
2,BE/USDT,2026-10-05 15:00:00+00,2026-10-05 15:10:07.795244+00,bull,291.24776217,293.18059458,291.77,0.85,15m holding above hour open and EMA21,t
16,MRVL/USDT,2026-10-05 15:00:00+00,2026-10-05 15:10:07.795244+00,bear,271.06159262,272.90736295,272.45,0.85,15m holding below hour open and EMA21,t
20,SPX/USDT,2026-10-05 15:00:00+00,2026-10-05 15:10:07.795244+00,bear,0.44790813,0.45301675,0.4519,0.8,mixed 15m structure — EMA side only,t
24,DRAM/USDT,2026-10-05 15:00:00+00,2026-10-05 15:10:07.795244+00,bull,62.03546119,62.20134701,62.08,0.8,mixed 15m structure — EMA side only,t
28,AAOI/USDT,2026-10-05 15:00:00+00,2026-10-05 15:10:07.795244+00,bear,113.69127429,115.33949028,114.95,0.85,mixed 15m structure — EMA side only,t
32,TSLA/USDT,2026-10-05 15:00:00+00,2026-10-05 15:10:07.795244+00,bull,376.03723142,378.49692145,376.74,0.85,15m holding above hour open and EMA21,t
36,KORU/USDT,2026-10-05 15:00:00+00,2026-10-05 15:10:07.795244+00,bull,23.0471621,23.24209474,23.1,0.85,mixed 15m structure — EMA side only,t
40,GLW/USDT,2026-10-05 15:00:00+00,2026-10-05 15:10:07.795244+00,bear,159.98400812,161.39239675,161.04,0.85,15m holding below hour open and EMA21,t
39,XPT/USDT,2026-10-05 15:00:00+00,2026-10-05 15:10:07.795244+00,bear,1719.79402058,1729.81239177,1726.95,0.85,15m holding below hour open and EMA21,t
30,WDC/USDT,2026-10-05 15:00:00+00,2026-10-05 15:10:07.795244+00,bull,443.2664096,449.35397601,444.26,0.85,mixed 15m structure — EMA side only,t
13,TQQQ/USDT,2026-10-05 15:00:00+00,2026-10-05 15:10:07.795244+00,bull,82.35060138,82.76849654,82.47,0.85,15m holding above hour open and EMA21,t
17,SKHY/USDT,2026-10-05 15:00:00+00,2026-10-05 15:10:07.795244+00,bull,195.35255232,196.2886192,195.6,0.85,15m holding above hour open and EMA21,t
21,SOXL/USDT,2026-10-05 15:00:00+00,2026-10-05 15:10:07.795244+00,bull,162.31352549,163.83618627,162.73,0.85,mixed 15m structure — EMA side only,t
25,META/USDT,2026-10-05 15:00:00+00,2026-10-05 15:10:07.795244+00,bull,744.41897539,747.43256153,745.24,0.85,mixed 15m structure — EMA side only,t
64,DRAM/USDT,2026-10-05 15:00:00+00,2026-10-05 15:15:16.490857+00,bull,61.87804257,62.19489358,61.91,0.85,mixed 15m structure — EMA side only,t
41,MVLL/USDT,2026-10-05 15:00:00+00,2026-10-05 15:15:16.490857+00,bull,37.75599698,38.19000755,37.88,0.85,15m holding above hour open and EMA21,t
43,DELL/USDT,2026-10-05 15:00:00+00,2026-10-05 15:15:16.490857+00,bear,553.69498473,556.09600611,555.42,0.85,15m holding below hour open and EMA21,t
42,BE/USDT,2026-10-05 15:00:00+00,2026-10-05 15:15:16.490857+00,bear,290.40664596,292.35734162,291.92,0.85,15m sweep of hour high then reject,t
44,INTC/USDT,2026-10-05 15:00:00+00,2026-10-05 15:15:16.490857+00,bull,116.30577766,117.70055585,116.53,0.85,mixed 15m structure — EMA side only,t
48,SPCX/USDT,2026-10-05 15:00:00+00,2026-10-05 15:15:16.490857+00,bull,166.73671361,168.26821597,166.99,0.85,mixed 15m structure — EMA side only,t
45,BR/USDT,2026-10-05 15:00:00+00,2026-10-05 15:15:16.490857+00,bear,0.3865295,0.3932502,0.39187,0.85,15m sweep of hour high then reject,t
49,ZHIPU/USDT,2026-10-05 15:00:00+00,2026-10-05 15:15:16.490857+00,bear,84.47571114,84.66971555,84.62,0.6,mixed 15m structure — EMA side only,t
53,TQQQ/USDT,2026-10-05 15:00:00+00,2026-10-05 15:15:16.490857+00,bull,82.22492401,82.73268996,82.32,0.85,mixed 15m structure — EMA side only,t
57,SKHY/USDT,2026-10-05 15:00:00+00,2026-10-05 15:15:16.490857+00,bull,194.3158473,196.25538176,194.52,0.85,mixed 15m structure — EMA side only,t
61,SOXL/USDT,2026-10-05 15:00:00+00,2026-10-05 15:15:16.490857+00,bull,161.32322487,163.73693781,161.65,0.85,mixed 15m structure — EMA side only,t
65,META/USDT,2026-10-05 15:00:00+00,2026-10-05 15:15:16.490857+00,bull,744.66126514,747.17683714,745.24,0.85,15m sweep of hour low then reclaim,t
69,MU/USDT,2026-10-05 15:00:00+00,2026-10-05 15:15:16.490857+00,bear,1066.61141882,1070.55743247,1069.86,0.85,15m sweep of hour high then reject,t
73,VVV/USDT,2026-10-05 15:00:00+00,2026-10-05 15:15:16.490857+00,bear,28.50939967,28.77484013,28.737,0.85,15m sweep of hour high then reject,t
77,SOXS/USDT,2026-10-05 15:00:00+00,2026-10-05 15:15:16.490857+00,bear,29.68500869,30.20399652,30.12,0.85,mixed 15m structure — EMA side only,t
46,ARM/USDT,2026-10-05 15:00:00+00,2026-10-05 15:15:16.490857+00,bear,303.44904051,305.2143838,304.8,0.85,15m sweep of hour high then reject,t
50,TSM/USDT,2026-10-05 15:00:00+00,2026-10-05 15:15:16.490857+00,bull,481.33184835,482.62037912,481.7,0.85,15m holding above hour open and EMA21,t
54,NVDA/USDT,2026-10-05 15:00:00+00,2026-10-05 15:15:16.490857+00,bull,237.25413835,237.85465412,237.4,0.85,mixed 15m structure — EMA side only,t
58,CBRS/USDT,2026-10-05 15:00:00+00,2026-10-05 15:15:16.490857+00,bull,183.50616417,186.04958957,183.97,0.85,mixed 15m structure — EMA side only,t
62,RAYSOL/USDT,2026-10-05 15:00:00+00,2026-10-05 15:15:16.490857+00,bear,1.99753791,2.01494483,2.0116,0.85,mixed 15m structure — EMA side only,t
66,MINIMAX/USDT,2026-10-05 15:00:00+00,2026-10-05 15:15:16.490857+00,bull,31.30050937,31.37872659,31.32,0.8,mixed 15m structure — EMA side only,t
70,WDC/USDT,2026-10-05 15:00:00+00,2026-10-05 15:15:16.490857+00,bull,444.3001923,448.91951924,444.26,0.85,15m sweep of hour low then reclaim,t
74,1000SHIB/USDT,2026-10-05 15:00:00+00,2026-10-05 15:15:16.490857+00,bear,0.00586239,0.00589804,0.00589,0.85,mixed 15m structure — EMA side only,t
78,COIN/USDT,2026-10-05 15:00:00+00,2026-10-05 15:15:16.490857+00,bull,187.20538199,188.48154502,187.53,0.85,15m sweep of hour low then reclaim,t
47,AXTI/USDT,2026-10-05 15:00:00+00,2026-10-05 15:15:16.490857+00,bear,84.53273557,85.48090577,85.39,0.85,15m sweep of hour high then reject,t
51,SNXX/USDT,2026-10-05 15:00:00+00,2026-10-05 15:15:16.490857+00,bear,16.34697503,16.46320999,16.44,0.85,15m sweep of hour high then reject,t
55,MSTR/USDT,2026-10-05 15:00:00+00,2026-10-05 15:15:16.490857+00,bear,161.52630909,162.99547636,162.64,0.8,mixed 15m structure — EMA side only,t
59,BTW/USDT,2026-10-05 15:00:00+00,2026-10-05 15:15:16.490857+00,bull,1.15235178,1.18157055,1.1603,0.85,15m sweep of hour low then reclaim,t
63,QQQ/USDT,2026-10-05 15:00:00+00,2026-10-05 15:15:16.490857+00,bull,753.49802769,755.02493078,753.76,0.85,mixed 15m structure — EMA side only,t
67,AIO/USDT,2026-10-05 15:00:00+00,2026-10-05 15:15:16.490857+00,bear,0.04169605,0.04238958,0.04224,0.85,mixed 15m structure — EMA side only,t
71,RKLB/USDT,2026-10-05 15:00:00+00,2026-10-05 15:15:16.490857+00,bear,72.4212768,72.86748928,72.82,0.85,15m sweep of hour high then reject,t
75,ATH/USDT,2026-10-05 15:00:00+00,2026-10-05 15:15:16.490857+00,bear,0.00732266,0.00740374,0.007392,0.85,mixed 15m structure — EMA side only,t
79,XPT/USDT,2026-10-05 15:00:00+00,2026-10-05 15:15:16.490857+00,bear,1720.81643148,1729.40342741,1726.95,0.85,15m holding below hour open and EMA21,t
52,AMD/USDT,2026-10-05 15:00:00+00,2026-10-05 15:15:16.490857+00,bear,629.69190203,631.59323919,631.18,0.85,15m sweep of hour high then reject,t
56,MRVL/USDT,2026-10-05 15:00:00+00,2026-10-05 15:15:16.490857+00,bull,271.91392525,273.54518689,272.3,0.85,15m sweep of hour low then reclaim,t
60,SPX/USDT,2026-10-05 15:00:00+00,2026-10-05 15:15:16.490857+00,bear,0.44840019,0.45231992,0.4519,0.85,15m sweep of hour high then reject,t
68,AAOI/USDT,2026-10-05 15:00:00+00,2026-10-05 15:15:16.490857+00,bear,113.75352923,115.13458831,114.95,0.85,15m sweep of hour high then reject,t
72,TSLA/USDT,2026-10-05 15:00:00+00,2026-10-05 15:15:16.490857+00,bull,376.11730769,378.29673078,376.74,0.85,15m holding above hour open and EMA21,t
76,KORU/USDT,2026-10-05 15:00:00+00,2026-10-05 15:15:16.490857+00,bull,22.81943547,23.23641132,22.87,0.85,mixed 15m structure — EMA side only,t
80,GLW/USDT,2026-10-05 15:00:00+00,2026-10-05 15:15:16.490857+00,bear,160.09147464,161.34941014,161.04,0.85,15m sweep of hour high then reject,t
81,MVLL/USDT,2026-10-05 15:00:00+00,2026-10-05 15:30:54.318019+00,bear,37.67973342,38.05010663,38.11,0.85,15m sweep of hour high then reject,t
82,BE/USDT,2026-10-05 15:00:00+00,2026-10-05 15:30:54.318019+00,bear,290.92630464,292.14947814,291.92,0.85,15m sweep of hour high then reject,t
83,DELL/USDT,2026-10-05 15:00:00+00,2026-10-05 15:30:54.318019+00,bear,554.28889531,556.90844188,556.46,0.85,mixed 15m structure — EMA side only,t
84,INTC/USDT,2026-10-05 15:00:00+00,2026-10-05 15:30:54.318019+00,bull,116.88190998,117.51022505,116.53,0.85,15m sweep of hour low then reclaim,t
86,ARM/USDT,2026-10-05 15:00:00+00,2026-10-05 15:30:54.318019+00,bear,303.91454889,305.02818044,304.8,0.85,15m sweep of hour high then reject,t
87,AXTI/USDT,2026-10-05 15:00:00+00,2026-10-05 15:30:54.318019+00,bear,84.78191964,85.38123215,85.39,0.85,15m sweep of hour high then reject,t
88,SPCX/USDT,2026-10-05 15:00:00+00,2026-10-05 15:30:54.318019+00,bull,166.66255605,168.02860989,166.76,0.85,mixed 15m structure — EMA side only,t
90,TSM/USDT,2026-10-05 15:00:00+00,2026-10-05 15:30:54.318019+00,bull,481.45501088,482.31247279,481.7,0.85,15m holding above hour open and EMA21,t
91,SNXX/USDT,2026-10-05 15:00:00+00,2026-10-05 15:30:54.318019+00,bear,16.37721073,16.45111571,16.44,0.85,15m sweep of hour high then reject,t
92,AMD/USDT,2026-10-05 15:00:00+00,2026-10-05 15:30:54.318019+00,bull,629.86789479,631.95526303,628.87,0.85,15m sweep of hour low then reclaim,t
85,BR/USDT,2026-10-05 15:00:00+00,2026-10-05 15:30:54.318019+00,bear,0.38820087,0.39286165,0.39187,0.85,mixed 15m structure — EMA side only,t
89,ZHIPU/USDT,2026-10-05 15:00:00+00,2026-10-05 15:30:54.318019+00,bull,84.56606657,84.68483358,84.6,0.85,15m holding above hour open and EMA21,t
93,TQQQ/USDT,2026-10-05 15:00:00+00,2026-10-05 15:30:54.318019+00,bull,82.32383868,82.63540331,82.32,0.85,15m sweep of hour low then reclaim,t
97,SKHY/USDT,2026-10-05 15:00:00+00,2026-10-05 15:30:54.318019+00,bull,194.16728166,196.02679585,194.28,0.85,mixed 15m structure — EMA side only,t
101,SOXL/USDT,2026-10-05 15:00:00+00,2026-10-05 15:30:54.318019+00,bull,162.07849635,163.39875912,161.65,0.85,15m sweep of hour low then reclaim,t
105,META/USDT,2026-10-05 15:00:00+00,2026-10-05 15:30:54.318019+00,bull,744.92058318,746.52854204,745.24,0.85,15m sweep of hour low then reclaim,t
109,MU/USDT,2026-10-05 15:00:00+00,2026-10-05 15:30:54.318019+00,bear,1067.6275926,1070.15096296,1069.86,0.85,15m sweep of hour high then reject,t
113,VVV/USDT,2026-10-05 15:00:00+00,2026-10-05 15:30:54.318019+00,bear,28.57359622,28.74916151,28.737,0.85,15m sweep of hour high then reject,t
117,SOXS/USDT,2026-10-05 15:00:00+00,2026-10-05 15:30:54.318019+00,bear,29.76942205,30.07023118,30.12,0.85,15m sweep of hour high then reject,t
94,NVDA/USDT,2026-10-05 15:00:00+00,2026-10-05 15:30:54.318019+00,bull,236.80781898,237.74545255,236.76,0.85,15m sweep of hour low then reclaim,t
98,CBRS/USDT,2026-10-05 15:00:00+00,2026-10-05 15:30:54.318019+00,bull,182.4207683,185.66307926,182.39,0.85,15m sweep of hour low then reclaim,t
102,RAYSOL/USDT,2026-10-05 15:00:00+00,2026-10-05 15:30:54.318019+00,bear,2.00046347,2.01117461,2.0116,0.85,15m sweep of hour high then reject,t
106,MINIMAX/USDT,2026-10-05 15:00:00+00,2026-10-05 15:30:54.318019+00,bull,31.30793437,31.36016408,31.32,0.8,mixed 15m structure — EMA side only,t
110,WDC/USDT,2026-10-05 15:00:00+00,2026-10-05 15:30:54.318019+00,bull,442.43051905,447.86870239,442.85,0.85,mixed 15m structure — EMA side only,t
114,1000SHIB/USDT,2026-10-05 15:00:00+00,2026-10-05 15:30:54.318019+00,bear,0.00587077,0.00589169,0.00589,0.85,mixed 15m structure — EMA side only,t
118,COIN/USDT,2026-10-05 15:00:00+00,2026-10-05 15:30:54.318019+00,bull,187.33648409,188.15378978,187.53,0.85,15m sweep of hour low then reclaim,t
108,AAOI/USDT,2026-10-05 15:00:00+00,2026-10-05 15:30:54.318019+00,bear,114.11586333,114.98965467,114.95,0.85,15m sweep of hour high then reject,t
120,GLW/USDT,2026-10-05 15:00:00+00,2026-10-05 15:30:54.318019+00,bear,160.42819859,161.21472056,161.04,0.85,15m sweep of hour high then reject,t
95,MSTR/USDT,2026-10-05 15:00:00+00,2026-10-05 15:30:54.318019+00,bear,161.87485801,163.0960568,163.01,0.85,mixed 15m structure — EMA side only,t
99,BTW/USDT,2026-10-05 15:00:00+00,2026-10-05 15:30:54.318019+00,bull,1.15525163,1.17432093,1.1603,0.85,15m sweep of hour low then reclaim,t
103,QQQ/USDT,2026-10-05 15:00:00+00,2026-10-05 15:30:54.318019+00,bull,753.75808381,754.72479048,753.76,0.85,15m sweep of hour low then reclaim,t
107,AIO/USDT,2026-10-05 15:00:00+00,2026-10-05 15:30:54.318019+00,bear,0.04184502,0.04248999,0.04249,0.85,15m sweep of hour high then reject,t
111,RKLB/USDT,2026-10-05 15:00:00+00,2026-10-05 15:30:54.318019+00,bear,72.53712373,72.82115051,72.82,0.85,15m sweep of hour high then reject,t
115,ATH/USDT,2026-10-05 15:00:00+00,2026-10-05 15:30:54.318019+00,bear,0.00733876,0.0074073,0.007403,0.85,mixed 15m structure — EMA side only,t
119,XPT/USDT,2026-10-05 15:00:00+00,2026-10-05 15:30:54.318019+00,bear,1722.90927901,1728.56628839,1726.95,0.85,15m holding below hour open and EMA21,t
116,KORU/USDT,2026-10-05 15:00:00+00,2026-10-05 15:30:54.318019+00,bull,22.85739815,23.19150463,22.87,0.85,mixed 15m structure — EMA side only,t
112,TSLA/USDT,2026-10-05 15:00:00+00,2026-10-05 15:30:54.318019+00,bull,376.34839523,377.71901191,376.74,0.85,15m holding above hour open and EMA21,t
96,MRVL/USDT,2026-10-05 15:00:00+00,2026-10-05 15:30:54.318019+00,bear,271.62665812,272.91133675,273.23,0.85,15m sweep of hour high then reject,t
100,SPX/USDT,2026-10-05 15:00:00+00,2026-10-05 15:30:54.318019+00,bull,0.45043614,0.45310964,0.451,0.85,15m sweep of hour low then reclaim,t
104,DRAM/USDT,2026-10-05 15:00:00+00,2026-10-05 15:30:54.318019+00,bull,61.89365492,62.15586269,61.91,0.85,mixed 15m structure — EMA side only,t
146,MINIMAX/USDT,2026-10-05 15:00:00+00,2026-10-05 15:45:20.371237+00,bull,31.32411953,31.34470118,31.32,0.85,15m sweep of hour low then reclaim,t
121,MVLL/USDT,2026-10-05 15:00:00+00,2026-10-05 15:45:20.371237+00,bull,37.84150764,37.97623091,37.88,0.85,15m holding above hour open and EMA21,t
122,BE/USDT,2026-10-05 15:00:00+00,2026-10-05 15:45:20.371237+00,bull,289.39808515,292.22978713,288.44,0.85,15m sweep of hour low then reclaim,t
123,DELL/USDT,2026-10-05 15:00:00+00,2026-10-05 15:45:20.371237+00,bear,554.86534425,557.6878623,557.5,0.85,mixed 15m structure — EMA side only,t
124,INTC/USDT,2026-10-05 15:00:00+00,2026-10-05 15:45:20.371237+00,bull,117.06882963,117.31792592,116.53,0.85,15m sweep of hour low then reclaim,t
127,AXTI/USDT,2026-10-05 15:00:00+00,2026-10-05 15:45:20.371237+00,bear,85.0096234,85.29015064,85.39,0.85,15m sweep of hour high then reject,t
128,SPCX/USDT,2026-10-05 15:00:00+00,2026-10-05 15:45:20.371237+00,bull,166.53012245,167.80969388,166.6,0.85,mixed 15m structure — EMA side only,t
131,SNXX/USDT,2026-10-05 15:00:00+00,2026-10-05 15:45:20.371237+00,bear,16.40316927,16.44073229,16.44,0.85,15m sweep of hour high then reject,t
132,AMD/USDT,2026-10-05 15:00:00+00,2026-10-05 15:45:20.371237+00,bull,630.86683687,631.50790783,628.87,0.85,15m sweep of hour low then reclaim,t
135,MSTR/USDT,2026-10-05 15:00:00+00,2026-10-05 15:45:20.371237+00,bear,162.19279122,162.60888351,163.01,0.85,15m sweep of hour high then reject,t
136,MRVL/USDT,2026-10-05 15:00:00+00,2026-10-05 15:45:20.371237+00,bull,272.23470794,272.74323016,272.3,0.85,15m sweep of hour low then reclaim,t
139,BTW/USDT,2026-10-05 15:00:00+00,2026-10-05 15:45:20.371237+00,bull,1.15814347,1.16709133,1.1603,0.85,15m sweep of hour low then reclaim,t
125,BR/USDT,2026-10-05 15:00:00+00,2026-10-05 15:45:20.371237+00,bear,0.38977087,0.39195365,0.39187,0.85,15m sweep of hour high then reject,t
129,ZHIPU/USDT,2026-10-05 15:00:00+00,2026-10-05 15:45:20.371237+00,bull,84.58303805,84.64240488,84.6,0.85,15m holding above hour open and EMA21,t
133,TQQQ/USDT,2026-10-05 15:00:00+00,2026-10-05 15:45:20.371237+00,bull,82.37909653,82.54725868,82.32,0.85,15m sweep of hour low then reclaim,t
137,SKHY/USDT,2026-10-05 15:00:00+00,2026-10-05 15:45:20.371237+00,bull,193.98148077,195.81629807,194.01,0.85,mixed 15m structure — EMA side only,t
141,SOXL/USDT,2026-10-05 15:00:00+00,2026-10-05 15:45:20.371237+00,bull,162.48016616,163.06958459,161.65,0.85,15m sweep of hour low then reclaim,t
150,WDC/USDT,2026-10-05 15:00:00+00,2026-10-05 15:45:20.371237+00,bull,442.19514099,446.68214754,442.55,0.85,mixed 15m structure — EMA side only,t
154,1000SHIB/USDT,2026-10-05 15:00:00+00,2026-10-05 15:45:20.371237+00,bear,0.00587805,0.00588778,0.00589,0.85,15m sweep of hour high then reject,t
158,COIN/USDT,2026-10-05 15:00:00+00,2026-10-05 15:45:20.371237+00,bull,187.46046761,187.84383097,187.53,0.85,15m sweep of hour low then reclaim,t
126,ARM/USDT,2026-10-05 15:00:00+00,2026-10-05 15:45:20.371237+00,bear,304.3313977,304.86144092,304.8,0.85,15m sweep of hour high then reject,t
130,TSM/USDT,2026-10-05 15:00:00+00,2026-10-05 15:45:20.371237+00,bull,481.5712122,482.02196951,481.7,0.85,15m holding above hour open and EMA21,t
134,NVDA/USDT,2026-10-05 15:00:00+00,2026-10-05 15:45:20.371237+00,bull,236.83209453,237.60976369,236.76,0.85,15m sweep of hour low then reclaim,t
138,CBRS/USDT,2026-10-05 15:00:00+00,2026-10-05 15:45:20.371237+00,bull,182.646121,185.22469751,182.39,0.85,15m sweep of hour low then reclaim,t
142,RAYSOL/USDT,2026-10-05 15:00:00+00,2026-10-05 15:45:20.371237+00,bear,2.00323429,2.00696628,2.0116,0.85,15m sweep of hour high then reject,t
140,SPX/USDT,2026-10-05 15:00:00+00,2026-10-05 15:45:20.371237+00,bull,0.45083514,0.45211216,0.451,0.85,15m sweep of hour low then reclaim,t
143,QQQ/USDT,2026-10-05 15:00:00+00,2026-10-05 15:45:20.371237+00,bull,753.9949532,754.45761701,753.76,0.85,15m sweep of hour low then reclaim,t
144,DRAM/USDT,2026-10-05 15:00:00+00,2026-10-05 15:45:20.371237+00,bull,61.8270255,62.12243625,61.84,0.85,mixed 15m structure — EMA side only,t
145,META/USDT,2026-10-05 15:00:00+00,2026-10-05 15:45:20.371237+00,bull,745.16122076,745.92694809,745.24,0.85,15m sweep of hour low then reclaim,t
147,AIO/USDT,2026-10-05 15:00:00+00,2026-10-05 15:45:20.371237+00,bear,0.04199117,0.04246153,0.04249,0.85,mixed 15m structure — EMA side only,t
149,MU/USDT,2026-10-05 15:00:00+00,2026-10-05 15:45:20.371237+00,bear,1068.58156085,1069.76937566,1069.86,0.85,15m sweep of hour high then reject,t
151,RKLB/USDT,2026-10-05 15:00:00+00,2026-10-05 15:45:20.371237+00,bear,72.6407003,72.77971988,72.82,0.85,15m sweep of hour high then reject,t
153,VVV/USDT,2026-10-05 15:00:00+00,2026-10-05 15:45:20.371237+00,bear,28.63641253,28.72403499,28.737,0.85,15m sweep of hour high then reject,t
155,ATH/USDT,2026-10-05 15:00:00+00,2026-10-05 15:45:20.371237+00,bear,0.00735301,0.0073726,0.007403,0.85,15m sweep of hour high then reject,t
148,AAOI/USDT,2026-10-05 15:00:00+00,2026-10-05 15:45:20.371237+00,bear,114.43722226,114.8611111,114.95,0.85,15m sweep of hour high then reject,t
152,TSLA/USDT,2026-10-05 15:00:00+00,2026-10-05 15:45:20.371237+00,bull,376.55549064,377.20127339,376.74,0.85,15m holding above hour open and EMA21,t
156,KORU/USDT,2026-10-05 15:00:00+00,2026-10-05 15:45:20.371237+00,bull,22.86467771,23.14830572,22.87,0.85,mixed 15m structure — EMA side only,t
160,GLW/USDT,2026-10-05 15:00:00+00,2026-10-05 15:45:20.371237+00,bear,160.71918149,161.0983274,161.04,0.85,15m sweep of hour high then reject,t
157,SOXS/USDT,2026-10-05 15:00:00+00,2026-10-05 15:45:20.371237+00,bear,29.84869595,29.99852162,30.12,0.85,15m sweep of hour high then reject,t
159,XPT/USDT,2026-10-05 15:00:00+00,2026-10-05 15:45:20.371237+00,bear,1725.01150454,1727.72539818,1726.95,0.85,15m holding below hour open and EMA21,t
178,CBRS/USDT,2026-10-05 16:00:00+00,2026-10-05 16:00:20.517552+00,bear,178.1425521,180.55297916,180.01,0.75,mixed 15m structure — EMA side only,t
182,RAYSOL/USDT,2026-10-05 16:00:00+00,2026-10-05 16:00:20.517552+00,bear,1.99195022,2.00691991,2.0036,0.85,mixed 15m structure — EMA side only,t
186,MINIMAX/USDT,2026-10-05 16:00:00+00,2026-10-05 16:00:20.517552+00,bull,31.32815825,31.40460438,31.35,0.85,15m holding above hour open and EMA21,t
196,KORU/USDT,2026-10-05 16:00:00+00,2026-10-05 16:00:20.517552+00,bull,22.74011722,22.98970696,22.8,0.8,mixed 15m structure — EMA side only,t
192,TSLA/USDT,2026-10-05 16:00:00+00,2026-10-05 16:00:20.517552+00,bull,376.74502239,379.27744401,377.44,0.85,mixed 15m structure — EMA side only,t
188,AAOI/USDT,2026-10-05 16:00:00+00,2026-10-05 16:00:20.517552+00,bear,113.62575411,115.34769836,114.87,0.8,mixed 15m structure — EMA side only,t
184,DRAM/USDT,2026-10-05 16:00:00+00,2026-10-05 16:00:20.517552+00,bear,61.60745108,61.79301957,61.74,0.85,15m holding below hour open and EMA21,t
180,SPX/USDT,2026-10-05 16:00:00+00,2026-10-05 16:00:20.517552+00,bear,0.44911913,0.45409235,0.4528,0.6,mixed 15m structure — EMA side only,t
176,MRVL/USDT,2026-10-05 16:00:00+00,2026-10-05 16:00:20.517552+00,bull,272.49440091,274.40399773,272.98,0.85,15m holding above hour open and EMA21,t
172,AMD/USDT,2026-10-05 16:00:00+00,2026-10-05 16:00:20.517552+00,bull,631.97399408,634.52501481,632.62,0.8,mixed 15m structure — EMA side only,t
199,XPT/USDT,2026-10-05 16:00:00+00,2026-10-05 16:00:20.517552+00,bear,1711.1005883,1721.55776468,1718.64,0.85,15m holding below hour open and EMA21,t
195,ATH/USDT,2026-10-05 16:00:00+00,2026-10-05 16:00:20.517552+00,bear,0.00727905,0.00736298,0.007341,0.85,mixed 15m structure — EMA side only,t
191,RKLB/USDT,2026-10-05 16:00:00+00,2026-10-05 16:00:20.517552+00,bear,72.32238684,72.87904526,72.72,0.85,15m holding below hour open and EMA21,t
187,AIO/USDT,2026-10-05 16:00:00+00,2026-10-05 16:00:20.517552+00,bear,0.04206663,0.04276735,0.04257,0.85,mixed 15m structure — EMA side only,t
183,QQQ/USDT,2026-10-05 16:00:00+00,2026-10-05 16:00:20.517552+00,bull,753.5602833,754.89929175,753.91,0.85,mixed 15m structure — EMA side only,t
179,BTW/USDT,2026-10-05 16:00:00+00,2026-10-05 16:00:20.517552+00,bull,1.1959246,1.2354385,1.2051,0.85,mixed 15m structure — EMA side only,t
175,MSTR/USDT,2026-10-05 16:00:00+00,2026-10-05 16:00:20.517552+00,bear,161.32679596,162.91528162,162.47,0.8,mixed 15m structure — EMA side only,t
171,SNXX/USDT,2026-10-05 16:00:00+00,2026-10-05 16:00:20.517552+00,bear,16.00477157,16.15209137,16.11,0.85,15m holding below hour open and EMA21,t
198,COIN/USDT,2026-10-05 16:00:00+00,2026-10-05 16:00:20.517552+00,bull,187.66199399,189.16001502,188.06,0.85,15m holding above hour open and EMA21,t
194,1000SHIB/USDT,2026-10-05 16:00:00+00,2026-10-05 16:00:20.517552+00,bear,0.0058457,0.00588252,0.005872,0.85,15m holding below hour open and EMA21,t
200,GLW/USDT,2026-10-05 16:00:00+00,2026-10-05 16:00:20.517552+00,bear,159.79460267,161.23015893,160.82,0.85,15m holding below hour open and EMA21,t
161,MVLL/USDT,2026-10-05 16:00:00+00,2026-10-05 16:00:20.517552+00,bull,37.90517122,38.43207196,38.04,0.6,mixed 15m structure — EMA side only,t
162,BE/USDT,2026-10-05 16:00:00+00,2026-10-05 16:00:20.517552+00,bull,289.31548769,291.63628077,289.97,0.8,mixed 15m structure — EMA side only,t
163,DELL/USDT,2026-10-05 16:00:00+00,2026-10-05 16:00:20.517552+00,bear,555.39213579,558.24514568,557.51,0.85,15m holding below hour open and EMA21,t
164,INTC/USDT,2026-10-05 16:00:00+00,2026-10-05 16:00:20.517552+00,bull,117.14971007,118.10572483,117.41,0.85,mixed 15m structure — EMA side only,t
165,BR/USDT,2026-10-05 16:00:00+00,2026-10-05 16:00:20.517552+00,bear,0.38207915,0.39072434,0.38878,0.8,mixed 15m structure — EMA side only,t
166,ARM/USDT,2026-10-05 16:00:00+00,2026-10-05 16:00:20.517552+00,bear,301.79076288,303.77769485,303.21,0.85,15m holding below hour open and EMA21,t
167,AXTI/USDT,2026-10-05 16:00:00+00,2026-10-05 16:00:20.517552+00,bull,85.22075477,86.36811308,85.54,0.75,mixed 15m structure — EMA side only,t
168,SPCX/USDT,2026-10-05 16:00:00+00,2026-10-05 16:00:20.517552+00,bull,166.59031196,167.67422011,166.89,0.85,15m holding above hour open and EMA21,t
169,ZHIPU/USDT,2026-10-05 16:00:00+00,2026-10-05 16:00:20.517552+00,bull,84.82625561,85.04936097,84.89,0.85,15m holding above hour open and EMA21,t
173,TQQQ/USDT,2026-10-05 16:00:00+00,2026-10-05 16:00:20.517552+00,bull,82.24335853,82.67160367,82.36,0.85,mixed 15m structure — EMA side only,t
177,SKHY/USDT,2026-10-05 16:00:00+00,2026-10-05 16:00:20.517552+00,bear,193.03489287,194.09204285,193.79,0.8,mixed 15m structure — EMA side only,t
181,SOXL/USDT,2026-10-05 16:00:00+00,2026-10-05 16:00:20.517552+00,bull,162.03896003,163.61759992,162.44,0.85,15m holding above hour open and EMA21,t
185,META/USDT,2026-10-05 16:00:00+00,2026-10-05 16:00:20.517552+00,bull,744.08987712,747.11530719,744.88,0.85,mixed 15m structure — EMA side only,t
189,MU/USDT,2026-10-05 16:00:00+00,2026-10-05 16:00:20.517552+00,bear,1060.83558316,1065.48176673,1064.22,0.85,mixed 15m structure — EMA side only,t
193,VVV/USDT,2026-10-05 16:00:00+00,2026-10-05 16:00:20.517552+00,bear,27.81724655,28.15570138,28.094,0.85,15m sweep of hour high then reject,t
197,SOXS/USDT,2026-10-05 16:00:00+00,2026-10-05 16:00:20.517552+00,bear,29.70329924,30.0766803,29.99,0.85,mixed 15m structure — EMA side only,t
190,WDC/USDT,2026-10-05 16:00:00+00,2026-10-05 16:00:20.517552+00,bull,441.00080938,446.61297656,442.55,0.85,mixed 15m structure — EMA side only,t
170,TSM/USDT,2026-10-05 16:00:00+00,2026-10-05 16:00:20.517552+00,bull,485.19161673,486.90095818,485.64,0.85,15m holding above hour open and EMA21,t
174,NVDA/USDT,2026-10-05 16:00:00+00,2026-10-05 16:00:20.517552+00,bull,236.83537967,237.48155083,237.02,0.85,15m holding above hour open and EMA21,t
239,ATH/USDT,2026-10-05 16:00:00+00,2026-10-05 16:15:27.747556+00,bear,0.00729114,0.00742015,0.007407,0.85,mixed 15m structure — EMA side only,t
234,VVV/USDT,2026-10-05 16:00:00+00,2026-10-05 16:15:27.747556+00,bear,27.88485563,28.12865775,28.094,0.85,15m sweep of hour high then reject,t
216,SKHY/USDT,2026-10-05 16:00:00+00,2026-10-05 16:15:27.747556+00,bear,193.25785396,194.04285841,193.88,0.8,mixed 15m structure — EMA side only,t
201,MVLL/USDT,2026-10-05 16:00:00+00,2026-10-05 16:15:27.747556+00,bear,37.80112846,38.17754862,38.07,0.85,15m holding below hour open and EMA21,t
202,BE/USDT,2026-10-05 16:00:00+00,2026-10-05 16:15:27.747556+00,bull,288.63022178,291.19944554,289.11,0.8,mixed 15m structure — EMA side only,t
203,DELL/USDT,2026-10-05 16:00:00+00,2026-10-05 16:15:27.747556+00,bear,555.95993385,558.01802646,557.51,0.85,15m sweep of hour high then reject,t
204,INTC/USDT,2026-10-05 16:00:00+00,2026-10-05 16:15:27.747556+00,bull,117.23396237,117.92009408,117.41,0.85,15m sweep of hour low then reclaim,t
205,BR/USDT,2026-10-05 16:00:00+00,2026-10-05 16:15:27.747556+00,bear,0.38352182,0.39481727,0.39341,0.85,mixed 15m structure — EMA side only,t
206,ARM/USDT,2026-10-05 16:00:00+00,2026-10-05 16:15:27.747556+00,bear,302.10808486,303.65076606,303.21,0.85,15m holding below hour open and EMA21,t
207,AXTI/USDT,2026-10-05 16:00:00+00,2026-10-05 16:15:27.747556+00,bear,85.00511768,85.79595293,85.58,0.85,15m holding below hour open and EMA21,t
208,ZHIPU/USDT,2026-10-05 16:00:00+00,2026-10-05 16:15:27.747556+00,bull,84.84003516,85.01491211,84.89,0.85,15m holding above hour open and EMA21,t
209,SPCX/USDT,2026-10-05 16:00:00+00,2026-10-05 16:15:27.747556+00,bull,166.56986725,167.45033186,166.76,0.85,mixed 15m structure — EMA side only,t
211,TSM/USDT,2026-10-05 16:00:00+00,2026-10-05 16:15:27.747556+00,bull,484.23951165,486.60622088,484.61,0.85,mixed 15m structure — EMA side only,t
210,AMD/USDT,2026-10-05 16:00:00+00,2026-10-05 16:15:27.747556+00,bull,631.80073873,634.00815317,632.21,0.85,mixed 15m structure — EMA side only,t
219,SPX/USDT,2026-10-05 16:00:00+00,2026-10-05 16:15:27.747556+00,bear,0.44999475,0.4536421,0.4528,0.85,15m sweep of hour high then reject,t
228,WDC/USDT,2026-10-05 16:00:00+00,2026-10-05 16:15:27.747556+00,bull,439.99284939,445.50787653,441.14,0.85,mixed 15m structure — EMA side only,t
237,COIN/USDT,2026-10-05 16:00:00+00,2026-10-05 16:15:27.747556+00,bear,187.2431324,188.42874704,188.17,0.85,15m sweep of hour high then reject,t
238,COHR/USDT,2026-10-05 16:00:00+00,2026-10-05 16:15:27.747556+00,bull,332.92002804,335.71992989,332.75,0.85,15m sweep of hour low then reclaim,t
229,DRAM/USDT,2026-10-05 16:00:00+00,2026-10-05 16:15:27.747556+00,bear,61.644207,61.7783172,61.74,0.85,15m holding below hour open and EMA21,t
220,SOXL/USDT,2026-10-05 16:00:00+00,2026-10-05 16:15:27.747556+00,bull,162.06891859,163.29270351,162.29,0.85,mixed 15m structure — EMA side only,t
212,TQQQ/USDT,2026-10-05 16:00:00+00,2026-10-05 16:15:27.747556+00,bull,82.08347469,82.59631327,82.17,0.85,mixed 15m structure — EMA side only,t
221,RAYSOL/USDT,2026-10-05 16:00:00+00,2026-10-05 16:15:27.747556+00,bear,1.99468069,2.00882772,2.0075,0.85,mixed 15m structure — EMA side only,t
230,RKLB/USDT,2026-10-05 16:00:00+00,2026-10-05 16:15:27.747556+00,bear,72.43403726,72.83438509,72.72,0.85,15m holding below hour open and EMA21,t
233,KORU/USDT,2026-10-05 16:00:00+00,2026-10-05 16:15:27.747556+00,bear,22.73365051,22.8825398,22.84,0.85,15m holding below hour open and EMA21,t
236,SOXS/USDT,2026-10-05 16:00:00+00,2026-10-05 16:15:27.747556+00,bear,29.78147626,30.0754095,30.01,0.85,mixed 15m structure — EMA side only,t
227,META/USDT,2026-10-05 16:00:00+00,2026-10-05 16:15:27.747556+00,bull,742.15220728,746.63448179,742.58,0.85,mixed 15m structure — EMA side only,t
218,BTW/USDT,2026-10-05 16:00:00+00,2026-10-05 16:15:27.747556+00,bull,1.18554863,1.22862842,1.193,0.85,mixed 15m structure — EMA side only,t
213,NVDA/USDT,2026-10-05 16:00:00+00,2026-10-05 16:15:27.747556+00,bull,236.79836084,237.3490979,236.92,0.85,mixed 15m structure — EMA side only,t
222,QQQ/USDT,2026-10-05 16:00:00+00,2026-10-05 16:15:27.747556+00,bull,753.08332587,754.66668532,753.34,0.85,mixed 15m structure — EMA side only,t
231,CBRS/USDT,2026-10-05 16:00:00+00,2026-10-05 16:15:27.747556+00,bull,179.33702523,181.13243693,179.8,0.85,15m sweep of hour low then reclaim,t
240,AKE/USDT,2026-10-05 16:00:00+00,2026-10-05 16:15:27.747556+00,bull,0.0314273,0.03179725,0.031487,0.85,15m sweep of hour low then reclaim,t
225,MU/USDT,2026-10-05 16:00:00+00,2026-10-05 16:15:27.747556+00,bear,1061.77269185,1065.45692326,1064.91,0.85,mixed 15m structure — EMA side only,t
235,1000SHIB/USDT,2026-10-05 16:00:00+00,2026-10-05 16:15:27.747556+00,bear,0.00585313,0.00588355,0.005879,0.85,mixed 15m structure — EMA side only,t
226,AIO/USDT,2026-10-05 16:00:00+00,2026-10-05 16:15:27.747556+00,bear,0.04220735,0.04270106,0.04261,0.85,15m sweep of hour high then reject,t
214,MSTR/USDT,2026-10-05 16:00:00+00,2026-10-05 16:15:27.747556+00,bear,161.61180433,162.77127827,162.47,0.85,15m sweep of hour high then reject,t
223,AAOI/USDT,2026-10-05 16:00:00+00,2026-10-05 16:15:27.747556+00,bear,113.97923947,115.15630421,114.87,0.85,15m holding below hour open and EMA21,t
232,TSLA/USDT,2026-10-05 16:00:00+00,2026-10-05 16:15:27.747556+00,bull,376.64346202,378.78134494,376.99,0.85,mixed 15m structure — EMA side only,t
217,SNXX/USDT,2026-10-05 16:00:00+00,2026-10-05 16:15:27.747556+00,bear,16.03323377,16.14070649,16.11,0.85,15m holding below hour open and EMA21,t
215,MRVL/USDT,2026-10-05 16:00:00+00,2026-10-05 16:15:27.747556+00,bear,272.02460872,273.44615651,273.07,0.85,15m sweep of hour high then reject,t
224,MINIMAX/USDT,2026-10-05 16:00:00+00,2026-10-05 16:15:27.747556+00,bull,31.30395307,31.39011733,31.32,0.8,mixed 15m structure — EMA side only,t
269,DRAM/USDT,2026-10-05 16:00:00+00,2026-10-05 16:30:35.274125+00,bear,61.67698529,61.78520589,61.76,0.75,mixed 15m structure — EMA side only,t
278,COHR/USDT,2026-10-05 16:00:00+00,2026-10-05 16:30:35.274125+00,bull,333.21382212,334.98544469,332.75,0.85,15m sweep of hour low then reclaim,t
252,TQQQ/USDT,2026-10-05 16:00:00+00,2026-10-05 16:30:35.274125+00,bull,82.32160814,82.52597964,82.17,0.85,15m sweep of hour low then reclaim,t
245,BR/USDT,2026-10-05 16:00:00+00,2026-10-05 16:30:35.274125+00,bull,0.38662025,0.39141437,0.38792,0.85,15m sweep of hour low then reclaim,t
246,ARM/USDT,2026-10-05 16:00:00+00,2026-10-05 16:30:35.274125+00,bear,302.50882634,303.49046946,303.21,0.85,15m holding below hour open and EMA21,t
247,AXTI/USDT,2026-10-05 16:00:00+00,2026-10-05 16:30:35.274125+00,bear,85.21798952,85.71080419,85.58,0.85,15m holding below hour open and EMA21,t
244,INTC/USDT,2026-10-05 16:00:00+00,2026-10-05 16:30:35.274125+00,bull,117.30437194,117.74407014,117.41,0.85,15m sweep of hour low then reclaim,t
248,ZHIPU/USDT,2026-10-05 16:00:00+00,2026-10-05 16:30:35.274125+00,bull,84.85609795,84.97475511,84.87,0.85,15m holding above hour open and EMA21,t
249,SPCX/USDT,2026-10-05 16:00:00+00,2026-10-05 16:30:35.274125+00,bull,166.74849878,167.27875306,166.76,0.85,15m sweep of hour low then reclaim,t
256,SKHY/USDT,2026-10-05 16:00:00+00,2026-10-05 16:30:35.274125+00,bull,193.64578765,194.15053088,193.78,0.85,15m sweep of hour low then reclaim,t
257,SNXX/USDT,2026-10-05 16:00:00+00,2026-10-05 16:30:35.274125+00,bear,16.06015662,16.12993735,16.11,0.85,15m holding below hour open and EMA21,t
258,BTW/USDT,2026-10-05 16:00:00+00,2026-10-05 16:30:35.274125+00,bull,1.18983339,1.22166652,1.1927,0.85,mixed 15m structure — EMA side only,t
265,MU/USDT,2026-10-05 16:00:00+00,2026-10-05 16:30:35.274125+00,bear,1062.58908305,1066.54036678,1065.96,0.85,mixed 15m structure — EMA side only,t
276,SOXS/USDT,2026-10-05 16:00:00+00,2026-10-05 16:30:35.274125+00,bear,29.84958054,30.09816778,30.08,0.8,mixed 15m structure — EMA side only,t
266,AIO/USDT,2026-10-05 16:00:00+00,2026-10-05 16:30:35.274125+00,bear,0.04233659,0.04264937,0.04261,0.85,15m sweep of hour high then reject,t
243,DELL/USDT,2026-10-05 16:00:00+00,2026-10-05 16:30:35.274125+00,bear,556.47120905,557.81351638,557.51,0.85,15m sweep of hour high then reject,t
267,META/USDT,2026-10-05 16:00:00+00,2026-10-05 16:30:35.274125+00,bull,744.3752807,746.10179825,742.58,0.85,15m sweep of hour low then reclaim,t
250,AMD/USDT,2026-10-05 16:00:00+00,2026-10-05 16:30:35.274125+00,bull,631.21313826,633.55215434,631.49,0.85,mixed 15m structure — EMA side only,t
259,SPX/USDT,2026-10-05 16:00:00+00,2026-10-05 16:30:35.274125+00,bear,0.4507133,0.45335468,0.4528,0.85,15m sweep of hour high then reject,t
268,WDC/USDT,2026-10-05 16:00:00+00,2026-10-05 16:30:35.274125+00,bull,440.96964486,444.44088785,441.14,0.85,mixed 15m structure — EMA side only,t
275,1000SHIB/USDT,2026-10-05 16:00:00+00,2026-10-05 16:30:35.274125+00,bear,0.00585906,0.00587717,0.005879,0.85,15m sweep of hour high then reject,t
274,VVV/USDT,2026-10-05 16:00:00+00,2026-10-05 16:30:35.274125+00,bear,27.92649634,28.11200146,28.094,0.85,15m sweep of hour high then reject,t
273,KORU/USDT,2026-10-05 16:00:00+00,2026-10-05 16:30:35.274125+00,bull,22.81218013,22.90954968,22.77,0.85,15m sweep of hour low then reclaim,t
264,MINIMAX/USDT,2026-10-05 16:00:00+00,2026-10-05 16:30:35.274125+00,bull,31.26913761,31.37715597,31.27,0.8,mixed 15m structure — EMA side only,t
261,RAYSOL/USDT,2026-10-05 16:00:00+00,2026-10-05 16:30:35.274125+00,bull,1.99972703,2.00768243,2.002,0.85,15m holding above hour open and EMA21,t
260,SOXL/USDT,2026-10-05 16:00:00+00,2026-10-05 16:30:35.274125+00,bull,161.83232103,163.00919741,161.91,0.85,mixed 15m structure — EMA side only,t
253,NVDA/USDT,2026-10-05 16:00:00+00,2026-10-05 16:30:35.274125+00,bear,236.79212987,237.11114805,237.06,0.85,15m sweep of hour high then reject,t
251,TSM/USDT,2026-10-05 16:00:00+00,2026-10-05 16:30:35.274125+00,bull,484.26860721,486.25848197,484.5,0.85,mixed 15m structure — EMA side only,t
277,COIN/USDT,2026-10-05 16:00:00+00,2026-10-05 16:30:35.274125+00,bear,187.46546291,188.33981484,188.17,0.85,15m sweep of hour high then reject,t
280,AKE/USDT,2026-10-05 16:00:00+00,2026-10-05 16:30:35.274125+00,bear,0.03135725,0.0316033,0.031707,0.85,15m sweep of hour high then reject,t
262,QQQ/USDT,2026-10-05 16:00:00+00,2026-10-05 16:30:35.274125+00,bull,753.82191602,754.44520996,753.34,0.85,15m sweep of hour low then reclaim,t
270,RKLB/USDT,2026-10-05 16:00:00+00,2026-10-05 16:30:35.274125+00,bear,72.53879688,72.79248125,72.72,0.85,15m holding below hour open and EMA21,t
271,CBRS/USDT,2026-10-05 16:00:00+00,2026-10-05 16:30:35.274125+00,bear,178.99575333,180.19169867,181.21,0.85,15m sweep of hour high then reject,t
254,MSTR/USDT,2026-10-05 16:00:00+00,2026-10-05 16:30:35.274125+00,bear,161.87391458,162.66643417,162.47,0.85,15m sweep of hour high then reject,t
263,AAOI/USDT,2026-10-05 16:00:00+00,2026-10-05 16:30:35.274125+00,bull,114.58432596,115.40918509,114.74,0.85,15m sweep of hour low then reclaim,t
279,ATH/USDT,2026-10-05 16:00:00+00,2026-10-05 16:30:35.274125+00,bear,0.00730575,0.0073783,0.007407,0.85,15m sweep of hour high then reject,t
272,TSLA/USDT,2026-10-05 16:00:00+00,2026-10-05 16:30:35.274125+00,bull,377.20680506,378.37298734,376.99,0.85,15m sweep of hour low then reclaim,t
255,MRVL/USDT,2026-10-05 16:00:00+00,2026-10-05 16:30:35.274125+00,bear,272.3868173,273.30127308,273.07,0.85,15m sweep of hour high then reject,t
242,BE/USDT,2026-10-05 16:00:00+00,2026-10-05 16:30:35.274125+00,bear,289.24541467,290.30183413,290,0.85,15m holding below hour open and EMA21,t
241,MVLL/USDT,2026-10-05 16:00:00+00,2026-10-05 16:30:35.274125+00,bear,37.89752,38.138992,38.07,0.85,15m holding below hour open and EMA21,t
284,INTC/USDT,2026-10-05 16:00:00+00,2026-10-05 16:45:37.491325+00,bull,117.36037269,117.57906828,117.41,0.85,mixed 15m structure — EMA side only,t
281,MVLL/USDT,2026-10-05 16:00:00+00,2026-10-05 16:45:37.491325+00,bear,37.98968786,38.10212486,38.07,0.85,15m holding below hour open and EMA21,t
282,BE/USDT,2026-10-05 16:00:00+00,2026-10-05 16:45:37.491325+00,bear,289.62922824,290.1483087,290,0.85,15m holding below hour open and EMA21,t
283,DELL/USDT,2026-10-05 16:00:00+00,2026-10-05 16:45:37.491325+00,bear,556.93934706,557.62626118,557.51,0.85,15m sweep of hour high then reject,t
285,BR/USDT,2026-10-05 16:00:00+00,2026-10-05 16:45:37.491325+00,bull,0.3872793,0.38976676,0.38792,0.85,15m sweep of hour low then reclaim,t
286,ARM/USDT,2026-10-05 16:00:00+00,2026-10-05 16:45:37.491325+00,bear,302.87238366,303.34504654,303.21,0.85,15m holding below hour open and EMA21,t
287,AXTI/USDT,2026-10-05 16:00:00+00,2026-10-05 16:45:37.491325+00,bear,85.40470942,85.63611623,85.58,0.85,15m sweep of hour high then reject,t
288,ZHIPU/USDT,2026-10-05 16:00:00+00,2026-10-05 16:45:37.491325+00,bull,84.86441691,84.95395773,84.87,0.85,15m sweep of hour low then reclaim,t
289,SPCX/USDT,2026-10-05 16:00:00+00,2026-10-05 16:45:37.491325+00,bull,166.82733872,167.08165321,166.76,0.85,15m sweep of hour low then reclaim,t
298,BTW/USDT,2026-10-05 16:00:00+00,2026-10-05 16:45:37.491325+00,bull,1.19744979,1.21562553,1.1924,0.85,15m sweep of hour low then reclaim,t
307,META/USDT,2026-10-05 16:00:00+00,2026-10-05 16:45:37.491325+00,bull,744.12832318,745.51919205,742.58,0.85,15m sweep of hour low then reclaim,t
316,SOXS/USDT,2026-10-05 16:00:00+00,2026-10-05 16:45:37.491325+00,bear,29.91060882,29.99375647,30.08,0.85,15m sweep of hour high then reject,t
290,AMD/USDT,2026-10-05 16:00:00+00,2026-10-05 16:45:37.491325+00,bull,631.83942134,633.11144666,631.49,0.85,15m sweep of hour low then reclaim,t
299,SPX/USDT,2026-10-05 16:00:00+00,2026-10-05 16:45:37.491325+00,bear,0.45160332,0.45299867,0.4528,0.85,15m sweep of hour high then reject,t
308,WDC/USDT,2026-10-05 16:00:00+00,2026-10-05 16:45:37.491325+00,bull,442.29375654,443.50560865,441.14,0.85,15m sweep of hour low then reclaim,t
317,COIN/USDT,2026-10-05 16:00:00+00,2026-10-05 16:45:37.491325+00,bear,187.79771492,188.20691403,188.17,0.85,15m sweep of hour high then reject,t
291,TSM/USDT,2026-10-05 16:00:00+00,2026-10-05 16:45:37.491325+00,bull,485.15541763,485.96645591,484.5,0.85,15m sweep of hour low then reclaim,t
300,SOXL/USDT,2026-10-05 16:00:00+00,2026-10-05 16:45:37.491325+00,bull,162.38577762,162.75055594,161.91,0.85,15m sweep of hour low then reclaim,t
309,DRAM/USDT,2026-10-05 16:00:00+00,2026-10-05 16:45:37.491325+00,bull,61.72709012,61.77227469,61.67,0.85,15m sweep of hour low then reclaim,t
318,COHR/USDT,2026-10-05 16:00:00+00,2026-10-05 16:45:37.491325+00,bull,333.4824817,334.31379575,332.75,0.85,15m sweep of hour low then reclaim,t
292,TQQQ/USDT,2026-10-05 16:00:00+00,2026-10-05 16:45:37.491325+00,bull,82.35075378,82.45311555,82.17,0.85,15m sweep of hour low then reclaim,t
301,RAYSOL/USDT,2026-10-05 16:00:00+00,2026-10-05 16:45:37.491325+00,bull,2.00079891,2.00500274,2.002,0.85,15m holding above hour open and EMA21,t
310,RKLB/USDT,2026-10-05 16:00:00+00,2026-10-05 16:45:37.491325+00,bear,72.63354855,72.78458058,72.76,0.85,mixed 15m structure — EMA side only,t
319,ATH/USDT,2026-10-05 16:00:00+00,2026-10-05 16:45:37.491325+00,bear,0.00732056,0.00738438,0.007407,0.85,15m sweep of hour high then reject,t
293,NVDA/USDT,2026-10-05 16:00:00+00,2026-10-05 16:45:37.491325+00,bear,236.91234601,237.0630616,237.06,0.85,15m sweep of hour high then reject,t
302,QQQ/USDT,2026-10-05 16:00:00+00,2026-10-05 16:45:37.491325+00,bull,753.91221101,754.21947248,753.34,0.85,15m sweep of hour low then reclaim,t
311,CBRS/USDT,2026-10-05 16:00:00+00,2026-10-05 16:45:37.491325+00,bear,179.44549262,180.01180295,181.21,0.85,15m sweep of hour high then reject,t
320,AKE/USDT,2026-10-05 16:00:00+00,2026-10-05 16:45:37.491325+00,bull,0.03148696,0.03162061,0.0313,0.85,15m sweep of hour low then reclaim,t
294,MSTR/USDT,2026-10-05 16:00:00+00,2026-10-05 16:45:37.491325+00,bear,162.1716032,162.54735872,162.47,0.85,15m sweep of hour high then reject,t
303,AAOI/USDT,2026-10-05 16:00:00+00,2026-10-05 16:45:37.491325+00,bull,114.70630848,115.10422879,114.74,0.85,15m sweep of hour low then reclaim,t
312,TSLA/USDT,2026-10-05 16:00:00+00,2026-10-05 16:45:37.491325+00,bull,377.38344521,377.93138698,376.99,0.85,15m sweep of hour low then reclaim,t
295,MRVL/USDT,2026-10-05 16:00:00+00,2026-10-05 16:45:37.491325+00,bear,272.73511161,273.16195536,273.07,0.85,15m sweep of hour high then reject,t
304,MINIMAX/USDT,2026-10-05 16:00:00+00,2026-10-05 16:45:37.491325+00,bull,31.34430675,31.36423313,31.27,0.85,15m sweep of hour low then reclaim,t
313,KORU/USDT,2026-10-05 16:00:00+00,2026-10-05 16:45:37.491325+00,bull,22.82634077,22.87414807,22.77,0.85,15m sweep of hour low then reclaim,t
296,SKHY/USDT,2026-10-05 16:00:00+00,2026-10-05 16:45:37.491325+00,bull,193.71663712,193.97340719,193.78,0.85,15m sweep of hour low then reclaim,t
305,MU/USDT,2026-10-05 16:00:00+00,2026-10-05 16:45:37.491325+00,bear,1063.35484213,1067.88406315,1067.59,0.85,mixed 15m structure — EMA side only,t
314,VVV/USDT,2026-10-05 16:00:00+00,2026-10-05 16:45:37.491325+00,bear,27.9931858,28.08532568,28.094,0.85,15m sweep of hour high then reject,t
297,SNXX/USDT,2026-10-05 16:00:00+00,2026-10-05 16:45:37.491325+00,bear,16.08569772,16.13972091,16.14,0.85,mixed 15m structure — EMA side only,t
306,AIO/USDT,2026-10-05 16:00:00+00,2026-10-05 16:45:37.491325+00,bear,0.04244977,0.04278409,0.04274,0.85,mixed 15m structure — EMA side only,t
315,1000SHIB/USDT,2026-10-05 16:00:00+00,2026-10-05 16:45:37.491325+00,bear,0.00586567,0.00587453,0.005879,0.85,15m sweep of hour high then reject,t
357,COIN/USDT,2026-10-05 17:00:00+00,2026-10-05 17:00:38.792667+00,bear,184.42944114,186.09622354,185.62,0.85,15m holding below hour open and EMA21,t
331,TSM/USDT,2026-10-05 17:00:00+00,2026-10-05 17:00:38.792667+00,bull,483.90837978,485.57405054,484.3,0.85,mixed 15m structure — EMA side only,t
355,1000SHIB/USDT,2026-10-05 17:00:00+00,2026-10-05 17:00:38.792667+00,bear,0.00585444,0.00589722,0.005887,0.85,mixed 15m structure — EMA side only,t
354,VVV/USDT,2026-10-05 17:00:00+00,2026-10-05 17:00:38.792667+00,bear,27.54519726,27.90472109,27.81,0.85,15m holding below hour open and EMA21,t
353,KORU/USDT,2026-10-05 17:00:00+00,2026-10-05 17:00:38.792667+00,bull,22.92592287,23.13519282,22.98,0.85,mixed 15m structure — EMA side only,t
344,MINIMAX/USDT,2026-10-05 17:00:00+00,2026-10-05 17:00:38.792667+00,bull,31.32848221,31.40379448,31.35,0.85,15m holding above hour open and EMA21,t
335,MRVL/USDT,2026-10-05 17:00:00+00,2026-10-05 17:00:38.792667+00,bear,270.0018431,271.68526276,271.31,0.8,mixed 15m structure — EMA side only,t
352,TSLA/USDT,2026-10-05 17:00:00+00,2026-10-05 17:00:38.792667+00,bull,377.90476791,380.18808021,378.36,0.85,mixed 15m structure — EMA side only,t
343,AAOI/USDT,2026-10-05 17:00:00+00,2026-10-05 17:00:38.792667+00,bull,115.24726008,116.9218498,115.63,0.8,mixed 15m structure — EMA side only,t
334,MSTR/USDT,2026-10-05 17:00:00+00,2026-10-05 17:00:38.792667+00,bear,159.76852617,161.22658953,160.84,0.85,15m holding below hour open and EMA21,t
360,AKE/USDT,2026-10-05 17:00:00+00,2026-10-05 17:00:38.792667+00,bear,0.03102501,0.03151,0.031411,0.85,mixed 15m structure — EMA side only,t
351,CBRS/USDT,2026-10-05 17:00:00+00,2026-10-05 17:00:38.792667+00,bear,177.61647258,179.79141097,179.17,0.85,15m holding below hour open and EMA21,t
342,QQQ/USDT,2026-10-05 17:00:00+00,2026-10-05 17:00:38.792667+00,bull,753.78609803,755.06975493,754.11,0.85,mixed 15m structure — EMA side only,t
333,NVDA/USDT,2026-10-05 17:00:00+00,2026-10-05 17:00:38.792667+00,bull,236.83442836,237.4839291,237.02,0.85,15m holding above hour open and EMA21,t
359,ATH/USDT,2026-10-05 17:00:00+00,2026-10-05 17:00:38.792667+00,bull,0.00737495,0.00744862,0.007396,0.85,15m holding above hour open and EMA21,t
350,RKLB/USDT,2026-10-05 17:00:00+00,2026-10-05 17:00:38.792667+00,bear,72.28382319,72.76847073,72.63,0.85,15m holding below hour open and EMA21,t
341,RAYSOL/USDT,2026-10-05 17:00:00+00,2026-10-05 17:00:38.792667+00,bull,2.03826051,2.05449873,2.0427,0.85,15m sweep of hour low then reclaim,t
332,TQQQ/USDT,2026-10-05 17:00:00+00,2026-10-05 17:00:38.792667+00,bull,82.34468547,82.78828632,82.46,0.85,mixed 15m structure — EMA side only,t
358,COHR/USDT,2026-10-05 17:00:00+00,2026-10-05 17:00:38.792667+00,bear,330.99354435,334.26458226,333.5,0.85,15m holding below hour open and EMA21,t
349,DRAM/USDT,2026-10-05 17:00:00+00,2026-10-05 17:00:38.792667+00,bull,61.88944903,62.07637742,61.92,0.8,mixed 15m structure — EMA side only,t
340,SOXL/USDT,2026-10-05 17:00:00+00,2026-10-05 17:00:38.792667+00,bull,161.62131689,163.16670778,162.01,0.8,mixed 15m structure — EMA side only,t
347,META/USDT,2026-10-05 17:00:00+00,2026-10-05 17:00:38.792667+00,bull,743.94037182,746.86407046,744.68,0.85,mixed 15m structure — EMA side only,t
322,BE/USDT,2026-10-05 17:00:00+00,2026-10-05 17:00:38.792667+00,bear,286.31756203,288.34497519,287.89,0.8,mixed 15m structure — EMA side only,t
326,ARM/USDT,2026-10-05 17:00:00+00,2026-10-05 17:00:38.792667+00,bear,299.24899645,301.16840142,300.65,0.85,15m holding below hour open and EMA21,t
327,AXTI/USDT,2026-10-05 17:00:00+00,2026-10-05 17:00:38.792667+00,bear,84.14756355,85.08897458,84.92,0.85,15m holding below hour open and EMA21,t
328,ZHIPU/USDT,2026-10-05 17:00:00+00,2026-10-05 17:00:38.792667+00,bull,85.46940566,85.82148586,85.57,0.85,15m holding above hour open and EMA21,t
329,SPCX/USDT,2026-10-05 17:00:00+00,2026-10-05 17:00:38.792667+00,bull,167.28674381,168.39814048,167.53,0.85,mixed 15m structure — EMA side only,t
336,SKHY/USDT,2026-10-05 17:00:00+00,2026-10-05 17:00:38.792667+00,bull,194.70933788,195.84165529,194.97,0.85,mixed 15m structure — EMA side only,t
323,DELL/USDT,2026-10-05 17:00:00+00,2026-10-05 17:00:38.792667+00,bear,548.73114622,551.71154151,550.86,0.85,15m holding below hour open and EMA21,t
324,INTC/USDT,2026-10-05 17:00:00+00,2026-10-05 17:00:38.792667+00,bull,116.77329855,117.65175362,117.01,0.8,mixed 15m structure — EMA side only,t
325,BR/USDT,2026-10-05 17:00:00+00,2026-10-05 17:00:38.792667+00,bull,0.40566387,0.41590533,0.4073,0.85,15m sweep of hour low then reclaim,t
321,MVLL/USDT,2026-10-05 17:00:00+00,2026-10-05 17:00:38.792667+00,bear,37.26776918,37.70489233,37.59,0.85,15m holding below hour open and EMA21,t
337,SNXX/USDT,2026-10-05 17:00:00+00,2026-10-05 17:00:38.792667+00,bear,16.02787723,16.15684911,16.12,0.85,mixed 15m structure — EMA side only,t
338,BTW/USDT,2026-10-05 17:00:00+00,2026-10-05 17:00:38.792667+00,bull,1.1963595,1.23065124,1.2017,0.85,mixed 15m structure — EMA side only,t
356,SOXS/USDT,2026-10-05 17:00:00+00,2026-10-05 17:00:38.792667+00,bear,29.7864042,30.14343832,30.05,0.8,mixed 15m structure — EMA side only,t
345,MU/USDT,2026-10-05 17:00:00+00,2026-10-05 17:00:38.792667+00,bear,1064.77998505,1068.68600598,1067.75,0.85,15m holding below hour open and EMA21,t
346,AIO/USDT,2026-10-05 17:00:00+00,2026-10-05 17:00:38.792667+00,bull,0.04290766,0.04354585,0.04308,0.85,15m sweep of hour low then reclaim,t
330,AMD/USDT,2026-10-05 17:00:00+00,2026-10-05 17:00:38.792667+00,bear,629.24284098,631.49286361,630.99,0.85,15m holding below hour open and EMA21,t
339,SPX/USDT,2026-10-05 17:00:00+00,2026-10-05 17:00:38.792667+00,bear,0.44631447,0.45171421,0.4505,0.8,mixed 15m structure — EMA side only,t
348,WDC/USDT,2026-10-05 17:00:00+00,2026-10-05 17:00:38.792667+00,bull,440.51381001,445.21047497,441.61,0.85,mixed 15m structure — EMA side only,t
384,META/USDT,2026-10-05 17:00:00+00,2026-10-05 17:15:41.163199+00,bull,743.07965894,746.34085264,743.44,0.85,mixed 15m structure — EMA side only,t
371,SPCX/USDT,2026-10-05 17:00:00+00,2026-10-05 17:15:41.163199+00,bull,167.47211801,168.23470498,167.53,0.85,15m sweep of hour low then reclaim,t
377,SNXX/USDT,2026-10-05 17:00:00+00,2026-10-05 17:15:41.163199+00,bear,16.04887879,16.24844849,16.22,0.85,mixed 15m structure — EMA side only,t
397,ORCL/USDT,2026-10-05 17:00:00+00,2026-10-05 17:15:41.163199+00,bear,143.3056937,143.94172252,143.83,0.85,15m sweep of hour high then reject,t
388,WDC/USDT,2026-10-05 17:00:00+00,2026-10-05 17:15:41.163199+00,bull,440.90238911,444.28902721,441.61,0.85,15m sweep of hour low then reclaim,t
379,SKHY/USDT,2026-10-05 17:00:00+00,2026-10-05 17:15:41.163199+00,bull,194.93063888,195.63840279,194.97,0.85,15m sweep of hour low then reclaim,t
370,AMD/USDT,2026-10-05 17:00:00+00,2026-10-05 17:15:41.163199+00,bull,630.37666284,632.03334289,630.75,0.85,15m sweep of hour low then reclaim,t
396,COHR/USDT,2026-10-05 17:00:00+00,2026-10-05 17:15:41.163199+00,bull,332.64486593,335.04283518,333.16,0.85,15m sweep of hour low then reclaim,t
387,MU/USDT,2026-10-05 17:00:00+00,2026-10-05 17:15:41.163199+00,bear,1065.58307887,1068.36476845,1067.75,0.85,15m holding below hour open and EMA21,t
378,MSTR/USDT,2026-10-05 17:00:00+00,2026-10-05 17:15:41.163199+00,bear,160.05195572,161.39321771,161.17,0.85,mixed 15m structure — EMA side only,t
369,TSM/USDT,2026-10-05 17:00:00+00,2026-10-05 17:15:41.163199+00,bull,484.08096449,485.26758877,484.3,0.85,15m sweep of hour low then reclaim,t
368,AXTI/USDT,2026-10-05 17:00:00+00,2026-10-05 17:15:41.163199+00,bear,84.32801747,85.33679301,85.14,0.85,mixed 15m structure — EMA side only,t
367,ARM/USDT,2026-10-05 17:00:00+00,2026-10-05 17:15:41.163199+00,bear,299.61365824,301.6425367,301.24,0.85,mixed 15m structure — EMA side only,t
366,BR/USDT,2026-10-05 17:00:00+00,2026-10-05 17:15:41.163199+00,bull,0.40020261,0.41425846,0.40072,0.75,15m sweep of hour low then reclaim,t
365,DELL/USDT,2026-10-05 17:00:00+00,2026-10-05 17:15:41.163199+00,bear,549.28129826,552.2514807,552.02,0.85,mixed 15m structure — EMA side only,t
364,BE/USDT,2026-10-05 17:00:00+00,2026-10-05 17:15:41.163199+00,bear,286.74006998,288.19597201,287.89,0.8,mixed 15m structure — EMA side only,t
363,INTC/USDT,2026-10-05 17:00:00+00,2026-10-05 17:15:41.163199+00,bull,116.88651864,117.49370341,117.01,0.85,15m sweep of hour low then reclaim,t
362,SOXL/USDT,2026-10-05 17:00:00+00,2026-10-05 17:15:41.163199+00,bull,161.81030997,162.89422506,162.01,0.85,15m sweep of hour low then reclaim,t
361,MVLL/USDT,2026-10-05 17:00:00+00,2026-10-05 17:15:41.163199+00,bear,37.35280354,37.80087859,37.71,0.85,mixed 15m structure — EMA side only,t
386,DRAM/USDT,2026-10-05 17:00:00+00,2026-10-05 17:15:41.163199+00,bull,61.84200915,62.04497713,61.84,0.85,15m sweep of hour low then reclaim,t
395,VVV/USDT,2026-10-05 17:00:00+00,2026-10-05 17:15:41.163199+00,bear,27.61932488,27.87507005,27.81,0.85,15m holding below hour open and EMA21,t
372,ZHIPU/USDT,2026-10-05 17:00:00+00,2026-10-05 17:15:41.163199+00,bull,85.4943718,85.75907051,85.57,0.85,15m holding above hour open and EMA21,t
385,QQQ/USDT,2026-10-05 17:00:00+00,2026-10-05 17:15:41.163199+00,bull,753.95322541,754.85193647,754.11,0.85,15m sweep of hour low then reclaim,t
381,RAYSOL/USDT,2026-10-05 17:00:00+00,2026-10-05 17:15:41.163199+00,bull,2.0378185,2.05135376,2.0412,0.85,mixed 15m structure — EMA side only,t
390,KORU/USDT,2026-10-05 17:00:00+00,2026-10-05 17:15:41.163199+00,bull,22.94094629,23.09763429,22.94,0.85,15m sweep of hour low then reclaim,t
399,XAG/USDT,2026-10-05 17:00:00+00,2026-10-05 17:15:41.163199+00,bear,60.90855429,61.10657829,61.08,0.85,mixed 15m structure — EMA side only,t
376,NVDA/USDT,2026-10-05 17:00:00+00,2026-10-05 17:15:41.163199+00,bull,236.88101261,237.36746848,237.02,0.85,15m holding above hour open and EMA21,t
373,AIO/USDT,2026-10-05 17:00:00+00,2026-10-05 17:15:41.163199+00,bull,0.04294716,0.04342209,0.04302,0.85,mixed 15m structure — EMA side only,t
382,MRVL/USDT,2026-10-05 17:00:00+00,2026-10-05 17:15:41.163199+00,bear,270.32562288,272.08575085,271.74,0.85,mixed 15m structure — EMA side only,t
391,TSLA/USDT,2026-10-05 17:00:00+00,2026-10-05 17:15:41.163199+00,bull,378.27069908,379.77325229,378.36,0.85,15m sweep of hour low then reclaim,t
400,AKE/USDT,2026-10-05 17:00:00+00,2026-10-05 17:15:41.163199+00,bear,0.03110858,0.03146757,0.031411,0.85,15m sweep of hour high then reject,t
394,ATH/USDT,2026-10-05 17:00:00+00,2026-10-05 17:15:41.163199+00,bear,0.00735733,0.00741147,0.007408,0.85,15m sweep of hour high then reject,t
398,SKYAI/USDT,2026-10-05 17:00:00+00,2026-10-05 17:15:41.163199+00,bear,0.0353379,0.03601284,0.03602,0.85,15m sweep of hour high then reject,t
389,1000SHIB/USDT,2026-10-05 17:00:00+00,2026-10-05 17:15:41.163199+00,bear,0.00586123,0.00588751,0.005887,0.85,15m sweep of hour high then reject,t
374,SPX/USDT,2026-10-05 17:00:00+00,2026-10-05 17:15:41.163199+00,bear,0.44733829,0.45120468,0.4505,0.85,15m sweep of hour high then reject,t
383,MINIMAX/USDT,2026-10-05 17:00:00+00,2026-10-05 17:15:41.163199+00,bull,31.33445725,31.38885687,31.35,0.85,15m holding above hour open and EMA21,t
392,RKLB/USDT,2026-10-05 17:00:00+00,2026-10-05 17:15:41.163199+00,bear,72.34573401,72.7437064,72.63,0.85,15m holding below hour open and EMA21,t
380,BTW/USDT,2026-10-05 17:00:00+00,2026-10-05 17:15:41.163199+00,bull,1.20240644,1.2247839,1.2017,0.85,15m sweep of hour low then reclaim,t
393,SOXS/USDT,2026-10-05 17:00:00+00,2026-10-05 17:15:41.163199+00,bear,29.84826364,30.08869454,30.05,0.85,15m sweep of hour high then reject,t
375,TQQQ/USDT,2026-10-05 17:00:00+00,2026-10-05 17:15:41.163199+00,bull,82.41439881,82.71400297,82.46,0.85,15m sweep of hour low then reclaim,t
438,SKYAI/USDT,2026-10-05 17:00:00+00,2026-10-05 17:30:43.313176+00,bear,0.03551599,0.03594161,0.03602,0.85,15m sweep of hour high then reject,t
408,AXTI/USDT,2026-10-05 17:00:00+00,2026-10-05 17:30:43.313176+00,bear,84.5117251,85.26330996,85.19,0.85,mixed 15m structure — EMA side only,t
417,SNXX/USDT,2026-10-05 17:00:00+00,2026-10-05 17:30:43.313176+00,bear,16.07318687,16.18872525,16.22,0.85,15m sweep of hour high then reject,t
426,DRAM/USDT,2026-10-05 17:00:00+00,2026-10-05 17:30:43.313176+00,bear,61.88656178,61.97537529,61.96,0.85,15m sweep of hour high then reject,t
407,ARM/USDT,2026-10-05 17:00:00+00,2026-10-05 17:30:43.313176+00,bear,299.98681224,301.3132751,301.24,0.85,mixed 15m structure — EMA side only,t
416,NVDA/USDT,2026-10-05 17:00:00+00,2026-10-05 17:30:43.313176+00,bull,236.93080304,237.24299239,237.02,0.85,15m holding above hour open and EMA21,t
425,QQQ/USDT,2026-10-05 17:00:00+00,2026-10-05 17:30:43.313176+00,bull,754.04881573,754.61296067,754.11,0.85,15m sweep of hour low then reclaim,t
434,ATH/USDT,2026-10-05 17:00:00+00,2026-10-05 17:30:43.313176+00,bull,0.00738587,0.00742133,0.007376,0.85,15m sweep of hour low then reclaim,t
433,SOXS/USDT,2026-10-05 17:00:00+00,2026-10-05 17:30:43.313176+00,bear,29.91182987,30.06326805,30.05,0.85,15m sweep of hour high then reject,t
436,COHR/USDT,2026-10-05 17:00:00+00,2026-10-05 17:30:43.313176+00,bear,332.23810203,334.21675919,334.49,0.85,15m sweep of hour high then reject,t
427,MU/USDT,2026-10-05 17:00:00+00,2026-10-05 17:30:43.313176+00,bear,1066.27917978,1068.08632809,1067.75,0.85,15m sweep of hour high then reject,t
418,MSTR/USDT,2026-10-05 17:00:00+00,2026-10-05 17:30:43.313176+00,bear,160.3244845,161.5242062,161.44,0.85,mixed 15m structure — EMA side only,t
409,TSM/USDT,2026-10-05 17:00:00+00,2026-10-05 17:30:43.313176+00,bull,484.19266373,484.98834067,484.3,0.85,15m sweep of hour low then reclaim,t
435,VVV/USDT,2026-10-05 17:00:00+00,2026-10-05 17:30:43.313176+00,bear,27.68691897,27.84803241,27.81,0.85,15m holding below hour open and EMA21,t
429,1000SHIB/USDT,2026-10-05 17:00:00+00,2026-10-05 17:30:43.313176+00,bear,0.00586824,0.0058847,0.005887,0.85,15m sweep of hour high then reject,t
420,BTW/USDT,2026-10-05 17:00:00+00,2026-10-05 17:30:43.313176+00,bull,1.20479751,1.21880623,1.2017,0.85,15m sweep of hour low then reclaim,t
411,SPCX/USDT,2026-10-05 17:00:00+00,2026-10-05 17:30:43.313176+00,bull,167.54787782,168.04530546,167.53,0.85,15m sweep of hour low then reclaim,t
424,META/USDT,2026-10-05 17:00:00+00,2026-10-05 17:30:43.313176+00,bull,743.72461744,745.8034564,743.44,0.85,15m sweep of hour low then reclaim,t
421,RAYSOL/USDT,2026-10-05 17:00:00+00,2026-10-05 17:30:43.313176+00,bull,2.04014926,2.04977685,2.0412,0.85,15m sweep of hour low then reclaim,t
412,ZHIPU/USDT,2026-10-05 17:00:00+00,2026-10-05 17:30:43.313176+00,bull,85.52113968,85.69215079,85.57,0.85,15m holding above hour open and EMA21,t
403,INTC/USDT,2026-10-05 17:00:00+00,2026-10-05 17:30:43.313176+00,bull,116.75462106,117.34844735,116.87,0.85,mixed 15m structure — EMA side only,t
437,ORCL/USDT,2026-10-05 17:00:00+00,2026-10-05 17:30:43.313176+00,bear,143.47690562,143.87323775,143.83,0.85,15m sweep of hour high then reject,t
428,WDC/USDT,2026-10-05 17:00:00+00,2026-10-05 17:30:43.313176+00,bull,439.39767421,443.52581447,439.75,0.85,mixed 15m structure — EMA side only,t
419,SKHY/USDT,2026-10-05 17:00:00+00,2026-10-05 17:30:43.313176+00,bull,195.0091574,195.46710649,194.97,0.85,15m sweep of hour low then reclaim,t
410,AMD/USDT,2026-10-05 17:00:00+00,2026-10-05 17:30:43.313176+00,bear,630.05477583,631.16808967,631.67,0.85,15m sweep of hour high then reject,t
401,MVLL/USDT,2026-10-05 17:00:00+00,2026-10-05 17:30:43.313176+00,bear,37.42171171,37.64331531,37.71,0.85,15m sweep of hour high then reject,t
404,BE/USDT,2026-10-05 17:00:00+00,2026-10-05 17:30:43.313176+00,bear,287.08840047,287.98663981,287.89,0.85,15m sweep of hour high then reject,t
413,AIO/USDT,2026-10-05 17:00:00+00,2026-10-05 17:30:43.313176+00,bull,0.04296647,0.04329883,0.04302,0.85,mixed 15m structure — EMA side only,t
422,MRVL/USDT,2026-10-05 17:00:00+00,2026-10-05 17:30:43.313176+00,bear,270.58758797,271.43096481,271.74,0.85,15m sweep of hour high then reject,t
431,TSLA/USDT,2026-10-05 17:00:00+00,2026-10-05 17:30:43.313176+00,bull,378.40044229,379.44889428,378.36,0.85,15m sweep of hour low then reclaim,t
440,AKE/USDT,2026-10-05 17:00:00+00,2026-10-05 17:30:43.313176+00,bear,0.03119443,0.03143323,0.031411,0.85,15m sweep of hour high then reject,t
405,DELL/USDT,2026-10-05 17:00:00+00,2026-10-05 17:30:43.313176+00,bear,549.87388702,552.20444519,552.02,0.85,mixed 15m structure — EMA side only,t
414,SPX/USDT,2026-10-05 17:00:00+00,2026-10-05 17:30:43.313176+00,bear,0.44833001,0.450808,0.4505,0.85,15m holding below hour open and EMA21,t
423,MINIMAX/USDT,2026-10-05 17:00:00+00,2026-10-05 17:30:43.313176+00,bull,31.34000687,31.37498282,31.35,0.85,15m holding above hour open and EMA21,t
415,TQQQ/USDT,2026-10-05 17:00:00+00,2026-10-05 17:30:43.313176+00,bull,82.4458945,82.63526375,82.46,0.85,15m sweep of hour low then reclaim,t
432,RKLB/USDT,2026-10-05 17:00:00+00,2026-10-05 17:30:43.313176+00,bear,72.45170438,72.70131825,72.63,0.85,15m holding below hour open and EMA21,t
406,BR/USDT,2026-10-05 17:00:00+00,2026-10-05 17:30:43.313176+00,bear,0.40488549,0.41007181,0.40983,0.85,15m sweep of hour high then reject,t
430,KORU/USDT,2026-10-05 17:00:00+00,2026-10-05 17:30:43.313176+00,bull,22.89452389,23.06369027,22.91,0.85,mixed 15m structure — EMA side only,t
439,XAG/USDT,2026-10-05 17:00:00+00,2026-10-05 17:30:43.313176+00,bear,60.96058122,61.08576751,61.08,0.85,15m sweep of hour high then reject,t
402,SOXL/USDT,2026-10-05 17:00:00+00,2026-10-05 17:30:43.313176+00,bull,161.92382998,162.61042504,162.01,0.85,15m sweep of hour low then reclaim,t
441,MVLL/USDT,2026-10-05 17:00:00+00,2026-10-05 17:45:44.149814+00,bear,37.50279472,37.61088211,37.71,0.85,15m sweep of hour high then reject,t
478,SKYAI/USDT,2026-10-05 17:00:00+00,2026-10-05 17:45:44.149814+00,bear,0.0356756,0.03587776,0.03602,0.85,15m sweep of hour high then reject,t
469,1000SHIB/USDT,2026-10-05 17:00:00+00,2026-10-05 17:45:44.149814+00,bear,0.00587403,0.00588339,0.005893,0.85,15m sweep of hour high then reject,t
460,BTW/USDT,2026-10-05 17:00:00+00,2026-10-05 17:45:44.149814+00,bull,1.20687299,1.21361753,1.2017,0.85,15m sweep of hour low then reclaim,t
476,COHR/USDT,2026-10-05 17:00:00+00,2026-10-05 17:45:44.149814+00,bull,333.11217609,333.87455977,333.16,0.85,15m sweep of hour low then reclaim,t
467,MU/USDT,2026-10-05 17:00:00+00,2026-10-05 17:45:44.149814+00,bear,1066.95420847,1067.81631661,1067.75,0.85,15m sweep of hour high then reject,t
458,MSTR/USDT,2026-10-05 17:00:00+00,2026-10-05 17:45:44.149814+00,bear,160.58156423,161.43137431,161.46,0.85,mixed 15m structure — EMA side only,t
475,VVV/USDT,2026-10-05 17:00:00+00,2026-10-05 17:45:44.149814+00,bear,27.74627131,27.82429148,27.81,0.85,15m sweep of hour high then reject,t
466,DRAM/USDT,2026-10-05 17:00:00+00,2026-10-05 17:45:44.149814+00,bull,61.84747576,61.9813106,61.78,0.85,15m sweep of hour low then reclaim,t
457,SNXX/USDT,2026-10-05 17:00:00+00,2026-10-05 17:45:44.149814+00,bear,16.09640819,16.24943672,16.25,0.85,mixed 15m structure — EMA side only,t
474,ATH/USDT,2026-10-05 17:00:00+00,2026-10-05 17:45:44.149814+00,bear,0.00738403,0.00740579,0.007411,0.85,15m sweep of hour high then reject,t
465,QQQ/USDT,2026-10-05 17:00:00+00,2026-10-05 17:45:44.149814+00,bull,754.12578587,754.42053531,754.11,0.85,15m sweep of hour low then reclaim,t
456,NVDA/USDT,2026-10-05 17:00:00+00,2026-10-05 17:45:44.149814+00,bull,236.97468713,237.13328218,237.02,0.85,15m holding above hour open and EMA21,t
473,SOXS/USDT,2026-10-05 17:00:00+00,2026-10-05 17:45:44.149814+00,bear,29.96536744,30.04185302,30.05,0.85,15m sweep of hour high then reject,t
464,META/USDT,2026-10-05 17:00:00+00,2026-10-05 17:45:44.149814+00,bull,744.64380096,745.33049761,743.44,0.85,15m sweep of hour low then reclaim,t
455,TQQQ/USDT,2026-10-05 17:00:00+00,2026-10-05 17:45:44.149814+00,bull,82.47135102,82.57162245,82.46,0.85,15m sweep of hour low then reclaim,t
472,RKLB/USDT,2026-10-05 17:00:00+00,2026-10-05 17:45:44.149814+00,bear,72.53004132,72.66998347,72.69,0.85,15m sweep of hour high then reject,t
463,MINIMAX/USDT,2026-10-05 17:00:00+00,2026-10-05 17:45:44.149814+00,bull,31.34526748,31.36183131,31.35,0.85,15m holding above hour open and EMA21,t
454,SPX/USDT,2026-10-05 17:00:00+00,2026-10-05 17:45:44.149814+00,bull,0.44974622,0.45098446,0.4484,0.85,15m sweep of hour low then reclaim,t
480,AKE/USDT,2026-10-05 17:00:00+00,2026-10-05 17:45:44.149814+00,bear,0.03128286,0.03139786,0.031411,0.85,15m sweep of hour high then reject,t
471,TSLA/USDT,2026-10-05 17:00:00+00,2026-10-05 17:45:44.149814+00,bull,378.55349106,379.06627234,378.36,0.85,15m sweep of hour low then reclaim,t
462,MRVL/USDT,2026-10-05 17:00:00+00,2026-10-05 17:45:44.149814+00,bear,270.89684442,271.30726223,271.74,0.85,15m sweep of hour high then reject,t
453,AIO/USDT,2026-10-05 17:00:00+00,2026-10-05 17:45:44.149814+00,bull,0.04304862,0.04319346,0.04302,0.85,15m sweep of hour low then reclaim,t
479,XAG/USDT,2026-10-05 17:00:00+00,2026-10-05 17:45:44.149814+00,bear,61.00801985,61.06679206,61.08,0.85,15m sweep of hour high then reject,t
470,KORU/USDT,2026-10-05 17:00:00+00,2026-10-05 17:45:44.149814+00,bull,22.96733609,23.03165977,22.91,0.85,15m sweep of hour low then reclaim,t
461,RAYSOL/USDT,2026-10-05 17:00:00+00,2026-10-05 17:45:44.149814+00,bull,2.04158201,2.04619497,2.0412,0.85,15m sweep of hour low then reclaim,t
452,ZHIPU/USDT,2026-10-05 17:00:00+00,2026-10-05 17:45:44.149814+00,bull,85.54582914,85.63042715,85.57,0.85,15m holding above hour open and EMA21,t
477,ORCL/USDT,2026-10-05 17:00:00+00,2026-10-05 17:45:44.149814+00,bull,143.70194676,143.9051331,143.46,0.85,15m sweep of hour low then reclaim,t
468,WDC/USDT,2026-10-05 17:00:00+00,2026-10-05 17:45:44.149814+00,bull,440.82060588,442.66848529,439.75,0.85,15m sweep of hour low then reclaim,t
459,SKHY/USDT,2026-10-05 17:00:00+00,2026-10-05 17:45:44.149814+00,bull,195.07609451,195.29976373,194.97,0.85,15m sweep of hour low then reclaim,t
450,AMD/USDT,2026-10-05 17:00:00+00,2026-10-05 17:45:44.149814+00,bull,630.69005837,631.24985408,630.32,0.85,15m sweep of hour low then reclaim,t
451,SPCX/USDT,2026-10-05 17:00:00+00,2026-10-05 17:45:44.149814+00,bull,167.62225041,167.85937396,167.53,0.85,15m sweep of hour low then reclaim,t
449,TSM/USDT,2026-10-05 17:00:00+00,2026-10-05 17:45:44.149814+00,bull,484.31250102,484.68874745,484.3,0.85,15m sweep of hour low then reclaim,t
448,AXTI/USDT,2026-10-05 17:00:00+00,2026-10-05 17:45:44.149814+00,bull,84.75327752,84.9868062,84.8,0.85,15m sweep of hour low then reclaim,t
447,ARM/USDT,2026-10-05 17:00:00+00,2026-10-05 17:45:44.149814+00,bear,300.31325211,300.74269915,301.24,0.85,15m sweep of hour high then reject,t
446,BR/USDT,2026-10-05 17:00:00+00,2026-10-05 17:45:44.149814+00,bull,0.40758408,0.41110481,0.39826,0.85,15m sweep of hour low then reclaim,t
445,DELL/USDT,2026-10-05 17:00:00+00,2026-10-05 17:45:44.149814+00,bear,550.3933404,551.65666384,552.02,0.85,15m sweep of hour high then reject,t
444,BE/USDT,2026-10-05 17:00:00+00,2026-10-05 17:45:44.149814+00,bear,287.41215022,288.17713991,288.17,0.85,mixed 15m structure — EMA side only,t
443,INTC/USDT,2026-10-05 17:00:00+00,2026-10-05 17:45:44.149814+00,bull,117.00318121,117.20204698,116.87,0.85,15m sweep of hour low then reclaim,t
442,SOXL/USDT,2026-10-05 17:00:00+00,2026-10-05 17:45:44.149814+00,bull,162.01861392,162.3734652,162.01,0.85,15m sweep of hour low then reclaim,t
498,MSTR/USDT,2026-10-05 18:00:00+00,2026-10-05 18:00:46.760785+00,bull,162.17009543,163.63476143,162.53,0.8,mixed 15m structure — EMA side only,t
507,MU/USDT,2026-10-05 18:00:00+00,2026-10-05 18:00:46.760785+00,bear,1060.15713146,1063.85714742,1062.94,0.85,15m holding below hour open and EMA21,t
516,COHR/USDT,2026-10-05 18:00:00+00,2026-10-05 18:00:46.760785+00,bull,333.78753977,336.70115058,334.58,0.85,15m holding above hour open and EMA21,t
493,AIO/USDT,2026-10-05 18:00:00+00,2026-10-05 18:00:46.760785+00,bull,0.04344404,0.04404491,0.04352,0.85,15m sweep of hour low then reclaim,t
484,BE/USDT,2026-10-05 18:00:00+00,2026-10-05 18:00:46.760785+00,bull,288.64022318,290.45944205,289.15,0.85,15m holding above hour open and EMA21,t
518,SKYAI/USDT,2026-10-05 18:00:00+00,2026-10-05 18:00:46.760785+00,bear,0.03496252,0.03582899,0.03562,0.85,mixed 15m structure — EMA side only,t
509,1000SHIB/USDT,2026-10-05 18:00:00+00,2026-10-05 18:00:46.760785+00,bear,0.00585826,0.00589009,0.005881,0.85,15m holding below hour open and EMA21,t
500,BTW/USDT,2026-10-05 18:00:00+00,2026-10-05 18:00:46.760785+00,bull,1.24790824,1.28197941,1.2562,0.85,mixed 15m structure — EMA side only,t
491,SPCX/USDT,2026-10-05 18:00:00+00,2026-10-05 18:00:46.760785+00,bull,168.00941582,169.12646044,168.25,0.85,mixed 15m structure — EMA side only,t
482,SOXL/USDT,2026-10-05 18:00:00+00,2026-10-05 18:00:46.760785+00,bull,163.04636599,164.40908502,163.33,0.8,mixed 15m structure — EMA side only,t
517,ORCL/USDT,2026-10-05 18:00:00+00,2026-10-05 18:00:46.760785+00,bull,143.61508796,144.4022801,143.82,0.85,15m holding above hour open and EMA21,t
508,WDC/USDT,2026-10-05 18:00:00+00,2026-10-05 18:00:46.760785+00,bull,439.96362186,444.35594535,441.08,0.85,mixed 15m structure — EMA side only,t
499,SKHY/USDT,2026-10-05 18:00:00+00,2026-10-05 18:00:46.760785+00,bull,194.40363675,195.37090813,194.66,0.85,15m holding above hour open and EMA21,t
490,AMD/USDT,2026-10-05 18:00:00+00,2026-10-05 18:00:46.760785+00,bull,630.9692168,633.33695801,631.37,0.8,mixed 15m structure — EMA side only,t
481,MVLL/USDT,2026-10-05 18:00:00+00,2026-10-05 18:00:46.760785+00,bear,36.95766612,37.36693355,37.26,0.85,15m holding below hour open and EMA21,t
514,ATH/USDT,2026-10-05 18:00:00+00,2026-10-05 18:00:46.760785+00,bear,0.0073478,0.00741608,0.007401,0.85,mixed 15m structure — EMA side only,t
505,QQQ/USDT,2026-10-05 18:00:00+00,2026-10-05 18:00:46.760785+00,bull,754.87123325,756.15191688,755.19,0.85,mixed 15m structure — EMA side only,t
496,NVDA/USDT,2026-10-05 18:00:00+00,2026-10-05 18:00:46.760785+00,bull,237.65055219,238.27861953,237.79,0.85,15m holding above hour open and EMA21,t
487,ARM/USDT,2026-10-05 18:00:00+00,2026-10-05 18:00:46.760785+00,bear,299.60836499,301.254654,300.79,0.85,mixed 15m structure — EMA side only,t
486,BR/USDT,2026-10-05 18:00:00+00,2026-10-05 18:00:46.760785+00,bull,0.40897403,0.42393994,0.41196,0.85,15m sweep of hour low then reclaim,t
512,RKLB/USDT,2026-10-05 18:00:00+00,2026-10-05 18:00:46.760785+00,bear,72.26851062,72.80259575,72.68,0.85,15m holding below hour open and EMA21,t
503,MINIMAX/USDT,2026-10-05 18:00:00+00,2026-10-05 18:00:46.760785+00,bull,31.3716792,31.44580201,31.38,0.85,15m sweep of hour low then reclaim,t
494,SPX/USDT,2026-10-05 18:00:00+00,2026-10-05 18:00:46.760785+00,bear,0.44731272,0.45225491,0.4509,0.8,mixed 15m structure — EMA side only,t
485,DELL/USDT,2026-10-05 18:00:00+00,2026-10-05 18:00:46.760785+00,bear,549.04983578,552.03006569,551.31,0.85,mixed 15m structure — EMA side only,t
495,TQQQ/USDT,2026-10-05 18:00:00+00,2026-10-05 18:00:46.760785+00,bull,82.70764664,83.1208834,82.79,0.85,mixed 15m structure — EMA side only,t
504,META/USDT,2026-10-05 18:00:00+00,2026-10-05 18:00:46.760785+00,bull,742.69920355,745.50199113,743.45,0.85,15m holding above hour open and EMA21,t
513,SOXS/USDT,2026-10-05 18:00:00+00,2026-10-05 18:00:46.760785+00,bear,29.57429335,29.88228266,29.8,0.8,mixed 15m structure — EMA side only,t
515,VVV/USDT,2026-10-05 18:00:00+00,2026-10-05 18:00:46.760785+00,bear,27.48792201,27.7834312,27.701,0.85,15m holding below hour open and EMA21,t
506,DRAM/USDT,2026-10-05 18:00:00+00,2026-10-05 18:00:46.760785+00,bear,61.65534633,61.82986147,61.79,0.8,mixed 15m structure — EMA side only,t
497,SNXX/USDT,2026-10-05 18:00:00+00,2026-10-05 18:00:46.760785+00,bear,16.11865899,16.24653641,16.21,0.85,mixed 15m structure — EMA side only,t
488,AXTI/USDT,2026-10-05 18:00:00+00,2026-10-05 18:00:46.760785+00,bull,86.03214507,86.93463732,86.26,0.85,15m holding above hour open and EMA21,t
483,INTC/USDT,2026-10-05 18:00:00+00,2026-10-05 18:00:46.760785+00,bull,116.87487305,117.65781737,117.08,0.8,mixed 15m structure — EMA side only,t
492,ZHIPU/USDT,2026-10-05 18:00:00+00,2026-10-05 18:00:46.760785+00,bull,85.68910823,86.00722943,85.76,0.85,15m holding above hour open and EMA21,t
501,RAYSOL/USDT,2026-10-05 18:00:00+00,2026-10-05 18:00:46.760785+00,bull,2.09801633,2.11895916,2.1017,0.85,15m holding above hour open and EMA21,t
520,AKE/USDT,2026-10-05 18:00:00+00,2026-10-05 18:00:46.760785+00,bear,0.0305888,0.03104568,0.03092,0.85,mixed 15m structure — EMA side only,t
511,TSLA/USDT,2026-10-05 18:00:00+00,2026-10-05 18:00:46.760785+00,bull,379.10759538,381.33101156,379.68,0.85,mixed 15m structure — EMA side only,t
502,MRVL/USDT,2026-10-05 18:00:00+00,2026-10-05 18:00:46.760785+00,bear,268.96070783,270.51371687,270.12,0.85,15m holding below hour open and EMA21,t
510,KORU/USDT,2026-10-05 18:00:00+00,2026-10-05 18:00:46.760785+00,bull,22.94221977,23.10945057,22.99,0.85,15m holding above hour open and EMA21,t
519,XAG/USDT,2026-10-05 18:00:00+00,2026-10-05 18:00:46.760785+00,bear,60.93293089,61.19682764,61.14,0.85,mixed 15m structure — EMA side only,t
489,TSM/USDT,2026-10-05 18:00:00+00,2026-10-05 18:00:46.760785+00,bull,486.03251807,487.55370482,486.45,0.85,mixed 15m structure — EMA side only,t
524,BE/USDT,2026-10-05 18:00:00+00,2026-10-05 18:15:49.328133+00,bear,288.17842428,289.55263029,289.33,0.85,15m sweep of hour high then reject,t
560,AKE/USDT,2026-10-05 18:00:00+00,2026-10-05 18:15:49.328133+00,bear,0.03066273,0.03099911,0.03092,0.85,15m sweep of hour high then reject,t
531,SPCX/USDT,2026-10-05 18:00:00+00,2026-10-05 18:15:49.328133+00,bull,167.58762888,168.9559278,167.78,0.85,mixed 15m structure — EMA side only,t
554,ATH/USDT,2026-10-05 18:00:00+00,2026-10-05 18:15:49.328133+00,bear,0.00736027,0.00740609,0.007401,0.85,15m sweep of hour high then reject,t
540,BTW/USDT,2026-10-05 18:00:00+00,2026-10-05 18:15:49.328133+00,bull,1.24697409,1.27556477,1.253,0.85,mixed 15m structure — EMA side only,t
549,1000SHIB/USDT,2026-10-05 18:00:00+00,2026-10-05 18:15:49.328133+00,bear,0.00586454,0.00588758,0.005883,0.85,mixed 15m structure — EMA side only,t
534,SPX/USDT,2026-10-05 18:00:00+00,2026-10-05 18:15:49.328133+00,bull,0.4496004,0.453449,0.4507,0.85,15m holding above hour open and EMA21,t
543,MINIMAX/USDT,2026-10-05 18:00:00+00,2026-10-05 18:15:49.328133+00,bull,31.3669623,31.43259426,31.38,0.8,mixed 15m structure — EMA side only,t
555,VVV/USDT,2026-10-05 18:00:00+00,2026-10-05 18:15:49.328133+00,bear,27.5471939,27.82072244,27.766,0.85,mixed 15m structure — EMA side only,t
535,TQQQ/USDT,2026-10-05 18:00:00+00,2026-10-05 18:15:49.328133+00,bull,82.75119677,83.03700808,82.79,0.85,mixed 15m structure — EMA side only,t
544,META/USDT,2026-10-05 18:00:00+00,2026-10-05 18:15:49.328133+00,bull,742.36335961,744.94160097,742.94,0.85,mixed 15m structure — EMA side only,t
556,COHR/USDT,2026-10-05 18:00:00+00,2026-10-05 18:15:49.328133+00,bull,333.63102948,336.1174263,334.18,0.85,mixed 15m structure — EMA side only,t
536,NVDA/USDT,2026-10-05 18:00:00+00,2026-10-05 18:15:49.328133+00,bull,237.6866417,238.18839575,237.79,0.85,15m sweep of hour low then reclaim,t
545,QQQ/USDT,2026-10-05 18:00:00+00,2026-10-05 18:15:49.328133+00,bull,755.09741601,755.91145997,755.19,0.85,15m holding above hour open and EMA21,t
553,SOXS/USDT,2026-10-05 18:00:00+00,2026-10-05 18:15:49.328133+00,bear,29.6339543,29.88841828,29.84,0.8,mixed 15m structure — EMA side only,t
557,ORCL/USDT,2026-10-05 18:00:00+00,2026-10-05 18:15:49.328133+00,bear,143.43239421,144.00304231,143.87,0.85,15m sweep of hour high then reject,t
537,SNXX/USDT,2026-10-05 18:00:00+00,2026-10-05 18:15:49.328133+00,bear,16.14011965,16.23795214,16.21,0.85,15m holding below hour open and EMA21,t
546,DRAM/USDT,2026-10-05 18:00:00+00,2026-10-05 18:15:49.328133+00,bull,61.74388219,61.87029452,61.77,0.85,15m sweep of hour low then reclaim,t
558,SKYAI/USDT,2026-10-05 18:00:00+00,2026-10-05 18:15:49.328133+00,bear,0.03510783,0.03567087,0.03562,0.85,15m sweep of hour high then reject,t
538,MSTR/USDT,2026-10-05 18:00:00+00,2026-10-05 18:15:49.328133+00,bull,162.34539503,163.34651242,162.53,0.8,mixed 15m structure — EMA side only,t
547,MU/USDT,2026-10-05 18:00:00+00,2026-10-05 18:15:49.328133+00,bear,1060.89884155,1064.29046338,1063.61,0.85,mixed 15m structure — EMA side only,t
559,XAG/USDT,2026-10-05 18:00:00+00,2026-10-05 18:15:49.328133+00,bear,60.98155901,61.1773764,61.16,0.85,mixed 15m structure — EMA side only,t
541,RAYSOL/USDT,2026-10-05 18:00:00+00,2026-10-05 18:15:49.328133+00,bull,2.09851238,2.11771906,2.1017,0.85,15m sweep of hour low then reclaim,t
550,KORU/USDT,2026-10-05 18:00:00+00,2026-10-05 18:15:49.328133+00,bull,22.94644591,23.07388522,22.98,0.85,mixed 15m structure — EMA side only,t
542,MRVL/USDT,2026-10-05 18:00:00+00,2026-10-05 18:15:49.328133+00,bear,269.26960009,270.58015996,270.32,0.85,mixed 15m structure — EMA side only,t
551,TSLA/USDT,2026-10-05 18:00:00+00,2026-10-05 18:15:49.328133+00,bull,378.91049678,380.92375805,379.29,0.85,mixed 15m structure — EMA side only,t
521,MVLL/USDT,2026-10-05 18:00:00+00,2026-10-05 18:15:49.328133+00,bear,37.04292819,37.36282872,37.29,0.85,mixed 15m structure — EMA side only,t
522,SOXL/USDT,2026-10-05 18:00:00+00,2026-10-05 18:15:49.328133+00,bull,162.85391203,164.14021992,163.11,0.85,mixed 15m structure — EMA side only,t
523,INTC/USDT,2026-10-05 18:00:00+00,2026-10-05 18:15:49.328133+00,bull,116.76544373,117.50639067,116.92,0.85,mixed 15m structure — EMA side only,t
525,DELL/USDT,2026-10-05 18:00:00+00,2026-10-05 18:15:49.328133+00,bear,549.57263563,551.98094575,551.65,0.85,mixed 15m structure — EMA side only,t
526,BR/USDT,2026-10-05 18:00:00+00,2026-10-05 18:15:49.328133+00,bull,0.40989323,0.42164192,0.41196,0.85,15m sweep of hour low then reclaim,t
527,ARM/USDT,2026-10-05 18:00:00+00,2026-10-05 18:15:49.328133+00,bear,299.94150419,301.40139832,301.07,0.85,mixed 15m structure — EMA side only,t
528,AXTI/USDT,2026-10-05 18:00:00+00,2026-10-05 18:15:49.328133+00,bull,85.74621532,86.77446171,85.86,0.85,mixed 15m structure — EMA side only,t
529,TSM/USDT,2026-10-05 18:00:00+00,2026-10-05 18:15:49.328133+00,bull,485.87117508,487.25706229,486.16,0.85,mixed 15m structure — EMA side only,t
532,ZHIPU/USDT,2026-10-05 18:00:00+00,2026-10-05 18:15:49.328133+00,bull,85.71140752,85.95148121,85.76,0.85,15m sweep of hour low then reclaim,t
533,AIO/USDT,2026-10-05 18:00:00+00,2026-10-05 18:15:49.328133+00,bull,0.04336052,0.04392871,0.04347,0.85,mixed 15m structure — EMA side only,t
530,AMD/USDT,2026-10-05 18:00:00+00,2026-10-05 18:15:49.328133+00,bull,630.77265455,632.90336361,631.15,0.85,mixed 15m structure — EMA side only,t
539,SKHY/USDT,2026-10-05 18:00:00+00,2026-10-05 18:15:49.328133+00,bull,194.48391131,195.17022174,194.66,0.85,15m sweep of hour low then reclaim,t
548,WDC/USDT,2026-10-05 18:00:00+00,2026-10-05 18:15:49.328133+00,bull,440.40596522,443.67508694,441.08,0.85,15m sweep of hour low then reclaim,t
552,RKLB/USDT,2026-10-05 18:00:00+00,2026-10-05 18:15:49.328133+00,bear,72.37665918,72.83933633,72.75,0.85,mixed 15m structure — EMA side only,t
596,CBRS/USDT,2026-10-05 18:00:00+00,2026-10-05 18:30:48.574417+00,bear,179.40124601,180.4215016,180.23,0.85,15m sweep of hour high then reject,t
562,INTC/USDT,2026-10-05 18:00:00+00,2026-10-05 18:30:48.574417+00,bull,117.01782231,117.37544422,116.92,0.85,15m sweep of hour low then reclaim,t
585,QQQ/USDT,2026-10-05 18:00:00+00,2026-10-05 18:30:48.574417+00,bull,755.17821944,755.70945141,755.19,0.85,15m sweep of hour low then reclaim,t
578,NVDA/USDT,2026-10-05 18:00:00+00,2026-10-05 18:30:48.574417+00,bull,237.7336401,238.07089975,237.79,0.85,15m sweep of hour low then reclaim,t
588,WDC/USDT,2026-10-05 18:00:00+00,2026-10-05 18:30:48.574417+00,bull,440.71480228,442.9029943,441.08,0.85,15m sweep of hour low then reclaim,t
571,ZHIPU/USDT,2026-10-05 18:00:00+00,2026-10-05 18:30:48.574417+00,bull,85.73549513,85.89126218,85.76,0.85,15m sweep of hour low then reclaim,t
565,DELL/USDT,2026-10-05 18:00:00+00,2026-10-05 18:30:48.574417+00,bear,550.0244292,552.44022832,552.22,0.85,mixed 15m structure — EMA side only,t
580,RAYSOL/USDT,2026-10-05 18:00:00+00,2026-10-05 18:30:48.574417+00,bull,2.10049704,2.11275739,2.1017,0.85,15m sweep of hour low then reclaim,t
567,ARM/USDT,2026-10-05 18:00:00+00,2026-10-05 18:30:48.574417+00,bear,300.18237164,302.77505134,302.68,0.85,mixed 15m structure — EMA side only,t
566,BR/USDT,2026-10-05 18:00:00+00,2026-10-05 18:30:48.574417+00,bull,0.4110693,0.41870175,0.41196,0.85,15m sweep of hour low then reclaim,t
561,MVLL/USDT,2026-10-05 18:00:00+00,2026-10-05 18:30:48.574417+00,bear,37.1115984,37.55536064,37.5,0.85,mixed 15m structure — EMA side only,t
589,TSLA/USDT,2026-10-05 18:00:00+00,2026-10-05 18:30:48.574417+00,bull,379.62476944,380.58807641,379.29,0.85,15m sweep of hour low then reclaim,t
564,BE/USDT,2026-10-05 18:00:00+00,2026-10-05 18:30:48.574417+00,bear,288.53935789,289.40825684,289.33,0.85,15m sweep of hour high then reject,t
563,AXTI/USDT,2026-10-05 18:00:00+00,2026-10-05 18:30:48.574417+00,bull,85.62650948,86.59872629,85.75,0.85,mixed 15m structure — EMA side only,t
598,SKYAI/USDT,2026-10-05 18:00:00+00,2026-10-05 18:30:48.574417+00,bear,0.035242,0.0356172,0.03562,0.85,15m sweep of hour high then reject,t
572,TQQQ/USDT,2026-10-05 18:00:00+00,2026-10-05 18:30:48.574417+00,bull,82.78768848,82.97077881,82.79,0.85,15m sweep of hour low then reclaim,t
581,MINIMAX/USDT,2026-10-05 18:00:00+00,2026-10-05 18:30:48.574417+00,bull,31.33118618,31.42203454,31.34,0.8,mixed 15m structure — EMA side only,t
569,SPCX/USDT,2026-10-05 18:00:00+00,2026-10-05 18:30:48.574417+00,bull,167.14227978,168.79430055,167.12,0.85,15m sweep of hour low then reclaim,t
568,AIO/USDT,2026-10-05 18:00:00+00,2026-10-05 18:30:48.574417+00,bull,0.04327343,0.04382141,0.04334,0.85,mixed 15m structure — EMA side only,t
587,DRAM/USDT,2026-10-05 18:00:00+00,2026-10-05 18:30:48.574417+00,bear,61.72224625,61.8131015,61.83,0.85,15m sweep of hour high then reject,t
570,TSM/USDT,2026-10-05 18:00:00+00,2026-10-05 18:30:48.574417+00,bull,486.30179886,487.03050284,486.16,0.85,15m sweep of hour low then reclaim,t
577,SNXX/USDT,2026-10-05 18:00:00+00,2026-10-05 18:30:48.574417+00,bear,16.16534788,16.22786085,16.21,0.85,15m holding below hour open and EMA21,t
576,SKHY/USDT,2026-10-05 18:00:00+00,2026-10-05 18:30:48.574417+00,bull,194.49211176,194.9997206,194.45,0.85,15m sweep of hour low then reclaim,t
597,1000SHIB/USDT,2026-10-05 18:00:00+00,2026-10-05 18:30:48.574417+00,bear,0.00587016,0.00588534,0.005883,0.85,15m sweep of hour high then reject,t
590,KORU/USDT,2026-10-05 18:00:00+00,2026-10-05 18:30:48.574417+00,bull,22.96811414,23.04471466,22.98,0.85,15m sweep of hour low then reclaim,t
599,COIN/USDT,2026-10-05 18:00:00+00,2026-10-05 18:30:48.574417+00,bull,185.90590714,186.69023215,185.53,0.85,15m sweep of hour low then reclaim,t
573,AMD/USDT,2026-10-05 18:00:00+00,2026-10-05 18:30:48.574417+00,bull,631.08387663,632.50030843,631.15,0.85,mixed 15m structure — EMA side only,t
582,MU/USDT,2026-10-05 18:00:00+00,2026-10-05 18:30:48.574417+00,bear,1061.57341382,1064.68063447,1064.6,0.85,mixed 15m structure — EMA side only,t
591,ATH/USDT,2026-10-05 18:00:00+00,2026-10-05 18:30:48.574417+00,bear,0.00737218,0.00740133,0.007401,0.85,15m sweep of hour high then reject,t
586,COHR/USDT,2026-10-05 18:00:00+00,2026-10-05 18:30:48.574417+00,bear,333.6772361,334.99710556,334.87,0.85,15m sweep of hour high then reject,t
600,XPT/USDT,2026-10-05 18:00:00+00,2026-10-05 18:30:48.574417+00,bull,1718.86286072,1722.84284819,1720,0.85,15m holding above hour open and EMA21,t
574,SOXL/USDT,2026-10-05 18:00:00+00,2026-10-05 18:30:48.574417+00,bull,163.26460269,163.91349329,163.11,0.85,15m sweep of hour low then reclaim,t
583,META/USDT,2026-10-05 18:00:00+00,2026-10-05 18:30:48.574417+00,bull,743.13151786,744.42120536,742.94,0.85,15m sweep of hour low then reclaim,t
592,ORCL/USDT,2026-10-05 18:00:00+00,2026-10-05 18:30:48.574417+00,bull,143.71535476,144.10161311,143.62,0.85,15m sweep of hour low then reclaim,t
575,MSTR/USDT,2026-10-05 18:00:00+00,2026-10-05 18:30:48.574417+00,bull,162.47347788,163.12630531,162.53,0.85,15m sweep of hour low then reclaim,t
584,MRVL/USDT,2026-10-05 18:00:00+00,2026-10-05 18:30:48.574417+00,bear,269.53783577,271.23286569,271.05,0.85,mixed 15m structure — EMA side only,t
593,SOXS/USDT,2026-10-05 18:00:00+00,2026-10-05 18:30:48.574417+00,bear,29.68262647,29.81894941,29.84,0.85,15m sweep of hour high then reject,t
594,RKLB/USDT,2026-10-05 18:00:00+00,2026-10-05 18:30:48.574417+00,bear,72.4747533,72.72009868,72.75,0.85,15m sweep of hour high then reject,t
579,BTW/USDT,2026-10-05 18:00:00+00,2026-10-05 18:30:48.574417+00,bull,1.25450472,1.26998819,1.253,0.85,15m sweep of hour low then reclaim,t
595,VVV/USDT,2026-10-05 18:00:00+00,2026-10-05 18:30:48.574417+00,bear,27.59360336,28.01115865,28.006,0.85,mixed 15m structure — EMA side only,t
620,WDC/USDT,2026-10-05 19:00:00+00,2026-10-05 19:04:49.207483+00,bull,436.87533319,441.12666701,437.79,0.85,15m sweep of hour low then reclaim,t
626,QQQ/USDT,2026-10-05 19:00:00+00,2026-10-05 19:04:49.207483+00,bull,755.55024652,756.5293837,755.83,0.85,15m holding above hour open and EMA21,t
622,MINIMAX/USDT,2026-10-05 19:00:00+00,2026-10-05 19:04:49.207483+00,bull,31.34281776,31.42295559,31.35,0.85,15m sweep of hour low then reclaim,t
618,SNXX/USDT,2026-10-05 19:00:00+00,2026-10-05 19:04:49.207483+00,bear,15.63913135,15.79434746,15.75,0.85,mixed 15m structure — EMA side only,t
614,SOXL/USDT,2026-10-05 19:00:00+00,2026-10-05 19:04:49.207483+00,bull,162.19765575,163.53586062,162.43,0.85,15m sweep of hour low then reclaim,t
610,TSM/USDT,2026-10-05 19:00:00+00,2026-10-05 19:04:49.207483+00,bull,486.17115817,487.56710458,486.48,0.85,15m sweep of hour low then reclaim,t
637,1000SHIB/USDT,2026-10-05 19:00:00+00,2026-10-05 19:04:49.207483+00,bear,0.00585974,0.0058867,0.005879,0.85,15m holding below hour open and EMA21,t
633,VVV/USDT,2026-10-05 19:00:00+00,2026-10-05 19:04:49.207483+00,bear,27.72338542,27.99164583,27.94,0.85,15m sweep of hour high then reject,t
616,BTW/USDT,2026-10-05 19:00:00+00,2026-10-05 19:04:49.207483+00,bull,1.25643103,1.28352242,1.2621,0.85,mixed 15m structure — EMA side only,t
631,KORU/USDT,2026-10-05 19:00:00+00,2026-10-05 19:04:49.207483+00,bear,22.70971164,22.90411534,22.88,0.85,mixed 15m structure — EMA side only,t
629,DRAM/USDT,2026-10-05 19:00:00+00,2026-10-05 19:04:49.207483+00,bear,61.40231539,61.71107384,61.66,0.85,mixed 15m structure — EMA side only,t
625,MU/USDT,2026-10-05 19:00:00+00,2026-10-05 19:04:49.207483+00,bear,1056.76192319,1061.91923072,1061.09,0.85,mixed 15m structure — EMA side only,t
621,NVDA/USDT,2026-10-05 19:00:00+00,2026-10-05 19:04:49.207483+00,bull,239.43570454,240.15073864,239.55,0.85,15m sweep of hour low then reclaim,t
617,RAYSOL/USDT,2026-10-05 19:00:00+00,2026-10-05 19:04:49.207483+00,bull,2.14027436,2.16381409,2.1468,0.85,15m sweep of hour low then reclaim,t
612,TQQQ/USDT,2026-10-05 19:00:00+00,2026-10-05 19:04:49.207483+00,bull,82.92367002,83.26082495,83.02,0.85,15m holding above hour open and EMA21,t
639,QCOM/USDT,2026-10-05 19:00:00+00,2026-10-05 19:04:49.207483+00,bear,180.38847475,181.9086101,181.57,0.85,mixed 15m structure — EMA side only,t
627,COHR/USDT,2026-10-05 19:00:00+00,2026-10-05 19:04:49.207483+00,bear,330.76382287,333.56647085,332.9,0.85,mixed 15m structure — EMA side only,t
613,AMD/USDT,2026-10-05 19:00:00+00,2026-10-05 19:04:49.207483+00,bear,628.44924167,631.20830333,630.79,0.85,mixed 15m structure — EMA side only,t
609,SPCX/USDT,2026-10-05 19:00:00+00,2026-10-05 19:04:49.207483+00,bull,168.01477984,168.9430504,168.08,0.85,15m sweep of hour low then reclaim,t
608,AIO/USDT,2026-10-05 19:00:00+00,2026-10-05 19:04:49.207483+00,bull,0.0430599,0.04380525,0.04316,0.85,mixed 15m structure — EMA side only,t
607,BR/USDT,2026-10-05 19:00:00+00,2026-10-05 19:04:49.207483+00,bull,0.41526823,0.42888941,0.41708,0.85,15m sweep of hour low then reclaim,t
606,BE/USDT,2026-10-05 19:00:00+00,2026-10-05 19:04:49.207483+00,bear,285.8418046,287.52127816,287.23,0.85,mixed 15m structure — EMA side only,t
605,ARM/USDT,2026-10-05 19:00:00+00,2026-10-05 19:04:49.207483+00,bear,300.56253626,302.6169855,302.3,0.85,mixed 15m structure — EMA side only,t
604,INTC/USDT,2026-10-05 19:00:00+00,2026-10-05 19:04:49.207483+00,bear,115.86668025,116.6013279,116.51,0.85,15m sweep of hour high then reject,t
603,DELL/USDT,2026-10-05 19:00:00+00,2026-10-05 19:04:49.207483+00,bear,550.53133366,553.69146653,553.29,0.85,mixed 15m structure — EMA side only,t
602,AXTI/USDT,2026-10-05 19:00:00+00,2026-10-05 19:04:49.207483+00,bear,84.48284054,85.64486379,85.42,0.85,mixed 15m structure — EMA side only,t
601,MVLL/USDT,2026-10-05 19:00:00+00,2026-10-05 19:04:49.207483+00,bear,37.08167743,37.59732903,37.49,0.85,mixed 15m structure — EMA side only,t
636,SKYAI/USDT,2026-10-05 19:00:00+00,2026-10-05 19:04:49.207483+00,bear,0.03465584,0.03530567,0.03518,0.85,15m holding below hour open and EMA21,t
623,META/USDT,2026-10-05 19:00:00+00,2026-10-05 19:04:49.207483+00,bull,742.54898398,744.81754006,743.05,0.85,mixed 15m structure — EMA side only,t
619,MSTR/USDT,2026-10-05 19:00:00+00,2026-10-05 19:04:49.207483+00,bull,163.4623863,165.39903426,163.74,0.85,mixed 15m structure — EMA side only,t
632,TSLA/USDT,2026-10-05 19:00:00+00,2026-10-05 19:04:49.207483+00,bull,380.64292604,382.41768489,380.9,0.85,15m sweep of hour low then reclaim,t
615,SKHY/USDT,2026-10-05 19:00:00+00,2026-10-05 19:04:49.207483+00,bull,193.55197988,194.5250503,193.81,0.85,15m sweep of hour low then reclaim,t
611,ZHIPU/USDT,2026-10-05 19:00:00+00,2026-10-05 19:04:49.207483+00,bull,85.76437788,86.08405531,85.84,0.85,mixed 15m structure — EMA side only,t
638,HOOD/USDT,2026-10-05 19:00:00+00,2026-10-05 19:04:49.207483+00,bull,113.45045001,114.21887497,113.58,0.85,15m sweep of hour low then reclaim,t
640,XPT/USDT,2026-10-05 19:00:00+00,2026-10-05 19:04:49.207483+00,bull,1723.79330535,1730.71173661,1725.39,0.85,15m sweep of hour low then reclaim,t
628,CBRS/USDT,2026-10-05 19:00:00+00,2026-10-05 19:04:49.207483+00,bull,180.08284219,182.03289452,180.58,0.85,15m sweep of hour low then reclaim,t
635,ATH/USDT,2026-10-05 19:00:00+00,2026-10-05 19:04:49.207483+00,bear,0.00729022,0.00735111,0.007338,0.85,mixed 15m structure — EMA side only,t
624,MRVL/USDT,2026-10-05 19:00:00+00,2026-10-05 19:04:49.207483+00,bear,269.46124996,271.36150002,271.01,0.85,mixed 15m structure — EMA side only,t
630,COIN/USDT,2026-10-05 19:00:00+00,2026-10-05 19:04:49.207483+00,bull,186.65162578,188.39093555,187,0.85,mixed 15m structure — EMA side only,t
634,SOXS/USDT,2026-10-05 19:00:00+00,2026-10-05 19:04:49.207483+00,bear,29.73514165,30.00794334,29.95,0.85,15m sweep of hour high then reject,t
666,QQQ/USDT,2026-10-05 19:00:00+00,2026-10-05 19:15:15.684514+00,bull,755.61011252,756.3797187,755.83,0.85,15m holding above hour open and EMA21,t
644,INTC/USDT,2026-10-05 19:00:00+00,2026-10-05 19:15:15.684514+00,bear,115.9881683,116.64273268,116.51,0.85,mixed 15m structure — EMA side only,t
641,MVLL/USDT,2026-10-05 19:00:00+00,2026-10-05 19:15:15.684514+00,bear,37.14560624,37.6117575,37.55,0.85,mixed 15m structure — EMA side only,t
642,AXTI/USDT,2026-10-05 19:00:00+00,2026-10-05 19:15:15.684514+00,bear,84.59817543,85.59872983,85.42,0.85,mixed 15m structure — EMA side only,t
643,DELL/USDT,2026-10-05 19:00:00+00,2026-10-05 19:15:15.684514+00,bear,550.83160741,553.57135704,553.29,0.85,mixed 15m structure — EMA side only,t
646,BE/USDT,2026-10-05 19:00:00+00,2026-10-05 19:15:15.684514+00,bear,286.06341441,287.43263423,287.23,0.85,mixed 15m structure — EMA side only,t
647,BR/USDT,2026-10-05 19:00:00+00,2026-10-05 19:15:15.684514+00,bull,0.41595521,0.42717197,0.41708,0.85,15m sweep of hour low then reclaim,t
650,TSM/USDT,2026-10-05 19:00:00+00,2026-10-05 19:15:15.684514+00,bull,486.24598766,487.33003084,486.48,0.85,mixed 15m structure — EMA side only,t
651,ZHIPU/USDT,2026-10-05 19:00:00+00,2026-10-05 19:15:15.684514+00,bull,85.73471819,86.03320454,85.8,0.85,mixed 15m structure — EMA side only,t
654,SOXL/USDT,2026-10-05 19:00:00+00,2026-10-05 19:15:15.684514+00,bull,162.27631915,163.33920212,162.43,0.85,15m sweep of hour low then reclaim,t
655,SKHY/USDT,2026-10-05 19:00:00+00,2026-10-05 19:15:15.684514+00,bull,193.61363448,194.3709138,193.81,0.85,15m sweep of hour low then reclaim,t
658,SNXX/USDT,2026-10-05 19:00:00+00,2026-10-05 19:15:15.684514+00,bear,15.66239775,15.8550409,15.82,0.85,mixed 15m structure — EMA side only,t
645,ARM/USDT,2026-10-05 19:00:00+00,2026-10-05 19:15:15.684514+00,bear,300.78203807,302.52918477,302.3,0.85,mixed 15m structure — EMA side only,t
649,SPCX/USDT,2026-10-05 19:00:00+00,2026-10-05 19:15:15.684514+00,bull,168.05312832,168.84717919,168.08,0.85,15m sweep of hour low then reclaim,t
653,AMD/USDT,2026-10-05 19:00:00+00,2026-10-05 19:15:15.684514+00,bull,629.3523706,630.9890735,629.66,0.85,15m sweep of hour low then reclaim,t
657,RAYSOL/USDT,2026-10-05 19:00:00+00,2026-10-05 19:15:15.684514+00,bull,2.14161658,2.16045855,2.1468,0.85,15m sweep of hour low then reclaim,t
661,NVDA/USDT,2026-10-05 19:00:00+00,2026-10-05 19:15:15.684514+00,bull,239.48616729,240.02458177,239.55,0.85,15m sweep of hour low then reclaim,t
665,MU/USDT,2026-10-05 19:00:00+00,2026-10-05 19:15:15.684514+00,bear,1057.31606769,1063.02757293,1062.23,0.85,mixed 15m structure — EMA side only,t
669,DRAM/USDT,2026-10-05 19:00:00+00,2026-10-05 19:15:15.684514+00,bear,61.43124299,61.7495028,61.71,0.85,mixed 15m structure — EMA side only,t
673,VVV/USDT,2026-10-05 19:00:00+00,2026-10-05 19:15:15.684514+00,bear,27.76742585,27.97402966,27.94,0.85,15m sweep of hour high then reject,t
677,1000SHIB/USDT,2026-10-05 19:00:00+00,2026-10-05 19:15:15.684514+00,bear,0.00586449,0.0058848,0.005879,0.85,15m holding below hour open and EMA21,t
648,AIO/USDT,2026-10-05 19:00:00+00,2026-10-05 19:15:15.684514+00,bull,0.04317577,0.04371557,0.04316,0.85,15m sweep of hour low then reclaim,t
652,TQQQ/USDT,2026-10-05 19:00:00+00,2026-10-05 19:15:15.684514+00,bull,82.94422113,83.20944719,83.02,0.85,15m holding above hour open and EMA21,t
656,BTW/USDT,2026-10-05 19:00:00+00,2026-10-05 19:15:15.684514+00,bull,1.25953183,1.27902043,1.2621,0.85,15m sweep of hour low then reclaim,t
660,WDC/USDT,2026-10-05 19:00:00+00,2026-10-05 19:15:15.684514+00,bull,437.15662643,440.42343393,437.79,0.85,15m sweep of hour low then reclaim,t
664,MRVL/USDT,2026-10-05 19:00:00+00,2026-10-05 19:15:15.684514+00,bear,269.71401687,271.38039325,271.07,0.85,mixed 15m structure — EMA side only,t
668,CBRS/USDT,2026-10-05 19:00:00+00,2026-10-05 19:15:15.684514+00,bull,180.18637791,181.77405522,180.58,0.85,15m sweep of hour low then reclaim,t
672,TSLA/USDT,2026-10-05 19:00:00+00,2026-10-05 19:15:15.684514+00,bull,380.76606344,382.1098414,380.9,0.85,15m sweep of hour low then reclaim,t
676,SKYAI/USDT,2026-10-05 19:00:00+00,2026-10-05 19:15:15.684514+00,bear,0.0347639,0.03526244,0.03518,0.85,15m sweep of hour high then reject,t
680,XPT/USDT,2026-10-05 19:00:00+00,2026-10-05 19:15:15.684514+00,bull,1722.62676433,1729.65308918,1723.95,0.85,mixed 15m structure — EMA side only,t
659,MSTR/USDT,2026-10-05 19:00:00+00,2026-10-05 19:15:15.684514+00,bull,163.85678212,165.1880447,163.74,0.85,15m sweep of hour low then reclaim,t
663,META/USDT,2026-10-05 19:00:00+00,2026-10-05 19:15:15.684514+00,bull,742.73831687,744.41920782,743.05,0.85,mixed 15m structure — EMA side only,t
667,COHR/USDT,2026-10-05 19:00:00+00,2026-10-05 19:15:15.684514+00,bear,331.18689844,333.21724062,332.9,0.85,mixed 15m structure — EMA side only,t
671,KORU/USDT,2026-10-05 19:00:00+00,2026-10-05 19:15:15.684514+00,bull,22.78541087,22.90647282,22.8,0.85,15m sweep of hour low then reclaim,t
675,ATH/USDT,2026-10-05 19:00:00+00,2026-10-05 19:15:15.684514+00,bear,0.00729982,0.00736527,0.007352,0.85,mixed 15m structure — EMA side only,t
679,QCOM/USDT,2026-10-05 19:00:00+00,2026-10-05 19:15:15.684514+00,bear,180.6028823,182.06284708,181.82,0.85,mixed 15m structure — EMA side only,t
678,HOOD/USDT,2026-10-05 19:00:00+00,2026-10-05 19:15:15.684514+00,bull,113.50172048,114.09069879,113.58,0.85,15m sweep of hour low then reclaim,t
674,SOXS/USDT,2026-10-05 19:00:00+00,2026-10-05 19:15:15.684514+00,bear,29.77624473,29.99150211,29.95,0.85,15m sweep of hour high then reject,t
670,COIN/USDT,2026-10-05 19:00:00+00,2026-10-05 19:15:15.684514+00,bull,187.0524677,188.16383074,187,0.85,15m sweep of hour low then reclaim,t
662,MINIMAX/USDT,2026-10-05 19:00:00+00,2026-10-05 19:15:15.684514+00,bull,31.36662193,31.41344518,31.35,0.85,15m sweep of hour low then reclaim,t
705,MU/USDT,2026-10-05 19:00:00+00,2026-10-05 19:20:25.742489+00,bear,1057.53761572,1062.93895371,1062.23,0.85,mixed 15m structure — EMA side only,t
701,NVDA/USDT,2026-10-05 19:00:00+00,2026-10-05 19:20:25.742489+00,bull,239.50325982,239.98185046,239.55,0.85,15m sweep of hour low then reclaim,t
697,RAYSOL/USDT,2026-10-05 19:00:00+00,2026-10-05 19:20:25.742489+00,bull,2.14221474,2.15896316,2.1468,0.85,15m sweep of hour low then reclaim,t
693,AMD/USDT,2026-10-05 19:00:00+00,2026-10-05 19:20:25.742489+00,bull,629.40432942,630.85917644,629.66,0.85,15m sweep of hour low then reclaim,t
689,SPCX/USDT,2026-10-05 19:00:00+00,2026-10-05 19:20:25.742489+00,bull,168.07833629,168.78415928,168.08,0.85,15m sweep of hour low then reclaim,t
685,ARM/USDT,2026-10-05 19:00:00+00,2026-10-05 19:20:25.742489+00,bear,300.90849174,302.6786033,302.54,0.85,mixed 15m structure — EMA side only,t
684,INTC/USDT,2026-10-05 19:00:00+00,2026-10-05 19:20:25.742489+00,bear,116.03059404,116.62576238,116.51,0.85,mixed 15m structure — EMA side only,t
683,DELL/USDT,2026-10-05 19:00:00+00,2026-10-05 19:20:25.742489+00,bear,550.98604104,552.68958359,553.29,0.85,15m sweep of hour high then reject,t
682,AXTI/USDT,2026-10-05 19:00:00+00,2026-10-05 19:20:25.742489+00,bull,84.9077849,85.47553774,85.01,0.85,15m sweep of hour low then reclaim,t
681,MVLL/USDT,2026-10-05 19:00:00+00,2026-10-05 19:20:25.742489+00,bear,37.16831666,37.60267334,37.55,0.85,mixed 15m structure — EMA side only,t
713,VVV/USDT,2026-10-05 19:00:00+00,2026-10-05 19:20:25.742489+00,bear,27.78382298,27.96747081,27.94,0.85,15m sweep of hour high then reject,t
717,1000SHIB/USDT,2026-10-05 19:00:00+00,2026-10-05 19:20:25.742489+00,bear,0.0058661,0.00588416,0.005879,0.85,15m holding below hour open and EMA21,t
686,BE/USDT,2026-10-05 19:00:00+00,2026-10-05 19:20:25.742489+00,bear,286.18765952,287.44293619,287.43,0.85,15m sweep of hour high then reject,t
690,TSM/USDT,2026-10-05 19:00:00+00,2026-10-05 19:20:25.742489+00,bull,486.27976681,487.24558297,486.48,0.85,mixed 15m structure — EMA side only,t
694,SOXL/USDT,2026-10-05 19:00:00+00,2026-10-05 19:20:25.742489+00,bull,162.31006147,163.25484633,162.43,0.85,15m sweep of hour low then reclaim,t
714,SOXS/USDT,2026-10-05 19:00:00+00,2026-10-05 19:20:25.742489+00,bear,29.79332865,29.98466854,29.95,0.85,15m sweep of hour high then reject,t
718,HOOD/USDT,2026-10-05 19:00:00+00,2026-10-05 19:20:25.742489+00,bull,113.52041821,114.04395448,113.58,0.85,15m sweep of hour low then reclaim,t
687,BR/USDT,2026-10-05 19:00:00+00,2026-10-05 19:20:25.742489+00,bull,0.4163113,0.42628175,0.41708,0.85,15m sweep of hour low then reclaim,t
691,ZHIPU/USDT,2026-10-05 19:00:00+00,2026-10-05 19:20:25.742489+00,bull,85.74197172,86.0150707,85.8,0.85,mixed 15m structure — EMA side only,t
698,SNXX/USDT,2026-10-05 19:00:00+00,2026-10-05 19:20:25.742489+00,bear,15.67213134,15.85114747,15.82,0.85,mixed 15m structure — EMA side only,t
709,DRAM/USDT,2026-10-05 19:00:00+00,2026-10-05 19:20:25.742489+00,bear,61.44221599,61.7451136,61.71,0.85,mixed 15m structure — EMA side only,t
702,MINIMAX/USDT,2026-10-05 19:00:00+00,2026-10-05 19:20:25.742489+00,bull,31.36810838,31.40972905,31.35,0.85,15m sweep of hour low then reclaim,t
706,QQQ/USDT,2026-10-05 19:00:00+00,2026-10-05 19:20:25.742489+00,bull,755.63454446,756.31863885,755.83,0.85,15m holding above hour open and EMA21,t
710,COIN/USDT,2026-10-05 19:00:00+00,2026-10-05 19:20:25.742489+00,bull,187.08774907,188.07562732,187,0.85,15m sweep of hour low then reclaim,t
695,SKHY/USDT,2026-10-05 19:00:00+00,2026-10-05 19:20:25.742489+00,bull,193.63767509,194.31081227,193.81,0.85,15m sweep of hour low then reclaim,t
699,MSTR/USDT,2026-10-05 19:00:00+00,2026-10-05 19:20:25.742489+00,bull,163.88825077,165.10937306,163.74,0.85,15m sweep of hour low then reclaim,t
703,META/USDT,2026-10-05 19:00:00+00,2026-10-05 19:20:25.742489+00,bull,742.79072611,744.28818473,743.05,0.85,mixed 15m structure — EMA side only,t
707,COHR/USDT,2026-10-05 19:00:00+00,2026-10-05 19:20:25.742489+00,bear,331.33057639,333.15976944,332.9,0.85,mixed 15m structure — EMA side only,t
720,XPT/USDT,2026-10-05 19:00:00+00,2026-10-05 19:20:25.742489+00,bull,1722.79934607,1729.22163483,1723.95,0.85,mixed 15m structure — EMA side only,t
716,SKYAI/USDT,2026-10-05 19:00:00+00,2026-10-05 19:20:25.742489+00,bear,0.03480347,0.03524661,0.03518,0.85,15m sweep of hour high then reject,t
712,TSLA/USDT,2026-10-05 19:00:00+00,2026-10-05 19:20:25.742489+00,bull,380.80872306,382.00319236,380.9,0.85,15m sweep of hour low then reclaim,t
708,CBRS/USDT,2026-10-05 19:00:00+00,2026-10-05 19:20:25.742489+00,bull,180.23678037,181.64804909,180.58,0.85,15m sweep of hour low then reclaim,t
704,MRVL/USDT,2026-10-05 19:00:00+00,2026-10-05 19:20:25.742489+00,bear,269.80023722,271.34590511,271.07,0.85,mixed 15m structure — EMA side only,t
711,KORU/USDT,2026-10-05 19:00:00+00,2026-10-05 19:20:25.742489+00,bull,22.78925411,22.89686473,22.8,0.85,15m sweep of hour low then reclaim,t
715,ATH/USDT,2026-10-05 19:00:00+00,2026-10-05 19:20:25.742489+00,bear,0.00730351,0.0073638,0.007352,0.85,mixed 15m structure — EMA side only,t
719,QCOM/USDT,2026-10-05 19:00:00+00,2026-10-05 19:20:25.742489+00,bear,180.68145094,182.03141963,181.82,0.85,mixed 15m structure — EMA side only,t
688,AIO/USDT,2026-10-05 19:00:00+00,2026-10-05 19:20:25.742489+00,bull,0.04318846,0.04368384,0.04316,0.85,15m sweep of hour low then reclaim,t
700,WDC/USDT,2026-10-05 19:00:00+00,2026-10-05 19:20:25.742489+00,bull,437.2603346,440.1641635,437.79,0.85,15m sweep of hour low then reclaim,t
696,BTW/USDT,2026-10-05 19:00:00+00,2026-10-05 19:20:25.742489+00,bull,1.26015051,1.27747371,1.2621,0.85,15m sweep of hour low then reclaim,t
692,TQQQ/USDT,2026-10-05 19:00:00+00,2026-10-05 19:20:25.742489+00,bull,82.952641,83.1883975,83.02,0.85,15m holding above hour open and EMA21,t
724,INTC/USDT,2026-10-05 19:00:00+00,2026-10-05 19:22:19.516096+00,bear,116.04756434,116.61897426,116.51,0.85,mixed 15m structure — EMA side only,t
730,TSM/USDT,2026-10-05 19:00:00+00,2026-10-05 19:22:19.516096+00,bull,486.29327847,487.21180382,486.48,0.85,mixed 15m structure — EMA side only,t
729,SPCX/USDT,2026-10-05 19:00:00+00,2026-10-05 19:22:19.516096+00,bull,168.08841947,168.75895132,168.08,0.85,15m sweep of hour low then reclaim,t
728,AIO/USDT,2026-10-05 19:00:00+00,2026-10-05 19:22:19.516096+00,bull,0.04319354,0.04367115,0.04316,0.85,15m sweep of hour low then reclaim,t
727,BR/USDT,2026-10-05 19:00:00+00,2026-10-05 19:22:19.516096+00,bull,0.41645373,0.42592567,0.41708,0.85,15m sweep of hour low then reclaim,t
726,BE/USDT,2026-10-05 19:00:00+00,2026-10-05 19:22:19.516096+00,bear,286.22677654,287.42728938,287.43,0.85,15m sweep of hour high then reject,t
725,ARM/USDT,2026-10-05 19:00:00+00,2026-10-05 19:22:19.516096+00,bear,300.94706715,302.66317314,302.54,0.85,mixed 15m structure — EMA side only,t
723,DELL/USDT,2026-10-05 19:00:00+00,2026-10-05 19:22:19.516096+00,bear,551.03973898,552.66810441,553.29,0.85,15m sweep of hour high then reject,t
722,AXTI/USDT,2026-10-05 19:00:00+00,2026-10-05 19:22:19.516096+00,bull,84.91589566,85.45526085,85.01,0.85,15m sweep of hour low then reclaim,t
721,MVLL/USDT,2026-10-05 19:00:00+00,2026-10-05 19:22:19.516096+00,bear,37.17740083,37.59903967,37.55,0.85,mixed 15m structure — EMA side only,t
757,1000SHIB/USDT,2026-10-05 19:00:00+00,2026-10-05 19:22:19.516096+00,bear,0.00586675,0.0058839,0.005879,0.85,15m holding below hour open and EMA21,t
753,VVV/USDT,2026-10-05 19:00:00+00,2026-10-05 19:22:19.516096+00,bear,27.79038183,27.96484727,27.94,0.85,15m sweep of hour high then reject,t
749,DRAM/USDT,2026-10-05 19:00:00+00,2026-10-05 19:22:19.516096+00,bear,61.44660519,61.74335792,61.71,0.85,mixed 15m structure — EMA side only,t
745,MU/USDT,2026-10-05 19:00:00+00,2026-10-05 19:22:19.516096+00,bear,1057.62623494,1062.90350603,1062.23,0.85,mixed 15m structure — EMA side only,t
741,NVDA/USDT,2026-10-05 19:00:00+00,2026-10-05 19:22:19.516096+00,bull,239.51009683,239.96475794,239.55,0.85,15m sweep of hour low then reclaim,t
737,RAYSOL/USDT,2026-10-05 19:00:00+00,2026-10-05 19:22:19.516096+00,bull,2.142454,2.158365,2.1468,0.85,15m sweep of hour low then reclaim,t
733,AMD/USDT,2026-10-05 19:00:00+00,2026-10-05 19:22:19.516096+00,bull,629.42511295,630.80721762,629.66,0.85,15m sweep of hour low then reclaim,t
760,XPT/USDT,2026-10-05 19:00:00+00,2026-10-05 19:22:19.516096+00,bull,1722.86837876,1729.04905309,1723.95,0.85,mixed 15m structure — EMA side only,t
756,SKYAI/USDT,2026-10-05 19:00:00+00,2026-10-05 19:22:19.516096+00,bear,0.0348193,0.03524028,0.03518,0.85,15m sweep of hour high then reject,t
752,TSLA/USDT,2026-10-05 19:00:00+00,2026-10-05 19:22:19.516096+00,bull,380.8257869,381.96053274,380.9,0.85,15m sweep of hour low then reclaim,t
748,CBRS/USDT,2026-10-05 19:00:00+00,2026-10-05 19:22:19.516096+00,bull,180.25694135,181.59764663,180.58,0.85,15m sweep of hour low then reclaim,t
744,MRVL/USDT,2026-10-05 19:00:00+00,2026-10-05 19:22:19.516096+00,bear,269.83472536,271.33210986,271.07,0.85,mixed 15m structure — EMA side only,t
740,WDC/USDT,2026-10-05 19:00:00+00,2026-10-05 19:22:19.516096+00,bull,437.30181787,440.06045532,437.79,0.85,15m sweep of hour low then reclaim,t
736,BTW/USDT,2026-10-05 19:00:00+00,2026-10-05 19:22:19.516096+00,bull,1.26039799,1.27685503,1.2621,0.85,15m sweep of hour low then reclaim,t
732,TQQQ/USDT,2026-10-05 19:00:00+00,2026-10-05 19:22:19.516096+00,bull,82.95600895,83.17997762,83.02,0.85,15m holding above hour open and EMA21,t
759,QCOM/USDT,2026-10-05 19:00:00+00,2026-10-05 19:22:19.516096+00,bear,180.71287839,182.01884864,181.82,0.85,mixed 15m structure — EMA side only,t
755,ATH/USDT,2026-10-05 19:00:00+00,2026-10-05 19:22:19.516096+00,bear,0.00730498,0.00736321,0.007352,0.85,mixed 15m structure — EMA side only,t
751,KORU/USDT,2026-10-05 19:00:00+00,2026-10-05 19:22:19.516096+00,bull,22.7907914,22.89302149,22.8,0.85,15m sweep of hour low then reclaim,t
747,COHR/USDT,2026-10-05 19:00:00+00,2026-10-05 19:22:19.516096+00,bear,331.38804757,333.13678097,332.9,0.85,mixed 15m structure — EMA side only,t
743,META/USDT,2026-10-05 19:00:00+00,2026-10-05 19:22:19.516096+00,bull,742.8116898,744.23577549,743.05,0.85,mixed 15m structure — EMA side only,t
739,MSTR/USDT,2026-10-05 19:00:00+00,2026-10-05 19:22:19.516096+00,bull,163.90083824,165.07790441,163.74,0.85,15m sweep of hour low then reclaim,t
735,SKHY/USDT,2026-10-05 19:00:00+00,2026-10-05 19:22:19.516096+00,bull,193.64729134,194.28677166,193.81,0.85,15m sweep of hour low then reclaim,t
731,ZHIPU/USDT,2026-10-05 19:00:00+00,2026-10-05 19:22:19.516096+00,bull,85.74487313,86.00781716,85.8,0.85,mixed 15m structure — EMA side only,t
758,HOOD/USDT,2026-10-05 19:00:00+00,2026-10-05 19:22:19.516096+00,bull,113.5278973,114.02525676,113.58,0.85,15m sweep of hour low then reclaim,t
754,SOXS/USDT,2026-10-05 19:00:00+00,2026-10-05 19:22:19.516096+00,bear,29.80016221,29.98193511,29.95,0.85,15m sweep of hour high then reject,t
750,COIN/USDT,2026-10-05 19:00:00+00,2026-10-05 19:22:19.516096+00,bull,187.10186162,188.04034596,187,0.85,15m sweep of hour low then reclaim,t
746,QQQ/USDT,2026-10-05 19:00:00+00,2026-10-05 19:22:19.516096+00,bull,755.64431724,756.2942069,755.83,0.85,15m holding above hour open and EMA21,t
742,MINIMAX/USDT,2026-10-05 19:00:00+00,2026-10-05 19:22:19.516096+00,bull,31.36870296,31.4082426,31.35,0.85,15m sweep of hour low then reclaim,t
738,SNXX/USDT,2026-10-05 19:00:00+00,2026-10-05 19:22:19.516096+00,bear,15.67602477,15.84959009,15.82,0.85,mixed 15m structure — EMA side only,t
734,SOXL/USDT,2026-10-05 19:00:00+00,2026-10-05 19:22:19.516096+00,bull,162.32355839,163.22110401,162.43,0.85,15m sweep of hour low then reclaim,t
785,MU/USDT,2026-10-05 19:00:00+00,2026-10-05 19:30:15.175382+00,bear,1058.01483952,1063.93806419,1063.54,0.85,mixed 15m structure — EMA side only,t
780,WDC/USDT,2026-10-05 19:00:00+00,2026-10-05 19:30:15.175382+00,bull,437.49659731,439.57350672,437.79,0.85,15m sweep of hour low then reclaim,t
776,BTW/USDT,2026-10-05 19:00:00+00,2026-10-05 19:30:15.175382+00,bull,1.26121847,1.27480384,1.2621,0.85,15m sweep of hour low then reclaim,t
772,TQQQ/USDT,2026-10-05 19:00:00+00,2026-10-05 19:30:15.175382+00,bull,82.96948075,83.14629812,83.02,0.85,15m holding above hour open and EMA21,t
781,NVDA/USDT,2026-10-05 19:00:00+00,2026-10-05 19:30:15.175382+00,bull,239.54291309,239.88271728,239.55,0.85,15m sweep of hour low then reclaim,t
777,RAYSOL/USDT,2026-10-05 19:00:00+00,2026-10-05 19:30:15.175382+00,bull,2.14337212,2.1560697,2.1468,0.85,15m sweep of hour low then reclaim,t
771,ZHIPU/USDT,2026-10-05 19:00:00+00,2026-10-05 19:30:15.175382+00,bull,85.76940173,85.97149567,85.8,0.85,mixed 15m structure — EMA side only,t
773,AMD/USDT,2026-10-05 19:00:00+00,2026-10-05 19:30:15.175382+00,bull,629.52234371,630.56414074,629.66,0.85,15m sweep of hour low then reclaim,t
797,1000SHIB/USDT,2026-10-05 19:00:00+00,2026-10-05 19:30:15.175382+00,bear,0.00586955,0.00588978,0.005887,0.85,mixed 15m structure — EMA side only,t
774,SOXL/USDT,2026-10-05 19:00:00+00,2026-10-05 19:30:15.175382+00,bull,162.38383567,163.07041084,162.43,0.85,15m sweep of hour low then reclaim,t
770,TSM/USDT,2026-10-05 19:00:00+00,2026-10-05 19:30:15.175382+00,bull,486.37697332,487.05256671,486.48,0.85,15m sweep of hour low then reclaim,t
769,SPCX/USDT,2026-10-05 19:00:00+00,2026-10-05 19:30:15.175382+00,bull,168.13342706,168.64643236,168.08,0.85,15m sweep of hour low then reclaim,t
765,ARM/USDT,2026-10-05 19:00:00+00,2026-10-05 19:30:15.175382+00,bear,301.12830675,302.2806773,302.54,0.85,15m sweep of hour high then reject,t
767,BR/USDT,2026-10-05 19:00:00+00,2026-10-05 19:30:15.175382+00,bull,0.41714655,0.42419361,0.41708,0.85,15m sweep of hour low then reclaim,t
798,HOOD/USDT,2026-10-05 19:00:00+00,2026-10-05 19:30:15.175382+00,bull,113.56396982,113.93507544,113.58,0.85,15m sweep of hour low then reclaim,t
764,INTC/USDT,2026-10-05 19:00:00+00,2026-10-05 19:30:15.175382+00,bear,116.11544553,116.59182179,116.51,0.85,mixed 15m structure — EMA side only,t
761,MVLL/USDT,2026-10-05 19:00:00+00,2026-10-05 19:30:15.175382+00,bear,37.2178991,37.46284036,37.55,0.85,15m sweep of hour high then reject,t
778,SNXX/USDT,2026-10-05 19:00:00+00,2026-10-05 19:30:15.175382+00,bear,15.69252004,15.91299198,15.89,0.85,mixed 15m structure — EMA side only,t
779,MSTR/USDT,2026-10-05 19:00:00+00,2026-10-05 19:30:15.175382+00,bull,164.28944607,164.95638481,163.74,0.85,15m sweep of hour low then reclaim,t
783,META/USDT,2026-10-05 19:00:00+00,2026-10-05 19:30:15.175382+00,bull,742.92590568,744.02523579,743.05,0.85,15m sweep of hour low then reclaim,t
766,BE/USDT,2026-10-05 19:00:00+00,2026-10-05 19:30:15.175382+00,bear,286.38522716,288.22390913,287.99,0.85,mixed 15m structure — EMA side only,t
793,VVV/USDT,2026-10-05 19:00:00+00,2026-10-05 19:30:15.175382+00,bear,27.822716,27.9549136,27.94,0.85,mixed 15m structure — EMA side only,t
800,XPT/USDT,2026-10-05 19:00:00+00,2026-10-05 19:30:15.175382+00,bull,1723.67974458,1728.19563854,1723.95,0.85,mixed 15m structure — EMA side only,t
794,SOXS/USDT,2026-10-05 19:00:00+00,2026-10-05 19:30:15.175382+00,bear,29.83063959,29.96974416,29.95,0.85,15m sweep of hour high then reject,t
790,COIN/USDT,2026-10-05 19:00:00+00,2026-10-05 19:30:15.175382+00,bull,187.15820382,187.89949046,187,0.85,15m sweep of hour low then reclaim,t
768,AIO/USDT,2026-10-05 19:00:00+00,2026-10-05 19:30:15.175382+00,bull,0.04316836,0.0436091,0.04316,0.85,15m sweep of hour low then reclaim,t
791,KORU/USDT,2026-10-05 19:00:00+00,2026-10-05 19:30:15.175382+00,bull,22.79821625,22.87445936,22.8,0.85,15m sweep of hour low then reclaim,t
787,COHR/USDT,2026-10-05 19:00:00+00,2026-10-05 19:30:15.175382+00,bear,331.67718713,332.97112515,332.9,0.85,mixed 15m structure — EMA side only,t
789,DRAM/USDT,2026-10-05 19:00:00+00,2026-10-05 19:30:15.175382+00,bear,61.46793614,61.74482555,61.73,0.85,mixed 15m structure — EMA side only,t
782,MINIMAX/USDT,2026-10-05 19:00:00+00,2026-10-05 19:30:15.175382+00,bull,31.37171834,31.40070416,31.35,0.85,15m sweep of hour low then reclaim,t
775,SKHY/USDT,2026-10-05 19:00:00+00,2026-10-05 19:30:15.175382+00,bull,193.69531658,194.16670855,193.81,0.85,15m sweep of hour low then reclaim,t
762,AXTI/USDT,2026-10-05 19:00:00+00,2026-10-05 19:30:15.175382+00,bull,84.95684306,85.35289235,85.01,0.85,15m sweep of hour low then reclaim,t
796,SKYAI/USDT,2026-10-05 19:00:00+00,2026-10-05 19:30:15.175382+00,bear,0.03489817,0.03520873,0.03518,0.85,15m sweep of hour high then reject,t
792,TSLA/USDT,2026-10-05 19:00:00+00,2026-10-05 19:30:15.175382+00,bull,379.31186784,381.82033039,379.58,0.85,mixed 15m structure — EMA side only,t
788,CBRS/USDT,2026-10-05 19:00:00+00,2026-10-05 19:30:15.175382+00,bull,180.35157204,181.3610699,180.58,0.85,15m sweep of hour low then reclaim,t
784,MRVL/USDT,2026-10-05 19:00:00+00,2026-10-05 19:30:15.175382+00,bear,269.98827235,270.92069106,271.07,0.85,15m sweep of hour high then reject,t
786,QQQ/USDT,2026-10-05 19:00:00+00,2026-10-05 19:30:15.175382+00,bull,755.69295061,756.17262348,755.83,0.85,15m holding above hour open and EMA21,t
763,DELL/USDT,2026-10-05 19:00:00+00,2026-10-05 19:30:15.175382+00,bear,551.27120715,553.33551714,553.29,0.85,mixed 15m structure — EMA side only,t
799,QCOM/USDT,2026-10-05 19:00:00+00,2026-10-05 19:30:15.175382+00,bear,180.84672476,181.4953101,181.82,0.85,15m sweep of hour high then reject,t
795,ATH/USDT,2026-10-05 19:00:00+00,2026-10-05 19:30:15.175382+00,bear,0.00731135,0.00734166,0.007352,0.85,15m sweep of hour high then reject,t
810,TSM/USDT,2026-10-05 20:00:00+00,2026-10-05 20:10:25.383417+00,bull,486.0505909,487.24852274,485.62,0.85,15m sweep of hour low then reclaim,t
808,AIO/USDT,2026-10-05 20:00:00+00,2026-10-05 20:10:25.383417+00,bear,0.04250546,0.04301582,0.04295,0.85,mixed 15m structure — EMA side only,t
807,BR/USDT,2026-10-05 20:00:00+00,2026-10-05 20:10:25.383417+00,bull,0.41688862,0.44441345,0.41859,0.85,mixed 15m structure — EMA side only,t
806,BE/USDT,2026-10-05 20:00:00+00,2026-10-05 20:10:25.383417+00,bear,285.99428053,287.94828779,287.7,0.85,mixed 15m structure — EMA side only,t
805,ARM/USDT,2026-10-05 20:00:00+00,2026-10-05 20:10:25.383417+00,bull,302.63961,304.125975,302.76,0.75,15m sweep of hour low then reclaim,t
804,INTC/USDT,2026-10-05 20:00:00+00,2026-10-05 20:10:25.383417+00,bear,115.91702432,116.63319027,116.6,0.85,15m sweep of hour high then reject,t
803,DELL/USDT,2026-10-05 20:00:00+00,2026-10-05 20:10:25.383417+00,bear,551.292313,553.2070748,553.01,0.85,15m sweep of hour high then reject,t
802,AXTI/USDT,2026-10-05 20:00:00+00,2026-10-05 20:10:25.383417+00,bull,86.50270984,87.26322541,86.52,0.85,15m sweep of hour low then reclaim,t
801,MVLL/USDT,2026-10-05 20:00:00+00,2026-10-05 20:10:25.383417+00,bull,37.52622261,37.85444346,37.52,0.85,15m sweep of hour low then reclaim,t
836,SKYAI/USDT,2026-10-05 20:00:00+00,2026-10-05 20:10:25.383417+00,bear,0.03455871,0.03504651,0.03499,0.85,15m sweep of hour high then reject,t
832,TSLA/USDT,2026-10-05 20:00:00+00,2026-10-05 20:10:25.383417+00,bull,378.5671009,380.22224776,378.67,0.85,15m sweep of hour low then reclaim,t
828,CBRS/USDT,2026-10-05 20:00:00+00,2026-10-05 20:10:25.383417+00,bull,181.17957036,183.03107409,181.42,0.85,mixed 15m structure — EMA side only,t
824,MRVL/USDT,2026-10-05 20:00:00+00,2026-10-05 20:10:25.383417+00,bull,271.04670247,272.28324382,271.12,0.85,15m sweep of hour low then reclaim,t
820,WDC/USDT,2026-10-05 20:00:00+00,2026-10-05 20:10:25.383417+00,bull,439.7721577,444.18460575,440.73,0.85,mixed 15m structure — EMA side only,t
816,BTW/USDT,2026-10-05 20:00:00+00,2026-10-05 20:10:25.383417+00,bull,1.2610263,1.28473425,1.2632,0.85,15m sweep of hour low then reclaim,t
835,ATH/USDT,2026-10-05 20:00:00+00,2026-10-05 20:10:25.383417+00,bear,0.00730688,0.00738445,0.007383,0.85,15m sweep of hour high then reject,t
840,XPT/USDT,2026-10-05 20:00:00+00,2026-10-05 20:10:25.383417+00,bear,1719.03554495,1724.31978202,1723.06,0.85,15m sweep of hour high then reject,t
839,QCOM/USDT,2026-10-05 20:00:00+00,2026-10-05 20:10:25.383417+00,bear,180.1780696,181.42077216,181.18,0.85,mixed 15m structure — EMA side only,t
813,AMD/USDT,2026-10-05 20:00:00+00,2026-10-05 20:10:25.383417+00,bull,631.39151094,633.20622266,631.25,0.85,15m sweep of hour low then reclaim,t
817,RAYSOL/USDT,2026-10-05 20:00:00+00,2026-10-05 20:10:25.383417+00,bull,2.17261795,2.19620514,2.173,0.85,15m sweep of hour low then reclaim,t
821,NVDA/USDT,2026-10-05 20:00:00+00,2026-10-05 20:10:25.383417+00,bull,238.90844993,239.74387518,239,0.85,mixed 15m structure — EMA side only,t
825,MU/USDT,2026-10-05 20:00:00+00,2026-10-05 20:10:25.383417+00,bear,1062.60142329,1065.70743068,1065.92,0.85,15m sweep of hour high then reject,t
829,DRAM/USDT,2026-10-05 20:00:00+00,2026-10-05 20:10:25.383417+00,bull,61.64258404,61.80853991,61.68,0.85,15m sweep of hour low then reclaim,t
833,VVV/USDT,2026-10-05 20:00:00+00,2026-10-05 20:10:25.383417+00,bull,28.22894406,28.47413984,28.267,0.85,15m holding above hour open and EMA21,t
837,1000SHIB/USDT,2026-10-05 20:00:00+00,2026-10-05 20:10:25.383417+00,bull,0.00589324,0.00591691,0.005896,0.85,15m sweep of hour low then reclaim,t
812,TQQQ/USDT,2026-10-05 20:00:00+00,2026-10-05 20:10:25.383417+00,bull,82.99814286,83.44964284,83.04,0.85,mixed 15m structure — EMA side only,t
831,KORU/USDT,2026-10-05 20:00:00+00,2026-10-05 20:10:25.383417+00,bear,22.67045381,22.89381848,22.95,0.85,15m sweep of hour high then reject,t
827,COHR/USDT,2026-10-05 20:00:00+00,2026-10-05 20:10:25.383417+00,bull,333.35945791,335.25135523,333.39,0.85,15m sweep of hour low then reclaim,t
823,META/USDT,2026-10-05 20:00:00+00,2026-10-05 20:10:25.383417+00,bull,741.62955153,743.69112117,741.52,0.85,15m sweep of hour low then reclaim,t
819,MSTR/USDT,2026-10-05 20:00:00+00,2026-10-05 20:10:25.383417+00,bull,163.83330941,165.45172647,163.86,0.85,15m sweep of hour low then reclaim,t
815,SKHY/USDT,2026-10-05 20:00:00+00,2026-10-05 20:10:25.383417+00,bear,194.24353109,195.09258757,194.9,0.85,15m sweep of hour high then reject,t
811,ZHIPU/USDT,2026-10-05 20:00:00+00,2026-10-05 20:10:25.383417+00,bull,85.63208412,85.86978969,85.69,0.85,15m sweep of hour low then reclaim,t
838,HOOD/USDT,2026-10-05 20:00:00+00,2026-10-05 20:10:25.383417+00,bull,113.99085289,114.61786777,114.12,0.85,15m holding above hour open and EMA21,t
834,SOXS/USDT,2026-10-05 20:00:00+00,2026-10-05 20:10:25.383417+00,bear,29.45797697,29.69480921,29.71,0.85,15m sweep of hour high then reject,t
830,COIN/USDT,2026-10-05 20:00:00+00,2026-10-05 20:10:25.383417+00,bull,187.74108372,189.20229071,187.92,0.85,mixed 15m structure — EMA side only,t
826,QQQ/USDT,2026-10-05 20:00:00+00,2026-10-05 20:10:25.383417+00,bull,755.9211382,757.08215449,756.08,0.85,mixed 15m structure — EMA side only,t
822,MINIMAX/USDT,2026-10-05 20:00:00+00,2026-10-05 20:10:25.383417+00,bull,31.3760204,31.43494901,31.39,0.85,mixed 15m structure — EMA side only,t
818,SNXX/USDT,2026-10-05 20:00:00+00,2026-10-05 20:10:25.383417+00,bear,15.92042846,16.05982862,16.07,0.85,15m sweep of hour high then reject,t
814,SOXL/USDT,2026-10-05 20:00:00+00,2026-10-05 20:10:25.383417+00,bull,163.93135908,165.13160231,163.86,0.85,15m sweep of hour low then reclaim,t
809,SPCX/USDT,2026-10-05 20:00:00+00,2026-10-05 20:10:25.383417+00,bull,170.73236541,171.77408646,170.68,0.85,15m sweep of hour low then reclaim,t
869,DRAM/USDT,2026-10-05 20:00:00+00,2026-10-05 20:15:15.00258+00,bull,61.65009523,61.78976192,61.68,0.85,15m sweep of hour low then reclaim,t
842,AXTI/USDT,2026-10-05 20:00:00+00,2026-10-05 20:15:15.00258+00,bull,86.52443885,87.20890287,86.52,0.85,15m sweep of hour low then reclaim,t
841,MVLL/USDT,2026-10-05 20:00:00+00,2026-10-05 20:15:15.00258+00,bull,37.54079318,37.81801704,37.52,0.85,15m sweep of hour low then reclaim,t
843,DELL/USDT,2026-10-05 20:00:00+00,2026-10-05 20:15:15.00258+00,bear,551.49889729,553.12444108,553.01,0.85,15m sweep of hour high then reject,t
844,INTC/USDT,2026-10-05 20:00:00+00,2026-10-05 20:15:15.00258+00,bear,115.98537032,116.56585187,116.6,0.85,15m sweep of hour high then reject,t
848,AIO/USDT,2026-10-05 20:00:00+00,2026-10-05 20:15:15.00258+00,bear,0.04254808,0.04310877,0.04302,0.85,mixed 15m structure — EMA side only,t
852,TQQQ/USDT,2026-10-05 20:00:00+00,2026-10-05 20:15:15.00258+00,bull,83.07156225,83.41609438,83.04,0.85,15m sweep of hour low then reclaim,t
856,BTW/USDT,2026-10-05 20:00:00+00,2026-10-05 20:15:15.00258+00,bull,1.26208341,1.28209148,1.2632,0.85,15m sweep of hour low then reclaim,t
860,WDC/USDT,2026-10-05 20:00:00+00,2026-10-05 20:15:15.00258+00,bull,440.13051751,443.78870623,440.73,0.85,mixed 15m structure — EMA side only,t
864,MRVL/USDT,2026-10-05 20:00:00+00,2026-10-05 20:15:15.00258+00,bull,271.10056564,272.14858591,271.12,0.85,15m sweep of hour low then reclaim,t
868,CBRS/USDT,2026-10-05 20:00:00+00,2026-10-05 20:15:15.00258+00,bull,181.35704809,182.83737978,181.42,0.85,15m sweep of hour low then reclaim,t
872,TSLA/USDT,2026-10-05 20:00:00+00,2026-10-05 20:15:15.00258+00,bull,378.64395575,380.03011063,378.67,0.85,15m sweep of hour low then reclaim,t
876,SKYAI/USDT,2026-10-05 20:00:00+00,2026-10-05 20:15:15.00258+00,bear,0.03460712,0.03501715,0.03499,0.85,15m sweep of hour high then reject,t
845,ARM/USDT,2026-10-05 20:00:00+00,2026-10-05 20:15:15.00258+00,bull,302.676649,304.0333775,302.76,0.75,15m sweep of hour low then reclaim,t
849,SPCX/USDT,2026-10-05 20:00:00+00,2026-10-05 20:15:15.00258+00,bull,170.76928395,171.68179012,170.68,0.85,15m sweep of hour low then reclaim,t
853,AMD/USDT,2026-10-05 20:00:00+00,2026-10-05 20:15:15.00258+00,bull,631.47279128,633.00302179,631.25,0.85,15m sweep of hour low then reclaim,t
857,RAYSOL/USDT,2026-10-05 20:00:00+00,2026-10-05 20:15:15.00258+00,bull,2.17218314,2.19379215,2.173,0.85,15m sweep of hour low then reclaim,t
861,NVDA/USDT,2026-10-05 20:00:00+00,2026-10-05 20:15:15.00258+00,bull,238.94799744,239.6700064,239,0.85,15m sweep of hour low then reclaim,t
865,MU/USDT,2026-10-05 20:00:00+00,2026-10-05 20:15:15.00258+00,bear,1062.96172518,1065.56330993,1065.92,0.85,15m sweep of hour high then reject,t
873,VVV/USDT,2026-10-05 20:00:00+00,2026-10-05 20:15:15.00258+00,bull,28.2366454,28.44738651,28.267,0.85,mixed 15m structure — EMA side only,t
877,1000SHIB/USDT,2026-10-05 20:00:00+00,2026-10-05 20:15:15.00258+00,bull,0.00589424,0.00591441,0.005896,0.85,15m sweep of hour low then reclaim,t
846,BE/USDT,2026-10-05 20:00:00+00,2026-10-05 20:15:15.00258+00,bear,286.16314873,287.72074051,287.7,0.85,15m sweep of hour high then reject,t
850,TSM/USDT,2026-10-05 20:00:00+00,2026-10-05 20:15:15.00258+00,bull,486.1121724,487.119569,485.62,0.85,15m sweep of hour low then reclaim,t
854,SOXL/USDT,2026-10-05 20:00:00+00,2026-10-05 20:15:15.00258+00,bull,164.02810723,165.01473193,163.86,0.85,15m sweep of hour low then reclaim,t
858,SNXX/USDT,2026-10-05 20:00:00+00,2026-10-05 20:15:15.00258+00,bear,15.93539378,16.05384249,16.07,0.85,15m sweep of hour high then reject,t
862,MINIMAX/USDT,2026-10-05 20:00:00+00,2026-10-05 20:15:15.00258+00,bull,31.38803848,31.42990381,31.39,0.85,15m sweep of hour low then reclaim,t
866,QQQ/USDT,2026-10-05 20:00:00+00,2026-10-05 20:15:15.00258+00,bull,756.11728693,756.99178268,756.08,0.85,15m sweep of hour low then reclaim,t
870,COIN/USDT,2026-10-05 20:00:00+00,2026-10-05 20:15:15.00258+00,bull,187.70589853,189.06525366,187.92,0.85,mixed 15m structure — EMA side only,t
874,SOXS/USDT,2026-10-05 20:00:00+00,2026-10-05 20:15:15.00258+00,bear,29.48180932,29.67527627,29.71,0.85,15m sweep of hour high then reject,t
878,HOOD/USDT,2026-10-05 20:00:00+00,2026-10-05 20:15:15.00258+00,bull,113.99889134,114.54777164,114.12,0.85,mixed 15m structure — EMA side only,t
847,BR/USDT,2026-10-05 20:00:00+00,2026-10-05 20:15:15.00258+00,bull,0.42508146,0.44345636,0.41859,0.85,15m sweep of hour low then reclaim,t
851,ZHIPU/USDT,2026-10-05 20:00:00+00,2026-10-05 20:15:15.00258+00,bull,85.63887571,85.85281072,85.69,0.85,15m sweep of hour low then reclaim,t
855,SKHY/USDT,2026-10-05 20:00:00+00,2026-10-05 20:15:15.00258+00,bull,194.44364468,195.36588831,194.43,0.85,15m sweep of hour low then reclaim,t
859,MSTR/USDT,2026-10-05 20:00:00+00,2026-10-05 20:15:15.00258+00,bull,163.77185144,165.30537141,163.86,0.85,15m sweep of hour low then reclaim,t
863,META/USDT,2026-10-05 20:00:00+00,2026-10-05 20:15:15.00258+00,bull,741.74822521,743.46943698,741.52,0.85,15m sweep of hour low then reclaim,t
867,COHR/USDT,2026-10-05 20:00:00+00,2026-10-05 20:15:15.00258+00,bull,333.44491839,335.03770401,333.39,0.85,15m sweep of hour low then reclaim,t
871,KORU/USDT,2026-10-05 20:00:00+00,2026-10-05 20:15:15.00258+00,bear,22.68775425,22.8968983,22.95,0.85,15m sweep of hour high then reject,t
875,ATH/USDT,2026-10-05 20:00:00+00,2026-10-05 20:15:15.00258+00,bull,0.00733029,0.00737479,0.007336,0.85,15m sweep of hour low then reclaim,t
879,QCOM/USDT,2026-10-05 20:00:00+00,2026-10-05 20:15:15.00258+00,bear,180.29045816,181.52581674,181.28,0.85,mixed 15m structure — EMA side only,t
880,XPT/USDT,2026-10-05 20:00:00+00,2026-10-05 20:15:15.00258+00,bear,1719.64866971,1724.07453212,1723.06,0.85,15m sweep of hour high then reject,t
888,AIO/USDT,2026-10-05 20:00:00+00,2026-10-05 20:30:16.797278+00,bull,0.04275007,0.04299483,0.04275,0.85,15m sweep of hour low then reclaim,t
892,TQQQ/USDT,2026-10-05 20:00:00+00,2026-10-05 20:30:16.797278+00,bull,83.13088615,83.34278461,83.04,0.85,15m sweep of hour low then reclaim,t
896,BTW/USDT,2026-10-05 20:00:00+00,2026-10-05 20:30:16.797278+00,bull,1.26422216,1.27674461,1.2632,0.85,15m sweep of hour low then reclaim,t
900,WDC/USDT,2026-10-05 20:00:00+00,2026-10-05 20:30:16.797278+00,bull,440.32809179,442.99477052,440.73,0.85,mixed 15m structure — EMA side only,t
904,MRVL/USDT,2026-10-05 20:00:00+00,2026-10-05 20:30:16.797278+00,bull,271.21389301,271.86526747,271.12,0.85,15m sweep of hour low then reclaim,t
908,CBRS/USDT,2026-10-05 20:00:00+00,2026-10-05 20:30:16.797278+00,bull,181.38445834,182.44385415,181.42,0.85,mixed 15m structure — EMA side only,t
912,TSLA/USDT,2026-10-05 20:00:00+00,2026-10-05 20:30:16.797278+00,bull,378.79241546,379.65896134,378.67,0.85,15m sweep of hour low then reclaim,t
881,MVLL/USDT,2026-10-05 20:00:00+00,2026-10-05 20:30:16.797278+00,bull,37.5707815,37.74304626,37.52,0.85,15m sweep of hour low then reclaim,t
885,ARM/USDT,2026-10-05 20:00:00+00,2026-10-05 20:30:16.797278+00,bull,302.9856166,303.73595849,302.76,0.85,15m sweep of hour low then reclaim,t
889,SPCX/USDT,2026-10-05 20:00:00+00,2026-10-05 20:30:16.797278+00,bull,170.76043292,171.45391769,170.68,0.85,15m sweep of hour low then reclaim,t
893,AMD/USDT,2026-10-05 20:00:00+00,2026-10-05 20:30:16.797278+00,bull,631.6356327,632.59591825,631.25,0.85,15m sweep of hour low then reclaim,t
897,RAYSOL/USDT,2026-10-05 20:00:00+00,2026-10-05 20:30:16.797278+00,bull,2.17115104,2.1888724,2.173,0.85,mixed 15m structure — EMA side only,t
901,NVDA/USDT,2026-10-05 20:00:00+00,2026-10-05 20:30:16.797278+00,bull,239.19051746,239.53870634,239,0.85,15m sweep of hour low then reclaim,t
905,MU/USDT,2026-10-05 20:00:00+00,2026-10-05 20:30:16.797278+00,bear,1063.62228225,1065.2990871,1065.92,0.85,15m sweep of hour high then reject,t
909,DRAM/USDT,2026-10-05 20:00:00+00,2026-10-05 20:30:16.797278+00,bear,61.62731405,61.77507438,61.92,0.85,15m sweep of hour high then reject,t
913,VVV/USDT,2026-10-05 20:00:00+00,2026-10-05 20:30:16.797278+00,bull,28.25103382,28.39141546,28.267,0.85,mixed 15m structure — EMA side only,t
882,AXTI/USDT,2026-10-05 20:00:00+00,2026-10-05 20:30:16.797278+00,bull,86.60132437,87.01668906,86.52,0.85,15m sweep of hour low then reclaim,t
886,BE/USDT,2026-10-05 20:00:00+00,2026-10-05 20:30:16.797278+00,bear,286.49998493,287.93600603,287.7,0.85,mixed 15m structure — EMA side only,t
890,TSM/USDT,2026-10-05 20:00:00+00,2026-10-05 20:30:16.797278+00,bull,486.21643529,486.85891176,485.62,0.85,15m sweep of hour low then reclaim,t
894,SOXL/USDT,2026-10-05 20:00:00+00,2026-10-05 20:30:16.797278+00,bull,164.13493781,164.74765548,163.86,0.85,15m sweep of hour low then reclaim,t
898,SNXX/USDT,2026-10-05 20:00:00+00,2026-10-05 20:30:16.797278+00,bear,15.96762472,16.04095011,16.07,0.85,15m sweep of hour high then reject,t
902,MINIMAX/USDT,2026-10-05 20:00:00+00,2026-10-05 20:30:16.797278+00,bull,31.38240953,31.41897617,31.39,0.85,mixed 15m structure — EMA side only,t
906,QQQ/USDT,2026-10-05 20:00:00+00,2026-10-05 20:30:16.797278+00,bull,756.18757762,756.79105595,756.08,0.85,15m sweep of hour low then reclaim,t
910,COIN/USDT,2026-10-05 20:00:00+00,2026-10-05 20:30:16.797278+00,bull,187.9455229,188.79119274,187.92,0.85,15m sweep of hour low then reclaim,t
884,INTC/USDT,2026-10-05 20:00:00+00,2026-10-05 20:30:16.797278+00,bear,116.12241972,116.55103211,116.6,0.85,15m sweep of hour high then reject,t
914,SOXS/USDT,2026-10-05 20:00:00+00,2026-10-05 20:30:16.797278+00,bear,29.5339891,29.65440436,29.71,0.85,15m sweep of hour high then reject,t
883,DELL/USDT,2026-10-05 20:00:00+00,2026-10-05 20:30:16.797278+00,bear,551.93007927,552.95196829,553.01,0.85,15m sweep of hour high then reject,t
887,BR/USDT,2026-10-05 20:00:00+00,2026-10-05 20:30:16.797278+00,bull,0.43305325,0.44077687,0.41859,0.85,15m sweep of hour low then reclaim,t
891,ZHIPU/USDT,2026-10-05 20:00:00+00,2026-10-05 20:30:16.797278+00,bull,85.66279454,85.79301365,85.69,0.85,15m sweep of hour low then reclaim,t
895,SKHY/USDT,2026-10-05 20:00:00+00,2026-10-05 20:30:16.797278+00,bull,194.55169909,195.17075228,194.43,0.85,15m sweep of hour low then reclaim,t
899,MSTR/USDT,2026-10-05 20:00:00+00,2026-10-05 20:30:16.797278+00,bull,164.09915089,165.01212278,163.86,0.85,15m sweep of hour low then reclaim,t
903,META/USDT,2026-10-05 20:00:00+00,2026-10-05 20:30:16.797278+00,bear,741.45895568,742.55241773,742.83,0.85,15m sweep of hour high then reject,t
907,COHR/USDT,2026-10-05 20:00:00+00,2026-10-05 20:30:16.797278+00,bull,333.61791139,334.60522153,333.39,0.85,15m sweep of hour low then reclaim,t
919,QCOM/USDT,2026-10-05 20:00:00+00,2026-10-05 20:30:16.797278+00,bear,180.52666458,181.59133417,181.43,0.85,mixed 15m structure — EMA side only,t
911,KORU/USDT,2026-10-05 20:00:00+00,2026-10-05 20:30:16.797278+00,bear,22.7224312,22.87302752,22.95,0.85,15m sweep of hour high then reject,t
915,ATH/USDT,2026-10-05 20:00:00+00,2026-10-05 20:30:16.797278+00,bull,0.0073344,0.00736449,0.007336,0.85,15m sweep of hour low then reclaim,t
916,SKYAI/USDT,2026-10-05 20:00:00+00,2026-10-05 20:30:16.797278+00,bear,0.03470848,0.03502661,0.03502,0.85,mixed 15m structure — EMA side only,t
920,XPT/USDT,2026-10-05 20:00:00+00,2026-10-05 20:30:16.797278+00,bull,1721.62586583,1724.79533542,1721.68,0.8,mixed 15m structure — EMA side only,t
917,1000SHIB/USDT,2026-10-05 20:00:00+00,2026-10-05 20:30:16.797278+00,bull,0.00589634,0.00590915,0.005896,0.85,15m sweep of hour low then reclaim,t
918,HOOD/USDT,2026-10-05 20:00:00+00,2026-10-05 20:30:16.797278+00,bull,114.07552798,114.40618006,114.12,0.85,15m holding above hour open and EMA21,t
929,SPCX/USDT,2026-10-05 20:00:00+00,2026-10-05 20:45:15.861696+00,bull,170.94932243,171.23169393,170.68,0.85,15m sweep of hour low then reclaim,t
951,KORU/USDT,2026-10-05 20:00:00+00,2026-10-05 20:45:15.861696+00,bear,22.7525752,22.83096992,22.95,0.85,15m sweep of hour high then reject,t
959,QCOM/USDT,2026-10-05 20:00:00+00,2026-10-05 20:45:15.861696+00,bear,180.74157641,181.45536944,181.43,0.85,mixed 15m structure — EMA side only,t
932,TQQQ/USDT,2026-10-05 20:00:00+00,2026-10-05 20:45:15.861696+00,bull,83.16710429,83.27723929,83.04,0.85,15m sweep of hour low then reclaim,t
936,BTW/USDT,2026-10-05 20:00:00+00,2026-10-05 20:45:15.861696+00,bull,1.26477572,1.27211071,1.2632,0.85,mixed 15m structure — EMA side only,t
947,COHR/USDT,2026-10-05 20:00:00+00,2026-10-05 20:45:15.861696+00,bull,333.76847314,334.22881714,333.39,0.85,15m sweep of hour low then reclaim,t
943,META/USDT,2026-10-05 20:00:00+00,2026-10-05 20:45:15.861696+00,bull,742.07337034,742.60657415,741.52,0.85,15m sweep of hour low then reclaim,t
939,MSTR/USDT,2026-10-05 20:00:00+00,2026-10-05 20:45:15.861696+00,bull,164.29591291,164.74521772,163.86,0.85,15m sweep of hour low then reclaim,t
935,SKHY/USDT,2026-10-05 20:00:00+00,2026-10-05 20:45:15.861696+00,bear,194.69852572,194.91058971,194.9,0.85,15m sweep of hour high then reject,t
931,ZHIPU/USDT,2026-10-05 20:00:00+00,2026-10-05 20:45:15.861696+00,bull,85.68139727,85.74650682,85.69,0.85,15m sweep of hour low then reclaim,t
958,HOOD/USDT,2026-10-05 20:00:00+00,2026-10-05 20:45:15.861696+00,bull,114.12558085,114.28104789,114.12,0.85,15m sweep of hour low then reclaim,t
940,WDC/USDT,2026-10-05 20:00:00+00,2026-10-05 20:45:15.861696+00,bull,440.60703547,442.29741131,440.73,0.85,mixed 15m structure — EMA side only,t
944,MRVL/USDT,2026-10-05 20:00:00+00,2026-10-05 20:45:15.861696+00,bull,271.31322176,271.61694561,271.12,0.85,15m sweep of hour low then reclaim,t
948,CBRS/USDT,2026-10-05 20:00:00+00,2026-10-05 20:45:15.861696+00,bull,181.65188423,182.10028943,181.42,0.85,15m sweep of hour low then reclaim,t
954,SOXS/USDT,2026-10-05 20:00:00+00,2026-10-05 20:45:15.861696+00,bear,29.57983423,29.63606631,29.71,0.85,15m sweep of hour high then reject,t
950,COIN/USDT,2026-10-05 20:00:00+00,2026-10-05 20:45:15.861696+00,bull,188.03425706,188.54435735,187.92,0.85,15m sweep of hour low then reclaim,t
946,QQQ/USDT,2026-10-05 20:00:00+00,2026-10-05 20:45:15.861696+00,bull,756.26823961,756.61440098,756.08,0.85,15m sweep of hour low then reclaim,t
942,MINIMAX/USDT,2026-10-05 20:00:00+00,2026-10-05 20:45:15.861696+00,bull,31.39629014,31.40927465,31.39,0.85,15m sweep of hour low then reclaim,t
938,SNXX/USDT,2026-10-05 20:00:00+00,2026-10-05 20:45:15.861696+00,bear,15.99545076,16.02981969,16.07,0.85,15m sweep of hour high then reject,t
934,SOXL/USDT,2026-10-05 20:00:00+00,2026-10-05 20:45:15.861696+00,bull,164.22825684,164.5143579,163.86,0.85,15m sweep of hour low then reclaim,t
952,TSLA/USDT,2026-10-05 20:00:00+00,2026-10-05 20:45:15.861696+00,bull,378.92347147,379.33132134,378.67,0.85,15m sweep of hour low then reclaim,t
930,TSM/USDT,2026-10-05 20:00:00+00,2026-10-05 20:45:15.861696+00,bull,486.31328782,486.61678046,485.62,0.85,15m sweep of hour low then reclaim,t
957,1000SHIB/USDT,2026-10-05 20:00:00+00,2026-10-05 20:45:15.861696+00,bull,0.00589825,0.00590437,0.005896,0.85,15m sweep of hour low then reclaim,t
953,VVV/USDT,2026-10-05 20:00:00+00,2026-10-05 20:45:15.861696+00,bull,28.28147499,28.34281253,28.267,0.85,15m sweep of hour low then reclaim,t
949,DRAM/USDT,2026-10-05 20:00:00+00,2026-10-05 20:45:15.861696+00,bear,61.66089581,61.76164168,61.92,0.85,15m sweep of hour high then reject,t
945,MU/USDT,2026-10-05 20:00:00+00,2026-10-05 20:45:15.861696+00,bear,1064.26113105,1065.04354758,1065.92,0.85,15m sweep of hour high then reject,t
941,NVDA/USDT,2026-10-05 20:00:00+00,2026-10-05 20:45:15.861696+00,bull,239.24084025,239.41289937,239,0.85,15m sweep of hour low then reclaim,t
937,RAYSOL/USDT,2026-10-05 20:00:00+00,2026-10-05 20:45:15.861696+00,bull,2.17858384,2.1845404,2.173,0.85,15m sweep of hour low then reclaim,t
933,AMD/USDT,2026-10-05 20:00:00+00,2026-10-05 20:45:15.861696+00,bull,631.78242947,632.22892633,631.25,0.85,15m sweep of hour low then reclaim,t
956,SKYAI/USDT,2026-10-05 20:00:00+00,2026-10-05 20:45:15.861696+00,bear,0.0348069,0.03493724,0.03502,0.85,15m sweep of hour high then reject,t
955,ATH/USDT,2026-10-05 20:00:00+00,2026-10-05 20:45:15.861696+00,bull,0.00733882,0.00735344,0.007336,0.85,15m sweep of hour low then reclaim,t
928,AIO/USDT,2026-10-05 20:00:00+00,2026-10-05 20:45:15.861696+00,bear,0.04273372,0.04296451,0.04314,0.85,15m sweep of hour high then reject,t
927,BR/USDT,2026-10-05 20:00:00+00,2026-10-05 20:45:15.861696+00,bull,0.43423219,0.43782953,0.41859,0.85,15m sweep of hour low then reclaim,t
926,BE/USDT,2026-10-05 20:00:00+00,2026-10-05 20:45:15.861696+00,bear,286.81420729,287.89031708,287.78,0.85,mixed 15m structure — EMA side only,t
925,ARM/USDT,2026-10-05 20:00:00+00,2026-10-05 20:45:15.861696+00,bull,303.09647199,303.45882002,302.76,0.85,15m sweep of hour low then reclaim,t
924,INTC/USDT,2026-10-05 20:00:00+00,2026-10-05 20:45:15.861696+00,bear,116.23620986,116.50551606,116.6,0.85,15m sweep of hour high then reject,t
923,DELL/USDT,2026-10-05 20:00:00+00,2026-10-05 20:45:15.861696+00,bear,552.32064395,552.79574242,553.01,0.85,15m sweep of hour high then reject,t
922,AXTI/USDT,2026-10-05 20:00:00+00,2026-10-05 20:45:15.861696+00,bull,86.66471489,86.85821278,86.52,0.85,15m sweep of hour low then reclaim,t
960,XPT/USDT,2026-10-05 20:00:00+00,2026-10-05 20:45:15.861696+00,bull,1722.43563057,1723.74592359,1721.68,0.85,15m sweep of hour low then reclaim,t
921,MVLL/USDT,2026-10-05 20:00:00+00,2026-10-05 20:45:15.861696+00,bull,37.59539075,37.68152313,37.52,0.85,15m sweep of hour low then reclaim,t
989,COHR/USDT,2026-10-05 21:00:00+00,2026-10-05 21:00:16.803671+00,bull,333.73515739,335.46710652,334.23,0.85,15m holding above hour open and EMA21,t
980,AIO/USDT,2026-10-05 21:00:00+00,2026-10-05 21:00:16.803671+00,bear,0.0426884,0.04318264,0.04305,0.85,mixed 15m structure — EMA side only,t
996,RKLB/USDT,2026-10-05 21:00:00+00,2026-10-05 21:00:16.803671+00,bull,72.94411714,73.38470714,73.07,0.85,15m holding above hour open and EMA21,t
987,MU/USDT,2026-10-05 21:00:00+00,2026-10-05 21:00:16.803671+00,bear,1061.98941531,1064.98223387,1064.28,0.8,mixed 15m structure — EMA side only,t
978,CBRS/USDT,2026-10-05 21:00:00+00,2026-10-05 21:00:16.803671+00,bull,181.85782714,183.54543215,182.34,0.85,15m holding above hour open and EMA21,t
995,SOXS/USDT,2026-10-05 21:00:00+00,2026-10-05 21:00:16.803671+00,bear,29.39616998,29.61153201,29.55,0.8,mixed 15m structure — EMA side only,t
986,QQQ/USDT,2026-10-05 21:00:00+00,2026-10-05 21:00:16.803671+00,bull,756.11911855,756.94720362,756.33,0.85,mixed 15m structure — EMA side only,t
977,NVDA/USDT,2026-10-05 21:00:00+00,2026-10-05 21:00:16.803671+00,bull,239.54666379,240.18834053,239.73,0.85,15m holding above hour open and EMA21,t
994,VVV/USDT,2026-10-05 21:00:00+00,2026-10-05 21:00:16.803671+00,bull,28.26346138,28.49984656,28.329,0.85,mixed 15m structure — EMA side only,t
985,META/USDT,2026-10-05 21:00:00+00,2026-10-05 21:00:16.803671+00,bull,741.99311841,743.94220398,742.55,0.85,15m holding above hour open and EMA21,t
976,MRVL/USDT,2026-10-05 21:00:00+00,2026-10-05 21:00:16.803671+00,bull,271.70099509,272.85251226,272.03,0.85,15m holding above hour open and EMA21,t
993,TSLA/USDT,2026-10-05 21:00:00+00,2026-10-05 21:00:16.803671+00,bull,379.01863687,380.56340782,379.46,0.85,15m holding above hour open and EMA21,t
984,MINIMAX/USDT,2026-10-05 21:00:00+00,2026-10-05 21:00:16.803671+00,bull,31.39622052,31.4444487,31.41,0.85,15m holding above hour open and EMA21,t
975,BTW/USDT,2026-10-05 21:00:00+00,2026-10-05 21:00:16.803671+00,bull,1.25880266,1.28154336,1.264,0.85,15m holding above hour open and EMA21,t
992,GRASS/USDT,2026-10-05 21:00:00+00,2026-10-05 21:00:16.803671+00,bull,0.76227316,0.77786711,0.7664,0.85,mixed 15m structure — EMA side only,t
983,WDC/USDT,2026-10-05 21:00:00+00,2026-10-05 21:00:16.803671+00,bull,439.99421748,443.16445631,440.9,0.85,15m holding above hour open and EMA21,t
974,SKHY/USDT,2026-10-05 21:00:00+00,2026-10-05 21:00:16.803671+00,bull,194.42198108,195.23004731,194.65,0.8,mixed 15m structure — EMA side only,t
1000,XPT/USDT,2026-10-05 21:00:00+00,2026-10-05 21:00:16.803671+00,bull,1722.9293421,1727.97164475,1724.36,0.85,15m holding above hour open and EMA21,t
991,KORU/USDT,2026-10-05 21:00:00+00,2026-10-05 21:00:16.803671+00,bear,22.71813646,22.86074541,22.82,0.8,mixed 15m structure — EMA side only,t
982,MSTR/USDT,2026-10-05 21:00:00+00,2026-10-05 21:00:16.803671+00,bull,164.0957051,165.33573724,164.45,0.85,15m holding above hour open and EMA21,t
973,TQQQ/USDT,2026-10-05 21:00:00+00,2026-10-05 21:00:16.803671+00,bull,83.11421592,83.4144602,83.2,0.85,15m holding above hour open and EMA21,t
999,1000SHIB/USDT,2026-10-05 21:00:00+00,2026-10-05 21:00:16.803671+00,bull,0.00589418,0.00591805,0.005901,0.85,15m holding above hour open and EMA21,t
990,ORCL/USDT,2026-10-05 21:00:00+00,2026-10-05 21:00:16.803671+00,bear,142.49468949,143.1841242,143.03,0.8,mixed 15m structure — EMA side only,t
998,AKE/USDT,2026-10-05 21:00:00+00,2026-10-05 21:00:16.803671+00,bear,0.03050049,0.0308666,0.030762,0.85,15m holding below hour open and EMA21,t
981,SNXX/USDT,2026-10-05 21:00:00+00,2026-10-05 21:00:16.803671+00,bear,15.91788855,16.04684458,16.01,0.85,mixed 15m structure — EMA side only,t
972,SPCX/USDT,2026-10-05 21:00:00+00,2026-10-05 21:00:16.803671+00,bull,170.74662616,171.81843459,171.04,0.85,mixed 15m structure — EMA side only,t
997,SKYAI/USDT,2026-10-05 21:00:00+00,2026-10-05 21:00:16.803671+00,bear,0.03442142,0.03493943,0.0348,0.8,mixed 15m structure — EMA side only,t
988,DRAM/USDT,2026-10-05 21:00:00+00,2026-10-05 21:00:16.803671+00,bull,61.72601663,61.87995843,61.77,0.85,15m holding above hour open and EMA21,t
979,RAYSOL/USDT,2026-10-05 21:00:00+00,2026-10-05 21:00:16.803671+00,bull,2.1766114,2.19827149,2.1828,0.85,15m holding above hour open and EMA21,t
970,ZHIPU/USDT,2026-10-05 21:00:00+00,2026-10-05 21:00:16.803671+00,bull,85.79148855,86.03127863,85.86,0.85,15m holding above hour open and EMA21,t
971,AMD/USDT,2026-10-05 21:00:00+00,2026-10-05 21:00:16.803671+00,bull,631.39096659,633.08758352,631.85,0.8,mixed 15m structure — EMA side only,t
969,TSM/USDT,2026-10-05 21:00:00+00,2026-10-05 21:00:16.803671+00,bull,486.37235474,487.51911314,486.68,0.85,15m holding above hour open and EMA21,t
968,SOXL/USDT,2026-10-05 21:00:00+00,2026-10-05 21:00:16.803671+00,bull,164.40598255,165.50504363,164.72,0.85,15m holding above hour open and EMA21,t
967,BR/USDT,2026-10-05 21:00:00+00,2026-10-05 21:00:16.803671+00,bull,0.43267199,0.44610503,0.4364,0.85,15m holding above hour open and EMA21,t
966,ARM/USDT,2026-10-05 21:00:00+00,2026-10-05 21:00:16.803671+00,bull,302.93212455,304.37968863,303.32,0.8,mixed 15m structure — EMA side only,t
965,BE/USDT,2026-10-05 21:00:00+00,2026-10-05 21:00:16.803671+00,bear,286.78634136,288.28346346,287.87,0.8,mixed 15m structure — EMA side only,t
964,DELL/USDT,2026-10-05 21:00:00+00,2026-10-05 21:00:16.803671+00,bear,550.9825758,552.88296968,552.34,0.85,mixed 15m structure — EMA side only,t
963,AXTI/USDT,2026-10-05 21:00:00+00,2026-10-05 21:00:16.803671+00,bull,86.67056959,87.40357604,86.88,0.85,15m holding above hour open and EMA21,t
962,INTC/USDT,2026-10-05 21:00:00+00,2026-10-05 21:00:16.803671+00,bear,116.05958095,116.62016762,116.46,0.8,mixed 15m structure — EMA side only,t
961,MVLL/USDT,2026-10-05 21:00:00+00,2026-10-05 21:00:16.803671+00,bull,37.65710849,37.98222877,37.75,0.85,15m holding above hour open and EMA21,t
1039,1000SHIB/USDT,2026-10-05 21:00:00+00,2026-10-05 21:15:18.180792+00,bear,0.0058885,0.005906,0.005901,0.85,15m holding below hour open and EMA21,t
1004,DELL/USDT,2026-10-05 21:00:00+00,2026-10-05 21:15:18.180792+00,bear,551.5066568,552.77133728,552.53,0.85,15m holding below hour open and EMA21,t
1013,TQQQ/USDT,2026-10-05 21:00:00+00,2026-10-05 21:15:18.180792+00,bull,83.1374718,83.3563205,83.2,0.85,15m holding above hour open and EMA21,t
1022,MSTR/USDT,2026-10-05 21:00:00+00,2026-10-05 21:15:18.180792+00,bull,164.00768748,165.08078129,164.26,0.85,mixed 15m structure — EMA side only,t
1031,KORU/USDT,2026-10-05 21:00:00+00,2026-10-05 21:15:18.180792+00,bear,22.74766647,22.84893341,22.82,0.85,15m holding below hour open and EMA21,t
1040,XPT/USDT,2026-10-05 21:00:00+00,2026-10-05 21:15:18.180792+00,bull,1722.86136325,1726.91659188,1723.82,0.8,mixed 15m structure — EMA side only,t
1001,MVLL/USDT,2026-10-05 21:00:00+00,2026-10-05 21:15:18.180792+00,bull,37.71837654,37.94405866,37.77,0.85,mixed 15m structure — EMA side only,t
1002,INTC/USDT,2026-10-05 21:00:00+00,2026-10-05 21:15:18.180792+00,bear,116.17835102,116.61265959,116.5,0.8,mixed 15m structure — EMA side only,t
1003,AXTI/USDT,2026-10-05 21:00:00+00,2026-10-05 21:15:18.180792+00,bull,86.62108239,87.25229403,86.77,0.85,mixed 15m structure — EMA side only,t
1005,BE/USDT,2026-10-05 21:00:00+00,2026-10-05 21:15:18.180792+00,bear,287.0785413,288.11658348,287.87,0.85,15m sweep of hour high then reject,t
1006,ARM/USDT,2026-10-05 21:00:00+00,2026-10-05 21:15:18.180792+00,bull,303.12733674,304.11665815,303.32,0.85,15m sweep of hour low then reclaim,t
1007,BR/USDT,2026-10-05 21:00:00+00,2026-10-05 21:15:18.180792+00,bull,0.43377888,0.44333781,0.4364,0.85,15m sweep of hour low then reclaim,t
1008,SOXL/USDT,2026-10-05 21:00:00+00,2026-10-05 21:15:18.180792+00,bull,164.49963784,165.27090539,164.72,0.85,15m holding above hour open and EMA21,t
1009,TSM/USDT,2026-10-05 21:00:00+00,2026-10-05 21:15:18.180792+00,bull,486.4307042,487.27323951,486.66,0.85,mixed 15m structure — EMA side only,t
1017,NVDA/USDT,2026-10-05 21:00:00+00,2026-10-05 21:15:18.180792+00,bull,239.59953371,240.05616573,239.73,0.85,15m holding above hour open and EMA21,t
1018,CBRS/USDT,2026-10-05 21:00:00+00,2026-10-05 21:15:18.180792+00,bull,181.9997439,183.19064025,182.34,0.85,15m holding above hour open and EMA21,t
1026,QQQ/USDT,2026-10-05 21:00:00+00,2026-10-05 21:15:18.180792+00,bull,756.20502899,756.78242752,756.33,0.85,15m sweep of hour low then reclaim,t
1027,MU/USDT,2026-10-05 21:00:00+00,2026-10-05 21:15:18.180792+00,bear,1062.63202138,1064.71519145,1064.28,0.8,mixed 15m structure — EMA side only,t
1035,SOXS/USDT,2026-10-05 21:00:00+00,2026-10-05 21:15:18.180792+00,bear,29.4407791,29.59368836,29.55,0.85,15m holding below hour open and EMA21,t
1036,RKLB/USDT,2026-10-05 21:00:00+00,2026-10-05 21:15:18.180792+00,bull,72.97982444,73.2954389,73.07,0.85,15m holding above hour open and EMA21,t
1010,ZHIPU/USDT,2026-10-05 21:00:00+00,2026-10-05 21:15:18.180792+00,bull,85.81005809,85.98485476,85.86,0.85,15m holding above hour open and EMA21,t
1019,RAYSOL/USDT,2026-10-05 21:00:00+00,2026-10-05 21:15:18.180792+00,bull,2.17816137,2.19439657,2.1828,0.85,15m holding above hour open and EMA21,t
1028,DRAM/USDT,2026-10-05 21:00:00+00,2026-10-05 21:15:18.180792+00,bear,61.68785038,61.80285985,61.77,0.85,15m holding below hour open and EMA21,t
1037,SKYAI/USDT,2026-10-05 21:00:00+00,2026-10-05 21:15:18.180792+00,bear,0.03451888,0.03487045,0.0348,0.85,15m sweep of hour high then reject,t
1011,AMD/USDT,2026-10-05 21:00:00+00,2026-10-05 21:15:18.180792+00,bull,631.52555174,632.72612066,631.84,0.8,mixed 15m structure — EMA side only,t
1020,AIO/USDT,2026-10-05 21:00:00+00,2026-10-05 21:15:18.180792+00,bear,0.04278558,0.04318377,0.0431,0.8,mixed 15m structure — EMA side only,t
1029,COHR/USDT,2026-10-05 21:00:00+00,2026-10-05 21:15:18.180792+00,bull,333.88203461,335.09991347,334.23,0.85,15m holding above hour open and EMA21,t
1038,AKE/USDT,2026-10-05 21:00:00+00,2026-10-05 21:15:18.180792+00,bear,0.03057194,0.03090502,0.030829,0.85,mixed 15m structure — EMA side only,t
1012,SPCX/USDT,2026-10-05 21:00:00+00,2026-10-05 21:15:18.180792+00,bull,170.84621465,171.59446337,171.04,0.85,15m holding above hour open and EMA21,t
1021,SNXX/USDT,2026-10-05 21:00:00+00,2026-10-05 21:15:18.180792+00,bear,15.9444581,16.03621676,16.01,0.85,15m holding below hour open and EMA21,t
1030,ORCL/USDT,2026-10-05 21:00:00+00,2026-10-05 21:15:18.180792+00,bear,142.62948018,143.12020793,143.03,0.85,15m sweep of hour high then reject,t
1014,SKHY/USDT,2026-10-05 21:00:00+00,2026-10-05 21:15:18.180792+00,bull,194.50008682,195.05978295,194.65,0.85,15m holding above hour open and EMA21,t
1023,WDC/USDT,2026-10-05 21:00:00+00,2026-10-05 21:15:18.180792+00,bull,440.08194431,442.49513922,440.68,0.85,mixed 15m structure — EMA side only,t
1032,GRASS/USDT,2026-10-05 21:00:00+00,2026-10-05 21:15:18.180792+00,bull,0.76329473,0.77456317,0.7659,0.85,mixed 15m structure — EMA side only,t
1015,BTW/USDT,2026-10-05 21:00:00+00,2026-10-05 21:15:18.180792+00,bull,1.26071657,1.27675859,1.264,0.85,15m sweep of hour low then reclaim,t
1024,MINIMAX/USDT,2026-10-05 21:00:00+00,2026-10-05 21:15:18.180792+00,bull,31.39012501,31.43468749,31.4,0.8,mixed 15m structure — EMA side only,t
1033,TSLA/USDT,2026-10-05 21:00:00+00,2026-10-05 21:15:18.180792+00,bull,379.11122925,380.23192688,379.41,0.85,mixed 15m structure — EMA side only,t
1016,MRVL/USDT,2026-10-05 21:00:00+00,2026-10-05 21:15:18.180792+00,bull,271.78003587,272.60491033,272.01,0.8,mixed 15m structure — EMA side only,t
1025,META/USDT,2026-10-05 21:00:00+00,2026-10-05 21:15:18.180792+00,bull,742.16105746,743.52235634,742.53,0.85,15m holding above hour open and EMA21,t
1034,VVV/USDT,2026-10-05 21:00:00+00,2026-10-05 21:15:18.180792+00,bull,28.28759917,28.45700207,28.329,0.85,15m sweep of hour low then reclaim,t
1061,SNXX/USDT,2026-10-05 21:00:00+00,2026-10-05 21:30:17.340477+00,bear,15.96803358,16.02678657,16.01,0.85,15m holding below hour open and EMA21,t
1049,TSM/USDT,2026-10-05 21:00:00+00,2026-10-05 21:30:17.340477+00,bull,486.45694069,487.05764827,486.6,0.85,mixed 15m structure — EMA side only,t
1052,SPCX/USDT,2026-10-05 21:00:00+00,2026-10-05 21:30:17.340477+00,bull,170.92617097,171.39457257,171.04,0.85,15m holding above hour open and EMA21,t
1043,AXTI/USDT,2026-10-05 21:00:00+00,2026-10-05 21:30:17.340477+00,bull,86.72688434,87.11278916,86.77,0.85,mixed 15m structure — EMA side only,t
1064,MINIMAX/USDT,2026-10-05 21:00:00+00,2026-10-05 21:30:17.340477+00,bull,31.40370119,31.42574702,31.4,0.85,15m sweep of hour low then reclaim,t
1059,RAYSOL/USDT,2026-10-05 21:00:00+00,2026-10-05 21:30:17.340477+00,bull,2.17982632,2.19023419,2.1828,0.85,15m holding above hour open and EMA21,t
1055,BTW/USDT,2026-10-05 21:00:00+00,2026-10-05 21:30:17.340477+00,bull,1.26241064,1.27252341,1.264,0.85,15m holding above hour open and EMA21,t
1050,ZHIPU/USDT,2026-10-05 21:00:00+00,2026-10-05 21:30:17.340477+00,bull,85.82834073,85.93914819,85.86,0.85,15m holding above hour open and EMA21,t
1046,ARM/USDT,2026-10-05 21:00:00+00,2026-10-05 21:30:17.340477+00,bull,303.22981798,303.86045505,303.32,0.85,15m holding above hour open and EMA21,t
1041,MVLL/USDT,2026-10-05 21:00:00+00,2026-10-05 21:30:17.340477+00,bull,37.73891769,37.89270577,37.77,0.85,mixed 15m structure — EMA side only,t
1080,XPT/USDT,2026-10-05 21:00:00+00,2026-10-05 21:30:17.340477+00,bull,1722.77068677,1725.96828307,1723.41,0.8,mixed 15m structure — EMA side only,t
1071,KORU/USDT,2026-10-05 21:00:00+00,2026-10-05 21:30:17.340477+00,bear,22.77382924,22.8484683,22.83,0.85,mixed 15m structure — EMA side only,t
1062,MSTR/USDT,2026-10-05 21:00:00+00,2026-10-05 21:30:17.340477+00,bull,164.28656368,164.8585908,164.26,0.85,15m sweep of hour low then reclaim,t
1053,TQQQ/USDT,2026-10-05 21:00:00+00,2026-10-05 21:30:17.340477+00,bull,83.16110635,83.29723412,83.2,0.85,15m holding above hour open and EMA21,t
1044,DELL/USDT,2026-10-05 21:00:00+00,2026-10-05 21:30:17.340477+00,bear,551.84382326,552.6964707,552.53,0.85,mixed 15m structure — EMA side only,t
1074,VVV/USDT,2026-10-05 21:00:00+00,2026-10-05 21:30:17.340477+00,bull,28.30525758,28.41285604,28.329,0.85,15m sweep of hour low then reclaim,t
1065,META/USDT,2026-10-05 21:00:00+00,2026-10-05 21:30:17.340477+00,bull,742.30606891,743.15982774,742.53,0.85,15m holding above hour open and EMA21,t
1056,MRVL/USDT,2026-10-05 21:00:00+00,2026-10-05 21:30:17.340477+00,bull,271.65374125,272.39564687,271.8,0.85,mixed 15m structure — EMA side only,t
1047,BR/USDT,2026-10-05 21:00:00+00,2026-10-05 21:30:17.340477+00,bull,0.43131859,0.44103852,0.43226,0.85,mixed 15m structure — EMA side only,t
1058,CBRS/USDT,2026-10-05 21:00:00+00,2026-10-05 21:30:17.340477+00,bull,182.12936527,182.86658682,182.34,0.85,15m holding above hour open and EMA21,t
1067,MU/USDT,2026-10-05 21:00:00+00,2026-10-05 21:30:17.340477+00,bear,1063.16544181,1064.50182328,1064.28,0.85,15m sweep of hour high then reject,t
1042,INTC/USDT,2026-10-05 21:00:00+00,2026-10-05 21:30:17.340477+00,bear,116.27223401,116.57510639,116.5,0.8,mixed 15m structure — EMA side only,t
1072,GRASS/USDT,2026-10-05 21:00:00+00,2026-10-05 21:30:17.340477+00,bull,0.75326041,0.77214898,0.7547,0.85,mixed 15m structure — EMA side only,t
1063,WDC/USDT,2026-10-05 21:00:00+00,2026-10-05 21:30:17.340477+00,bull,440.31482743,441.88793142,440.68,0.8,mixed 15m structure — EMA side only,t
1054,SKHY/USDT,2026-10-05 21:00:00+00,2026-10-05 21:30:17.340477+00,bear,194.40787246,194.76085102,194.69,0.85,15m sweep of hour high then reject,t
1076,RKLB/USDT,2026-10-05 21:00:00+00,2026-10-05 21:30:17.340477+00,bull,73.01306275,73.21234313,73.07,0.85,15m holding above hour open and EMA21,t
1045,BE/USDT,2026-10-05 21:00:00+00,2026-10-05 21:30:17.340477+00,bear,287.3256942,288.01772232,287.87,0.85,15m sweep of hour high then reject,t
1075,SOXS/USDT,2026-10-05 21:00:00+00,2026-10-05 21:30:17.340477+00,bear,29.4809942,29.58760232,29.56,0.85,mixed 15m structure — EMA side only,t
1066,QQQ/USDT,2026-10-05 21:00:00+00,2026-10-05 21:30:17.340477+00,bull,756.26657509,756.62856228,756.33,0.85,15m sweep of hour low then reclaim,t
1057,NVDA/USDT,2026-10-05 21:00:00+00,2026-10-05 21:30:17.340477+00,bull,239.46384944,239.9453764,239.54,0.85,mixed 15m structure — EMA side only,t
1048,SOXL/USDT,2026-10-05 21:00:00+00,2026-10-05 21:30:17.340477+00,bull,164.5719139,165.06521524,164.71,0.8,mixed 15m structure — EMA side only,t
1051,AMD/USDT,2026-10-05 21:00:00+00,2026-10-05 21:30:17.340477+00,bull,631.68128917,632.41177708,631.84,0.85,15m holding above hour open and EMA21,t
1079,1000SHIB/USDT,2026-10-05 21:00:00+00,2026-10-05 21:30:17.340477+00,bear,0.00589312,0.00590415,0.005901,0.85,15m holding below hour open and EMA21,t
1070,ORCL/USDT,2026-10-05 21:00:00+00,2026-10-05 21:30:17.340477+00,bear,142.76208297,143.06716681,143.03,0.85,15m sweep of hour high then reject,t
1060,AIO/USDT,2026-10-05 21:00:00+00,2026-10-05 21:30:17.340477+00,bear,0.04285306,0.04308678,0.0431,0.85,15m sweep of hour high then reject,t
1069,COHR/USDT,2026-10-05 21:00:00+00,2026-10-05 21:30:17.340477+00,bull,334.01199286,334.77501786,334.23,0.85,15m holding above hour open and EMA21,t
1078,AKE/USDT,2026-10-05 21:00:00+00,2026-10-05 21:30:17.340477+00,bear,0.0306403,0.03092068,0.030916,0.85,mixed 15m structure — EMA side only,t
1068,DRAM/USDT,2026-10-05 21:00:00+00,2026-10-05 21:30:17.340477+00,bear,61.71728833,61.79108467,61.77,0.85,15m holding below hour open and EMA21,t
1077,SKYAI/USDT,2026-10-05 21:00:00+00,2026-10-05 21:30:17.340477+00,bear,0.03461176,0.0348333,0.0348,0.85,15m holding below hour open and EMA21,t
1073,TSLA/USDT,2026-10-05 21:00:00+00,2026-10-05 21:30:17.340477+00,bull,379.20811335,379.93971664,379.38,0.85,mixed 15m structure — EMA side only,t
1107,MU/USDT,2026-10-05 21:00:00+00,2026-10-05 21:45:18.064855+00,bear,1063.66218727,1064.30312509,1064.28,0.85,15m holding below hour open and EMA21,t
1096,MRVL/USDT,2026-10-05 21:00:00+00,2026-10-05 21:45:18.064855+00,bull,271.82125844,272.2018539,271.8,0.85,mixed 15m structure — EMA side only,t
1113,TSLA/USDT,2026-10-05 21:00:00+00,2026-10-05 21:45:18.064855+00,bull,379.12914548,379.6871363,379.21,0.8,mixed 15m structure — EMA side only,t
1104,MINIMAX/USDT,2026-10-05 21:00:00+00,2026-10-05 21:45:18.064855+00,bull,31.40679698,31.41800754,31.4,0.85,15m sweep of hour low then reclaim,t
1095,BTW/USDT,2026-10-05 21:00:00+00,2026-10-05 21:45:18.064855+00,bear,1.26132645,1.26688942,1.2677,0.85,15m sweep of hour high then reject,t
1112,GRASS/USDT,2026-10-05 21:00:00+00,2026-10-05 21:45:18.064855+00,bull,0.75777505,0.76936239,0.7547,0.85,15m sweep of hour low then reclaim,t
1103,WDC/USDT,2026-10-05 21:00:00+00,2026-10-05 21:45:18.064855+00,bull,440.43531988,441.3617003,440.58,0.8,mixed 15m structure — EMA side only,t
1094,SKHY/USDT,2026-10-05 21:00:00+00,2026-10-05 21:45:18.064855+00,bear,194.54015507,194.70793797,194.69,0.85,15m sweep of hour high then reject,t
1120,XPT/USDT,2026-10-05 21:00:00+00,2026-10-05 21:45:18.064855+00,bull,1723.113176,1725.11206,1723.41,0.8,mixed 15m structure — EMA side only,t
1111,KORU/USDT,2026-10-05 21:00:00+00,2026-10-05 21:45:18.064855+00,bull,22.81096114,22.84259714,22.8,0.85,15m sweep of hour low then reclaim,t
1102,MSTR/USDT,2026-10-05 21:00:00+00,2026-10-05 21:45:18.064855+00,bull,164.37374742,164.64063144,164.26,0.85,15m sweep of hour low then reclaim,t
1093,TQQQ/USDT,2026-10-05 21:00:00+00,2026-10-05 21:45:18.064855+00,bull,83.18157081,83.24607298,83.2,0.85,15m holding above hour open and EMA21,t
1119,1000SHIB/USDT,2026-10-05 21:00:00+00,2026-10-05 21:45:18.064855+00,bull,0.00589942,0.00590496,0.005892,0.85,15m sweep of hour low then reclaim,t
1110,ORCL/USDT,2026-10-05 21:00:00+00,2026-10-05 21:45:18.064855+00,bear,142.87835995,143.02065602,143.03,0.85,15m sweep of hour high then reject,t
1101,SNXX/USDT,2026-10-05 21:00:00+00,2026-10-05 21:45:18.064855+00,bear,15.99005131,16.01797948,16.01,0.85,15m holding below hour open and EMA21,t
1092,SPCX/USDT,2026-10-05 21:00:00+00,2026-10-05 21:45:18.064855+00,bull,170.99702938,171.21742655,171.04,0.85,15m holding above hour open and EMA21,t
1118,AKE/USDT,2026-10-05 21:00:00+00,2026-10-05 21:45:18.064855+00,bull,0.0307386,0.0308205,0.030715,0.85,15m sweep of hour low then reclaim,t
1109,COHR/USDT,2026-10-05 21:00:00+00,2026-10-05 21:45:18.064855+00,bull,334.12776097,334.48559758,334.23,0.85,15m holding above hour open and EMA21,t
1100,AIO/USDT,2026-10-05 21:00:00+00,2026-10-05 21:45:18.064855+00,bear,0.04294226,0.0430511,0.0431,0.85,15m sweep of hour high then reject,t
1091,AMD/USDT,2026-10-05 21:00:00+00,2026-10-05 21:45:18.064855+00,bull,631.79216997,632.13457507,631.84,0.85,15m sweep of hour low then reclaim,t
1117,SKYAI/USDT,2026-10-05 21:00:00+00,2026-10-05 21:45:18.064855+00,bear,0.03469351,0.03491059,0.03489,0.85,mixed 15m structure — EMA side only,t
1108,DRAM/USDT,2026-10-05 21:00:00+00,2026-10-05 21:45:18.064855+00,bear,61.74552673,61.77978931,61.77,0.85,15m holding below hour open and EMA21,t
1099,RAYSOL/USDT,2026-10-05 21:00:00+00,2026-10-05 21:45:18.064855+00,bull,2.18118444,2.18683891,2.1828,0.85,15m holding above hour open and EMA21,t
1090,ZHIPU/USDT,2026-10-05 21:00:00+00,2026-10-05 21:45:18.064855+00,bull,85.84502248,85.8974438,85.86,0.85,15m holding above hour open and EMA21,t
1116,RKLB/USDT,2026-10-05 21:00:00+00,2026-10-05 21:45:18.064855+00,bull,73.04319342,73.13701645,73.07,0.85,15m holding above hour open and EMA21,t
1098,CBRS/USDT,2026-10-05 21:00:00+00,2026-10-05 21:45:18.064855+00,bull,182.24016245,182.58959388,182.34,0.85,15m holding above hour open and EMA21,t
1089,TSM/USDT,2026-10-05 21:00:00+00,2026-10-05 21:45:18.064855+00,bull,486.32162961,486.87092598,486.39,0.85,mixed 15m structure — EMA side only,t
1088,SOXL/USDT,2026-10-05 21:00:00+00,2026-10-05 21:45:18.064855+00,bull,164.55505288,164.88236779,164.62,0.85,mixed 15m structure — EMA side only,t
1087,BR/USDT,2026-10-05 21:00:00+00,2026-10-05 21:45:18.064855+00,bull,0.43027005,0.43865989,0.43109,0.85,mixed 15m structure — EMA side only,t
1086,ARM/USDT,2026-10-05 21:00:00+00,2026-10-05 21:45:18.064855+00,bull,303.32587978,303.62030056,303.32,0.85,15m holding above hour open and EMA21,t
1085,BE/USDT,2026-10-05 21:00:00+00,2026-10-05 21:45:18.064855+00,bear,287.59837071,287.90865171,287.87,0.85,15m sweep of hour high then reject,t
1084,DELL/USDT,2026-10-05 21:00:00+00,2026-10-05 21:45:18.064855+00,bear,552.14388223,552.71644711,552.61,0.85,mixed 15m structure — EMA side only,t
1083,AXTI/USDT,2026-10-05 21:00:00+00,2026-10-05 21:45:18.064855+00,bull,86.74583916,86.99040211,86.72,0.85,mixed 15m structure — EMA side only,t
1082,INTC/USDT,2026-10-05 21:00:00+00,2026-10-05 21:45:18.064855+00,bear,116.37710982,116.50315607,116.54,0.85,15m sweep of hour high then reject,t
1081,MVLL/USDT,2026-10-05 21:00:00+00,2026-10-05 21:45:18.064855+00,bull,37.72009036,37.83977411,37.69,0.85,15m sweep of hour low then reclaim,t
1115,SOXS/USDT,2026-10-05 21:00:00+00,2026-10-05 21:45:18.064855+00,bear,29.51726517,29.60309393,29.59,0.85,mixed 15m structure — EMA side only,t
1106,QQQ/USDT,2026-10-05 21:00:00+00,2026-10-05 21:45:18.064855+00,bull,756.32123843,756.49190391,756.33,0.85,15m holding above hour open and EMA21,t
1097,NVDA/USDT,2026-10-05 21:00:00+00,2026-10-05 21:45:18.064855+00,bull,239.68814438,239.83463904,239.54,0.85,15m sweep of hour low then reclaim,t
1114,VVV/USDT,2026-10-05 21:00:00+00,2026-10-05 21:45:18.064855+00,bull,28.32100245,28.37349388,28.329,0.85,15m sweep of hour low then reclaim,t
1105,META/USDT,2026-10-05 21:00:00+00,2026-10-05 21:45:18.064855+00,bull,742.43488913,742.83777716,742.53,0.85,15m sweep of hour low then reclaim,t
1155,1000SHIB/USDT,2026-10-06 06:00:00+00,2026-10-06 06:30:34.27684+00,bear,0.00583666,0.00585254,0.00585,0.85,15m sweep of hour high then reject,t
1159,XPT/USDT,2026-10-06 06:00:00+00,2026-10-06 06:30:34.27684+00,bull,1709.52059528,1712.38851179,1705.18,0.85,15m sweep of hour low then reclaim,t
1137,MSTR/USDT,2026-10-06 06:00:00+00,2026-10-06 06:30:34.27684+00,bear,163.87948018,164.30020793,164.19,0.85,15m sweep of hour high then reject,t
1136,BTW/USDT,2026-10-06 06:00:00+00,2026-10-06 06:30:34.27684+00,bull,1.15302633,1.18058416,1.1544,0.85,15m sweep of hour low then reclaim,t
1129,SOXL/USDT,2026-10-06 06:00:00+00,2026-10-06 06:30:34.27684+00,bull,164.65888779,165.32778051,164.48,0.85,15m sweep of hour low then reclaim,t
1128,TSM/USDT,2026-10-06 06:00:00+00,2026-10-06 06:30:34.27684+00,bull,485.32528526,485.95178686,485.4,0.85,mixed 15m structure — EMA side only,t
1134,SKHY/USDT,2026-10-06 06:00:00+00,2026-10-06 06:30:34.27684+00,bear,189.651492,190.1954032,190.45,0.85,15m sweep of hour high then reject,t
1143,WDC/USDT,2026-10-06 06:00:00+00,2026-10-06 06:30:34.27684+00,bull,441.25650854,442.07372865,440.98,0.85,15m sweep of hour low then reclaim,t
1153,SOXS/USDT,2026-10-06 06:00:00+00,2026-10-06 06:30:34.27684+00,bear,29.47612986,29.59354805,29.64,0.85,15m sweep of hour high then reject,t
1127,BR/USDT,2026-10-06 06:00:00+00,2026-10-06 06:30:34.27684+00,bear,0.38984672,0.40426931,0.40789,0.85,15m sweep of hour high then reject,t
1142,SNXX/USDT,2026-10-06 06:00:00+00,2026-10-06 06:30:34.27684+00,bull,15.85508378,15.90729055,15.83,0.85,15m sweep of hour low then reclaim,t
1126,ARM/USDT,2026-10-06 06:00:00+00,2026-10-06 06:30:34.27684+00,bear,301.82826749,302.594693,303.08,0.85,15m sweep of hour high then reject,t
1152,ORCL/USDT,2026-10-06 06:00:00+00,2026-10-06 06:30:34.27684+00,bull,143.1664357,143.31891074,143.11,0.85,15m sweep of hour low then reclaim,t
1133,TQQQ/USDT,2026-10-06 06:00:00+00,2026-10-06 06:30:34.27684+00,bull,83.47893736,83.62265661,83.39,0.85,15m sweep of hour low then reclaim,t
1154,VVV/USDT,2026-10-06 06:00:00+00,2026-10-06 06:30:34.27684+00,bear,27.75192583,27.97742967,27.935,0.85,15m sweep of hour high then reject,t
1125,AXTI/USDT,2026-10-06 06:00:00+00,2026-10-06 06:30:34.27684+00,bull,86.43199879,86.72000302,86.31,0.85,15m sweep of hour low then reclaim,t
1124,BE/USDT,2026-10-06 06:00:00+00,2026-10-06 06:30:34.27684+00,bull,288.67799546,289.21001136,288.51,0.85,15m sweep of hour low then reclaim,t
1123,DELL/USDT,2026-10-06 06:00:00+00,2026-10-06 06:30:34.27684+00,bull,555.23234602,555.92413495,554.88,0.85,15m sweep of hour low then reclaim,t
1122,INTC/USDT,2026-10-06 06:00:00+00,2026-10-06 06:30:34.27684+00,bull,116.50148353,116.70629118,116.48,0.85,15m sweep of hour low then reclaim,t
1121,MVLL/USDT,2026-10-06 06:00:00+00,2026-10-06 06:30:34.27684+00,bull,37.86288493,38.05278767,37.84,0.85,15m sweep of hour low then reclaim,t
1151,RKLB/USDT,2026-10-06 06:00:00+00,2026-10-06 06:30:34.27684+00,bull,73.21157814,73.31105464,73.15,0.85,15m sweep of hour low then reclaim,t
1135,MRVL/USDT,2026-10-06 06:00:00+00,2026-10-06 06:30:34.27684+00,bull,272.24480145,273.08799638,272.25,0.85,15m sweep of hour low then reclaim,t
1130,AMD/USDT,2026-10-06 06:00:00+00,2026-10-06 06:30:34.27684+00,bull,633.60267391,634.43331524,633.18,0.85,15m sweep of hour low then reclaim,t
1147,MU/USDT,2026-10-06 06:00:00+00,2026-10-06 06:30:34.27684+00,bear,1056.86777272,1058.39689091,1058.79,0.85,15m sweep of hour high then reject,t
1146,QQQ/USDT,2026-10-06 06:00:00+00,2026-10-06 06:30:34.27684+00,bull,757.44049277,757.82376808,757.22,0.85,15m sweep of hour low then reclaim,t
1157,KORU/USDT,2026-10-06 06:00:00+00,2026-10-06 06:30:34.27684+00,bear,21.66810014,21.81075994,21.8,0.85,mixed 15m structure — EMA side only,t
1144,MINIMAX/USDT,2026-10-06 06:00:00+00,2026-10-06 06:30:34.27684+00,bear,31.89666282,32.05533487,32.1,0.85,15m sweep of hour high then reject,t
1148,DRAM/USDT,2026-10-06 06:00:00+00,2026-10-06 06:30:34.27684+00,bear,60.83133944,60.95546422,60.95,0.85,15m sweep of hour high then reject,t
1160,AVGO/USDT,2026-10-06 06:00:00+00,2026-10-06 06:30:34.27684+00,bull,364.32147529,364.66631177,364.37,0.85,15m sweep of hour low then reclaim,t
1145,META/USDT,2026-10-06 06:00:00+00,2026-10-06 06:30:34.27684+00,bull,744.84572647,745.28068383,744.74,0.85,15m sweep of hour low then reclaim,t
1139,NVDA/USDT,2026-10-06 06:00:00+00,2026-10-06 06:30:34.27684+00,bull,240.03756946,240.22107634,239.99,0.85,15m sweep of hour low then reclaim,t
1138,RAYSOL/USDT,2026-10-06 06:00:00+00,2026-10-06 06:30:34.27684+00,bear,2.11884212,2.13096315,2.1275,0.85,15m holding below hour open and EMA21,t
1132,SPCX/USDT,2026-10-06 06:00:00+00,2026-10-06 06:30:34.27684+00,bull,172.26275505,172.49811237,172.31,0.85,15m sweep of hour low then reclaim,t
1158,COIN/USDT,2026-10-06 06:00:00+00,2026-10-06 06:30:34.27684+00,bear,187.43892123,187.77643151,187.68,0.85,15m holding below hour open and EMA21,t
1149,COHR/USDT,2026-10-06 06:00:00+00,2026-10-06 06:30:34.27684+00,bull,335.49064677,336.25838309,334.86,0.85,15m sweep of hour low then reclaim,t
1140,CBRS/USDT,2026-10-06 06:00:00+00,2026-10-06 06:30:34.27684+00,bear,182.3388156,182.73247376,182.79,0.85,15m sweep of hour high then reject,t
1131,ZHIPU/USDT,2026-10-06 06:00:00+00,2026-10-06 06:30:34.27684+00,bull,90.73930994,91.37172514,90.83,0.85,15m holding above hour open and EMA21,t
1141,AIO/USDT,2026-10-06 06:00:00+00,2026-10-06 06:30:34.27684+00,bull,0.04284388,0.04311029,0.04285,0.85,15m sweep of hour low then reclaim,t
1150,TSLA/USDT,2026-10-06 06:00:00+00,2026-10-06 06:30:34.27684+00,bull,380.74322188,381.04694531,380.53,0.85,15m sweep of hour low then reclaim,t
1156,SKYAI/USDT,2026-10-06 06:00:00+00,2026-10-06 06:30:34.27684+00,bull,0.03511183,0.03528043,0.03508,0.85,15m sweep of hour low then reclaim,t
1176,BTW/USDT,2026-10-06 06:00:00+00,2026-10-06 06:45:54.453761+00,bear,1.15108539,1.17012584,1.205,0.85,15m sweep of hour high then reject,t
1165,AXTI/USDT,2026-10-06 06:00:00+00,2026-10-06 06:45:54.453761+00,bull,86.4782423,86.62939426,86.31,0.85,15m sweep of hour low then reclaim,t
1190,TSLA/USDT,2026-10-06 06:00:00+00,2026-10-06 06:45:54.453761+00,bull,380.78785301,380.93536746,380.53,0.85,15m sweep of hour low then reclaim,t
1181,AIO/USDT,2026-10-06 06:00:00+00,2026-10-06 06:45:54.453761+00,bull,0.04288243,0.04301392,0.04285,0.85,15m sweep of hour low then reclaim,t
1192,ORCL/USDT,2026-10-06 06:00:00+00,2026-10-06 06:45:54.453761+00,bull,143.18903086,143.26242284,143.11,0.85,15m sweep of hour low then reclaim,t
1193,SOXS/USDT,2026-10-06 06:00:00+00,2026-10-06 06:45:54.453761+00,bear,29.51989958,29.57604017,29.64,0.85,15m sweep of hour high then reject,t
1200,AVGO/USDT,2026-10-06 06:00:00+00,2026-10-06 06:45:54.453761+00,bull,364.37323496,364.53691261,364.37,0.85,15m sweep of hour low then reclaim,t
1185,META/USDT,2026-10-06 06:00:00+00,2026-10-06 06:45:54.453761+00,bull,744.91100157,745.11749607,744.74,0.85,15m sweep of hour low then reclaim,t
1183,WDC/USDT,2026-10-06 06:00:00+00,2026-10-06 06:45:54.453761+00,bull,441.38150039,441.76124901,440.98,0.85,15m sweep of hour low then reclaim,t
1179,NVDA/USDT,2026-10-06 06:00:00+00,2026-10-06 06:45:54.453761+00,bull,240.05525725,240.17685687,239.99,0.85,15m sweep of hour low then reclaim,t
1164,BE/USDT,2026-10-06 06:00:00+00,2026-10-06 06:45:54.453761+00,bull,288.75654789,289.01363027,288.51,0.85,15m sweep of hour low then reclaim,t
1162,INTC/USDT,2026-10-06 06:00:00+00,2026-10-06 06:45:54.453761+00,bull,116.5316245,116.63093876,116.48,0.85,15m sweep of hour low then reclaim,t
1199,XPT/USDT,2026-10-06 06:00:00+00,2026-10-06 06:45:54.453761+00,bear,1709.31949452,1713.30820219,1716.43,0.85,15m sweep of hour high then reject,t
1184,MINIMAX/USDT,2026-10-06 06:00:00+00,2026-10-06 06:45:54.453761+00,bear,31.9564506,32.03141976,32.1,0.85,15m sweep of hour high then reject,t
1172,SPCX/USDT,2026-10-06 06:00:00+00,2026-10-06 06:45:54.453761+00,bull,172.2951577,172.41710574,172.31,0.85,15m sweep of hour low then reclaim,t
1174,SKHY/USDT,2026-10-06 06:00:00+00,2026-10-06 06:45:54.453761+00,bear,189.854282,190.1142872,190.45,0.85,15m sweep of hour high then reject,t
1188,DRAM/USDT,2026-10-06 06:00:00+00,2026-10-06 06:45:54.453761+00,bear,60.87860403,60.93655839,60.95,0.85,15m sweep of hour high then reject,t
1171,ZHIPU/USDT,2026-10-06 06:00:00+00,2026-10-06 06:45:54.453761+00,bull,90.83211533,91.13971167,90.83,0.85,15m sweep of hour low then reclaim,t
1180,CBRS/USDT,2026-10-06 06:00:00+00,2026-10-06 06:45:54.453761+00,bear,182.48643224,182.6734271,182.79,0.85,15m sweep of hour high then reject,t
1189,COHR/USDT,2026-10-06 06:00:00+00,2026-10-06 06:45:54.453761+00,bull,335.60537171,335.97157072,334.86,0.85,15m sweep of hour low then reclaim,t
1198,COIN/USDT,2026-10-06 06:00:00+00,2026-10-06 06:45:54.453761+00,bear,187.559017,187.7283932,187.68,0.85,15m holding below hour open and EMA21,t
1194,VVV/USDT,2026-10-06 06:00:00+00,2026-10-06 06:45:54.453761+00,bear,27.83018342,28.14512663,28.119,0.85,mixed 15m structure — EMA side only,t
1168,TSM/USDT,2026-10-06 06:00:00+00,2026-10-06 06:45:54.453761+00,bull,485.52021101,485.76447247,485.4,0.85,15m sweep of hour low then reclaim,t
1187,MU/USDT,2026-10-06 06:00:00+00,2026-10-06 06:45:54.453761+00,bear,1057.43780519,1058.65887792,1058.79,0.85,mixed 15m structure — EMA side only,t
1196,SKYAI/USDT,2026-10-06 06:00:00+00,2026-10-06 06:45:54.453761+00,bull,0.03513568,0.03522079,0.03508,0.85,15m sweep of hour low then reclaim,t
1177,MSTR/USDT,2026-10-06 06:00:00+00,2026-10-06 06:45:54.453761+00,bear,164.03258008,164.23896797,164.19,0.85,15m sweep of hour high then reject,t
1166,ARM/USDT,2026-10-06 06:00:00+00,2026-10-06 06:45:54.453761+00,bull,302.20220682,302.50948295,301.89,0.85,15m sweep of hour low then reclaim,t
1175,MRVL/USDT,2026-10-06 06:00:00+00,2026-10-06 06:45:54.453761+00,bull,272.3666721,272.90831975,272.25,0.85,15m sweep of hour low then reclaim,t
1170,AMD/USDT,2026-10-06 06:00:00+00,2026-10-06 06:45:54.453761+00,bull,633.72749146,634.12127136,633.18,0.85,15m sweep of hour low then reclaim,t
1197,KORU/USDT,2026-10-06 06:00:00+00,2026-10-06 06:45:54.453761+00,bear,21.72222506,21.80910997,21.8,0.85,mixed 15m structure — EMA side only,t
1169,SOXL/USDT,2026-10-06 06:00:00+00,2026-10-06 06:45:54.453761+00,bull,164.75876219,165.07809452,164.48,0.85,15m sweep of hour low then reclaim,t
1186,QQQ/USDT,2026-10-06 06:00:00+00,2026-10-06 06:45:54.453761+00,bull,757.49767164,757.6808209,757.22,0.85,15m sweep of hour low then reclaim,t
1195,1000SHIB/USDT,2026-10-06 06:00:00+00,2026-10-06 06:45:54.453761+00,bull,0.00584567,0.00585382,0.005818,0.85,15m sweep of hour low then reclaim,t
1178,RAYSOL/USDT,2026-10-06 06:00:00+00,2026-10-06 06:45:54.453761+00,bear,2.12343849,2.12912461,2.1275,0.85,15m holding below hour open and EMA21,t
1191,RKLB/USDT,2026-10-06 06:00:00+00,2026-10-06 06:45:54.453761+00,bull,73.22578271,73.27554323,73.15,0.85,15m sweep of hour low then reclaim,t
1163,DELL/USDT,2026-10-06 06:00:00+00,2026-10-06 06:45:54.453761+00,bull,555.33618922,555.66452694,554.88,0.85,15m sweep of hour low then reclaim,t
1182,SNXX/USDT,2026-10-06 06:00:00+00,2026-10-06 06:45:54.453761+00,bull,15.86298175,15.88754561,15.83,0.85,15m sweep of hour low then reclaim,t
1173,TQQQ/USDT,2026-10-06 06:00:00+00,2026-10-06 06:45:54.453761+00,bull,83.5002852,83.569287,83.39,0.85,15m sweep of hour low then reclaim,t
1161,MVLL/USDT,2026-10-06 06:00:00+00,2026-10-06 06:45:54.453761+00,bull,37.88267515,38.00331213,37.84,0.85,15m sweep of hour low then reclaim,t
1167,BR/USDT,2026-10-06 06:00:00+00,2026-10-06 06:45:54.453761+00,bull,0.39507296,0.39978759,0.39208,0.85,15m sweep of hour low then reclaim,t
1221,AIO/USDT,2026-10-06 07:00:00+00,2026-10-06 07:00:58.76218+00,bull,0.04325303,0.04387742,0.0434,0.85,mixed 15m structure — EMA side only,t
1239,XPT/USDT,2026-10-06 07:00:00+00,2026-10-06 07:00:58.76218+00,bear,1707.5048368,1713.12606528,1711.52,0.85,15m holding below hour open and EMA21,t
1210,AMD/USDT,2026-10-06 07:00:00+00,2026-10-06 07:00:58.76218+00,bull,633.23719684,634.92200791,633.41,0.85,15m sweep of hour low then reclaim,t
1216,BTW/USDT,2026-10-06 07:00:00+00,2026-10-06 07:00:58.76218+00,bull,1.16270172,1.2171957,1.1761,0.6,mixed 15m structure — EMA side only,t
1225,META/USDT,2026-10-06 07:00:00+00,2026-10-06 07:00:58.76218+00,bull,745.51712013,746.44219967,745.71,0.85,mixed 15m structure — EMA side only,t
1234,VVV/USDT,2026-10-06 07:00:00+00,2026-10-06 07:00:58.76218+00,bear,27.66165271,28.11253892,27.999,0.85,mixed 15m structure — EMA side only,t
1217,MSTR/USDT,2026-10-06 07:00:00+00,2026-10-06 07:00:58.76218+00,bear,163.05829746,163.85868102,163.64,0.85,15m sweep of hour high then reject,t
1226,QQQ/USDT,2026-10-06 07:00:00+00,2026-10-06 07:00:58.76218+00,bull,757.16743753,758.19140618,757.31,0.8,mixed 15m structure — EMA side only,t
1235,1000SHIB/USDT,2026-10-06 07:00:00+00,2026-10-06 07:00:58.76218+00,bear,0.00582126,0.0058531,0.005845,0.8,mixed 15m structure — EMA side only,t
1218,RAYSOL/USDT,2026-10-06 07:00:00+00,2026-10-06 07:00:58.76218+00,bear,2.10338509,2.12524597,2.1192,0.85,15m holding below hour open and EMA21,t
1227,MU/USDT,2026-10-06 07:00:00+00,2026-10-06 07:00:58.76218+00,bear,1055.93034786,1058.77186086,1057.96,0.85,15m holding below hour open and EMA21,t
1219,NVDA/USDT,2026-10-06 07:00:00+00,2026-10-06 07:00:58.76218+00,bull,240.14981265,240.74046838,240.27,0.85,mixed 15m structure — EMA side only,t
1236,SKYAI/USDT,2026-10-06 07:00:00+00,2026-10-06 07:00:58.76218+00,bull,0.0352756,0.035606,0.03534,0.85,15m holding above hour open and EMA21,t
1228,DRAM/USDT,2026-10-06 07:00:00+00,2026-10-06 07:00:58.76218+00,bear,60.70345781,60.92261688,60.86,0.85,15m holding below hour open and EMA21,t
1202,INTC/USDT,2026-10-06 07:00:00+00,2026-10-06 07:00:58.76218+00,bull,116.51643384,116.9439154,116.57,0.85,15m sweep of hour low then reclaim,t
1203,DELL/USDT,2026-10-06 07:00:00+00,2026-10-06 07:00:58.76218+00,bull,555.34521712,556.9119572,555.56,0.85,mixed 15m structure — EMA side only,t
1237,KORU/USDT,2026-10-06 07:00:00+00,2026-10-06 07:00:58.76218+00,bear,21.6006931,21.85172276,21.78,0.85,mixed 15m structure — EMA side only,t
1211,ZHIPU/USDT,2026-10-06 07:00:00+00,2026-10-06 07:00:58.76218+00,bull,90.77502837,91.94742908,91.1,0.85,15m holding above hour open and EMA21,t
1220,CBRS/USDT,2026-10-06 07:00:00+00,2026-10-06 07:00:58.76218+00,bull,182.69298505,183.51253738,182.86,0.8,mixed 15m structure — EMA side only,t
1224,MINIMAX/USDT,2026-10-06 07:00:00+00,2026-10-06 07:00:58.76218+00,bear,31.62274507,31.91290197,31.84,0.85,mixed 15m structure — EMA side only,t
1233,SOXS/USDT,2026-10-06 07:00:00+00,2026-10-06 07:00:58.76218+00,bear,29.42805558,29.66477777,29.64,0.85,15m sweep of hour high then reject,t
1229,COHR/USDT,2026-10-06 07:00:00+00,2026-10-06 07:00:58.76218+00,bull,335.3465235,336.93869124,335.58,0.85,mixed 15m structure — EMA side only,t
1238,COIN/USDT,2026-10-06 07:00:00+00,2026-10-06 07:00:58.76218+00,bear,186.91184885,187.58126046,187.4,0.85,15m holding below hour open and EMA21,t
1231,RKLB/USDT,2026-10-06 07:00:00+00,2026-10-06 07:00:58.76218+00,bull,73.35496435,73.55758912,73.39,0.85,mixed 15m structure — EMA side only,t
1204,BE/USDT,2026-10-06 07:00:00+00,2026-10-06 07:00:58.76218+00,bull,288.57232073,289.59919816,288.8,0.8,mixed 15m structure — EMA side only,t
1205,AXTI/USDT,2026-10-06 07:00:00+00,2026-10-06 07:00:58.76218+00,bull,86.36907139,86.79232154,86.43,0.85,15m sweep of hour low then reclaim,t
1240,AVGO/USDT,2026-10-06 07:00:00+00,2026-10-06 07:00:58.76218+00,bull,364.0358727,364.85531826,364.2,0.85,mixed 15m structure — EMA side only,t
1206,ARM/USDT,2026-10-06 07:00:00+00,2026-10-06 07:00:58.76218+00,bear,301.72063475,302.8957461,302.59,0.85,15m holding below hour open and EMA21,t
1207,BR/USDT,2026-10-06 07:00:00+00,2026-10-06 07:00:58.76218+00,bull,0.4182008,0.43751799,0.42112,0.85,15m sweep of hour low then reclaim,t
1223,WDC/USDT,2026-10-06 07:00:00+00,2026-10-06 07:00:58.76218+00,bull,441.36957289,442.87606777,441.65,0.8,mixed 15m structure — EMA side only,t
1232,ORCL/USDT,2026-10-06 07:00:00+00,2026-10-06 07:00:58.76218+00,bull,143.31840035,143.62399914,143.37,0.8,mixed 15m structure — EMA side only,t
1201,MVLL/USDT,2026-10-06 07:00:00+00,2026-10-06 07:00:58.76218+00,bear,37.63612636,37.87954946,37.82,0.85,15m holding below hour open and EMA21,t
1208,TSM/USDT,2026-10-06 07:00:00+00,2026-10-06 07:00:58.76218+00,bull,485.06221233,486.39446918,485.25,0.85,mixed 15m structure — EMA side only,t
1209,SOXL/USDT,2026-10-06 07:00:00+00,2026-10-06 07:00:58.76218+00,bull,164.34140242,165.68149395,164.43,0.85,15m sweep of hour low then reclaim,t
1213,TQQQ/USDT,2026-10-06 07:00:00+00,2026-10-06 07:00:58.76218+00,bull,83.45045932,83.7688517,83.48,0.85,15m sweep of hour low then reclaim,t
1212,SPCX/USDT,2026-10-06 07:00:00+00,2026-10-06 07:00:58.76218+00,bull,173.09981432,173.63046419,173.24,0.85,mixed 15m structure — EMA side only,t
1214,SKHY/USDT,2026-10-06 07:00:00+00,2026-10-06 07:00:58.76218+00,bear,189.35676172,190.36929531,190.08,0.85,15m holding below hour open and EMA21,t
1222,SNXX/USDT,2026-10-06 07:00:00+00,2026-10-06 07:00:58.76218+00,bull,15.84318937,15.94702657,15.86,0.75,mixed 15m structure — EMA side only,t
1215,MRVL/USDT,2026-10-06 07:00:00+00,2026-10-06 07:00:58.76218+00,bear,271.55552665,272.44378934,272.19,0.85,15m holding below hour open and EMA21,t
1230,TSLA/USDT,2026-10-06 07:00:00+00,2026-10-06 07:00:58.76218+00,bull,380.58525405,381.37686486,380.74,0.85,mixed 15m structure — EMA side only,t
1264,MINIMAX/USDT,2026-10-06 07:00:00+00,2026-10-06 07:16:01.822314+00,bull,31.76891723,31.98270693,31.83,0.85,15m holding above hour open and EMA21,t
1276,SKYAI/USDT,2026-10-06 07:00:00+00,2026-10-06 07:16:01.822314+00,bull,0.0352849,0.03553275,0.03534,0.8,mixed 15m structure — EMA side only,t
1267,MU/USDT,2026-10-06 07:00:00+00,2026-10-06 07:16:01.822314+00,bear,1056.53908925,1058.5283643,1057.96,0.85,15m holding below hour open and EMA21,t
1263,WDC/USDT,2026-10-06 07:00:00+00,2026-10-06 07:16:01.822314+00,bull,441.00335868,442.59160329,441.15,0.8,mixed 15m structure — EMA side only,t
1272,ORCL/USDT,2026-10-06 07:00:00+00,2026-10-06 07:16:01.822314+00,bull,143.36307262,143.56231846,143.37,0.85,15m sweep of hour low then reclaim,t
1261,AIO/USDT,2026-10-06 07:00:00+00,2026-10-06 07:16:01.822314+00,bull,0.04313447,0.04377382,0.0432,0.85,mixed 15m structure — EMA side only,t
1278,COIN/USDT,2026-10-06 07:00:00+00,2026-10-06 07:16:01.822314+00,bear,187.04465422,187.74813831,187.64,0.85,mixed 15m structure — EMA side only,t
1269,COHR/USDT,2026-10-06 07:00:00+00,2026-10-06 07:16:01.822314+00,bull,335.65034886,336.62912784,335.58,0.85,15m sweep of hour low then reclaim,t
1259,NVDA/USDT,2026-10-06 07:00:00+00,2026-10-06 07:16:01.822314+00,bull,240.29072575,240.63818561,240.27,0.85,15m sweep of hour low then reclaim,t
1277,KORU/USDT,2026-10-06 07:00:00+00,2026-10-06 07:16:01.822314+00,bear,21.65449577,21.88020169,21.83,0.85,mixed 15m structure — EMA side only,t
1268,DRAM/USDT,2026-10-06 07:00:00+00,2026-10-06 07:16:01.822314+00,bear,60.75135937,60.90345625,60.86,0.85,mixed 15m structure — EMA side only,t
1256,BTW/USDT,2026-10-06 07:00:00+00,2026-10-06 07:16:01.822314+00,bear,1.15293859,1.18970456,1.1828,0.85,15m sweep of hour high then reject,t
1280,AVGO/USDT,2026-10-06 07:00:00+00,2026-10-06 07:16:01.822314+00,bull,364.22827522,364.72431196,364.2,0.85,15m sweep of hour low then reclaim,t
1271,RKLB/USDT,2026-10-06 07:00:00+00,2026-10-06 07:16:01.822314+00,bull,73.38143382,73.51641545,73.39,0.85,15m sweep of hour low then reclaim,t
1258,RAYSOL/USDT,2026-10-06 07:00:00+00,2026-10-06 07:16:01.822314+00,bear,2.10792437,2.12343025,2.1192,0.85,15m sweep of hour high then reject,t
1255,MRVL/USDT,2026-10-06 07:00:00+00,2026-10-06 07:16:01.822314+00,bear,271.74569672,272.36772131,272.19,0.85,15m holding below hour open and EMA21,t
1279,XPT/USDT,2026-10-06 07:00:00+00,2026-10-06 07:16:01.822314+00,bear,1708.51620792,1714.97151683,1714.44,0.85,mixed 15m structure — EMA side only,t
1270,TSLA/USDT,2026-10-06 07:00:00+00,2026-10-06 07:16:01.822314+00,bull,380.75637586,381.24906036,380.74,0.85,15m sweep of hour low then reclaim,t
1257,MSTR/USDT,2026-10-06 07:00:00+00,2026-10-06 07:16:01.822314+00,bear,163.21822636,163.98470945,163.86,0.85,mixed 15m structure — EMA side only,t
1249,SOXL/USDT,2026-10-06 07:00:00+00,2026-10-06 07:16:01.822314+00,bull,164.24729022,165.41677445,164.28,0.85,15m sweep of hour low then reclaim,t
1248,TSM/USDT,2026-10-06 07:00:00+00,2026-10-06 07:16:01.822314+00,bull,485.46212363,486.19469092,485.25,0.85,15m sweep of hour low then reclaim,t
1247,BR/USDT,2026-10-06 07:00:00+00,2026-10-06 07:16:01.822314+00,bull,0.41980752,0.43350119,0.42112,0.85,15m sweep of hour low then reclaim,t
1246,ARM/USDT,2026-10-06 07:00:00+00,2026-10-06 07:16:01.822314+00,bear,301.97072747,302.79570901,302.59,0.85,15m sweep of hour high then reject,t
1275,1000SHIB/USDT,2026-10-06 07:00:00+00,2026-10-06 07:16:01.822314+00,bear,0.00582804,0.00585039,0.005845,0.85,15m sweep of hour high then reject,t
1266,QQQ/USDT,2026-10-06 07:00:00+00,2026-10-06 07:16:01.822314+00,bull,757.50544936,758.04637659,757.31,0.85,15m sweep of hour low then reclaim,t
1260,CBRS/USDT,2026-10-06 07:00:00+00,2026-10-06 07:16:01.822314+00,bull,182.55268982,183.36327545,182.56,0.85,15m sweep of hour low then reclaim,t
1254,SKHY/USDT,2026-10-06 07:00:00+00,2026-10-06 07:16:01.822314+00,bear,189.57661393,190.28135443,190.08,0.85,15m holding below hour open and EMA21,t
1245,AXTI/USDT,2026-10-06 07:00:00+00,2026-10-06 07:16:01.822314+00,bull,86.40601909,86.69995228,86.43,0.85,15m sweep of hour low then reclaim,t
1274,VVV/USDT,2026-10-06 07:00:00+00,2026-10-06 07:16:01.822314+00,bear,27.76090922,28.08083631,28.003,0.85,mixed 15m structure — EMA side only,t
1265,META/USDT,2026-10-06 07:00:00+00,2026-10-06 07:16:01.822314+00,bull,745.48461038,746.27347406,745.65,0.85,mixed 15m structure — EMA side only,t
1262,SNXX/USDT,2026-10-06 07:00:00+00,2026-10-06 07:16:01.822314+00,bear,15.8329962,15.89880152,15.88,0.85,15m holding below hour open and EMA21,t
1253,TQQQ/USDT,2026-10-06 07:00:00+00,2026-10-06 07:16:01.822314+00,bull,83.51311277,83.71221807,83.48,0.85,15m sweep of hour low then reclaim,t
1244,BE/USDT,2026-10-06 07:00:00+00,2026-10-06 07:16:01.822314+00,bull,288.6786565,289.38335875,288.8,0.85,15m sweep of hour low then reclaim,t
1273,SOXS/USDT,2026-10-06 07:00:00+00,2026-10-06 07:16:01.822314+00,bull,29.54398276,29.7050431,29.59,0.85,15m holding above hour open and EMA21,t
1252,SPCX/USDT,2026-10-06 07:00:00+00,2026-10-06 07:16:01.822314+00,bull,173.18045452,173.52886371,173.21,0.85,15m sweep of hour low then reclaim,t
1243,DELL/USDT,2026-10-06 07:00:00+00,2026-10-06 07:16:01.822314+00,bull,555.70716404,556.6570899,555.56,0.85,15m sweep of hour low then reclaim,t
1251,ZHIPU/USDT,2026-10-06 07:00:00+00,2026-10-06 07:16:01.822314+00,bull,90.86828122,91.71429694,91.1,0.85,15m sweep of hour low then reclaim,t
1242,INTC/USDT,2026-10-06 07:00:00+00,2026-10-06 07:16:01.822314+00,bear,116.44896237,116.74441505,116.66,0.85,15m holding below hour open and EMA21,t
1250,AMD/USDT,2026-10-06 07:00:00+00,2026-10-06 07:16:01.822314+00,bull,633.16640927,634.59897681,633.13,0.85,15m sweep of hour low then reclaim,t
1241,MVLL/USDT,2026-10-06 07:00:00+00,2026-10-06 07:16:01.822314+00,bear,37.68751462,37.85899415,37.82,0.85,15m sweep of hour high then reject,t
1307,TSM/USDT,2026-10-06 07:00:00+00,2026-10-06 07:31:04.954357+00,bull,485.25387043,486.01532393,485.25,0.85,15m sweep of hour low then reclaim,t
1319,LITE/USDT,2026-10-06 07:00:00+00,2026-10-06 07:31:04.954357+00,bull,1091.83011983,1095.93470042,1090.5,0.85,15m sweep of hour low then reclaim,t
1310,HOOD/USDT,2026-10-06 07:00:00+00,2026-10-06 07:31:04.954357+00,bear,114.11644139,114.26142345,114.29,0.85,15m sweep of hour high then reject,t
1301,QQQ/USDT,2026-10-06 07:00:00+00,2026-10-06 07:31:04.954357+00,bear,757.40019441,757.76392223,757.74,0.85,15m sweep of hour high then reject,t
1284,INTC/USDT,2026-10-06 07:00:00+00,2026-10-06 07:31:04.954357+00,bear,116.52500771,116.71399692,116.66,0.85,15m holding below hour open and EMA21,t
1293,SPX/USDT,2026-10-06 07:00:00+00,2026-10-06 07:31:04.954357+00,bull,0.43088009,0.43429979,0.4308,0.85,15m sweep of hour low then reclaim,t
1302,STXX/USDT,2026-10-06 07:00:00+00,2026-10-06 07:31:04.954357+00,bull,886.90658385,889.17354037,886.29,0.85,15m sweep of hour low then reclaim,t
1311,COIN/USDT,2026-10-06 07:00:00+00,2026-10-06 07:31:04.954357+00,bear,187.16562842,187.47974863,187.64,0.85,15m sweep of hour high then reject,t
1320,BABA/USDT,2026-10-06 07:00:00+00,2026-10-06 07:31:04.954357+00,bear,110.57642533,110.74942987,110.71,0.85,15m sweep of hour high then reject,t
1285,SPCX/USDT,2026-10-06 07:00:00+00,2026-10-06 07:31:04.954357+00,bull,173.21530687,173.44173282,173.21,0.85,15m sweep of hour low then reclaim,t
1294,SKHY/USDT,2026-10-06 07:00:00+00,2026-10-06 07:31:04.954357+00,bear,189.76474024,190.20610391,190.08,0.85,15m holding below hour open and EMA21,t
1292,ORCL/USDT,2026-10-06 07:00:00+00,2026-10-06 07:31:04.954357+00,bull,143.38426208,143.50934479,143.37,0.85,15m sweep of hour low then reclaim,t
1303,ZHIPU/USDT,2026-10-06 07:00:00+00,2026-10-06 07:31:04.954357+00,bull,90.95542259,91.49644353,91.1,0.85,15m sweep of hour low then reclaim,t
1312,COHR/USDT,2026-10-06 07:00:00+00,2026-10-06 07:31:04.954357+00,bull,335.44328463,336.37178842,335.58,0.85,mixed 15m structure — EMA side only,t
1286,GLW/USDT,2026-10-06 07:00:00+00,2026-10-06 07:31:04.954357+00,bull,159.75629361,160.36926598,159.71,0.85,15m sweep of hour low then reclaim,t
1295,MVLL/USDT,2026-10-06 07:00:00+00,2026-10-06 07:31:04.954357+00,bear,37.73054926,37.8417803,37.82,0.85,15m sweep of hour high then reject,t
1304,RAYSOL/USDT,2026-10-06 07:00:00+00,2026-10-06 07:31:04.954357+00,bear,2.11207795,2.12176882,2.1192,0.85,15m sweep of hour high then reject,t
1313,SOXS/USDT,2026-10-06 07:00:00+00,2026-10-06 07:31:04.954357+00,bull,29.56022114,29.66444716,29.59,0.85,15m holding above hour open and EMA21,t
1287,ARM/USDT,2026-10-06 07:00:00+00,2026-10-06 07:31:04.954357+00,bear,302.19307423,302.70677031,302.59,0.85,15m sweep of hour high then reject,t
1296,TQQQ/USDT,2026-10-06 07:00:00+00,2026-10-06 07:31:04.954357+00,bear,83.4735357,83.60858572,83.63,0.85,15m sweep of hour high then reject,t
1283,DELL/USDT,2026-10-06 07:00:00+00,2026-10-06 07:31:04.954357+00,bull,555.53429383,556.41426541,555.56,0.85,mixed 15m structure — EMA side only,t
1305,DRAM/USDT,2026-10-06 07:00:00+00,2026-10-06 07:31:04.954357+00,bear,60.79126647,60.88749341,60.86,0.85,15m holding below hour open and EMA21,t
1314,MAGMA/USDT,2026-10-06 07:00:00+00,2026-10-06 07:31:04.954357+00,bull,0.21186155,0.21427112,0.21154,0.85,15m sweep of hour low then reclaim,t
1288,BR/USDT,2026-10-06 07:00:00+00,2026-10-06 07:31:04.954357+00,bull,0.42118531,0.43005674,0.42112,0.85,15m sweep of hour low then reclaim,t
1297,MU/USDT,2026-10-06 07:00:00+00,2026-10-06 07:31:04.954357+00,bear,1057.07063655,1058.31574538,1057.96,0.85,15m holding below hour open and EMA21,t
1306,NVDA/USDT,2026-10-06 07:00:00+00,2026-10-06 07:31:04.954357+00,bull,240.31816573,240.54458568,240.27,0.85,15m sweep of hour low then reclaim,t
1315,1000SHIB/USDT,2026-10-06 07:00:00+00,2026-10-06 07:31:04.954357+00,bear,0.00583383,0.00584807,0.005845,0.85,15m sweep of hour high then reject,t
1289,MSTR/USDT,2026-10-06 07:00:00+00,2026-10-06 07:31:04.954357+00,bear,163.36183204,163.73726718,163.86,0.85,15m sweep of hour high then reject,t
1298,RKLB/USDT,2026-10-06 07:00:00+00,2026-10-06 07:31:04.954357+00,bull,73.30442223,73.48394441,73.33,0.85,mixed 15m structure — EMA side only,t
1318,PLTR/USDT,2026-10-06 07:00:00+00,2026-10-06 07:31:04.954357+00,bull,189.48911089,189.64222277,189.4,0.85,15m sweep of hour low then reclaim,t
1309,META/USDT,2026-10-06 07:00:00+00,2026-10-06 07:31:04.954357+00,bull,745.03980321,746.13549197,745.15,0.85,mixed 15m structure — EMA side only,t
1300,SNXX/USDT,2026-10-06 07:00:00+00,2026-10-06 07:31:04.954357+00,bear,15.84943782,15.89222487,15.88,0.85,15m holding below hour open and EMA21,t
1291,CBRS/USDT,2026-10-06 07:00:00+00,2026-10-06 07:31:04.954357+00,bull,182.54210841,183.21472897,182.56,0.85,mixed 15m structure — EMA side only,t
1282,BE/USDT,2026-10-06 07:00:00+00,2026-10-06 07:31:04.954357+00,bull,288.58138945,289.20152638,288.71,0.85,mixed 15m structure — EMA side only,t
1317,VVV/USDT,2026-10-06 07:00:00+00,2026-10-06 07:31:04.954357+00,bear,27.8432178,28.03891288,28.003,0.85,15m sweep of hour high then reject,t
1308,BMNR/USDT,2026-10-06 07:00:00+00,2026-10-06 07:31:04.954357+00,bear,26.65523133,26.70390747,26.74,0.85,15m sweep of hour high then reject,t
1299,AMD/USDT,2026-10-06 07:00:00+00,2026-10-06 07:31:04.954357+00,bear,633.23206235,634.01317506,633.79,0.85,15m holding below hour open and EMA21,t
1290,BTW/USDT,2026-10-06 07:00:00+00,2026-10-06 07:31:04.954357+00,bull,1.17261489,1.19566279,1.1722,0.85,15m sweep of hour low then reclaim,t
1281,AXTI/USDT,2026-10-06 07:00:00+00,2026-10-06 07:31:04.954357+00,bear,86.35701838,86.54319265,86.55,0.85,15m sweep of hour high then reject,t
1316,AKE/USDT,2026-10-06 07:00:00+00,2026-10-06 07:31:04.954357+00,bear,0.02984206,0.03002957,0.030055,0.85,15m sweep of hour high then reject,t
1346,NVDA/USDT,2026-10-06 07:00:00+00,2026-10-06 07:46:04.218731+00,bull,240.36150119,240.46124703,240.27,0.85,15m sweep of hour low then reclaim,t
1338,RKLB/USDT,2026-10-06 07:00:00+00,2026-10-06 07:46:04.218731+00,bull,73.40766744,73.4508314,73.33,0.85,15m sweep of hour low then reclaim,t
1347,TSM/USDT,2026-10-06 07:00:00+00,2026-10-06 07:46:04.218731+00,bull,485.64042582,485.84893544,485.25,0.85,15m sweep of hour low then reclaim,t
1356,AKE/USDT,2026-10-06 07:00:00+00,2026-10-06 07:46:04.218731+00,bear,0.02991113,0.03000195,0.030055,0.85,15m sweep of hour high then reject,t
1331,CBRS/USDT,2026-10-06 07:00:00+00,2026-10-06 07:46:04.218731+00,bull,182.79429756,183.08425609,182.56,0.85,15m sweep of hour low then reclaim,t
1340,SNXX/USDT,2026-10-06 07:00:00+00,2026-10-06 07:46:04.218731+00,bear,15.86543305,15.88582678,15.88,0.85,15m holding below hour open and EMA21,t
1349,META/USDT,2026-10-06 07:00:00+00,2026-10-06 07:46:04.218731+00,bull,745.29834811,745.98912973,745.15,0.85,15m sweep of hour low then reclaim,t
1358,PLTR/USDT,2026-10-06 07:00:00+00,2026-10-06 07:46:04.218731+00,bull,189.52054373,189.58864067,189.4,0.85,15m sweep of hour low then reclaim,t
1323,DELL/USDT,2026-10-06 07:00:00+00,2026-10-06 07:46:04.218731+00,bull,555.88303126,556.19242185,555.56,0.85,15m sweep of hour low then reclaim,t
1332,ORCL/USDT,2026-10-06 07:00:00+00,2026-10-06 07:46:04.218731+00,bull,143.40302622,143.46243445,143.37,0.85,15m sweep of hour low then reclaim,t
1341,QQQ/USDT,2026-10-06 07:00:00+00,2026-10-06 07:46:04.218731+00,bull,757.60830084,757.78924791,757.16,0.85,15m sweep of hour low then reclaim,t
1350,HOOD/USDT,2026-10-06 07:00:00+00,2026-10-06 07:46:04.218731+00,bull,114.19961087,114.27097283,114.13,0.85,15m sweep of hour low then reclaim,t
1359,LITE/USDT,2026-10-06 07:00:00+00,2026-10-06 07:46:04.218731+00,bull,1093.10819877,1095.11450306,1090.5,0.85,15m sweep of hour low then reclaim,t
1324,INTC/USDT,2026-10-06 07:00:00+00,2026-10-06 07:46:04.218731+00,bull,116.45432115,116.72419712,116.35,0.85,15m sweep of hour low then reclaim,t
1321,AXTI/USDT,2026-10-06 07:00:00+00,2026-10-06 07:46:04.218731+00,bull,86.46450835,86.55372912,86.43,0.85,15m sweep of hour low then reclaim,t
1333,SPX/USDT,2026-10-06 07:00:00+00,2026-10-06 07:46:04.218731+00,bull,0.43156509,0.43308727,0.4308,0.85,15m sweep of hour low then reclaim,t
1342,STXX/USDT,2026-10-06 07:00:00+00,2026-10-06 07:46:04.218731+00,bull,886.68793207,888.69516982,886.29,0.85,15m sweep of hour low then reclaim,t
1351,COIN/USDT,2026-10-06 07:00:00+00,2026-10-06 07:46:04.218731+00,bull,187.34370119,187.50574703,187.32,0.85,15m sweep of hour low then reclaim,t
1360,BABA/USDT,2026-10-06 07:00:00+00,2026-10-06 07:46:04.218731+00,bear,110.64243779,110.72302488,110.71,0.85,15m sweep of hour high then reject,t
1325,SPCX/USDT,2026-10-06 07:00:00+00,2026-10-06 07:46:04.218731+00,bull,173.24987297,173.35531759,173.21,0.85,15m sweep of hour low then reclaim,t
1334,SKHY/USDT,2026-10-06 07:00:00+00,2026-10-06 07:46:04.218731+00,bear,189.92827666,190.33068934,190.36,0.85,mixed 15m structure — EMA side only,t
1343,ZHIPU/USDT,2026-10-06 07:00:00+00,2026-10-06 07:46:04.218731+00,bull,90.57446668,91.29883331,90.54,0.85,mixed 15m structure — EMA side only,t
1330,BTW/USDT,2026-10-06 07:00:00+00,2026-10-06 07:46:04.218731+00,bull,1.17617612,1.1867597,1.1722,0.85,15m sweep of hour low then reclaim,t
1339,AMD/USDT,2026-10-06 07:00:00+00,2026-10-06 07:46:04.218731+00,bear,633.52017335,633.89793066,633.79,0.85,15m holding below hour open and EMA21,t
1348,BMNR/USDT,2026-10-06 07:00:00+00,2026-10-06 07:46:04.218731+00,bull,26.68281228,26.70796929,26.65,0.85,15m sweep of hour low then reclaim,t
1357,VVV/USDT,2026-10-06 07:00:00+00,2026-10-06 07:46:04.218731+00,bear,27.91743568,28.07022573,28.044,0.85,mixed 15m structure — EMA side only,t
1352,COHR/USDT,2026-10-06 07:00:00+00,2026-10-06 07:46:04.218731+00,bull,335.5504361,336.12890975,335.58,0.85,mixed 15m structure — EMA side only,t
1326,GLW/USDT,2026-10-06 07:00:00+00,2026-10-06 07:46:04.218731+00,bull,159.81169645,160.25575889,159.71,0.85,15m sweep of hour low then reclaim,t
1335,MVLL/USDT,2026-10-06 07:00:00+00,2026-10-06 07:46:04.218731+00,bear,37.77156748,37.82537301,37.82,0.85,15m sweep of hour high then reject,t
1344,RAYSOL/USDT,2026-10-06 07:00:00+00,2026-10-06 07:46:04.218731+00,bear,2.11572585,2.12280966,2.1216,0.85,mixed 15m structure — EMA side only,t
1353,SOXS/USDT,2026-10-06 07:00:00+00,2026-10-06 07:46:04.218731+00,bull,29.57578419,29.62553953,29.59,0.85,15m holding above hour open and EMA21,t
1327,ARM/USDT,2026-10-06 07:00:00+00,2026-10-06 07:46:04.218731+00,bull,302.47987308,302.7353173,302.19,0.85,15m sweep of hour low then reclaim,t
1336,TQQQ/USDT,2026-10-06 07:00:00+00,2026-10-06 07:46:04.218731+00,bull,83.54105629,83.61735929,83.4,0.85,15m sweep of hour low then reclaim,t
1345,DRAM/USDT,2026-10-06 07:00:00+00,2026-10-06 07:46:04.218731+00,bear,60.82723842,60.91310463,60.9,0.85,mixed 15m structure — EMA side only,t
1354,MAGMA/USDT,2026-10-06 07:00:00+00,2026-10-06 07:46:04.218731+00,bull,0.21221053,0.21339867,0.21154,0.85,15m sweep of hour low then reclaim,t
1328,BR/USDT,2026-10-06 07:00:00+00,2026-10-06 07:46:04.218731+00,bull,0.42249761,0.42677597,0.42112,0.85,15m sweep of hour low then reclaim,t
1337,MU/USDT,2026-10-06 07:00:00+00,2026-10-06 07:46:04.218731+00,bear,1057.5296865,1058.7021254,1058.95,0.85,15m sweep of hour high then reject,t
1322,BE/USDT,2026-10-06 07:00:00+00,2026-10-06 07:46:04.218731+00,bull,288.81957366,289.03106585,288.71,0.85,15m sweep of hour low then reclaim,t
1329,MSTR/USDT,2026-10-06 07:00:00+00,2026-10-06 07:46:04.218731+00,bull,163.57385471,163.77036322,163.46,0.85,15m sweep of hour low then reclaim,t
1355,1000SHIB/USDT,2026-10-06 07:00:00+00,2026-10-06 07:46:04.218731+00,bull,0.0058418,0.00584949,0.005829,0.85,15m sweep of hour low then reclaim,t
1387,TSM/USDT,2026-10-06 08:00:00+00,2026-10-06 08:01:05.945406+00,bull,485.18130378,486.08674056,485.3,0.85,15m sweep of hour low then reclaim,t
1396,AKE/USDT,2026-10-06 08:00:00+00,2026-10-06 08:01:05.945406+00,bear,0.02947382,0.02990827,0.029837,0.85,mixed 15m structure — EMA side only,t
1378,RKLB/USDT,2026-10-06 08:00:00+00,2026-10-06 08:01:05.945406+00,bull,73.23662608,73.5234348,73.29,0.8,mixed 15m structure — EMA side only,t
1369,MSTR/USDT,2026-10-06 08:00:00+00,2026-10-06 08:01:05.945406+00,bull,164.14042716,164.9439321,164.3,0.85,15m sweep of hour low then reclaim,t
1395,1000SHIB/USDT,2026-10-06 08:00:00+00,2026-10-06 08:01:05.945406+00,bull,0.005846,0.0058775,0.005855,0.85,15m holding above hour open and EMA21,t
1386,NVDA/USDT,2026-10-06 08:00:00+00,2026-10-06 08:01:05.945406+00,bull,240.43226754,240.84433114,240.44,0.85,15m sweep of hour low then reclaim,t
1377,MU/USDT,2026-10-06 08:00:00+00,2026-10-06 08:01:05.945406+00,bull,1058.17209526,1060.64976184,1058.41,0.85,15m sweep of hour low then reclaim,t
1368,BR/USDT,2026-10-06 08:00:00+00,2026-10-06 08:01:05.945406+00,bull,0.52167688,0.5504228,0.52126,0.85,15m sweep of hour low then reclaim,t
1394,MAGMA/USDT,2026-10-06 08:00:00+00,2026-10-06 08:01:05.945406+00,bull,0.21943979,0.22521551,0.22052,0.85,15m sweep of hour low then reclaim,t
1385,DRAM/USDT,2026-10-06 08:00:00+00,2026-10-06 08:01:05.945406+00,bull,60.87616143,61.06459642,60.91,0.85,15m sweep of hour low then reclaim,t
1376,TQQQ/USDT,2026-10-06 08:00:00+00,2026-10-06 08:01:05.945406+00,bull,83.48258108,83.7535473,83.53,0.85,15m sweep of hour low then reclaim,t
1367,ARM/USDT,2026-10-06 08:00:00+00,2026-10-06 08:01:05.945406+00,bear,301.34723689,302.41510524,302.26,0.85,15m sweep of hour high then reject,t
1393,SOXS/USDT,2026-10-06 08:00:00+00,2026-10-06 08:01:05.945406+00,bear,29.49361962,29.69855215,29.69,0.85,15m sweep of hour high then reject,t
1384,RAYSOL/USDT,2026-10-06 08:00:00+00,2026-10-06 08:01:05.945406+00,bull,2.14290618,2.16783454,2.1473,0.85,mixed 15m structure — EMA side only,t
1375,MVLL/USDT,2026-10-06 08:00:00+00,2026-10-06 08:01:05.945406+00,bull,37.74728468,37.9767883,37.77,0.85,15m sweep of hour low then reclaim,t
1366,GLW/USDT,2026-10-06 08:00:00+00,2026-10-06 08:01:05.945406+00,bull,159.61878565,160.18303588,159.67,0.85,15m sweep of hour low then reclaim,t
1392,COHR/USDT,2026-10-06 08:00:00+00,2026-10-06 08:01:05.945406+00,bull,335.16088726,336.34778186,335.04,0.85,15m sweep of hour low then reclaim,t
1383,ZHIPU/USDT,2026-10-06 08:00:00+00,2026-10-06 08:01:05.945406+00,bull,90.5765214,91.67369649,90.88,0.85,15m holding above hour open and EMA21,t
1374,SKHY/USDT,2026-10-06 08:00:00+00,2026-10-06 08:01:05.945406+00,bull,190.2308189,191.21295274,190.35,0.85,15m sweep of hour low then reclaim,t
1365,SPCX/USDT,2026-10-06 08:00:00+00,2026-10-06 08:01:05.945406+00,bull,173.00603444,173.61491389,173.13,0.85,mixed 15m structure — EMA side only,t
1400,BABA/USDT,2026-10-06 08:00:00+00,2026-10-06 08:01:05.945406+00,bear,110.15013428,110.50594629,110.46,0.85,15m sweep of hour high then reject,t
1391,COIN/USDT,2026-10-06 08:00:00+00,2026-10-06 08:01:05.945406+00,bull,187.94968951,188.61577622,188.07,0.85,15m sweep of hour low then reclaim,t
1382,STXX/USDT,2026-10-06 08:00:00+00,2026-10-06 08:01:05.945406+00,bull,885.91364424,888.51588939,886.42,0.85,mixed 15m structure — EMA side only,t
1373,SPX/USDT,2026-10-06 08:00:00+00,2026-10-06 08:01:05.945406+00,bull,0.43307252,0.4391187,0.4346,0.85,15m holding above hour open and EMA21,t
1364,INTC/USDT,2026-10-06 08:00:00+00,2026-10-06 08:01:05.945406+00,bull,116.40585947,116.80035132,116.48,0.85,mixed 15m structure — EMA side only,t
1399,LITE/USDT,2026-10-06 08:00:00+00,2026-10-06 08:01:05.945406+00,bull,1090.94364799,1095.20088002,1091.59,0.85,15m sweep of hour low then reclaim,t
1390,HOOD/USDT,2026-10-06 08:00:00+00,2026-10-06 08:01:05.945406+00,bull,114.31181145,114.62047139,114.38,0.85,15m sweep of hour low then reclaim,t
1381,QQQ/USDT,2026-10-06 08:00:00+00,2026-10-06 08:01:05.945406+00,bull,757.3403827,758.07404325,757.51,0.85,15m sweep of hour low then reclaim,t
1372,ORCL/USDT,2026-10-06 08:00:00+00,2026-10-06 08:01:05.945406+00,bull,143.418829,143.66792749,143.42,0.85,15m sweep of hour low then reclaim,t
1363,DELL/USDT,2026-10-06 08:00:00+00,2026-10-06 08:01:05.945406+00,bull,555.24506042,556.38234895,555.31,0.85,15m sweep of hour low then reclaim,t
1398,PLTR/USDT,2026-10-06 08:00:00+00,2026-10-06 08:01:05.945406+00,bull,189.57582722,189.87043194,189.59,0.85,15m sweep of hour low then reclaim,t
1389,META/USDT,2026-10-06 08:00:00+00,2026-10-06 08:01:05.945406+00,bull,745.38573148,746.20567129,745.26,0.85,15m sweep of hour low then reclaim,t
1380,SNXX/USDT,2026-10-06 08:00:00+00,2026-10-06 08:01:05.945406+00,bull,15.83610255,15.91974364,15.85,0.85,15m sweep of hour low then reclaim,t
1371,CBRS/USDT,2026-10-06 08:00:00+00,2026-10-06 08:01:05.945406+00,bull,182.57289234,183.26276915,182.57,0.85,15m sweep of hour low then reclaim,t
1362,BE/USDT,2026-10-06 08:00:00+00,2026-10-06 08:01:05.945406+00,bull,288.67075237,289.54311907,288.92,0.85,15m holding above hour open and EMA21,t
1397,VVV/USDT,2026-10-06 08:00:00+00,2026-10-06 08:01:05.945406+00,bear,27.84110704,28.22815718,28.168,0.85,mixed 15m structure — EMA side only,t
1388,BMNR/USDT,2026-10-06 08:00:00+00,2026-10-06 08:01:05.945406+00,bull,26.78041161,26.89397098,26.8,0.85,mixed 15m structure — EMA side only,t
1379,AMD/USDT,2026-10-06 08:00:00+00,2026-10-06 08:01:05.945406+00,bear,631.91835388,633.48865845,633.11,0.85,15m sweep of hour high then reject,t
1370,BTW/USDT,2026-10-06 08:00:00+00,2026-10-06 08:01:05.945406+00,bull,1.19073262,1.23471844,1.2003,0.85,15m sweep of hour low then reclaim,t
1361,AXTI/USDT,2026-10-06 08:00:00+00,2026-10-06 08:01:05.945406+00,bull,86.47586157,86.84034608,86.52,0.85,15m sweep of hour low then reclaim,t
1405,SPCX/USDT,2026-10-06 08:00:00+00,2026-10-06 08:16:08.313773+00,bear,173.00245035,173.39101986,173.28,0.85,15m holding below hour open and EMA21,t
1402,BE/USDT,2026-10-06 08:00:00+00,2026-10-06 08:16:08.313773+00,bull,288.74113276,289.36716809,288.88,0.85,15m sweep of hour low then reclaim,t
1430,HOOD/USDT,2026-10-06 08:00:00+00,2026-10-06 08:16:08.313773+00,bull,114.33566139,114.56084653,114.38,0.85,15m sweep of hour low then reclaim,t
1421,QQQ/USDT,2026-10-06 08:00:00+00,2026-10-06 08:16:08.313773+00,bull,757.39340129,757.94149678,757.51,0.85,15m sweep of hour low then reclaim,t
1412,ORCL/USDT,2026-10-06 08:00:00+00,2026-10-06 08:16:08.313773+00,bull,143.4352669,143.62683276,143.42,0.85,15m sweep of hour low then reclaim,t
1420,SNXX/USDT,2026-10-06 08:00:00+00,2026-10-06 08:16:08.313773+00,bull,15.8429064,15.90273401,15.85,0.85,15m sweep of hour low then reclaim,t
1414,SKHY/USDT,2026-10-06 08:00:00+00,2026-10-06 08:16:08.313773+00,bull,190.41335789,191.03160529,190.35,0.85,15m sweep of hour low then reclaim,t
1408,BR/USDT,2026-10-06 08:00:00+00,2026-10-06 08:16:08.313773+00,bull,0.47804238,0.54840905,0.47537,0.85,15m sweep of hour low then reclaim,t
1416,TQQQ/USDT,2026-10-06 08:00:00+00,2026-10-06 08:16:08.313773+00,bull,83.50366406,83.70083986,83.53,0.85,15m sweep of hour low then reclaim,t
1403,DELL/USDT,2026-10-06 08:00:00+00,2026-10-06 08:16:08.313773+00,bull,555.33408607,556.15978482,555.31,0.85,15m sweep of hour low then reclaim,t
1431,COIN/USDT,2026-10-06 08:00:00+00,2026-10-06 08:16:08.313773+00,bull,188.00221876,188.4844531,188.07,0.85,15m sweep of hour low then reclaim,t
1407,ARM/USDT,2026-10-06 08:00:00+00,2026-10-06 08:16:08.313773+00,bull,301.86548599,302.72128503,301.71,0.85,15m sweep of hour low then reclaim,t
1422,STXX/USDT,2026-10-06 08:00:00+00,2026-10-06 08:16:08.313773+00,bear,885.57789597,887.35884161,887.3,0.85,15m sweep of hour high then reject,t
1413,SPX/USDT,2026-10-06 08:00:00+00,2026-10-06 08:16:08.313773+00,bull,0.43062202,0.43799496,0.4318,0.85,mixed 15m structure — EMA side only,t
1419,AMD/USDT,2026-10-06 08:00:00+00,2026-10-06 08:16:08.313773+00,bull,632.69907246,633.89231886,632.39,0.85,15m sweep of hour low then reclaim,t
1404,INTC/USDT,2026-10-06 08:00:00+00,2026-10-06 08:16:08.313773+00,bull,116.4637976,116.730506,116.42,0.85,15m sweep of hour low then reclaim,t
1415,MVLL/USDT,2026-10-06 08:00:00+00,2026-10-06 08:16:08.313773+00,bull,37.77302907,37.93742733,37.77,0.85,15m sweep of hour low then reclaim,t
1428,BMNR/USDT,2026-10-06 08:00:00+00,2026-10-06 08:16:08.313773+00,bull,26.79896546,26.87258636,26.8,0.85,15m sweep of hour low then reclaim,t
1406,GLW/USDT,2026-10-06 08:00:00+00,2026-10-06 08:16:08.313773+00,bull,159.65773718,160.08565705,159.67,0.85,15m sweep of hour low then reclaim,t
1410,BTW/USDT,2026-10-06 08:00:00+00,2026-10-06 08:16:08.313773+00,bull,1.1943384,1.22570399,1.2003,0.85,15m sweep of hour low then reclaim,t
1401,AXTI/USDT,2026-10-06 08:00:00+00,2026-10-06 08:16:08.313773+00,bull,86.50243715,86.77390714,86.52,0.85,15m sweep of hour low then reclaim,t
1437,VVV/USDT,2026-10-06 08:00:00+00,2026-10-06 08:16:08.313773+00,bear,27.92076194,28.18429523,28.168,0.85,15m sweep of hour high then reject,t
1409,MSTR/USDT,2026-10-06 08:00:00+00,2026-10-06 08:16:08.313773+00,bull,164.20230601,164.78923498,164.3,0.85,15m sweep of hour low then reclaim,t
1411,CBRS/USDT,2026-10-06 08:00:00+00,2026-10-06 08:16:08.313773+00,bull,182.46369842,183.13575394,182.43,0.85,15m sweep of hour low then reclaim,t
1423,ZHIPU/USDT,2026-10-06 08:00:00+00,2026-10-06 08:16:08.313773+00,bull,90.51828749,91.44428127,90.74,0.85,mixed 15m structure — EMA side only,t
1417,MU/USDT,2026-10-06 08:00:00+00,2026-10-06 08:16:08.313773+00,bull,1058.34728883,1060.21177793,1058.41,0.85,15m sweep of hour low then reclaim,t
1426,NVDA/USDT,2026-10-06 08:00:00+00,2026-10-06 08:16:08.313773+00,bull,240.45022146,240.79944634,240.44,0.85,15m sweep of hour low then reclaim,t
1424,RAYSOL/USDT,2026-10-06 08:00:00+00,2026-10-06 08:16:08.313773+00,bull,2.1358937,2.16361574,2.1401,0.85,mixed 15m structure — EMA side only,t
1433,SOXS/USDT,2026-10-06 08:00:00+00,2026-10-06 08:16:08.313773+00,bear,29.53318486,29.68272606,29.69,0.85,15m sweep of hour high then reject,t
1440,BABA/USDT,2026-10-06 08:00:00+00,2026-10-06 08:16:08.313773+00,bear,110.21708492,110.45916603,110.46,0.85,15m sweep of hour high then reject,t
1439,LITE/USDT,2026-10-06 08:00:00+00,2026-10-06 08:16:08.313773+00,bull,1091.27682646,1094.36793386,1091.59,0.85,15m sweep of hour low then reclaim,t
1435,1000SHIB/USDT,2026-10-06 08:00:00+00,2026-10-06 08:16:08.313773+00,bull,0.0058486,0.00587099,0.005852,0.85,15m holding above hour open and EMA21,t
1418,RKLB/USDT,2026-10-06 08:00:00+00,2026-10-06 08:16:08.313773+00,bear,73.28534007,73.43186397,73.39,0.85,15m holding below hour open and EMA21,t
1432,COHR/USDT,2026-10-06 08:00:00+00,2026-10-06 08:16:08.313773+00,bull,335.09528267,336.13679333,334.9,0.85,15m sweep of hour low then reclaim,t
1438,PLTR/USDT,2026-10-06 08:00:00+00,2026-10-06 08:16:08.313773+00,bull,189.60062134,189.80844665,189.59,0.85,15m sweep of hour low then reclaim,t
1425,DRAM/USDT,2026-10-06 08:00:00+00,2026-10-06 08:16:08.313773+00,bull,60.89135521,61.02661197,60.91,0.85,15m sweep of hour low then reclaim,t
1434,MAGMA/USDT,2026-10-06 08:00:00+00,2026-10-06 08:16:08.313773+00,bull,0.21473817,0.22434457,0.21588,0.85,mixed 15m structure — EMA side only,t
1429,META/USDT,2026-10-06 08:00:00+00,2026-10-06 08:16:08.313773+00,bull,745.44360666,746.06098335,745.26,0.85,15m sweep of hour low then reclaim,t
1436,AKE/USDT,2026-10-06 08:00:00+00,2026-10-06 08:16:08.313773+00,bear,0.0295378,0.03009968,0.030052,0.85,mixed 15m structure — EMA side only,t
1427,TSM/USDT,2026-10-06 08:00:00+00,2026-10-06 08:16:08.313773+00,bull,485.24886967,485.91782583,485.3,0.85,15m sweep of hour low then reclaim,t
1466,AKT/USDT,2026-10-06 08:00:00+00,2026-10-06 08:31:07.920937+00,bear,0.75092785,0.75848886,0.7585,0.85,15m sweep of hour high then reject,t
1454,BTW/USDT,2026-10-06 08:00:00+00,2026-10-06 08:31:07.920937+00,bull,1.1976969,1.21730775,1.2003,0.85,15m sweep of hour low then reclaim,t
1463,SNXX/USDT,2026-10-06 08:00:00+00,2026-10-06 08:31:07.920937+00,bear,15.83115337,15.87153865,15.9,0.85,15m sweep of hour high then reject,t
1472,TQQQ/USDT,2026-10-06 08:00:00+00,2026-10-06 08:31:07.920937+00,bull,83.45157215,83.65606963,83.49,0.85,mixed 15m structure — EMA side only,t
1443,BE/USDT,2026-10-06 08:00:00+00,2026-10-06 08:31:07.920937+00,bear,288.61670589,289.04131764,289.27,0.85,15m sweep of hour high then reject,t
1460,NVDA/USDT,2026-10-06 08:00:00+00,2026-10-06 08:31:07.920937+00,bull,240.47690614,240.73273464,240.44,0.85,15m sweep of hour low then reclaim,t
1451,RAYSOL/USDT,2026-10-06 08:00:00+00,2026-10-06 08:31:07.920937+00,bull,2.14304624,2.15948439,2.1401,0.85,15m sweep of hour low then reclaim,t
1442,DELL/USDT,2026-10-06 08:00:00+00,2026-10-06 08:31:07.920937+00,bull,555.41897523,555.94756192,555.31,0.85,15m sweep of hour low then reclaim,t
1477,AKE/USDT,2026-10-06 08:00:00+00,2026-10-06 08:31:07.920937+00,bull,0.02968147,0.02987584,0.029735,0.85,15m sweep of hour low then reclaim,t
1468,VVV/USDT,2026-10-06 08:00:00+00,2026-10-06 08:31:07.920937+00,bear,27.99209038,28.15576385,28.168,0.85,15m sweep of hour high then reject,t
1459,INTC/USDT,2026-10-06 08:00:00+00,2026-10-06 08:31:07.920937+00,bear,116.40410905,116.59435638,116.58,0.85,15m sweep of hour high then reject,t
1450,SKHY/USDT,2026-10-06 08:00:00+00,2026-10-06 08:31:07.920937+00,bear,190.3089604,190.70241584,190.59,0.85,15m holding below hour open and EMA21,t
1441,AXTI/USDT,2026-10-06 08:00:00+00,2026-10-06 08:31:07.920937+00,bull,86.52911957,86.70720107,86.52,0.85,15m sweep of hour low then reclaim,t
1458,ZHIPU/USDT,2026-10-06 08:00:00+00,2026-10-06 08:31:07.920937+00,bull,90.60269335,91.23326662,90.71,0.85,mixed 15m structure — EMA side only,t
1446,ARM/USDT,2026-10-06 08:00:00+00,2026-10-06 08:31:07.920937+00,bear,301.67843801,302.2826248,303.13,0.85,15m sweep of hour high then reject,t
1455,AMD/USDT,2026-10-06 08:00:00+00,2026-10-06 08:31:07.920937+00,bear,632.45194598,633.27522161,633.8,0.85,15m sweep of hour high then reject,t
1452,SOXL/USDT,2026-10-06 08:00:00+00,2026-10-06 08:31:07.920937+00,bear,163.98209413,164.60916235,165.34,0.85,15m sweep of hour high then reject,t
1461,TSM/USDT,2026-10-06 08:00:00+00,2026-10-06 08:31:07.920937+00,bear,485.10268344,485.57492663,486,0.85,15m sweep of hour high then reject,t
1464,SPX/USDT,2026-10-06 08:00:00+00,2026-10-06 08:31:07.920937+00,bull,0.43248913,0.43682717,0.4318,0.85,15m sweep of hour low then reclaim,t
1473,BMNR/USDT,2026-10-06 08:00:00+00,2026-10-06 08:31:07.920937+00,bull,26.80658801,26.85352996,26.8,0.85,15m sweep of hour low then reclaim,t
1478,SOXS/USDT,2026-10-06 08:00:00+00,2026-10-06 08:31:07.920937+00,bull,29.61061967,29.71345083,29.55,0.85,15m sweep of hour low then reclaim,t
1447,LITE/USDT,2026-10-06 08:00:00+00,2026-10-06 08:31:07.920937+00,bear,1090.70638723,1092.74144511,1094.7,0.85,15m sweep of hour high then reject,t
1456,RKLB/USDT,2026-10-06 08:00:00+00,2026-10-06 08:31:07.920937+00,bear,73.318317,73.4186732,73.39,0.85,15m holding below hour open and EMA21,t
1470,CRCL/USDT,2026-10-06 08:00:00+00,2026-10-06 08:31:07.920937+00,bull,83.52092441,83.69268899,83.48,0.85,15m sweep of hour low then reclaim,t
1465,DRAM/USDT,2026-10-06 08:00:00+00,2026-10-06 08:31:07.920937+00,bull,60.90598984,60.9900254,60.91,0.85,15m sweep of hour low then reclaim,t
1474,AMZN/USDT,2026-10-06 08:00:00+00,2026-10-06 08:31:07.920937+00,bull,252.67285983,252.83785042,252.66,0.85,15m sweep of hour low then reclaim,t
1476,PLTR/USDT,2026-10-06 08:00:00+00,2026-10-06 08:31:07.920937+00,bull,189.62186425,189.75533937,189.59,0.85,15m sweep of hour low then reclaim,t
1479,MAGMA/USDT,2026-10-06 08:00:00+00,2026-10-06 08:31:07.920937+00,bull,0.21562675,0.22312313,0.21588,0.85,mixed 15m structure — EMA side only,t
1444,CBRS/USDT,2026-10-06 08:00:00+00,2026-10-06 08:31:07.920937+00,bear,182.53448479,182.86420608,183.07,0.85,15m sweep of hour high then reject,t
1467,HOOD/USDT,2026-10-06 08:00:00+00,2026-10-06 08:31:07.920937+00,bull,114.35829012,114.50427469,114.38,0.85,15m sweep of hour low then reclaim,t
1453,QQQ/USDT,2026-10-06 08:00:00+00,2026-10-06 08:31:07.920937+00,bull,757.31123384,757.8219154,757.41,0.85,mixed 15m structure — EMA side only,t
1462,ORCL/USDT,2026-10-06 08:00:00+00,2026-10-06 08:31:07.920937+00,bull,143.45255311,143.58361723,143.42,0.85,15m sweep of hour low then reclaim,t
1448,GLW/USDT,2026-10-06 08:00:00+00,2026-10-06 08:31:07.920937+00,bull,159.69763357,159.98591608,159.67,0.85,15m sweep of hour low then reclaim,t
1469,META/USDT,2026-10-06 08:00:00+00,2026-10-06 08:31:07.920937+00,bull,745.50827499,745.89931254,745.26,0.85,15m sweep of hour low then reclaim,t
1471,MRVL/USDT,2026-10-06 08:00:00+00,2026-10-06 08:31:07.920937+00,bear,271.80650431,272.24539827,272.89,0.85,15m sweep of hour high then reject,t
1480,COLLECT/USDT,2026-10-06 08:00:00+00,2026-10-06 08:31:07.920937+00,bull,0.02159405,0.02178987,0.02152,0.85,15m sweep of hour low then reclaim,t
1449,MSTR/USDT,2026-10-06 08:00:00+00,2026-10-06 08:31:07.920937+00,bull,164.25893148,164.6476713,164.3,0.85,15m sweep of hour low then reclaim,t
1445,SPCX/USDT,2026-10-06 08:00:00+00,2026-10-06 08:31:07.920937+00,bear,173.10250625,173.3509975,173.28,0.85,15m holding below hour open and EMA21,t
1457,MVLL/USDT,2026-10-06 08:00:00+00,2026-10-06 08:31:07.920937+00,bear,37.73915676,37.8523373,37.94,0.85,15m sweep of hour high then reject,t
1475,SOON/USDT,2026-10-06 08:00:00+00,2026-10-06 08:31:07.920937+00,bull,0.33476071,0.33699823,0.3353,0.85,15m sweep of hour low then reclaim,t
1500,NVDA/USDT,2026-10-06 08:00:00+00,2026-10-06 08:46:09.708867+00,bull,240.51506712,240.63733219,240.44,0.85,15m sweep of hour low then reclaim,t
1507,HOOD/USDT,2026-10-06 08:00:00+00,2026-10-06 08:46:09.708867+00,bull,114.38086914,114.44782716,114.38,0.85,15m sweep of hour low then reclaim,t
1498,ZHIPU/USDT,2026-10-06 08:00:00+00,2026-10-06 08:46:09.708867+00,bull,90.70792874,91.04517814,90.71,0.85,mixed 15m structure — EMA side only,t
1517,AKE/USDT,2026-10-06 08:00:00+00,2026-10-06 08:46:09.708867+00,bull,0.02971112,0.02980171,0.029735,0.85,15m sweep of hour low then reclaim,t
1508,VVV/USDT,2026-10-06 08:00:00+00,2026-10-06 08:46:09.708867+00,bear,28.05540057,28.13043977,28.168,0.85,15m sweep of hour high then reject,t
1506,AKT/USDT,2026-10-06 08:00:00+00,2026-10-06 08:46:09.708867+00,bear,0.75278719,0.75574513,0.7585,0.85,15m sweep of hour high then reject,t
1485,SPCX/USDT,2026-10-06 08:00:00+00,2026-10-06 08:46:09.708867+00,bull,172.69531353,173.36671617,172.45,0.85,15m sweep of hour low then reclaim,t
1499,INTC/USDT,2026-10-06 08:00:00+00,2026-10-06 08:46:09.708867+00,bear,116.4756167,116.56575332,116.58,0.85,15m sweep of hour high then reject,t
1515,SOON/USDT,2026-10-06 08:00:00+00,2026-10-06 08:46:09.708867+00,bull,0.33510909,0.33612728,0.3353,0.85,15m sweep of hour low then reclaim,t
1481,AXTI/USDT,2026-10-06 08:00:00+00,2026-10-06 08:46:09.708867+00,bull,86.52641153,86.63897117,86.52,0.85,mixed 15m structure — EMA side only,t
1516,PLTR/USDT,2026-10-06 08:00:00+00,2026-10-06 08:46:09.708867+00,bull,189.63926466,189.71183834,189.59,0.85,15m sweep of hour low then reclaim,t
1502,ORCL/USDT,2026-10-06 08:00:00+00,2026-10-06 08:46:09.708867+00,bull,143.47156679,143.53608301,143.42,0.85,15m sweep of hour low then reclaim,t
1511,MRVL/USDT,2026-10-06 08:00:00+00,2026-10-06 08:46:09.708867+00,bear,271.96820078,272.18071969,272.89,0.85,15m sweep of hour high then reject,t
1490,SKHY/USDT,2026-10-06 08:00:00+00,2026-10-06 08:46:09.708867+00,bear,190.46055006,190.64177997,190.59,0.85,15m holding below hour open and EMA21,t
1494,BTW/USDT,2026-10-06 08:00:00+00,2026-10-06 08:46:09.708867+00,bull,1.20072153,1.20974617,1.2003,0.85,15m sweep of hour low then reclaim,t
1487,LITE/USDT,2026-10-06 08:00:00+00,2026-10-06 08:46:09.708867+00,bear,1091.49624715,1092.42550114,1094.7,0.85,15m sweep of hour high then reject,t
1503,SNXX/USDT,2026-10-06 08:00:00+00,2026-10-06 08:46:09.708867+00,bear,15.84576875,15.8656925,15.9,0.85,15m sweep of hour high then reject,t
1512,TQQQ/USDT,2026-10-06 08:00:00+00,2026-10-06 08:46:09.708867+00,bull,83.54173372,83.6056657,83.49,0.85,15m sweep of hour low then reclaim,t
1486,ARM/USDT,2026-10-06 08:00:00+00,2026-10-06 08:46:09.708867+00,bear,301.91199118,302.25920353,303.13,0.85,15m sweep of hour high then reject,t
1495,AMD/USDT,2026-10-06 08:00:00+00,2026-10-06 08:46:09.708867+00,bear,632.74843958,633.15662417,633.8,0.85,15m sweep of hour high then reject,t
1504,SPX/USDT,2026-10-06 08:00:00+00,2026-10-06 08:46:09.708867+00,bull,0.43441831,0.43575423,0.4318,0.85,15m sweep of hour low then reclaim,t
1496,RKLB/USDT,2026-10-06 08:00:00+00,2026-10-06 08:46:09.708867+00,bear,73.35764958,73.40294017,73.39,0.85,15m holding below hour open and EMA21,t
1505,DRAM/USDT,2026-10-06 08:00:00+00,2026-10-06 08:46:09.708867+00,bear,60.90179206,60.94128318,60.97,0.85,15m sweep of hour high then reject,t
1519,MAGMA/USDT,2026-10-06 08:00:00+00,2026-10-06 08:46:09.708867+00,bull,0.21640807,0.22201982,0.21588,0.85,15m sweep of hour low then reclaim,t
1510,CRCL/USDT,2026-10-06 08:00:00+00,2026-10-06 08:46:09.708867+00,bull,83.54687393,83.62781518,83.48,0.85,15m sweep of hour low then reclaim,t
1501,TSM/USDT,2026-10-06 08:00:00+00,2026-10-06 08:46:09.708867+00,bear,485.28185579,485.50325768,486,0.85,15m sweep of hour high then reject,t
1492,SOXL/USDT,2026-10-06 08:00:00+00,2026-10-06 08:46:09.708867+00,bear,164.22726461,164.51109416,165.34,0.85,15m sweep of hour high then reject,t
1483,BE/USDT,2026-10-06 08:00:00+00,2026-10-06 08:46:09.708867+00,bull,288.67327623,289.06180943,288.45,0.85,15m sweep of hour low then reclaim,t
1514,AMZN/USDT,2026-10-06 08:00:00+00,2026-10-06 08:46:09.708867+00,bull,252.69774153,252.77564616,252.66,0.85,15m sweep of hour low then reclaim,t
1513,BMNR/USDT,2026-10-06 08:00:00+00,2026-10-06 08:46:09.708867+00,bull,26.8130344,26.83741401,26.8,0.85,15m sweep of hour low then reclaim,t
1491,RAYSOL/USDT,2026-10-06 08:00:00+00,2026-10-06 08:46:09.708867+00,bull,2.15070137,2.15559658,2.1401,0.85,15m sweep of hour low then reclaim,t
1520,COLLECT/USDT,2026-10-06 08:00:00+00,2026-10-06 08:46:09.708867+00,bull,0.0216244,0.021714,0.02152,0.85,15m sweep of hour low then reclaim,t
1488,GLW/USDT,2026-10-06 08:00:00+00,2026-10-06 08:46:09.708867+00,bull,159.74177712,159.87555721,159.67,0.85,15m sweep of hour low then reclaim,t
1518,SOXS/USDT,2026-10-06 08:00:00+00,2026-10-06 08:46:09.708867+00,bull,29.62674284,29.6731429,29.55,0.85,15m sweep of hour low then reclaim,t
1509,META/USDT,2026-10-06 08:00:00+00,2026-10-06 08:46:09.708867+00,bull,745.56263637,745.76340907,745.26,0.85,15m sweep of hour low then reclaim,t
1489,MSTR/USDT,2026-10-06 08:00:00+00,2026-10-06 08:46:09.708867+00,bull,164.31769733,164.50075667,164.3,0.85,15m sweep of hour low then reclaim,t
1497,MVLL/USDT,2026-10-06 08:00:00+00,2026-10-06 08:46:09.708867+00,bear,37.78094326,37.8356227,37.94,0.85,15m sweep of hour high then reject,t
1484,CBRS/USDT,2026-10-06 08:00:00+00,2026-10-06 08:46:09.708867+00,bear,182.66182422,182.81327031,183.07,0.85,15m sweep of hour high then reject,t
1493,QQQ/USDT,2026-10-06 08:00:00+00,2026-10-06 08:46:09.708867+00,bull,757.49855609,757.67860978,757.41,0.85,15m sweep of hour low then reclaim,t
1482,DELL/USDT,2026-10-06 08:00:00+00,2026-10-06 08:46:09.708867+00,bull,555.49865924,555.7483519,555.31,0.85,15m sweep of hour low then reclaim,t
1523,BE/USDT,2026-10-06 09:00:00+00,2026-10-06 09:01:09.733253+00,bull,288.99501483,289.85246291,289.15,0.85,15m holding above hour open and EMA21,t
1553,BMNR/USDT,2026-10-06 09:00:00+00,2026-10-06 09:01:09.733253+00,bull,26.96091556,27.0627111,26.98,0.85,15m holding above hour open and EMA21,t
1543,SNXX/USDT,2026-10-06 09:00:00+00,2026-10-06 09:01:09.733253+00,bear,15.71248317,15.80300673,15.79,0.85,mixed 15m structure — EMA side only,t
1531,RAYSOL/USDT,2026-10-06 09:00:00+00,2026-10-06 09:01:09.733253+00,bull,2.14485513,2.16461219,2.1497,0.85,15m holding above hour open and EMA21,t
1522,DELL/USDT,2026-10-06 09:00:00+00,2026-10-06 09:01:09.733253+00,bull,555.36219754,556.53450615,555.37,0.85,15m sweep of hour low then reclaim,t
1549,META/USDT,2026-10-06 09:00:00+00,2026-10-06 09:01:09.733253+00,bull,746.964929,747.80767749,747.17,0.85,mixed 15m structure — EMA side only,t
1546,AKT/USDT,2026-10-06 09:00:00+00,2026-10-06 09:01:09.733253+00,bull,0.75667092,0.7675227,0.7594,0.8,mixed 15m structure — EMA side only,t
1540,NVDA/USDT,2026-10-06 09:00:00+00,2026-10-06 09:01:09.733253+00,bull,240.749646,241.240885,240.87,0.85,15m holding above hour open and EMA21,t
1530,SKHY/USDT,2026-10-06 09:00:00+00,2026-10-06 09:01:09.733253+00,bear,189.46333996,190.28066401,190.12,0.85,mixed 15m structure — EMA side only,t
1521,AXTI/USDT,2026-10-06 09:00:00+00,2026-10-06 09:01:09.733253+00,bull,86.43477017,86.76807459,86.49,0.85,15m sweep of hour low then reclaim,t
1524,CBRS/USDT,2026-10-06 09:00:00+00,2026-10-06 09:01:09.733253+00,bear,182.08120089,182.74151965,182.57,0.6,mixed 15m structure — EMA side only,t
1525,SPCX/USDT,2026-10-06 09:00:00+00,2026-10-06 09:01:09.733253+00,bull,172.63097551,173.11756122,172.76,0.85,15m holding above hour open and EMA21,t
1534,BTW/USDT,2026-10-06 09:00:00+00,2026-10-06 09:01:09.733253+00,bull,1.20076733,1.23658167,1.2106,0.85,15m holding above hour open and EMA21,t
1526,ARM/USDT,2026-10-06 09:00:00+00,2026-10-06 09:01:09.733253+00,bull,302.15581129,303.29047178,302.46,0.85,15m holding above hour open and EMA21,t
1527,LITE/USDT,2026-10-06 09:00:00+00,2026-10-06 09:01:09.733253+00,bear,1087.97607924,1091.70956831,1090.87,0.8,mixed 15m structure — EMA side only,t
1536,RKLB/USDT,2026-10-06 09:00:00+00,2026-10-06 09:01:09.733253+00,bear,72.77609944,72.98356022,72.96,0.85,15m sweep of hour high then reject,t
1541,TSM/USDT,2026-10-06 09:00:00+00,2026-10-06 09:01:09.733253+00,bear,483.95196476,484.8452141,484.62,0.85,15m holding below hour open and EMA21,t
1547,HOOD/USDT,2026-10-06 09:00:00+00,2026-10-06 09:01:09.733253+00,bull,114.60002252,114.8799437,114.67,0.85,15m holding above hour open and EMA21,t
1528,GLW/USDT,2026-10-06 09:00:00+00,2026-10-06 09:01:09.733253+00,bull,159.84713657,160.41215857,160,0.85,mixed 15m structure — EMA side only,t
1539,INTC/USDT,2026-10-06 09:00:00+00,2026-10-06 09:01:09.733253+00,bear,115.75439868,116.14224053,116.04,0.8,mixed 15m structure — EMA side only,t
1545,DRAM/USDT,2026-10-06 09:00:00+00,2026-10-06 09:01:09.733253+00,bear,60.74596247,60.94561501,60.9,0.85,mixed 15m structure — EMA side only,t
1548,VVV/USDT,2026-10-06 09:00:00+00,2026-10-06 09:01:09.733253+00,bull,28.13946702,28.45983246,28.202,0.85,15m holding above hour open and EMA21,t
1558,SOXS/USDT,2026-10-06 09:00:00+00,2026-10-06 09:01:09.733253+00,bull,29.68666026,29.87334934,29.72,0.85,15m holding above hour open and EMA21,t
1529,MSTR/USDT,2026-10-06 09:00:00+00,2026-10-06 09:01:09.733253+00,bull,165.36254244,166.12364389,165.58,0.85,15m holding above hour open and EMA21,t
1537,MVLL/USDT,2026-10-06 09:00:00+00,2026-10-06 09:01:09.733253+00,bear,37.52168204,37.74332718,37.7,0.85,mixed 15m structure — EMA side only,t
1542,ORCL/USDT,2026-10-06 09:00:00+00,2026-10-06 09:01:09.733253+00,bull,143.64530931,143.91672672,143.66,0.85,15m sweep of hour low then reclaim,t
1555,SOON/USDT,2026-10-06 09:00:00+00,2026-10-06 09:01:09.733253+00,bear,0.33434395,0.33902242,0.338,0.8,mixed 15m structure — EMA side only,t
1532,SOXL/USDT,2026-10-06 09:00:00+00,2026-10-06 09:01:09.733253+00,bear,163.08472835,164.22610866,163.98,0.85,15m holding below hour open and EMA21,t
1544,SPX/USDT,2026-10-06 09:00:00+00,2026-10-06 09:01:09.733253+00,bull,0.43204425,0.43758938,0.4333,0.85,mixed 15m structure — EMA side only,t
1551,MRVL/USDT,2026-10-06 09:00:00+00,2026-10-06 09:01:09.733253+00,bear,271.01770749,271.874917,271.69,0.85,15m holding below hour open and EMA21,t
1557,AKE/USDT,2026-10-06 09:00:00+00,2026-10-06 09:01:09.733253+00,bull,0.03019921,0.03057647,0.030282,0.85,15m sweep of hour low then reclaim,t
1533,QQQ/USDT,2026-10-06 09:00:00+00,2026-10-06 09:01:09.733253+00,bull,757.60919014,758.34702465,757.81,0.85,15m sweep of hour low then reclaim,t
1554,AMZN/USDT,2026-10-06 09:00:00+00,2026-10-06 09:01:09.733253+00,bull,252.92960958,253.24597606,253.02,0.85,15m holding above hour open and EMA21,t
1535,AMD/USDT,2026-10-06 09:00:00+00,2026-10-06 09:01:09.733253+00,bear,630.41439314,632.08624274,631.7,0.8,mixed 15m structure — EMA side only,t
1538,ZHIPU/USDT,2026-10-06 09:00:00+00,2026-10-06 09:01:09.733253+00,bull,90.49344633,91.35638418,90.69,0.85,15m holding above hour open and EMA21,t
1550,CRCL/USDT,2026-10-06 09:00:00+00,2026-10-06 09:01:09.733253+00,bull,83.85402298,84.18994256,83.95,0.85,15m holding above hour open and EMA21,t
1556,PLTR/USDT,2026-10-06 09:00:00+00,2026-10-06 09:01:09.733253+00,bull,190.4742476,190.80938099,190.55,0.85,15m sweep of hour low then reclaim,t
1560,COLLECT/USDT,2026-10-06 09:00:00+00,2026-10-06 09:01:09.733253+00,bull,0.02166544,0.02208141,0.02177,0.8,mixed 15m structure — EMA side only,t
1552,TQQQ/USDT,2026-10-06 09:00:00+00,2026-10-06 09:01:09.733253+00,bull,83.58523206,83.84691985,83.66,0.85,15m holding above hour open and EMA21,t
1559,MAGMA/USDT,2026-10-06 09:00:00+00,2026-10-06 09:01:09.733253+00,bull,0.21542252,0.2211187,0.21677,0.85,15m sweep of hour low then reclaim,t
1570,SKHY/USDT,2026-10-06 09:00:00+00,2026-10-06 09:16:10.303968+00,bear,189.61575778,190.13969689,190.12,0.85,15m sweep of hour high then reject,t
1579,INTC/USDT,2026-10-06 09:00:00+00,2026-10-06 09:16:10.303968+00,bull,115.9285762,116.21355951,116,0.85,15m sweep of hour low then reclaim,t
1588,VVV/USDT,2026-10-06 09:00:00+00,2026-10-06 09:16:10.303968+00,bear,28.04720348,28.30451861,28.249,0.85,15m sweep of hour high then reject,t
1597,AKE/USDT,2026-10-06 09:00:00+00,2026-10-06 09:16:10.303968+00,bear,0.03009949,0.03039,0.030366,0.85,15m sweep of hour high then reject,t
1571,RAYSOL/USDT,2026-10-06 09:00:00+00,2026-10-06 09:16:10.303968+00,bull,2.14098667,2.16078332,2.1444,0.85,mixed 15m structure — EMA side only,t
1580,NVDA/USDT,2026-10-06 09:00:00+00,2026-10-06 09:16:10.303968+00,bull,240.78163809,241.16090478,240.87,0.85,15m sweep of hour low then reclaim,t
1589,META/USDT,2026-10-06 09:00:00+00,2026-10-06 09:16:10.303968+00,bull,747.03052142,747.69369644,747.17,0.85,15m sweep of hour low then reclaim,t
1598,SOXS/USDT,2026-10-06 09:00:00+00,2026-10-06 09:16:10.303968+00,bear,29.64084687,29.77966125,29.75,0.85,15m sweep of hour high then reject,t
1595,SOON/USDT,2026-10-06 09:00:00+00,2026-10-06 09:16:10.303968+00,bear,0.33516794,0.33829282,0.338,0.85,15m sweep of hour high then reject,t
1586,AKT/USDT,2026-10-06 09:00:00+00,2026-10-06 09:16:10.303968+00,bear,0.75566889,0.76271244,0.7607,0.85,15m holding below hour open and EMA21,t
1577,MVLL/USDT,2026-10-06 09:00:00+00,2026-10-06 09:16:10.303968+00,bear,37.56491815,37.72603274,37.7,0.85,15m sweep of hour high then reject,t
1568,GLW/USDT,2026-10-06 09:00:00+00,2026-10-06 09:16:10.303968+00,bull,159.92114681,160.30213297,160,0.85,15m holding above hour open and EMA21,t
1594,AMZN/USDT,2026-10-06 09:00:00+00,2026-10-06 09:16:10.303968+00,bull,252.95495375,253.18261563,252.99,0.85,15m sweep of hour low then reclaim,t
1585,DRAM/USDT,2026-10-06 09:00:00+00,2026-10-06 09:16:10.303968+00,bear,60.77694399,60.8932224,60.9,0.85,15m sweep of hour high then reject,t
1576,RKLB/USDT,2026-10-06 09:00:00+00,2026-10-06 09:16:10.303968+00,bear,72.81523182,72.98790727,72.96,0.85,mixed 15m structure — EMA side only,t
1567,LITE/USDT,2026-10-06 09:00:00+00,2026-10-06 09:16:10.303968+00,bear,1088.73256028,1091.93697589,1091.4,0.85,mixed 15m structure — EMA side only,t
1587,HOOD/USDT,2026-10-06 09:00:00+00,2026-10-06 09:16:10.303968+00,bull,114.62189227,114.82526932,114.6,0.85,15m sweep of hour low then reclaim,t
1578,ZHIPU/USDT,2026-10-06 09:00:00+00,2026-10-06 09:16:10.303968+00,bull,90.56681165,91.17297089,90.69,0.85,15m sweep of hour low then reclaim,t
1569,MSTR/USDT,2026-10-06 09:00:00+00,2026-10-06 09:16:10.303968+00,bull,165.36096815,165.97757963,165.37,0.85,15m sweep of hour low then reclaim,t
1581,TSM/USDT,2026-10-06 09:00:00+00,2026-10-06 09:16:10.303968+00,bear,484.1304597,484.77381612,484.62,0.85,15m sweep of hour high then reject,t
1572,SOXL/USDT,2026-10-06 09:00:00+00,2026-10-06 09:16:10.303968+00,bull,163.65919078,164.50202306,163.84,0.85,15m sweep of hour low then reclaim,t
1563,BE/USDT,2026-10-06 09:00:00+00,2026-10-06 09:16:10.303968+00,bull,289.0668083,289.67297924,289.12,0.85,15m sweep of hour low then reclaim,t
1562,DELL/USDT,2026-10-06 09:00:00+00,2026-10-06 09:16:10.303968+00,bull,555.41268408,556.30828981,555.37,0.85,15m sweep of hour low then reclaim,t
1582,ORCL/USDT,2026-10-06 09:00:00+00,2026-10-06 09:16:10.303968+00,bull,143.6760981,143.86475474,143.66,0.85,15m sweep of hour low then reclaim,t
1573,QQQ/USDT,2026-10-06 09:00:00+00,2026-10-06 09:16:10.303968+00,bull,757.66230307,758.21424234,757.81,0.85,15m sweep of hour low then reclaim,t
1564,CBRS/USDT,2026-10-06 09:00:00+00,2026-10-06 09:16:10.303968+00,bull,182.38904464,182.81238841,182.51,0.85,15m holding above hour open and EMA21,t
1561,AXTI/USDT,2026-10-06 09:00:00+00,2026-10-06 09:16:10.303968+00,bull,86.46214725,86.69963188,86.49,0.85,15m sweep of hour low then reclaim,t
1592,TQQQ/USDT,2026-10-06 09:00:00+00,2026-10-06 09:16:10.303968+00,bull,83.6046827,83.79829324,83.66,0.85,15m holding above hour open and EMA21,t
1583,SNXX/USDT,2026-10-06 09:00:00+00,2026-10-06 09:16:10.303968+00,bear,15.72404137,15.78838345,15.79,0.85,15m sweep of hour high then reject,t
1574,BTW/USDT,2026-10-06 09:00:00+00,2026-10-06 09:16:10.303968+00,bear,1.19034313,1.21926275,1.213,0.85,15m sweep of hour high then reject,t
1575,AMD/USDT,2026-10-06 09:00:00+00,2026-10-06 09:16:10.303968+00,bull,631.09833163,632.78417093,631.43,0.85,15m sweep of hour low then reclaim,t
1600,COLLECT/USDT,2026-10-06 09:00:00+00,2026-10-06 09:16:10.303968+00,bull,0.02166677,0.02200307,0.02174,0.8,mixed 15m structure — EMA side only,t
1591,MRVL/USDT,2026-10-06 09:00:00+00,2026-10-06 09:16:10.303968+00,bear,271.1923721,271.80505116,271.69,0.85,15m sweep of hour high then reject,t
1596,PLTR/USDT,2026-10-06 09:00:00+00,2026-10-06 09:16:10.303968+00,bull,190.50015109,190.74462227,190.5,0.85,15m sweep of hour low then reclaim,t
1599,MAGMA/USDT,2026-10-06 09:00:00+00,2026-10-06 09:16:10.303968+00,bull,0.21588621,0.21995948,0.21677,0.85,15m sweep of hour low then reclaim,t
1590,CRCL/USDT,2026-10-06 09:00:00+00,2026-10-06 09:16:10.303968+00,bull,83.8805403,84.12364924,83.95,0.85,15m holding above hour open and EMA21,t
1565,SPCX/USDT,2026-10-06 09:00:00+00,2026-10-06 09:16:10.303968+00,bull,172.66746162,173.02634594,172.76,0.85,15m sweep of hour low then reclaim,t
1593,BMNR/USDT,2026-10-06 09:00:00+00,2026-10-06 09:16:10.303968+00,bull,26.93904206,27.04239486,26.96,0.85,mixed 15m structure — EMA side only,t
1584,SPX/USDT,2026-10-06 09:00:00+00,2026-10-06 09:16:10.303968+00,bear,0.43083639,0.43484544,0.4338,0.85,15m sweep of hour high then reject,t
1566,ARM/USDT,2026-10-06 09:00:00+00,2026-10-06 09:16:10.303968+00,bull,302.20837938,303.15905156,302.46,0.85,15m sweep of hour low then reclaim,t
1602,DELL/USDT,2026-10-06 09:00:00+00,2026-10-06 09:31:12.732137+00,bull,555.64965568,556.14086081,555.37,0.85,15m sweep of hour low then reclaim,t
1601,AXTI/USDT,2026-10-06 09:00:00+00,2026-10-06 09:31:12.732137+00,bull,86.48685752,86.6378562,86.49,0.85,15m sweep of hour low then reclaim,t
1637,AKE/USDT,2026-10-06 09:00:00+00,2026-10-06 09:31:12.732137+00,bull,0.03010148,0.03043831,0.030051,0.85,15m sweep of hour low then reclaim,t
1628,VVV/USDT,2026-10-06 09:00:00+00,2026-10-06 09:31:12.732137+00,bear,28.10832616,28.28006953,28.249,0.85,15m sweep of hour high then reject,t
1606,ARM/USDT,2026-10-06 09:00:00+00,2026-10-06 09:31:12.732137+00,bull,302.30353179,302.92117052,302.46,0.85,15m sweep of hour low then reclaim,t
1615,AMD/USDT,2026-10-06 09:00:00+00,2026-10-06 09:31:12.732137+00,bull,631.25612984,632.38967539,631.43,0.85,15m sweep of hour low then reclaim,t
1632,TQQQ/USDT,2026-10-06 09:00:00+00,2026-10-06 09:31:12.732137+00,bull,83.625427,83.7464325,83.66,0.85,15m holding above hour open and EMA21,t
1623,SNXX/USDT,2026-10-06 09:00:00+00,2026-10-06 09:31:12.732137+00,bear,15.74052629,15.78178948,15.79,0.85,15m sweep of hour high then reject,t
1624,SPX/USDT,2026-10-06 09:00:00+00,2026-10-06 09:31:12.732137+00,bear,0.43180381,0.43445847,0.4338,0.85,15m sweep of hour high then reject,t
1619,INTC/USDT,2026-10-06 09:00:00+00,2026-10-06 09:31:12.732137+00,bull,115.95747472,116.14131321,116,0.85,15m sweep of hour low then reclaim,t
1636,PLTR/USDT,2026-10-06 09:00:00+00,2026-10-06 09:31:12.732137+00,bull,190.52671299,190.67821752,190.5,0.85,15m sweep of hour low then reclaim,t
1627,HOOD/USDT,2026-10-06 09:00:00+00,2026-10-06 09:31:12.732137+00,bull,114.49012874,114.77967814,114.44,0.85,15m sweep of hour low then reclaim,t
1618,ZHIPU/USDT,2026-10-06 09:00:00+00,2026-10-06 09:31:12.732137+00,bull,90.63239076,91.00902309,90.69,0.85,15m sweep of hour low then reclaim,t
1625,DRAM/USDT,2026-10-06 09:00:00+00,2026-10-06 09:31:12.732137+00,bear,60.80782221,60.88087111,60.9,0.85,15m sweep of hour high then reject,t
1614,BTW/USDT,2026-10-06 09:00:00+00,2026-10-06 09:31:12.732137+00,bear,1.19804356,1.21618257,1.213,0.85,15m sweep of hour high then reject,t
1605,SPCX/USDT,2026-10-06 09:00:00+00,2026-10-06 09:31:12.732137+00,bull,172.70275709,172.93810728,172.76,0.85,15m holding above hour open and EMA21,t
1634,AMZN/USDT,2026-10-06 09:00:00+00,2026-10-06 09:31:12.732137+00,bull,252.82624133,253.12939668,252.84,0.85,mixed 15m structure — EMA side only,t
1608,GLW/USDT,2026-10-06 09:00:00+00,2026-10-06 09:31:12.732137+00,bull,159.96176472,160.2005882,160,0.85,15m holding above hour open and EMA21,t
1640,COLLECT/USDT,2026-10-06 09:00:00+00,2026-10-06 09:31:12.732137+00,bull,0.02161321,0.02193698,0.02163,0.8,mixed 15m structure — EMA side only,t
1631,MRVL/USDT,2026-10-06 09:00:00+00,2026-10-06 09:31:12.732137+00,bear,271.35004818,271.74198073,271.69,0.85,15m sweep of hour high then reject,t
1622,ORCL/USDT,2026-10-06 09:00:00+00,2026-10-06 09:31:12.732137+00,bull,143.6959342,143.81516451,143.66,0.85,15m sweep of hour low then reclaim,t
1609,MSTR/USDT,2026-10-06 09:00:00+00,2026-10-06 09:31:12.732137+00,bull,164.93759044,165.8610239,164.68,0.85,15m sweep of hour low then reclaim,t
1613,QQQ/USDT,2026-10-06 09:00:00+00,2026-10-06 09:31:12.732137+00,bull,757.72115362,758.06711595,757.81,0.85,15m sweep of hour low then reclaim,t
1604,CBRS/USDT,2026-10-06 09:00:00+00,2026-10-06 09:31:12.732137+00,bull,182.43435803,182.69910492,182.51,0.85,15m holding above hour open and EMA21,t
1633,BMNR/USDT,2026-10-06 09:00:00+00,2026-10-06 09:31:12.732137+00,bull,26.88537823,27.02655443,26.86,0.85,15m sweep of hour low then reclaim,t
1639,MAGMA/USDT,2026-10-06 09:00:00+00,2026-10-06 09:31:12.732137+00,bull,0.21628712,0.2189572,0.21677,0.85,15m sweep of hour low then reclaim,t
1630,CRCL/USDT,2026-10-06 09:00:00+00,2026-10-06 09:31:12.732137+00,bull,83.90497643,84.06255893,83.91,0.85,15m sweep of hour low then reclaim,t
1621,TSM/USDT,2026-10-06 09:00:00+00,2026-10-06 09:31:12.732137+00,bear,484.30202322,484.70519071,484.62,0.85,15m holding below hour open and EMA21,t
1612,SOXL/USDT,2026-10-06 09:00:00+00,2026-10-06 09:31:12.732137+00,bear,163.51808978,164.38276409,164.44,0.85,15m sweep of hour high then reject,t
1603,BE/USDT,2026-10-06 09:00:00+00,2026-10-06 09:31:12.732137+00,bull,289.07005491,289.51486273,289.12,0.85,mixed 15m structure — EMA side only,t
1607,LITE/USDT,2026-10-06 09:00:00+00,2026-10-06 09:31:12.732137+00,bear,1089.41940264,1091.60223894,1091.56,0.85,mixed 15m structure — EMA side only,t
1638,SOXS/USDT,2026-10-06 09:00:00+00,2026-10-06 09:31:12.732137+00,bull,29.63518823,29.80202943,29.64,0.85,mixed 15m structure — EMA side only,t
1629,META/USDT,2026-10-06 09:00:00+00,2026-10-06 09:31:12.732137+00,bull,747.08805903,747.54985242,747.17,0.85,15m sweep of hour low then reclaim,t
1617,MVLL/USDT,2026-10-06 09:00:00+00,2026-10-06 09:31:12.732137+00,bear,37.60687556,37.70924978,37.7,0.85,15m sweep of hour high then reject,t
1626,AKT/USDT,2026-10-06 09:00:00+00,2026-10-06 09:31:12.732137+00,bear,0.75728878,0.76206449,0.7607,0.85,15m holding below hour open and EMA21,t
1635,SOON/USDT,2026-10-06 09:00:00+00,2026-10-06 09:31:12.732137+00,bear,0.33599805,0.33796078,0.338,0.85,15m sweep of hour high then reject,t
1620,NVDA/USDT,2026-10-06 09:00:00+00,2026-10-06 09:31:12.732137+00,bull,240.79667967,241.07330082,240.85,0.85,mixed 15m structure — EMA side only,t
1616,RKLB/USDT,2026-10-06 09:00:00+00,2026-10-06 09:31:12.732137+00,bear,72.84885898,73.02445641,73.02,0.85,mixed 15m structure — EMA side only,t
1611,RAYSOL/USDT,2026-10-06 09:00:00+00,2026-10-06 09:31:12.732137+00,bull,2.14126231,2.15709423,2.1384,0.85,15m sweep of hour low then reclaim,t
1610,SKHY/USDT,2026-10-06 09:00:00+00,2026-10-06 09:31:12.732137+00,bear,189.74794342,190.35682263,190.26,0.85,mixed 15m structure — EMA side only,t
1655,ZHIPU/USDT,2026-10-06 09:00:00+00,2026-10-06 09:46:13.250904+00,bull,90.69106804,90.86232989,90.69,0.85,15m holding above hour open and EMA21,t
1643,CBRS/USDT,2026-10-06 09:00:00+00,2026-10-06 09:46:13.250904+00,bull,182.47418486,182.59953784,182.51,0.85,15m holding above hour open and EMA21,t
1647,SOXL/USDT,2026-10-06 09:00:00+00,2026-10-06 09:46:13.250904+00,bull,163.82675288,164.0831178,163.84,0.85,15m sweep of hour low then reclaim,t
1656,INTC/USDT,2026-10-06 09:00:00+00,2026-10-06 09:46:13.250904+00,bull,115.98541418,116.07146454,116,0.85,15m sweep of hour low then reclaim,t
1649,GLW/USDT,2026-10-06 09:00:00+00,2026-10-06 09:46:13.250904+00,bull,159.9975051,160.11123724,160,0.85,15m sweep of hour low then reclaim,t
1658,BTW/USDT,2026-10-06 09:00:00+00,2026-10-06 09:46:13.250904+00,bear,1.20504461,1.21338216,1.213,0.85,15m sweep of hour high then reject,t
1667,MRVL/USDT,2026-10-06 09:00:00+00,2026-10-06 09:46:13.250904+00,bear,271.49670436,271.68331826,271.71,0.85,15m sweep of hour high then reject,t
1652,QQQ/USDT,2026-10-06 09:00:00+00,2026-10-06 09:46:13.250904+00,bull,757.77369622,757.93575945,757.81,0.85,15m sweep of hour low then reclaim,t
1661,SNXX/USDT,2026-10-06 09:00:00+00,2026-10-06 09:46:13.250904+00,bear,15.75635431,15.77545827,15.79,0.85,15m sweep of hour high then reject,t
1670,AMD/USDT,2026-10-06 09:00:00+00,2026-10-06 09:46:13.250904+00,bull,631.42875016,631.9581246,631.43,0.85,15m sweep of hour low then reclaim,t
1679,MAGMA/USDT,2026-10-06 09:00:00+00,2026-10-06 09:46:13.250904+00,bull,0.21669537,0.21793659,0.21677,0.85,15m sweep of hour low then reclaim,t
1664,SPX/USDT,2026-10-06 09:00:00+00,2026-10-06 09:46:13.250904+00,bear,0.43283482,0.43404607,0.4338,0.85,15m sweep of hour high then reject,t
1673,COLLECT/USDT,2026-10-06 09:00:00+00,2026-10-06 09:46:13.250904+00,bull,0.02171825,0.02187439,0.02163,0.85,15m sweep of hour low then reclaim,t
1657,TSM/USDT,2026-10-06 09:00:00+00,2026-10-06 09:46:13.250904+00,bear,484.45440696,484.80423721,484.83,0.85,mixed 15m structure — EMA side only,t
1660,DRAM/USDT,2026-10-06 09:00:00+00,2026-10-06 09:46:13.250904+00,bear,60.83552662,60.89978935,60.9,0.85,mixed 15m structure — EMA side only,t
1663,MSTR/USDT,2026-10-06 09:00:00+00,2026-10-06 09:46:13.250904+00,bull,165.47544951,165.71637623,164.68,0.85,15m sweep of hour low then reclaim,t
1665,HOOD/USDT,2026-10-06 09:00:00+00,2026-10-06 09:46:13.250904+00,bull,114.59143334,114.72641664,114.44,0.85,15m sweep of hour low then reclaim,t
1666,VVV/USDT,2026-10-06 09:00:00+00,2026-10-06 09:46:13.250904+00,bear,28.17397161,28.25381135,28.249,0.85,15m sweep of hour high then reject,t
1675,AMZN/USDT,2026-10-06 09:00:00+00,2026-10-06 09:46:13.250904+00,bull,252.90960404,253.07098989,252.84,0.85,15m sweep of hour low then reclaim,t
1668,META/USDT,2026-10-06 09:00:00+00,2026-10-06 09:46:13.250904+00,bull,747.15886072,747.37284821,747.17,0.85,15m sweep of hour low then reclaim,t
1677,PLTR/USDT,2026-10-06 09:00:00+00,2026-10-06 09:46:13.250904+00,bull,190.54981548,190.6204613,190.5,0.85,15m sweep of hour low then reclaim,t
1669,CRCL/USDT,2026-10-06 09:00:00+00,2026-10-06 09:46:13.250904+00,bull,83.92886369,84.00284078,83.91,0.85,15m sweep of hour low then reclaim,t
1678,AKE/USDT,2026-10-06 09:00:00+00,2026-10-06 09:46:13.250904+00,bull,0.0302818,0.03037,0.030051,0.85,15m sweep of hour low then reclaim,t
1671,BMNR/USDT,2026-10-06 09:00:00+00,2026-10-06 09:46:13.250904+00,bull,26.91327208,27.0068198,26.86,0.85,15m sweep of hour low then reclaim,t
1680,TQQQ/USDT,2026-10-06 09:00:00+00,2026-10-06 09:46:13.250904+00,bull,83.64415509,83.69961227,83.66,0.85,15m holding above hour open and EMA21,t
1672,USELESS/USDT,2026-10-06 09:00:00+00,2026-10-06 09:46:13.250904+00,bull,0.22835222,0.23053445,0.22558,0.85,15m sweep of hour low then reclaim,t
1674,SOON/USDT,2026-10-06 09:00:00+00,2026-10-06 09:46:13.250904+00,bear,0.33675204,0.33845918,0.3382,0.85,mixed 15m structure — EMA side only,t
1676,SOXS/USDT,2026-10-06 09:00:00+00,2026-10-06 09:46:13.250904+00,bear,29.71046037,29.75181585,29.75,0.85,15m sweep of hour high then reject,t
1648,LITE/USDT,2026-10-06 09:00:00+00,2026-10-06 09:46:13.250904+00,bull,1090.37920668,1091.1519833,1090.58,0.85,15m sweep of hour low then reclaim,t
1646,ARM/USDT,2026-10-06 09:00:00+00,2026-10-06 09:46:13.250904+00,bull,302.3935269,302.69618276,302.46,0.85,15m sweep of hour low then reclaim,t
1642,BE/USDT,2026-10-06 09:00:00+00,2026-10-06 09:46:13.250904+00,bull,289.1877676,289.37058099,289.12,0.85,15m sweep of hour low then reclaim,t
1651,SKHY/USDT,2026-10-06 09:00:00+00,2026-10-06 09:46:13.250904+00,bear,189.87867521,190.21452991,190.26,0.85,mixed 15m structure — EMA side only,t
1645,SPCX/USDT,2026-10-06 09:00:00+00,2026-10-06 09:46:13.250904+00,bull,172.73838329,172.84904177,172.76,0.85,15m sweep of hour low then reclaim,t
1654,MVLL/USDT,2026-10-06 09:00:00+00,2026-10-06 09:46:13.250904+00,bear,37.64548674,37.6938053,37.7,0.85,15m sweep of hour high then reject,t
1644,DELL/USDT,2026-10-06 09:00:00+00,2026-10-06 09:46:13.250904+00,bull,555.72544036,555.9513991,555.37,0.85,15m sweep of hour low then reclaim,t
1653,RKLB/USDT,2026-10-06 09:00:00+00,2026-10-06 09:46:13.250904+00,bear,72.88085862,73.07165655,73.08,0.85,mixed 15m structure — EMA side only,t
1662,AKT/USDT,2026-10-06 09:00:00+00,2026-10-06 09:46:13.250904+00,bear,0.75912966,0.76132813,0.7607,0.85,15m holding below hour open and EMA21,t
1641,AXTI/USDT,2026-10-06 09:00:00+00,2026-10-06 09:46:13.250904+00,bull,86.50970693,86.58073266,86.49,0.85,15m sweep of hour low then reclaim,t
1650,RAYSOL/USDT,2026-10-06 09:00:00+00,2026-10-06 09:46:13.250904+00,bull,2.14617772,2.1535557,2.1384,0.85,15m sweep of hour low then reclaim,t
1659,ORCL/USDT,2026-10-06 09:00:00+00,2026-10-06 09:46:13.250904+00,bull,143.62273579,143.77316053,143.61,0.85,mixed 15m structure — EMA side only,t
1712,USELESS/USDT,2026-10-06 10:00:00+00,2026-10-06 10:01:13.513649+00,bull,0.22879852,0.23226871,0.22965,0.85,15m holding above hour open and EMA21,t
1720,TQQQ/USDT,2026-10-06 10:00:00+00,2026-10-06 10:01:13.513649+00,bull,83.705438,83.93140499,83.77,0.85,15m holding above hour open and EMA21,t
1718,AKE/USDT,2026-10-06 10:00:00+00,2026-10-06 10:01:13.513649+00,bull,0.03044067,0.03083733,0.030519,0.85,15m sweep of hour low then reclaim,t
1714,SOON/USDT,2026-10-06 10:00:00+00,2026-10-06 10:01:13.513649+00,bull,0.33724922,0.34092696,0.3383,0.85,15m holding above hour open and EMA21,t
1709,CRCL/USDT,2026-10-06 10:00:00+00,2026-10-06 10:01:13.513649+00,bull,84.18180943,84.49047643,84.25,0.85,15m holding above hour open and EMA21,t
1700,DRAM/USDT,2026-10-06 10:00:00+00,2026-10-06 10:01:13.513649+00,bear,60.7614899,60.92940404,60.89,0.85,mixed 15m structure — EMA side only,t
1717,PLTR/USDT,2026-10-06 10:00:00+00,2026-10-06 10:01:13.513649+00,bull,190.5099169,190.80020775,190.59,0.85,mixed 15m structure — EMA side only,t
1708,META/USDT,2026-10-06 10:00:00+00,2026-10-06 10:01:13.513649+00,bull,746.95161481,747.90096298,747.12,0.85,mixed 15m structure — EMA side only,t
1699,ORCL/USDT,2026-10-06 10:00:00+00,2026-10-06 10:01:13.513649+00,bull,143.68659675,143.94350812,143.76,0.85,15m holding above hour open and EMA21,t
1719,MAGMA/USDT,2026-10-06 10:00:00+00,2026-10-06 10:01:13.513649+00,bull,0.22130392,0.2264002,0.22253,0.85,15m sweep of hour low then reclaim,t
1710,AMD/USDT,2026-10-06 10:00:00+00,2026-10-06 10:01:13.513649+00,bull,638.24570115,640.36074712,638.85,0.85,15m holding above hour open and EMA21,t
1701,SNXX/USDT,2026-10-06 10:00:00+00,2026-10-06 10:01:13.513649+00,bear,15.68386153,15.77245539,15.75,0.85,mixed 15m structure — EMA side only,t
1692,QQQ/USDT,2026-10-06 10:00:00+00,2026-10-06 10:01:13.513649+00,bull,758.08405293,758.73486768,758.26,0.85,15m holding above hour open and EMA21,t
1716,SOXS/USDT,2026-10-06 10:00:00+00,2026-10-06 10:01:13.513649+00,bear,29.51892501,29.68842999,29.64,0.85,15m holding below hour open and EMA21,t
1707,MRVL/USDT,2026-10-06 10:00:00+00,2026-10-06 10:01:13.513649+00,bull,271.29382009,272.08544978,271.52,0.85,15m holding above hour open and EMA21,t
1698,BTW/USDT,2026-10-06 10:00:00+00,2026-10-06 10:01:13.513649+00,bull,1.18401011,1.22002473,1.192,0.85,15m sweep of hour low then reclaim,t
1689,GLW/USDT,2026-10-06 10:00:00+00,2026-10-06 10:01:13.513649+00,bull,160.13882123,160.59794692,160.27,0.85,15m holding above hour open and EMA21,t
1715,AMZN/USDT,2026-10-06 10:00:00+00,2026-10-06 10:01:13.513649+00,bull,252.80872426,253.10318936,252.89,0.85,mixed 15m structure — EMA side only,t
1706,VVV/USDT,2026-10-06 10:00:00+00,2026-10-06 10:01:13.513649+00,bear,27.6799153,27.99503388,27.905,0.85,15m holding below hour open and EMA21,t
1697,TSM/USDT,2026-10-06 10:00:00+00,2026-10-06 10:01:13.513649+00,bear,484.09934442,484.90626223,484.69,0.8,mixed 15m structure — EMA side only,t
1688,LITE/USDT,2026-10-06 10:00:00+00,2026-10-06 10:01:13.513649+00,bear,1089.5315929,1092.62936284,1091.87,0.8,mixed 15m structure — EMA side only,t
1705,HOOD/USDT,2026-10-06 10:00:00+00,2026-10-06 10:01:13.513649+00,bull,114.54661328,114.81346681,114.61,0.85,mixed 15m structure — EMA side only,t
1696,INTC/USDT,2026-10-06 10:00:00+00,2026-10-06 10:01:13.513649+00,bull,116.50232823,116.84417943,116.6,0.85,15m holding above hour open and EMA21,t
1687,SOXL/USDT,2026-10-06 10:00:00+00,2026-10-06 10:01:13.513649+00,bull,164.04985078,165.10037305,164.35,0.85,15m holding above hour open and EMA21,t
1713,COLLECT/USDT,2026-10-06 10:00:00+00,2026-10-06 10:01:13.513649+00,bull,0.02164341,0.02194649,0.02172,0.85,15m holding above hour open and EMA21,t
1704,SPX/USDT,2026-10-06 10:00:00+00,2026-10-06 10:01:13.513649+00,bear,0.42704127,0.43218349,0.4311,0.85,mixed 15m structure — EMA side only,t
1695,ZHIPU/USDT,2026-10-06 10:00:00+00,2026-10-06 10:01:13.513649+00,bull,90.51376818,91.20057956,90.71,0.85,15m holding above hour open and EMA21,t
1686,ARM/USDT,2026-10-06 10:00:00+00,2026-10-06 10:01:13.513649+00,bull,304.17699828,305.41250431,304.35,0.85,15m sweep of hour low then reclaim,t
1703,MSTR/USDT,2026-10-06 10:00:00+00,2026-10-06 10:01:13.513649+00,bull,165.35032041,166.15919899,165.56,0.85,mixed 15m structure — EMA side only,t
1694,MVLL/USDT,2026-10-06 10:00:00+00,2026-10-06 10:01:13.513649+00,bull,37.56049762,37.76875595,37.62,0.85,15m holding above hour open and EMA21,t
1685,SPCX/USDT,2026-10-06 10:00:00+00,2026-10-06 10:01:13.513649+00,bull,172.87262305,173.31844237,172.98,0.85,15m holding above hour open and EMA21,t
1711,BMNR/USDT,2026-10-06 10:00:00+00,2026-10-06 10:01:13.513649+00,bull,26.93148043,27.03129891,26.96,0.85,15m holding above hour open and EMA21,t
1702,AKT/USDT,2026-10-06 10:00:00+00,2026-10-06 10:01:13.513649+00,bear,0.74396311,0.75473476,0.7524,0.8,mixed 15m structure — EMA side only,t
1693,RKLB/USDT,2026-10-06 10:00:00+00,2026-10-06 10:01:13.513649+00,bull,73.10109768,73.2722558,73.15,0.85,15m holding above hour open and EMA21,t
1684,DELL/USDT,2026-10-06 10:00:00+00,2026-10-06 10:01:13.513649+00,bull,555.97932577,556.89168559,556.24,0.85,15m holding above hour open and EMA21,t
1683,CBRS/USDT,2026-10-06 10:00:00+00,2026-10-06 10:01:13.513649+00,bull,182.69998445,183.22503888,182.83,0.85,15m sweep of hour low then reclaim,t
1691,SKHY/USDT,2026-10-06 10:00:00+00,2026-10-06 10:01:13.513649+00,bear,189.439703,190.1341188,189.97,0.85,mixed 15m structure — EMA side only,t
1682,BE/USDT,2026-10-06 10:00:00+00,2026-10-06 10:01:13.513649+00,bull,289.42172172,290.18569569,289.64,0.85,15m holding above hour open and EMA21,t
1690,RAYSOL/USDT,2026-10-06 10:00:00+00,2026-10-06 10:01:13.513649+00,bull,2.14394889,2.16437779,2.1489,0.85,mixed 15m structure — EMA side only,t
1681,AXTI/USDT,2026-10-06 10:00:00+00,2026-10-06 10:01:13.513649+00,bull,86.61730071,86.90674823,86.7,0.85,15m holding above hour open and EMA21,t
1739,ORCL/USDT,2026-10-06 10:00:00+00,2026-10-06 10:16:15.668841+00,bull,143.70807917,143.88980207,143.76,0.85,15m holding above hour open and EMA21,t
1753,COLLECT/USDT,2026-10-06 10:00:00+00,2026-10-06 10:16:15.668841+00,bull,0.0216584,0.021884,0.02169,0.8,mixed 15m structure — EMA side only,t
1749,CRCL/USDT,2026-10-06 10:00:00+00,2026-10-06 10:16:15.668841+00,bull,84.20593237,84.43016907,84.25,0.85,15m sweep of hour low then reclaim,t
1758,AKE/USDT,2026-10-06 10:00:00+00,2026-10-06 10:16:15.668841+00,bull,0.03047255,0.03075763,0.030519,0.85,15m sweep of hour low then reclaim,t
1741,SNXX/USDT,2026-10-06 10:00:00+00,2026-10-06 10:16:15.668841+00,bull,15.72254311,15.78364222,15.74,0.85,15m holding above hour open and EMA21,t
1732,QQQ/USDT,2026-10-06 10:00:00+00,2026-10-06 10:16:15.668841+00,bull,758.12788611,758.62528472,758.26,0.85,15m sweep of hour low then reclaim,t
1740,DRAM/USDT,2026-10-06 10:00:00+00,2026-10-06 10:16:15.668841+00,bull,60.82944437,60.93638907,60.86,0.85,15m holding above hour open and EMA21,t
1754,SOON/USDT,2026-10-06 10:00:00+00,2026-10-06 10:16:15.668841+00,bull,0.33749607,0.34030982,0.3383,0.85,15m holding above hour open and EMA21,t
1760,TQQQ/USDT,2026-10-06 10:00:00+00,2026-10-06 10:16:15.668841+00,bull,83.72011597,83.89471007,83.77,0.85,15m holding above hour open and EMA21,t
1752,USELESS/USDT,2026-10-06 10:00:00+00,2026-10-06 10:16:15.668841+00,bull,0.22907562,0.23157595,0.22965,0.85,15m sweep of hour low then reclaim,t
1759,MAGMA/USDT,2026-10-06 10:00:00+00,2026-10-06 10:16:15.668841+00,bull,0.21915062,0.22553345,0.21987,0.85,mixed 15m structure — EMA side only,t
1743,MSTR/USDT,2026-10-06 10:00:00+00,2026-10-06 10:16:15.668841+00,bull,165.44697797,166.01755507,165.56,0.85,15m sweep of hour low then reclaim,t
1731,SKHY/USDT,2026-10-06 10:00:00+00,2026-10-06 10:16:15.668841+00,bear,189.57239474,190.21104211,190.08,0.85,mixed 15m structure — EMA side only,t
1722,BE/USDT,2026-10-06 10:00:00+00,2026-10-06 10:16:15.668841+00,bull,289.47440743,290.05398144,289.64,0.85,15m holding above hour open and EMA21,t
1730,RAYSOL/USDT,2026-10-06 10:00:00+00,2026-10-06 10:16:15.668841+00,bull,2.14814919,2.16162702,2.1489,0.85,15m sweep of hour low then reclaim,t
1721,AXTI/USDT,2026-10-06 10:00:00+00,2026-10-06 10:16:15.668841+00,bull,86.63946267,86.85134332,86.7,0.85,15m holding above hour open and EMA21,t
1729,GLW/USDT,2026-10-06 10:00:00+00,2026-10-06 10:16:15.668841+00,bull,160.17316712,160.51208221,160.27,0.85,15m holding above hour open and EMA21,t
1748,META/USDT,2026-10-06 10:00:00+00,2026-10-06 10:16:15.668841+00,bull,746.40838333,747.75904168,746.48,0.85,mixed 15m structure — EMA side only,t
1745,HOOD/USDT,2026-10-06 10:00:00+00,2026-10-06 10:16:15.668841+00,bull,114.57645633,114.76385918,114.61,0.85,15m sweep of hour low then reclaim,t
1736,INTC/USDT,2026-10-06 10:00:00+00,2026-10-06 10:16:15.668841+00,bull,116.51956098,116.80109754,116.6,0.85,15m holding above hour open and EMA21,t
1727,SOXL/USDT,2026-10-06 10:00:00+00,2026-10-06 10:16:15.668841+00,bull,164.11954086,164.92614784,164.35,0.85,15m holding above hour open and EMA21,t
1738,BTW/USDT,2026-10-06 10:00:00+00,2026-10-06 10:16:15.668841+00,bear,1.17474935,1.20212026,1.2036,0.85,15m sweep of hour high then reject,t
1746,VVV/USDT,2026-10-06 10:00:00+00,2026-10-06 10:16:15.668841+00,bear,27.73135735,28.11345706,28.156,0.85,15m sweep of hour high then reject,t
1737,TSM/USDT,2026-10-06 10:00:00+00,2026-10-06 10:16:15.668841+00,bear,484.25810881,484.86275648,484.8,0.8,mixed 15m structure — EMA side only,t
1728,LITE/USDT,2026-10-06 10:00:00+00,2026-10-06 10:16:15.668841+00,bull,1091.0589437,1093.40764075,1091.7,0.85,15m sweep of hour low then reclaim,t
1747,MRVL/USDT,2026-10-06 10:00:00+00,2026-10-06 10:16:15.668841+00,bull,271.3587413,271.92314674,271.52,0.85,15m holding above hour open and EMA21,t
1725,SPCX/USDT,2026-10-06 10:00:00+00,2026-10-06 10:16:15.668841+00,bull,172.90280366,173.24299085,172.98,0.85,15m sweep of hour low then reclaim,t
1742,AKT/USDT,2026-10-06 10:00:00+00,2026-10-06 10:16:15.668841+00,bear,0.74560531,0.75767787,0.7567,0.8,mixed 15m structure — EMA side only,t
1726,ARM/USDT,2026-10-06 10:00:00+00,2026-10-06 10:16:15.668841+00,bull,304.23924368,305.2568908,304.35,0.85,15m sweep of hour low then reclaim,t
1751,BMNR/USDT,2026-10-06 10:00:00+00,2026-10-06 10:16:15.668841+00,bull,26.93888847,27.01277883,26.96,0.85,15m holding above hour open and EMA21,t
1735,ZHIPU/USDT,2026-10-06 10:00:00+00,2026-10-06 10:16:15.668841+00,bull,90.57220398,91.05449004,90.71,0.85,15m holding above hour open and EMA21,t
1755,AMZN/USDT,2026-10-06 10:00:00+00,2026-10-06 10:16:15.668841+00,bull,252.84208275,253.04479312,252.89,0.85,15m sweep of hour low then reclaim,t
1733,RKLB/USDT,2026-10-06 10:00:00+00,2026-10-06 10:16:15.668841+00,bull,73.11041544,73.2489614,73.15,0.85,15m holding above hour open and EMA21,t
1724,DELL/USDT,2026-10-06 10:00:00+00,2026-10-06 10:16:15.668841+00,bull,556.04940658,556.71648356,556.24,0.85,15m holding above hour open and EMA21,t
1744,SPX/USDT,2026-10-06 10:00:00+00,2026-10-06 10:16:15.668841+00,bull,0.42943844,0.43315391,0.4303,0.85,15m sweep of hour low then reclaim,t
1756,SOXS/USDT,2026-10-06 10:00:00+00,2026-10-06 10:16:15.668841+00,bear,29.54662297,29.67735081,29.64,0.85,15m holding below hour open and EMA21,t
1750,AMD/USDT,2026-10-06 10:00:00+00,2026-10-06 10:16:15.668841+00,bull,638.35362575,640.09093562,638.85,0.85,15m holding above hour open and EMA21,t
1757,PLTR/USDT,2026-10-06 10:00:00+00,2026-10-06 10:16:15.668841+00,bull,190.54154675,190.74613313,190.59,0.85,15m sweep of hour low then reclaim,t
1734,MVLL/USDT,2026-10-06 10:00:00+00,2026-10-06 10:16:15.668841+00,bull,37.57716068,37.72709831,37.62,0.85,15m holding above hour open and EMA21,t
1723,CBRS/USDT,2026-10-06 10:00:00+00,2026-10-06 10:16:15.668841+00,bull,182.73276847,183.14307882,182.83,0.85,15m sweep of hour low then reclaim,t
1775,ZHIPU/USDT,2026-10-06 10:00:00+00,2026-10-06 10:31:16.3045+00,bull,90.62441038,90.92397405,90.71,0.85,15m holding above hour open and EMA21,t
1763,CBRS/USDT,2026-10-06 10:00:00+00,2026-10-06 10:31:16.3045+00,bull,182.77591897,183.03520257,182.83,0.85,15m sweep of hour low then reclaim,t
1764,DELL/USDT,2026-10-06 10:00:00+00,2026-10-06 10:31:16.3045+00,bull,556.12084102,556.53789746,556.24,0.85,15m holding above hour open and EMA21,t
1762,BE/USDT,2026-10-06 10:00:00+00,2026-10-06 10:31:16.3045+00,bull,289.53219234,289.90951916,289.64,0.85,15m holding above hour open and EMA21,t
1761,AXTI/USDT,2026-10-06 10:00:00+00,2026-10-06 10:31:16.3045+00,bull,86.65738513,86.80653718,86.7,0.85,15m holding above hour open and EMA21,t
1765,SPCX/USDT,2026-10-06 10:00:00+00,2026-10-06 10:31:16.3045+00,bull,172.93871934,173.15320165,172.98,0.85,15m sweep of hour low then reclaim,t
1766,ARM/USDT,2026-10-06 10:00:00+00,2026-10-06 10:31:16.3045+00,bull,304.34433383,304.99416542,304.35,0.85,15m sweep of hour low then reclaim,t
1767,SOXL/USDT,2026-10-06 10:00:00+00,2026-10-06 10:31:16.3045+00,bull,164.20626316,164.70934211,164.35,0.85,15m holding above hour open and EMA21,t
1768,LITE/USDT,2026-10-06 10:00:00+00,2026-10-06 10:31:16.3045+00,bull,1091.29453054,1092.81867364,1091.7,0.85,15m sweep of hour low then reclaim,t
1769,GLW/USDT,2026-10-06 10:00:00+00,2026-10-06 10:31:16.3045+00,bull,160.20840321,160.42399198,160.27,0.85,15m holding above hour open and EMA21,t
1774,MVLL/USDT,2026-10-06 10:00:00+00,2026-10-06 10:31:16.3045+00,bull,37.59180702,37.69048246,37.62,0.85,15m holding above hour open and EMA21,t
1776,INTC/USDT,2026-10-06 10:00:00+00,2026-10-06 10:31:16.3045+00,bull,116.55005218,116.72486955,116.6,0.85,15m holding above hour open and EMA21,t
1777,TSM/USDT,2026-10-06 10:00:00+00,2026-10-06 10:31:16.3045+00,bull,484.54184343,484.88539142,484.64,0.85,15m holding above hour open and EMA21,t
1770,RAYSOL/USDT,2026-10-06 10:00:00+00,2026-10-06 10:31:16.3045+00,bull,2.14930755,2.15873113,2.1489,0.85,15m sweep of hour low then reclaim,t
1779,ORCL/USDT,2026-10-06 10:00:00+00,2026-10-06 10:31:16.3045+00,bull,143.72642854,143.84392865,143.76,0.85,15m holding above hour open and EMA21,t
1788,META/USDT,2026-10-06 10:00:00+00,2026-10-06 10:31:16.3045+00,bull,746.12500858,747.59247854,746.17,0.85,mixed 15m structure — EMA side only,t
1797,PLTR/USDT,2026-10-06 10:00:00+00,2026-10-06 10:31:16.3045+00,bull,190.56350775,190.69123061,190.59,0.85,15m sweep of hour low then reclaim,t
1771,SKHY/USDT,2026-10-06 10:00:00+00,2026-10-06 10:31:16.3045+00,bear,189.69456442,190.16217423,190.11,0.85,mixed 15m structure — EMA side only,t
1780,DRAM/USDT,2026-10-06 10:00:00+00,2026-10-06 10:31:16.3045+00,bull,60.84058146,60.90854634,60.86,0.85,15m holding above hour open and EMA21,t
1789,CRCL/USDT,2026-10-06 10:00:00+00,2026-10-06 10:31:16.3045+00,bull,84.22899454,84.37251365,84.25,0.85,15m sweep of hour low then reclaim,t
1798,AKE/USDT,2026-10-06 10:00:00+00,2026-10-06 10:31:16.3045+00,bull,0.03050205,0.03068387,0.030519,0.85,15m sweep of hour low then reclaim,t
1772,QQQ/USDT,2026-10-06 10:00:00+00,2026-10-06 10:31:16.3045+00,bull,758.1765616,758.50359601,758.26,0.85,15m sweep of hour low then reclaim,t
1781,SNXX/USDT,2026-10-06 10:00:00+00,2026-10-06 10:31:16.3045+00,bull,15.72859806,15.76850484,15.74,0.85,15m holding above hour open and EMA21,t
1790,AMD/USDT,2026-10-06 10:00:00+00,2026-10-06 10:31:16.3045+00,bull,638.52305394,639.66736514,638.85,0.85,15m holding above hour open and EMA21,t
1799,MAGMA/USDT,2026-10-06 10:00:00+00,2026-10-06 10:31:16.3045+00,bull,0.22048873,0.22453817,0.21987,0.85,15m sweep of hour low then reclaim,t
1773,RKLB/USDT,2026-10-06 10:00:00+00,2026-10-06 10:31:16.3045+00,bull,73.12433754,73.21415614,73.15,0.85,15m holding above hour open and EMA21,t
1782,AKT/USDT,2026-10-06 10:00:00+00,2026-10-06 10:31:16.3045+00,bull,0.74911661,0.75325848,0.7503,0.85,15m holding above hour open and EMA21,t
1791,BMNR/USDT,2026-10-06 10:00:00+00,2026-10-06 10:31:16.3045+00,bull,26.9465409,26.99364776,26.96,0.85,15m holding above hour open and EMA21,t
1800,TQQQ/USDT,2026-10-06 10:00:00+00,2026-10-06 10:31:16.3045+00,bull,83.73767509,83.85081228,83.77,0.85,15m holding above hour open and EMA21,t
1778,BTW/USDT,2026-10-06 10:00:00+00,2026-10-06 10:31:16.3045+00,bear,1.18182311,1.19929076,1.2036,0.85,15m sweep of hour high then reject,t
1787,MRVL/USDT,2026-10-06 10:00:00+00,2026-10-06 10:31:16.3045+00,bull,271.41484473,271.78288819,271.52,0.85,15m holding above hour open and EMA21,t
1796,SOXS/USDT,2026-10-06 10:00:00+00,2026-10-06 10:31:16.3045+00,bear,29.58150562,29.66339775,29.64,0.85,15m holding below hour open and EMA21,t
1783,MSTR/USDT,2026-10-06 10:00:00+00,2026-10-06 10:31:16.3045+00,bull,165.50807412,165.86481471,165.56,0.85,15m sweep of hour low then reclaim,t
1792,USELESS/USDT,2026-10-06 10:00:00+00,2026-10-06 10:31:16.3045+00,bull,0.22933538,0.23092656,0.22965,0.85,15m sweep of hour low then reclaim,t
1784,SPX/USDT,2026-10-06 10:00:00+00,2026-10-06 10:31:16.3045+00,bull,0.42981979,0.43220053,0.4303,0.85,15m sweep of hour low then reclaim,t
1793,COLLECT/USDT,2026-10-06 10:00:00+00,2026-10-06 10:31:16.3045+00,bear,0.02163126,0.0217695,0.02176,0.85,15m sweep of hour high then reject,t
1785,HOOD/USDT,2026-10-06 10:00:00+00,2026-10-06 10:31:16.3045+00,bull,114.59615343,114.71461641,114.61,0.85,15m sweep of hour low then reclaim,t
1794,SOON/USDT,2026-10-06 10:00:00+00,2026-10-06 10:31:16.3045+00,bull,0.33779362,0.33956594,0.3383,0.85,15m holding above hour open and EMA21,t
1786,VVV/USDT,2026-10-06 10:00:00+00,2026-10-06 10:31:16.3045+00,bear,27.79374666,27.99850134,28.156,0.85,15m sweep of hour high then reject,t
1795,AMZN/USDT,2026-10-06 10:00:00+00,2026-10-06 10:31:16.3045+00,bull,252.86437437,252.98906408,252.89,0.85,15m sweep of hour low then reclaim,t
1823,TSM/USDT,2026-10-06 10:00:00+00,2026-10-06 10:46:15.23508+00,bull,484.59469878,484.75325305,484.64,0.85,15m holding above hour open and EMA21,t
1832,COLLECT/USDT,2026-10-06 10:00:00+00,2026-10-06 10:46:15.23508+00,bull,0.02171004,0.0217799,0.02162,0.85,15m sweep of hour low then reclaim,t
1808,AXTI/USDT,2026-10-06 10:00:00+00,2026-10-06 10:46:15.23508+00,bull,86.67985678,86.75035804,86.7,0.85,15m holding above hour open and EMA21,t
1836,META/USDT,2026-10-06 10:00:00+00,2026-10-06 10:46:15.23508+00,bull,746.4112827,747.42679325,746.17,0.85,15m sweep of hour low then reclaim,t
1827,CRCL/USDT,2026-10-06 10:00:00+00,2026-10-06 10:46:15.23508+00,bull,84.25083824,84.31790439,84.25,0.85,15m sweep of hour low then reclaim,t
1830,VVV/USDT,2026-10-06 10:00:00+00,2026-10-06 10:46:15.23508+00,bear,27.85408781,28.01236488,28.156,0.85,15m sweep of hour high then reject,t
1839,NFLX/USDT,2026-10-06 10:00:00+00,2026-10-06 10:46:15.23508+00,bear,67.84007295,67.86797082,67.87,0.85,15m sweep of hour high then reject,t
1809,SOXL/USDT,2026-10-06 10:00:00+00,2026-10-06 10:46:15.23508+00,bull,164.28227291,164.51931773,164.35,0.85,15m holding above hour open and EMA21,t
1818,LITE/USDT,2026-10-06 10:00:00+00,2026-10-06 10:46:15.23508+00,bull,1091.52828955,1092.23427612,1091.7,0.85,15m sweep of hour low then reclaim,t
1825,AAPL/USDT,2026-10-06 10:00:00+00,2026-10-06 10:46:15.23508+00,bear,333.2650231,333.34199076,333.41,0.85,15m sweep of hour high then reject,t
1834,DRAM/USDT,2026-10-06 10:00:00+00,2026-10-06 10:46:15.23508+00,bull,60.85068847,60.88327882,60.86,0.85,15m holding above hour open and EMA21,t
1816,BTW/USDT,2026-10-06 10:00:00+00,2026-10-06 10:46:15.23508+00,bear,1.18850974,1.1966161,1.2036,0.85,15m sweep of hour high then reject,t
1801,DELL/USDT,2026-10-06 10:00:00+00,2026-10-06 10:46:15.23508+00,bull,556.1813839,556.38654024,556.24,0.85,15m holding above hour open and EMA21,t
1810,EWY/USDT,2026-10-06 10:00:00+00,2026-10-06 10:46:15.23508+00,bull,189.12007528,189.2598118,188.96,0.85,15m sweep of hour low then reclaim,t
1819,ORCL/USDT,2026-10-06 10:00:00+00,2026-10-06 10:46:15.23508+00,bull,143.74373739,143.80065652,143.76,0.85,15m holding above hour open and EMA21,t
1828,AMD/USDT,2026-10-06 10:00:00+00,2026-10-06 10:46:15.23508+00,bull,638.69893131,639.22767173,638.85,0.85,15m holding above hour open and EMA21,t
1837,SAMSUNG/USDT,2026-10-06 10:00:00+00,2026-10-06 10:46:15.23508+00,bull,203.36425981,203.59435049,203.31,0.85,15m sweep of hour low then reclaim,t
1807,SKHY/USDT,2026-10-06 10:00:00+00,2026-10-06 10:46:15.23508+00,bear,189.80400819,190.15839672,190.26,0.85,15m sweep of hour high then reject,t
1833,MRVL/USDT,2026-10-06 10:00:00+00,2026-10-06 10:46:15.23508+00,bull,271.47121476,271.64196309,271.52,0.85,15m holding above hour open and EMA21,t
1824,SNXX/USDT,2026-10-06 10:00:00+00,2026-10-06 10:46:15.23508+00,bull,15.73445545,15.75386137,15.74,0.85,15m holding above hour open and EMA21,t
1802,SPCX/USDT,2026-10-06 10:00:00+00,2026-10-06 10:46:15.23508+00,bull,172.97122936,173.0719266,172.98,0.85,15m sweep of hour low then reclaim,t
1811,MSTR/USDT,2026-10-06 10:00:00+00,2026-10-06 10:46:15.23508+00,bull,165.56162242,165.73094395,165.56,0.85,15m sweep of hour low then reclaim,t
1820,RAYSOL/USDT,2026-10-06 10:00:00+00,2026-10-06 10:46:15.23508+00,bull,2.15075837,2.15510407,2.1489,0.85,15m sweep of hour low then reclaim,t
1829,SPX/USDT,2026-10-06 10:00:00+00,2026-10-06 10:46:15.23508+00,bull,0.43018988,0.4312753,0.4303,0.85,15m sweep of hour low then reclaim,t
1838,PLTR/USDT,2026-10-06 10:00:00+00,2026-10-06 10:46:15.23508+00,bull,190.58294807,190.64262982,190.59,0.85,15m sweep of hour low then reclaim,t
1815,GLW/USDT,2026-10-06 10:00:00+00,2026-10-06 10:46:15.23508+00,bull,160.23978765,160.34553089,160.27,0.85,15m holding above hour open and EMA21,t
1806,QQQ/USDT,2026-10-06 10:00:00+00,2026-10-06 10:46:15.23508+00,bull,758.22456049,758.38359878,758.26,0.85,15m sweep of hour low then reclaim,t
1835,AKT/USDT,2026-10-06 10:00:00+00,2026-10-06 10:46:15.23508+00,bull,0.74973571,0.75171072,0.7503,0.85,15m holding above hour open and EMA21,t
1826,NBIS/USDT,2026-10-06 10:00:00+00,2026-10-06 10:46:15.23508+00,bull,234.91175967,235.11560082,234.9,0.85,15m sweep of hour low then reclaim,t
1804,BE/USDT,2026-10-06 10:00:00+00,2026-10-06 10:46:15.23508+00,bull,289.58872576,289.7681856,289.64,0.85,15m holding above hour open and EMA21,t
1813,MINIMAX/USDT,2026-10-06 10:00:00+00,2026-10-06 10:46:15.23508+00,bear,31.7201167,31.77195332,31.77,0.85,mixed 15m structure — EMA side only,t
1822,AMZN/USDT,2026-10-06 10:00:00+00,2026-10-06 10:46:15.23508+00,bull,252.88255656,252.94360861,252.89,0.85,15m sweep of hour low then reclaim,t
1831,COHR/USDT,2026-10-06 10:00:00+00,2026-10-06 10:46:15.23508+00,bull,334.6102719,334.85432025,334.57,0.85,15m sweep of hour low then reclaim,t
1840,1000BONK/USDT,2026-10-06 10:00:00+00,2026-10-06 10:46:15.23508+00,bull,0.00375861,0.00376697,0.003757,0.85,15m sweep of hour low then reclaim,t
1803,CBRS/USDT,2026-10-06 10:00:00+00,2026-10-06 10:46:15.23508+00,bull,182.8156646,182.93583851,182.83,0.85,15m sweep of hour low then reclaim,t
1812,ZHIPU/USDT,2026-10-06 10:00:00+00,2026-10-06 10:46:15.23508+00,bull,90.67119891,90.80700273,90.71,0.85,15m holding above hour open and EMA21,t
1817,INTC/USDT,2026-10-06 10:00:00+00,2026-10-06 10:46:15.23508+00,bull,116.57717627,116.65705934,116.6,0.85,15m holding above hour open and EMA21,t
1821,MVLL/USDT,2026-10-06 10:00:00+00,2026-10-06 10:46:15.23508+00,bull,37.6070151,37.65246225,37.62,0.85,15m holding above hour open and EMA21,t
1805,ARM/USDT,2026-10-06 10:00:00+00,2026-10-06 10:46:15.23508+00,bull,304.44625034,304.73937415,304.35,0.85,15m sweep of hour low then reclaim,t
1814,BMNR/USDT,2026-10-06 10:00:00+00,2026-10-06 10:46:15.23508+00,bull,26.95361994,26.97595014,26.96,0.85,15m holding above hour open and EMA21,t
1863,TSM/USDT,2026-10-06 11:00:00+00,2026-10-06 11:01:16.513693+00,bull,484.91724574,485.55688565,485.1,0.85,15m holding above hour open and EMA21,t
1858,LITE/USDT,2026-10-06 11:00:00+00,2026-10-06 11:01:16.513693+00,bull,1093.24426827,1096.76932932,1094.08,0.85,mixed 15m structure — EMA side only,t
1867,CRCL/USDT,2026-10-06 11:00:00+00,2026-10-06 11:01:16.513693+00,bull,84.39807544,84.70481141,84.47,0.85,mixed 15m structure — EMA side only,t
1876,META/USDT,2026-10-06 11:00:00+00,2026-10-06 11:01:16.513693+00,bear,744.60781382,745.66287447,745.93,0.85,15m sweep of hour high then reject,t
1873,MRVL/USDT,2026-10-06 11:00:00+00,2026-10-06 11:01:16.513693+00,bull,272.10301995,272.89745014,272.05,0.85,15m sweep of hour low then reclaim,t
1864,SNXX/USDT,2026-10-06 11:00:00+00,2026-10-06 11:01:16.513693+00,bull,15.80611129,15.90972177,15.83,0.85,mixed 15m structure — EMA side only,t
1862,AMZN/USDT,2026-10-06 11:00:00+00,2026-10-06 11:01:16.513693+00,bull,253.04553013,253.30617468,253.04,0.85,15m sweep of hour low then reclaim,t
1871,COHR/USDT,2026-10-06 11:00:00+00,2026-10-06 11:01:16.513693+00,bear,334.43761837,335.46295265,335.23,0.85,15m sweep of hour high then reject,t
1880,1000BONK/USDT,2026-10-06 11:00:00+00,2026-10-06 11:01:16.513693+00,bull,0.00378037,0.00381508,0.003788,0.85,mixed 15m structure — EMA side only,t
1841,DELL/USDT,2026-10-06 11:00:00+00,2026-10-06 11:01:16.513693+00,bull,557.31468776,558.2082806,557.53,0.85,15m sweep of hour low then reclaim,t
1842,SPCX/USDT,2026-10-06 11:00:00+00,2026-10-06 11:01:16.513693+00,bear,172.80196427,173.26121429,173.13,0.85,15m holding below hour open and EMA21,t
1843,CBRS/USDT,2026-10-06 11:00:00+00,2026-10-06 11:01:16.513693+00,bull,183.04737455,183.83156362,183.17,0.85,mixed 15m structure — EMA side only,t
1844,BE/USDT,2026-10-06 11:00:00+00,2026-10-06 11:01:16.513693+00,bull,290.36912363,291.32719093,290.58,0.85,mixed 15m structure — EMA side only,t
1845,ARM/USDT,2026-10-06 11:00:00+00,2026-10-06 11:01:16.513693+00,bull,305.02998583,306.28503542,305.36,0.8,mixed 15m structure — EMA side only,t
1846,QQQ/USDT,2026-10-06 11:00:00+00,2026-10-06 11:01:16.513693+00,bull,759.10341741,759.77645647,759.29,0.85,mixed 15m structure — EMA side only,t
1847,SKHY/USDT,2026-10-06 11:00:00+00,2026-10-06 11:01:16.513693+00,bear,189.599705,190.160118,190.16,0.85,15m sweep of hour high then reject,t
1848,AXTI/USDT,2026-10-06 11:00:00+00,2026-10-06 11:01:16.513693+00,bull,87.17533044,87.52167391,87.26,0.85,mixed 15m structure — EMA side only,t
1849,SOXL/USDT,2026-10-06 11:00:00+00,2026-10-06 11:01:16.513693+00,bull,165.31254783,166.28363042,165.54,0.85,15m holding above hour open and EMA21,t
1853,MINIMAX/USDT,2026-10-06 11:00:00+00,2026-10-06 11:01:16.513693+00,bear,31.58849325,31.7586027,31.71,0.8,mixed 15m structure — EMA side only,t
1854,BMNR/USDT,2026-10-06 11:00:00+00,2026-10-06 11:01:16.513693+00,bull,26.98430267,27.08424334,27.01,0.85,mixed 15m structure — EMA side only,t
1855,GLW/USDT,2026-10-06 11:00:00+00,2026-10-06 11:01:16.513693+00,bull,160.58300533,161.10748669,160.68,0.85,mixed 15m structure — EMA side only,t
1850,EWY/USDT,2026-10-06 11:00:00+00,2026-10-06 11:01:16.513693+00,bull,189.44974636,190.0406341,189.61,0.85,mixed 15m structure — EMA side only,t
1859,ORCL/USDT,2026-10-06 11:00:00+00,2026-10-06 11:01:16.513693+00,bull,143.971612,144.26096999,144.04,0.85,mixed 15m structure — EMA side only,t
1868,AMD/USDT,2026-10-06 11:00:00+00,2026-10-06 11:01:16.513693+00,bull,640.83646051,643.19384873,641.11,0.85,15m sweep of hour low then reclaim,t
1877,SAMSUNG/USDT,2026-10-06 11:00:00+00,2026-10-06 11:01:16.513693+00,bull,203.51922737,204.60693158,203.76,0.85,mixed 15m structure — EMA side only,t
1851,MSTR/USDT,2026-10-06 11:00:00+00,2026-10-06 11:01:16.513693+00,bull,165.95666808,166.64332981,166.09,0.85,mixed 15m structure — EMA side only,t
1860,RAYSOL/USDT,2026-10-06 11:00:00+00,2026-10-06 11:01:16.513693+00,bull,2.17459282,2.19516796,2.1792,0.85,mixed 15m structure — EMA side only,t
1869,SPX/USDT,2026-10-06 11:00:00+00,2026-10-06 11:01:16.513693+00,bull,0.43331702,0.43800746,0.4343,0.8,mixed 15m structure — EMA side only,t
1878,PLTR/USDT,2026-10-06 11:00:00+00,2026-10-06 11:01:16.513693+00,bull,190.58742748,190.8414313,190.62,0.85,15m sweep of hour low then reclaim,t
1872,COLLECT/USDT,2026-10-06 11:00:00+00,2026-10-06 11:01:16.513693+00,bull,0.02189642,0.02218895,0.02196,0.85,15m holding above hour open and EMA21,t
1852,ZHIPU/USDT,2026-10-06 11:00:00+00,2026-10-06 11:01:16.513693+00,bear,90.27853233,90.82658707,90.68,0.85,15m holding below hour open and EMA21,t
1861,MVLL/USDT,2026-10-06 11:00:00+00,2026-10-06 11:01:16.513693+00,bull,37.71516902,37.98707746,37.76,0.85,mixed 15m structure — EMA side only,t
1870,VVV/USDT,2026-10-06 11:00:00+00,2026-10-06 11:01:16.513693+00,bear,27.68944912,27.98282035,27.909,0.85,15m holding below hour open and EMA21,t
1879,NFLX/USDT,2026-10-06 11:00:00+00,2026-10-06 11:01:16.513693+00,bear,67.64832372,67.77667051,67.76,0.85,15m sweep of hour high then reject,t
1856,BTW/USDT,2026-10-06 11:00:00+00,2026-10-06 11:01:16.513693+00,bear,1.1530798,1.18698808,1.1802,0.85,15m sweep of hour high then reject,t
1865,AAPL/USDT,2026-10-06 11:00:00+00,2026-10-06 11:01:16.513693+00,bear,332.69016317,333.21993473,333.18,0.85,15m sweep of hour high then reject,t
1874,DRAM/USDT,2026-10-06 11:00:00+00,2026-10-06 11:01:16.513693+00,bull,60.93917866,61.15205334,60.98,0.85,mixed 15m structure — EMA side only,t
1857,INTC/USDT,2026-10-06 11:00:00+00,2026-10-06 11:01:16.513693+00,bull,116.87593658,117.22515856,116.94,0.85,mixed 15m structure — EMA side only,t
1866,NBIS/USDT,2026-10-06 11:00:00+00,2026-10-06 11:01:16.513693+00,bull,235.0787149,236.58821275,235.32,0.85,mixed 15m structure — EMA side only,t
1875,AKT/USDT,2026-10-06 11:00:00+00,2026-10-06 11:01:16.513693+00,bull,0.75489318,0.76296704,0.757,0.85,15m holding above hour open and EMA21,t
1889,SOXL/USDT,2026-10-06 11:00:00+00,2026-10-06 11:16:21.904744+00,bull,165.35319558,166.18201106,165.54,0.85,15m sweep of hour low then reclaim,t
1913,MRVL/USDT,2026-10-06 11:00:00+00,2026-10-06 11:16:21.904744+00,bull,272.20670566,272.81323585,272.05,0.85,15m sweep of hour low then reclaim,t
1904,SNXX/USDT,2026-10-06 11:00:00+00,2026-10-06 11:16:21.904744+00,bull,15.83182293,15.89544268,15.83,0.85,15m sweep of hour low then reclaim,t
1894,BMNR/USDT,2026-10-06 11:00:00+00,2026-10-06 11:16:21.904744+00,bull,27.00138761,27.06653098,27.01,0.85,15m sweep of hour low then reclaim,t
1902,AMZN/USDT,2026-10-06 11:00:00+00,2026-10-06 11:16:21.904744+00,bull,253.05753483,253.27616293,253.04,0.85,15m sweep of hour low then reclaim,t
1884,BE/USDT,2026-10-06 11:00:00+00,2026-10-06 11:16:21.904744+00,bull,290.60330653,291.29173367,290.58,0.85,15m sweep of hour low then reclaim,t
1896,BTW/USDT,2026-10-06 11:00:00+00,2026-10-06 11:16:21.904744+00,bear,1.16020761,1.18413696,1.1802,0.85,15m holding below hour open and EMA21,t
1905,AAPL/USDT,2026-10-06 11:00:00+00,2026-10-06 11:16:21.904744+00,bull,332.86316914,333.13207716,332.94,0.85,15m holding above hour open and EMA21,t
1914,DRAM/USDT,2026-10-06 11:00:00+00,2026-10-06 11:16:21.904744+00,bull,61.01710099,61.13224751,60.98,0.85,15m sweep of hour low then reclaim,t
1886,QQQ/USDT,2026-10-06 11:00:00+00,2026-10-06 11:16:21.904744+00,bull,759.13693935,759.74265161,759.29,0.85,15m sweep of hour low then reclaim,t
1903,TSM/USDT,2026-10-06 11:00:00+00,2026-10-06 11:16:21.904744+00,bull,484.94511616,485.4872096,485.1,0.85,15m holding above hour open and EMA21,t
1920,1000BONK/USDT,2026-10-06 11:00:00+00,2026-10-06 11:16:21.904744+00,bull,0.00378311,0.00380822,0.003783,0.85,15m sweep of hour low then reclaim,t
1911,COHR/USDT,2026-10-06 11:00:00+00,2026-10-06 11:16:21.904744+00,bull,334.87670349,335.72824128,334.68,0.85,15m sweep of hour low then reclaim,t
1895,GLW/USDT,2026-10-06 11:00:00+00,2026-10-06 11:16:21.904744+00,bull,160.6914341,161.03641475,160.68,0.85,15m sweep of hour low then reclaim,t
1881,DELL/USDT,2026-10-06 11:00:00+00,2026-10-06 11:16:21.904744+00,bull,557.34090068,558.14274831,557.53,0.85,15m sweep of hour low then reclaim,t
1888,AXTI/USDT,2026-10-06 11:00:00+00,2026-10-06 11:16:21.904744+00,bull,87.24265065,87.47837338,87.26,0.85,15m sweep of hour low then reclaim,t
1893,MINIMAX/USDT,2026-10-06 11:00:00+00,2026-10-06 11:16:21.904744+00,bear,31.6231335,31.7747466,31.75,0.8,mixed 15m structure — EMA side only,t
1900,RAYSOL/USDT,2026-10-06 11:00:00+00,2026-10-06 11:16:21.904744+00,bull,2.17863995,2.19180012,2.1792,0.85,15m sweep of hour low then reclaim,t
1909,SPX/USDT,2026-10-06 11:00:00+00,2026-10-06 11:16:21.904744+00,bull,0.43387886,0.43710286,0.434,0.85,15m sweep of hour low then reclaim,t
1912,COLLECT/USDT,2026-10-06 11:00:00+00,2026-10-06 11:16:21.904744+00,bull,0.02188804,0.02213491,0.02184,0.85,15m sweep of hour low then reclaim,t
1891,MSTR/USDT,2026-10-06 11:00:00+00,2026-10-06 11:16:21.904744+00,bull,166.01876453,166.51308868,166.09,0.85,15m sweep of hour low then reclaim,t
1915,AKT/USDT,2026-10-06 11:00:00+00,2026-10-06 11:16:21.904744+00,bull,0.75553717,0.76135707,0.757,0.85,15m sweep of hour low then reclaim,t
1906,NBIS/USDT,2026-10-06 11:00:00+00,2026-10-06 11:16:21.904744+00,bull,235.52555802,236.44610496,235.32,0.85,15m sweep of hour low then reclaim,t
1885,ARM/USDT,2026-10-06 11:00:00+00,2026-10-06 11:16:21.904744+00,bull,305.11586493,306.14533768,305.36,0.85,15m sweep of hour low then reclaim,t
1918,PLTR/USDT,2026-10-06 11:00:00+00,2026-10-06 11:16:21.904744+00,bull,190.59285635,190.82785913,190.62,0.85,15m sweep of hour low then reclaim,t
1919,NFLX/USDT,2026-10-06 11:00:00+00,2026-10-06 11:16:21.904744+00,bear,67.66425759,67.83029696,67.81,0.85,mixed 15m structure — EMA side only,t
1901,MVLL/USDT,2026-10-06 11:00:00+00,2026-10-06 11:16:21.904744+00,bull,37.80195178,37.97012055,37.76,0.85,15m sweep of hour low then reclaim,t
1882,SPCX/USDT,2026-10-06 11:00:00+00,2026-10-06 11:16:21.904744+00,bull,172.96096347,173.37759133,172.85,0.85,15m sweep of hour low then reclaim,t
1892,ZHIPU/USDT,2026-10-06 11:00:00+00,2026-10-06 11:16:21.904744+00,bull,90.55502726,90.95743185,90.65,0.85,15m sweep of hour low then reclaim,t
1898,LITE/USDT,2026-10-06 11:00:00+00,2026-10-06 11:16:21.904744+00,bull,1093.99040179,1096.40399553,1094.08,0.85,15m sweep of hour low then reclaim,t
1907,CRCL/USDT,2026-10-06 11:00:00+00,2026-10-06 11:16:21.904744+00,bull,84.28673059,84.65817352,84.24,0.85,15m sweep of hour low then reclaim,t
1916,META/USDT,2026-10-06 11:00:00+00,2026-10-06 11:16:21.904744+00,bull,745.07025703,745.83935742,745.29,0.85,15m holding above hour open and EMA21,t
1910,VVV/USDT,2026-10-06 11:00:00+00,2026-10-06 11:16:21.904744+00,bear,27.74714586,28.01774166,27.971,0.85,mixed 15m structure — EMA side only,t
1883,CBRS/USDT,2026-10-06 11:00:00+00,2026-10-06 11:16:21.904744+00,bull,183.11259542,183.74351145,183.07,0.85,15m sweep of hour low then reclaim,t
1890,EWY/USDT,2026-10-06 11:00:00+00,2026-10-06 11:16:21.904744+00,bull,189.52167104,189.9358224,189.61,0.85,15m sweep of hour low then reclaim,t
1897,INTC/USDT,2026-10-06 11:00:00+00,2026-10-06 11:16:21.904744+00,bull,116.91614546,117.17463636,116.94,0.85,15m sweep of hour low then reclaim,t
1887,SKHY/USDT,2026-10-06 11:00:00+00,2026-10-06 11:16:21.904744+00,bull,189.87795164,190.30512091,189.89,0.85,15m sweep of hour low then reclaim,t
1899,ORCL/USDT,2026-10-06 11:00:00+00,2026-10-06 11:16:21.904744+00,bull,143.9301903,144.21452425,143.98,0.85,mixed 15m structure — EMA side only,t
1908,AMD/USDT,2026-10-06 11:00:00+00,2026-10-06 11:16:21.904744+00,bull,641.07185869,642.95535328,641.11,0.85,15m sweep of hour low then reclaim,t
1917,SAMSUNG/USDT,2026-10-06 11:00:00+00,2026-10-06 11:16:21.904744+00,bull,203.73159635,204.42600911,203.76,0.85,15m sweep of hour low then reclaim,t
1935,GLW/USDT,2026-10-06 11:00:00+00,2026-10-06 11:31:22.636531+00,bull,160.72249544,160.95876141,160.68,0.85,15m sweep of hour low then reclaim,t
1921,DELL/USDT,2026-10-06 11:00:00+00,2026-10-06 11:31:22.636531+00,bull,557.42153014,557.94117464,557.53,0.85,15m sweep of hour low then reclaim,t
1922,SPCX/USDT,2026-10-06 11:00:00+00,2026-10-06 11:31:22.636531+00,bull,173.06400264,173.29499339,172.85,0.85,15m sweep of hour low then reclaim,t
1923,CBRS/USDT,2026-10-06 11:00:00+00,2026-10-06 11:31:22.636531+00,bear,183.23715528,183.53513789,183.67,0.85,15m sweep of hour high then reject,t
1924,BE/USDT,2026-10-06 11:00:00+00,2026-10-06 11:31:22.636531+00,bull,290.67387628,291.1153093,290.58,0.85,15m sweep of hour low then reclaim,t
1925,ARM/USDT,2026-10-06 11:00:00+00,2026-10-06 11:31:22.636531+00,bull,305.20916075,305.91209812,305.36,0.85,15m sweep of hour low then reclaim,t
1926,QQQ/USDT,2026-10-06 11:00:00+00,2026-10-06 11:31:22.636531+00,bull,759.19169749,759.60575626,759.29,0.85,15m sweep of hour low then reclaim,t
1927,SKHY/USDT,2026-10-06 11:00:00+00,2026-10-06 11:31:22.636531+00,bull,189.91219958,190.21950106,189.89,0.85,15m sweep of hour low then reclaim,t
1928,AXTI/USDT,2026-10-06 11:00:00+00,2026-10-06 11:31:22.636531+00,bull,87.25836894,87.43907765,87.26,0.85,15m sweep of hour low then reclaim,t
1929,SOXL/USDT,2026-10-06 11:00:00+00,2026-10-06 11:31:22.636531+00,bull,165.42712024,165.99719941,165.54,0.85,15m sweep of hour low then reclaim,t
1932,ZHIPU/USDT,2026-10-06 11:00:00+00,2026-10-06 11:31:22.636531+00,bull,90.5989171,90.84770726,90.65,0.85,15m sweep of hour low then reclaim,t
1933,MINIMAX/USDT,2026-10-06 11:00:00+00,2026-10-06 11:31:22.636531+00,bear,31.65593896,31.76162442,31.75,0.8,mixed 15m structure — EMA side only,t
1930,EWY/USDT,2026-10-06 11:00:00+00,2026-10-06 11:31:22.636531+00,bull,189.56147733,189.83630668,189.61,0.85,15m sweep of hour low then reclaim,t
1939,ORCL/USDT,2026-10-06 11:00:00+00,2026-10-06 11:31:22.636531+00,bull,144.05305296,144.1823676,143.98,0.85,15m sweep of hour low then reclaim,t
1948,AMD/USDT,2026-10-06 11:00:00+00,2026-10-06 11:31:22.636531+00,bull,641.26772481,642.46568796,641.11,0.85,15m sweep of hour low then reclaim,t
1957,SAMSUNG/USDT,2026-10-06 11:00:00+00,2026-10-06 11:31:22.636531+00,bull,203.79726439,204.26183902,203.76,0.85,15m sweep of hour low then reclaim,t
1931,MSTR/USDT,2026-10-06 11:00:00+00,2026-10-06 11:31:22.636531+00,bull,165.78314968,166.40212581,165.78,0.85,15m sweep of hour low then reclaim,t
1940,RAYSOL/USDT,2026-10-06 11:00:00+00,2026-10-06 11:31:22.636531+00,bull,2.17981695,2.18885762,2.1792,0.85,15m sweep of hour low then reclaim,t
1949,SPX/USDT,2026-10-06 11:00:00+00,2026-10-06 11:31:22.636531+00,bull,0.43422368,0.4362408,0.434,0.85,15m sweep of hour low then reclaim,t
1958,PLTR/USDT,2026-10-06 11:00:00+00,2026-10-06 11:31:22.636531+00,bull,190.6165734,190.76856649,190.62,0.85,15m sweep of hour low then reclaim,t
1934,BMNR/USDT,2026-10-06 11:00:00+00,2026-10-06 11:31:22.636531+00,bull,26.97753183,27.05117042,26.97,0.85,15m sweep of hour low then reclaim,t
1943,TSM/USDT,2026-10-06 11:00:00+00,2026-10-06 11:31:22.636531+00,bull,485.00000289,485.34999278,485.1,0.85,15m holding above hour open and EMA21,t
1952,COLLECT/USDT,2026-10-06 11:00:00+00,2026-10-06 11:31:22.636531+00,bull,0.0218801,0.02207974,0.02184,0.85,15m sweep of hour low then reclaim,t
1944,SNXX/USDT,2026-10-06 11:00:00+00,2026-10-06 11:31:22.636531+00,bull,15.83564397,15.88589008,15.83,0.85,15m sweep of hour low then reclaim,t
1953,MRVL/USDT,2026-10-06 11:00:00+00,2026-10-06 11:31:22.636531+00,bull,272.26299066,272.67252335,272.05,0.85,15m sweep of hour low then reclaim,t
1936,BTW/USDT,2026-10-06 11:00:00+00,2026-10-06 11:31:22.636531+00,bear,1.16668664,1.18154534,1.1802,0.85,15m sweep of hour high then reject,t
1945,AAPL/USDT,2026-10-06 11:00:00+00,2026-10-06 11:31:22.636531+00,bear,332.81077724,333.20168911,333.4,0.85,15m sweep of hour high then reject,t
1954,DRAM/USDT,2026-10-06 11:00:00+00,2026-10-06 11:31:22.636531+00,bull,61.02537729,61.11155678,60.98,0.85,15m sweep of hour low then reclaim,t
1937,INTC/USDT,2026-10-06 11:00:00+00,2026-10-06 11:31:22.636531+00,bull,116.93618292,117.1245427,116.94,0.85,15m sweep of hour low then reclaim,t
1946,NBIS/USDT,2026-10-06 11:00:00+00,2026-10-06 11:31:22.636531+00,bull,235.46776755,236.26558112,235.32,0.85,15m sweep of hour low then reclaim,t
1955,AKT/USDT,2026-10-06 11:00:00+00,2026-10-06 11:31:22.636531+00,bull,0.75613745,0.75985638,0.757,0.85,15m holding above hour open and EMA21,t
1938,LITE/USDT,2026-10-06 11:00:00+00,2026-10-06 11:31:22.636531+00,bull,1094.15006313,1096.00484218,1094.08,0.85,15m sweep of hour low then reclaim,t
1947,CRCL/USDT,2026-10-06 11:00:00+00,2026-10-06 11:31:22.636531+00,bull,84.06625163,84.60937091,84.07,0.85,mixed 15m structure — EMA side only,t
1956,META/USDT,2026-10-06 11:00:00+00,2026-10-06 11:31:22.636531+00,bear,744.92057422,745.60777031,746.52,0.85,15m sweep of hour high then reject,t
1941,MVLL/USDT,2026-10-06 11:00:00+00,2026-10-06 11:31:22.636531+00,bull,37.81808053,37.92979867,37.76,0.85,15m sweep of hour low then reclaim,t
1950,VVV/USDT,2026-10-06 11:00:00+00,2026-10-06 11:31:22.636531+00,bear,27.79977996,27.93868802,27.971,0.85,15m sweep of hour high then reject,t
1959,NFLX/USDT,2026-10-06 11:00:00+00,2026-10-06 11:31:22.636531+00,bull,67.72073977,67.78815058,67.63,0.85,15m sweep of hour low then reclaim,t
1942,AMZN/USDT,2026-10-06 11:00:00+00,2026-10-06 11:31:22.636531+00,bull,253.08033431,253.21916422,253.04,0.85,15m sweep of hour low then reclaim,t
1951,COHR/USDT,2026-10-06 11:00:00+00,2026-10-06 11:31:22.636531+00,bull,334.99222868,335.61442829,334.68,0.85,15m sweep of hour low then reclaim,t
1960,1000BONK/USDT,2026-10-06 11:00:00+00,2026-10-06 11:31:22.636531+00,bull,0.00377862,0.00380194,0.003781,0.8,mixed 15m structure — EMA side only,t
1981,MVLL/USDT,2026-10-06 11:00:00+00,2026-10-06 11:46:21.826498+00,bull,37.83525794,37.88685515,37.76,0.85,15m sweep of hour low then reclaim,t
1969,SOXL/USDT,2026-10-06 11:00:00+00,2026-10-06 11:46:21.826498+00,bull,165.5142116,165.779471,165.54,0.85,15m sweep of hour low then reclaim,t
1976,BTW/USDT,2026-10-06 11:00:00+00,2026-10-06 11:46:21.826498+00,bear,1.17247079,1.17923169,1.1802,0.85,15m sweep of hour high then reject,t
1993,MRVL/USDT,2026-10-06 11:00:00+00,2026-10-06 11:46:21.826498+00,bull,272.32442754,272.51893116,272.05,0.85,15m sweep of hour low then reclaim,t
2000,1000BONK/USDT,2026-10-06 11:00:00+00,2026-10-06 11:46:21.826498+00,bull,0.00378697,0.00379608,0.003781,0.85,15m sweep of hour low then reclaim,t
1985,AAPL/USDT,2026-10-06 11:00:00+00,2026-10-06 11:46:21.826498+00,bull,332.91414236,333.00464411,332.94,0.85,15m holding above hour open and EMA21,t
1989,SPX/USDT,2026-10-06 11:00:00+00,2026-10-06 11:46:21.826498+00,bull,0.43453558,0.43546104,0.434,0.85,15m sweep of hour low then reclaim,t
1961,DELL/USDT,2026-10-06 11:00:00+00,2026-10-06 11:46:21.826498+00,bull,557.49937121,557.74657197,557.53,0.85,15m sweep of hour low then reclaim,t
1982,AMZN/USDT,2026-10-06 11:00:00+00,2026-10-06 11:46:21.826498+00,bull,253.1015255,253.16618626,253.04,0.85,15m sweep of hour low then reclaim,t
1967,SKHY/USDT,2026-10-06 11:00:00+00,2026-10-06 11:46:21.826498+00,bull,189.95916786,190.10208036,189.89,0.85,15m sweep of hour low then reclaim,t
1965,ARM/USDT,2026-10-06 11:00:00+00,2026-10-06 11:46:21.826498+00,bull,305.31762861,305.64092847,305.36,0.85,15m sweep of hour low then reclaim,t
1977,INTC/USDT,2026-10-06 11:00:00+00,2026-10-06 11:46:21.826498+00,bull,116.9645751,117.05356225,116.94,0.85,15m sweep of hour low then reclaim,t
1994,DRAM/USDT,2026-10-06 11:00:00+00,2026-10-06 11:46:21.826498+00,bull,61.03844223,61.07889442,60.98,0.85,15m sweep of hour low then reclaim,t
1998,PLTR/USDT,2026-10-06 11:00:00+00,2026-10-06 11:46:21.826498+00,bull,190.63862624,190.7134344,190.62,0.85,15m sweep of hour low then reclaim,t
1979,ORCL/USDT,2026-10-06 11:00:00+00,2026-10-06 11:46:21.826498+00,bull,144.0727442,144.1331395,143.98,0.85,15m sweep of hour low then reclaim,t
1962,SPCX/USDT,2026-10-06 11:00:00+00,2026-10-06 11:46:21.826498+00,bear,173.03718744,173.16712502,173.36,0.85,15m sweep of hour high then reject,t
1971,MSTR/USDT,2026-10-06 11:00:00+00,2026-10-06 11:46:21.826498+00,bull,166.111991,166.28002249,165.78,0.85,15m sweep of hour low then reclaim,t
1974,BMNR/USDT,2026-10-06 11:00:00+00,2026-10-06 11:46:21.826498+00,bull,26.99406415,27.03483961,26.97,0.85,15m sweep of hour low then reclaim,t
1991,COHR/USDT,2026-10-06 11:00:00+00,2026-10-06 11:46:21.826498+00,bull,335.08883608,335.37290981,334.68,0.85,15m sweep of hour low then reclaim,t
1968,AXTI/USDT,2026-10-06 11:00:00+00,2026-10-06 11:46:21.826498+00,bull,87.28538171,87.37154573,87.26,0.85,15m sweep of hour low then reclaim,t
1975,GLW/USDT,2026-10-06 11:00:00+00,2026-10-06 11:46:21.826498+00,bull,160.75731267,160.87171833,160.68,0.85,15m sweep of hour low then reclaim,t
1992,COLLECT/USDT,2026-10-06 11:00:00+00,2026-10-06 11:46:21.826498+00,bull,0.02181133,0.02202666,0.02183,0.85,mixed 15m structure — EMA side only,t
1983,TSM/USDT,2026-10-06 11:00:00+00,2026-10-06 11:46:21.826498+00,bull,485.05413371,485.21466573,485.1,0.85,15m holding above hour open and EMA21,t
1987,CRCL/USDT,2026-10-06 11:00:00+00,2026-10-06 11:46:21.826498+00,bull,84.28856866,84.55357834,84.07,0.85,15m sweep of hour low then reclaim,t
1996,META/USDT,2026-10-06 11:00:00+00,2026-10-06 11:46:21.826498+00,bear,745.11442867,745.92022853,746.52,0.85,15m sweep of hour high then reject,t
1990,VVV/USDT,2026-10-06 11:00:00+00,2026-10-06 11:46:21.826498+00,bear,27.85313538,27.94234585,27.971,0.85,15m sweep of hour high then reject,t
1973,MINIMAX/USDT,2026-10-06 11:00:00+00,2026-10-06 11:46:21.826498+00,bear,31.68511574,31.7299537,31.75,0.85,15m sweep of hour high then reject,t
1963,CBRS/USDT,2026-10-06 11:00:00+00,2026-10-06 11:46:21.826498+00,bear,183.35198685,183.48920526,183.67,0.85,15m sweep of hour high then reject,t
1966,QQQ/USDT,2026-10-06 11:00:00+00,2026-10-06 11:46:21.826498+00,bull,759.25540784,759.44648039,759.29,0.85,15m sweep of hour low then reclaim,t
1978,LITE/USDT,2026-10-06 11:00:00+00,2026-10-06 11:46:21.826498+00,bull,1094.43394876,1095.2951281,1094.08,0.85,15m sweep of hour low then reclaim,t
1986,NBIS/USDT,2026-10-06 11:00:00+00,2026-10-06 11:46:21.826498+00,bull,235.73338614,236.10153464,235.32,0.85,15m sweep of hour low then reclaim,t
1995,AKT/USDT,2026-10-06 11:00:00+00,2026-10-06 11:46:21.826498+00,bull,0.75668382,0.75849046,0.757,0.85,15m sweep of hour low then reclaim,t
1980,RAYSOL/USDT,2026-10-06 11:00:00+00,2026-10-06 11:46:21.826498+00,bull,2.18117881,2.18545296,2.1792,0.85,15m sweep of hour low then reclaim,t
1984,SNXX/USDT,2026-10-06 11:00:00+00,2026-10-06 11:46:21.826498+00,bull,15.84321787,15.86695532,15.83,0.85,15m sweep of hour low then reclaim,t
1999,NFLX/USDT,2026-10-06 11:00:00+00,2026-10-06 11:46:21.826498+00,bull,67.7313661,67.76158474,67.63,0.85,15m sweep of hour low then reclaim,t
1988,AMD/USDT,2026-10-06 11:00:00+00,2026-10-06 11:46:21.826498+00,bull,641.45413963,641.99965093,641.11,0.85,15m sweep of hour low then reclaim,t
1997,SAMSUNG/USDT,2026-10-06 11:00:00+00,2026-10-06 11:46:21.826498+00,bull,203.86841783,204.08395542,203.76,0.85,15m sweep of hour low then reclaim,t
1970,EWY/USDT,2026-10-06 11:00:00+00,2026-10-06 11:46:21.826498+00,bull,189.60298018,189.73254954,189.61,0.85,15m sweep of hour low then reclaim,t
1964,BE/USDT,2026-10-06 11:00:00+00,2026-10-06 11:46:21.826498+00,bull,290.74051511,290.94871221,290.58,0.85,15m sweep of hour low then reclaim,t
1972,ZHIPU/USDT,2026-10-06 11:00:00+00,2026-10-06 11:46:21.826498+00,bull,90.63752858,90.75117854,90.65,0.85,15m sweep of hour low then reclaim,t
2013,ZHIPU/USDT,2026-10-06 12:00:00+00,2026-10-06 12:01:23.990253+00,bear,90.4086304,90.87254784,90.76,0.85,15m holding below hour open and EMA21,t
2035,SAMSUNG/USDT,2026-10-06 12:00:00+00,2026-10-06 12:01:23.990253+00,bull,204.57440311,205.59899222,204.81,0.85,mixed 15m structure — EMA side only,t
2026,SNXX/USDT,2026-10-06 12:00:00+00,2026-10-06 12:01:23.990253+00,bull,16.02980735,16.13548164,16.05,0.85,15m holding above hour open and EMA21,t
2017,ORCL/USDT,2026-10-06 12:00:00+00,2026-10-06 12:01:23.990253+00,bull,144.28882109,144.58794726,144.32,0.85,15m sweep of hour low then reclaim,t
2034,BR/USDT,2026-10-06 12:00:00+00,2026-10-06 12:01:23.990253+00,bear,0.45666919,0.51964233,0.50263,0.85,15m holding below hour open and EMA21,t
2025,AAPL/USDT,2026-10-06 12:00:00+00,2026-10-06 12:01:23.990253+00,bear,332.95876853,333.35849259,333.31,0.85,15m sweep of hour high then reject,t
2016,EWY/USDT,2026-10-06 12:00:00+00,2026-10-06 12:01:23.990253+00,bull,190.16673115,190.74317211,190.28,0.85,mixed 15m structure — EMA side only,t
2033,AKT/USDT,2026-10-06 12:00:00+00,2026-10-06 12:01:23.990253+00,bull,0.75520472,0.7628882,0.7574,0.85,15m holding above hour open and EMA21,t
2024,TSM/USDT,2026-10-06 12:00:00+00,2026-10-06 12:01:23.990253+00,bull,486.02699922,486.70250194,486.2,0.85,15m holding above hour open and EMA21,t
2015,MINIMAX/USDT,2026-10-06 12:00:00+00,2026-10-06 12:01:23.990253+00,bear,31.62079509,31.76968196,31.73,0.85,mixed 15m structure — EMA side only,t
2032,DRAM/USDT,2026-10-06 12:00:00+00,2026-10-06 12:01:23.990253+00,bull,61.21111901,61.39220249,61.25,0.85,mixed 15m structure — EMA side only,t
2023,NBIS/USDT,2026-10-06 12:00:00+00,2026-10-06 12:01:23.990253+00,bull,235.97471449,236.86321378,236.19,0.85,mixed 15m structure — EMA side only,t
2014,BTW/USDT,2026-10-06 12:00:00+00,2026-10-06 12:01:23.990253+00,bear,1.15348066,1.18574774,1.1779,0.85,mixed 15m structure — EMA side only,t
2040,NVDA/USDT,2026-10-06 12:00:00+00,2026-10-06 12:01:23.990253+00,bull,241.33990067,241.93024831,241.43,0.85,mixed 15m structure — EMA side only,t
2031,AMD/USDT,2026-10-06 12:00:00+00,2026-10-06 12:01:23.990253+00,bull,641.22798654,643.58003364,641.75,0.85,15m holding above hour open and EMA21,t
2022,CRCL/USDT,2026-10-06 12:00:00+00,2026-10-06 12:01:23.990253+00,bull,84.19211588,84.49971031,84.27,0.85,15m sweep of hour low then reclaim,t
2006,GLW/USDT,2026-10-06 12:00:00+00,2026-10-06 12:01:23.990253+00,bull,161.08185913,161.56535218,161.17,0.85,15m sweep of hour low then reclaim,t
2039,MAGMA/USDT,2026-10-06 12:00:00+00,2026-10-06 12:01:23.990253+00,bull,0.23115705,0.23732737,0.23276,0.85,mixed 15m structure — EMA side only,t
2030,COLLECT/USDT,2026-10-06 12:00:00+00,2026-10-06 12:01:23.990253+00,bull,0.02169331,0.02196174,0.02173,0.85,15m sweep of hour low then reclaim,t
2021,MRVL/USDT,2026-10-06 12:00:00+00,2026-10-06 12:01:23.990253+00,bull,272.70038926,273.64402685,272.84,0.85,mixed 15m structure — EMA side only,t
2012,AXTI/USDT,2026-10-06 12:00:00+00,2026-10-06 12:01:23.990253+00,bull,87.84927924,88.2018019,87.94,0.85,15m holding above hour open and EMA21,t
2038,NFLX/USDT,2026-10-06 12:00:00+00,2026-10-06 12:01:23.990253+00,bear,67.76731532,67.89707387,67.86,0.85,15m holding below hour open and EMA21,t
2029,SPX/USDT,2026-10-06 12:00:00+00,2026-10-06 12:01:23.990253+00,bull,0.43248857,0.43707858,0.4334,0.85,mixed 15m structure — EMA side only,t
2020,MSTR/USDT,2026-10-06 12:00:00+00,2026-10-06 12:01:23.990253+00,bull,166.21203997,166.93990009,166.4,0.85,15m sweep of hour low then reclaim,t
2011,SOXL/USDT,2026-10-06 12:00:00+00,2026-10-06 12:01:23.990253+00,bull,167.15260131,168.26349671,167.36,0.85,15m holding above hour open and EMA21,t
2037,PLTR/USDT,2026-10-06 12:00:00+00,2026-10-06 12:01:23.990253+00,bull,191.21161071,191.59097323,191.3,0.85,mixed 15m structure — EMA side only,t
2028,VVV/USDT,2026-10-06 12:00:00+00,2026-10-06 12:01:23.990253+00,bear,27.82675387,28.09029845,28.02,0.85,15m sweep of hour high then reject,t
2019,RAYSOL/USDT,2026-10-06 12:00:00+00,2026-10-06 12:01:23.990253+00,bull,2.19843994,2.21705014,2.2018,0.85,mixed 15m structure — EMA side only,t
2010,SKHY/USDT,2026-10-06 12:00:00+00,2026-10-06 12:01:23.990253+00,bull,191.49222823,192.31442943,191.69,0.85,mixed 15m structure — EMA side only,t
2036,META/USDT,2026-10-06 12:00:00+00,2026-10-06 12:01:23.990253+00,bear,743.88611068,745.09755573,744.83,0.85,mixed 15m structure — EMA side only,t
2027,MVLL/USDT,2026-10-06 12:00:00+00,2026-10-06 12:01:23.990253+00,bull,37.99573612,38.23065969,38.03,0.85,mixed 15m structure — EMA side only,t
2018,LITE/USDT,2026-10-06 12:00:00+00,2026-10-06 12:01:23.990253+00,bull,1100.03746384,1103.58134041,1101.05,0.85,15m holding above hour open and EMA21,t
2009,BMNR/USDT,2026-10-06 12:00:00+00,2026-10-06 12:01:23.990253+00,bull,26.92494527,27.01263682,26.95,0.85,15m holding above hour open and EMA21,t
2008,QQQ/USDT,2026-10-06 12:00:00+00,2026-10-06 12:01:23.990253+00,bull,760.53358307,761.43604232,760.76,0.85,mixed 15m structure — EMA side only,t
2007,JPM/USDT,2026-10-06 12:00:00+00,2026-10-06 12:01:23.990253+00,bull,332.36905315,333.07236714,332.57,0.85,15m holding above hour open and EMA21,t
2001,BE/USDT,2026-10-06 12:00:00+00,2026-10-06 12:01:23.990253+00,bull,292.09114939,292.96212654,292.25,0.85,15m holding above hour open and EMA21,t
2002,DELL/USDT,2026-10-06 12:00:00+00,2026-10-06 12:01:23.990253+00,bull,559.27256558,560.52858605,559.48,0.85,mixed 15m structure — EMA side only,t
2003,SPCX/USDT,2026-10-06 12:00:00+00,2026-10-06 12:01:23.990253+00,bear,171.36370818,171.98851673,172.38,0.85,15m sweep of hour high then reject,t
2004,CBRS/USDT,2026-10-06 12:00:00+00,2026-10-06 12:01:23.990253+00,bear,180.47491877,181.53003249,181.41,0.85,mixed 15m structure — EMA side only,t
2005,ARM/USDT,2026-10-06 12:00:00+00,2026-10-06 12:01:23.990253+00,bull,307.82675054,309.29312364,308.19,0.85,mixed 15m structure — EMA side only,t
2064,TSM/USDT,2026-10-06 12:00:00+00,2026-10-06 12:16:26.194813+00,bull,486.07735956,486.5766011,486.2,0.85,15m sweep of hour low then reclaim,t
2042,DELL/USDT,2026-10-06 12:00:00+00,2026-10-06 12:16:26.194813+00,bull,559.53539115,560.32152214,559.48,0.85,15m sweep of hour low then reclaim,t
2051,SOXL/USDT,2026-10-06 12:00:00+00,2026-10-06 12:16:26.194813+00,bull,167.22814047,168.07464881,167.36,0.85,15m sweep of hour low then reclaim,t
2060,MSTR/USDT,2026-10-06 12:00:00+00,2026-10-06 12:16:26.194813+00,bull,166.26236989,166.81407528,166.4,0.85,15m sweep of hour low then reclaim,t
2069,SPX/USDT,2026-10-06 12:00:00+00,2026-10-06 12:16:26.194813+00,bull,0.43347586,0.43636034,0.4334,0.85,15m sweep of hour low then reclaim,t
2078,NFLX/USDT,2026-10-06 12:00:00+00,2026-10-06 12:16:26.194813+00,bear,67.79309261,67.88676296,67.86,0.85,15m holding below hour open and EMA21,t
2048,QQQ/USDT,2026-10-06 12:00:00+00,2026-10-06 12:16:26.194813+00,bull,760.69277908,761.31305231,760.76,0.85,15m sweep of hour low then reclaim,t
2057,ORCL/USDT,2026-10-06 12:00:00+00,2026-10-06 12:16:26.194813+00,bull,144.3541719,144.54957026,144.32,0.85,15m sweep of hour low then reclaim,t
2066,SNXX/USDT,2026-10-06 12:00:00+00,2026-10-06 12:16:26.194813+00,bull,16.03527844,16.12180391,16.05,0.85,15m sweep of hour low then reclaim,t
2075,SAMSUNG/USDT,2026-10-06 12:00:00+00,2026-10-06 12:16:26.194813+00,bull,204.77128832,205.4317792,204.81,0.85,15m sweep of hour low then reclaim,t
2049,BMNR/USDT,2026-10-06 12:00:00+00,2026-10-06 12:16:26.194813+00,bull,26.93128785,26.99678038,26.95,0.85,15m holding above hour open and EMA21,t
2058,LITE/USDT,2026-10-06 12:00:00+00,2026-10-06 12:16:26.194813+00,bull,1100.27310293,1102.99224267,1101.05,0.85,15m holding above hour open and EMA21,t
2067,MVLL/USDT,2026-10-06 12:00:00+00,2026-10-06 12:16:26.194813+00,bull,38.02086718,38.19283206,38.03,0.85,15m sweep of hour low then reclaim,t
2076,META/USDT,2026-10-06 12:00:00+00,2026-10-06 12:16:26.194813+00,bear,744.08937931,745.57624828,745.38,0.85,mixed 15m structure — EMA side only,t
2041,BE/USDT,2026-10-06 12:00:00+00,2026-10-06 12:16:26.194813+00,bull,292.14152388,292.83619029,292.25,0.85,15m sweep of hour low then reclaim,t
2050,SKHY/USDT,2026-10-06 12:00:00+00,2026-10-06 12:16:26.194813+00,bull,191.64814139,192.17464653,191.61,0.85,15m sweep of hour low then reclaim,t
2059,RAYSOL/USDT,2026-10-06 12:00:00+00,2026-10-06 12:16:26.194813+00,bull,2.19942707,2.21358234,2.1985,0.85,15m sweep of hour low then reclaim,t
2068,VVV/USDT,2026-10-06 12:00:00+00,2026-10-06 12:16:26.194813+00,bear,27.87851213,28.06959515,28.02,0.85,15m sweep of hour high then reject,t
2077,PLTR/USDT,2026-10-06 12:00:00+00,2026-10-06 12:16:26.194813+00,bull,191.23688428,191.52778929,191.27,0.85,mixed 15m structure — EMA side only,t
2047,JPM/USDT,2026-10-06 12:00:00+00,2026-10-06 12:16:26.194813+00,bull,332.42430838,332.93422906,332.57,0.85,15m holding above hour open and EMA21,t
2056,EWY/USDT,2026-10-06 12:00:00+00,2026-10-06 12:16:26.194813+00,bull,190.2446013,190.64849675,190.28,0.85,15m sweep of hour low then reclaim,t
2065,AAPL/USDT,2026-10-06 12:00:00+00,2026-10-06 12:16:26.194813+00,bear,333.01970242,333.31411903,333.31,0.85,15m sweep of hour high then reject,t
2074,BR/USDT,2026-10-06 12:00:00+00,2026-10-06 12:16:26.194813+00,bear,0.46829137,0.52190345,0.52595,0.85,15m sweep of hour high then reject,t
2043,SPCX/USDT,2026-10-06 12:00:00+00,2026-10-06 12:16:26.194813+00,bear,171.44170276,172.5473189,172.42,0.85,mixed 15m structure — EMA side only,t
2052,AXTI/USDT,2026-10-06 12:00:00+00,2026-10-06 12:16:26.194813+00,bull,87.87017339,88.14956653,87.94,0.85,15m sweep of hour low then reclaim,t
2061,MRVL/USDT,2026-10-06 12:00:00+00,2026-10-06 12:16:26.194813+00,bull,272.83162036,273.4909491,272.84,0.85,15m sweep of hour low then reclaim,t
2070,COLLECT/USDT,2026-10-06 12:00:00+00,2026-10-06 12:16:26.194813+00,bull,0.02171335,0.02191163,0.02173,0.85,15m sweep of hour low then reclaim,t
2079,MAGMA/USDT,2026-10-06 12:00:00+00,2026-10-06 12:16:26.194813+00,bull,0.23186986,0.23624535,0.23193,0.85,15m sweep of hour low then reclaim,t
2044,CBRS/USDT,2026-10-06 12:00:00+00,2026-10-06 12:16:26.194813+00,bear,180.62480824,181.64007671,181.49,0.85,mixed 15m structure — EMA side only,t
2053,ZHIPU/USDT,2026-10-06 12:00:00+00,2026-10-06 12:16:26.194813+00,bull,90.64303618,90.98240954,90.67,0.85,15m sweep of hour low then reclaim,t
2062,CRCL/USDT,2026-10-06 12:00:00+00,2026-10-06 12:16:26.194813+00,bull,84.21178649,84.45053377,84.27,0.85,15m sweep of hour low then reclaim,t
2071,AMD/USDT,2026-10-06 12:00:00+00,2026-10-06 12:16:26.194813+00,bull,641.37661761,643.20845598,641.75,0.85,15m sweep of hour low then reclaim,t
2080,NVDA/USDT,2026-10-06 12:00:00+00,2026-10-06 12:16:26.194813+00,bull,241.4767173,241.83820674,241.43,0.85,15m sweep of hour low then reclaim,t
2045,ARM/USDT,2026-10-06 12:00:00+00,2026-10-06 12:16:26.194813+00,bull,307.99927142,309.08682145,308.19,0.85,15m sweep of hour low then reclaim,t
2054,BTW/USDT,2026-10-06 12:00:00+00,2026-10-06 12:16:26.194813+00,bear,1.15902344,1.17873062,1.1779,0.85,15m sweep of hour high then reject,t
2063,NBIS/USDT,2026-10-06 12:00:00+00,2026-10-06 12:16:26.194813+00,bull,236.06706698,236.70733255,236.19,0.85,15m sweep of hour low then reclaim,t
2072,DRAM/USDT,2026-10-06 12:00:00+00,2026-10-06 12:16:26.194813+00,bull,61.23097497,61.36756258,61.25,0.85,15m sweep of hour low then reclaim,t
2046,GLW/USDT,2026-10-06 12:00:00+00,2026-10-06 12:16:26.194813+00,bull,161.11289828,161.4877543,161.17,0.85,15m sweep of hour low then reclaim,t
2055,MINIMAX/USDT,2026-10-06 12:00:00+00,2026-10-06 12:16:26.194813+00,bull,31.69143096,31.79142261,31.71,0.85,15m sweep of hour low then reclaim,t
2073,AKT/USDT,2026-10-06 12:00:00+00,2026-10-06 12:16:26.194813+00,bear,0.75333389,0.75902645,0.7595,0.85,15m sweep of hour high then reject,t
2095,MINIMAX/USDT,2026-10-06 12:00:00+00,2026-10-06 12:31:28.987785+00,bear,31.67359558,31.73856177,31.77,0.85,15m sweep of hour high then reject,t
2104,TSM/USDT,2026-10-06 12:00:00+00,2026-10-06 12:31:28.987785+00,bull,485.83031506,486.46921236,485.9,0.85,mixed 15m structure — EMA side only,t
2113,AKT/USDT,2026-10-06 12:00:00+00,2026-10-06 12:31:28.987785+00,bear,0.75483519,0.75842592,0.7595,0.85,15m sweep of hour high then reject,t
2096,EWY/USDT,2026-10-06 12:00:00+00,2026-10-06 12:31:28.987785+00,bull,190.05950069,190.56124828,190.1,0.85,mixed 15m structure — EMA side only,t
2105,AAPL/USDT,2026-10-06 12:00:00+00,2026-10-06 12:31:28.987785+00,bear,333.0941142,333.28435432,333.31,0.85,15m sweep of hour high then reject,t
2114,BR/USDT,2026-10-06 12:00:00+00,2026-10-06 12:31:28.987785+00,bull,0.49313231,0.52294424,0.48921,0.85,15m sweep of hour low then reclaim,t
2119,MAGMA/USDT,2026-10-06 12:00:00+00,2026-10-06 12:31:28.987785+00,bull,0.22909957,0.23527107,0.22951,0.85,mixed 15m structure — EMA side only,t
2110,COLLECT/USDT,2026-10-06 12:00:00+00,2026-10-06 12:31:28.987785+00,bull,0.02173425,0.02185937,0.02173,0.85,15m sweep of hour low then reclaim,t
2101,MRVL/USDT,2026-10-06 12:00:00+00,2026-10-06 12:31:28.987785+00,bear,272.65368018,273.16652793,273.52,0.85,15m sweep of hour high then reject,t
2120,NVDA/USDT,2026-10-06 12:00:00+00,2026-10-06 12:31:28.987785+00,bull,241.51050632,241.75373421,241.43,0.85,15m sweep of hour low then reclaim,t
2116,META/USDT,2026-10-06 12:00:00+00,2026-10-06 12:31:28.987785+00,bear,744.26018723,744.84792511,745.38,0.85,15m sweep of hour high then reject,t
2111,AMD/USDT,2026-10-06 12:00:00+00,2026-10-06 12:31:28.987785+00,bull,641.55562699,642.76093253,641.75,0.85,15m sweep of hour low then reclaim,t
2107,MVLL/USDT,2026-10-06 12:00:00+00,2026-10-06 12:31:28.987785+00,bear,37.97283352,38.10886659,38.23,0.85,15m sweep of hour high then reject,t
2098,LITE/USDT,2026-10-06 12:00:00+00,2026-10-06 12:31:28.987785+00,bull,1098.79482033,1102.43794917,1099.17,0.85,mixed 15m structure — EMA side only,t
2102,CRCL/USDT,2026-10-06 12:00:00+00,2026-10-06 12:31:28.987785+00,bull,84.23178959,84.40052603,84.25,0.85,15m holding above hour open and EMA21,t
2115,SAMSUNG/USDT,2026-10-06 12:00:00+00,2026-10-06 12:31:28.987785+00,bull,204.42140076,205.28149809,204.48,0.85,mixed 15m structure — EMA side only,t
2106,SNXX/USDT,2026-10-06 12:00:00+00,2026-10-06 12:31:28.987785+00,bull,16.0219977,16.10500575,16.03,0.85,mixed 15m structure — EMA side only,t
2081,BE/USDT,2026-10-06 12:00:00+00,2026-10-06 12:31:28.987785+00,bull,292.19985956,292.69035109,292.25,0.85,15m sweep of hour low then reclaim,t
2082,DELL/USDT,2026-10-06 12:00:00+00,2026-10-06 12:31:28.987785+00,bull,558.57332742,560.15168146,558.72,0.85,mixed 15m structure — EMA side only,t
2083,SPCX/USDT,2026-10-06 12:00:00+00,2026-10-06 12:31:28.987785+00,bear,171.55901516,171.97039394,172.42,0.85,15m sweep of hour high then reject,t
2084,CBRS/USDT,2026-10-06 12:00:00+00,2026-10-06 12:31:28.987785+00,bear,180.74659086,181.10136365,181.49,0.85,15m sweep of hour high then reject,t
2085,ARM/USDT,2026-10-06 12:00:00+00,2026-10-06 12:31:28.987785+00,bull,307.63715674,308.86710815,307.76,0.85,mixed 15m structure — EMA side only,t
2086,GLW/USDT,2026-10-06 12:00:00+00,2026-10-06 12:31:28.987785+00,bull,160.98242426,161.41393934,161,0.85,mixed 15m structure — EMA side only,t
2087,JPM/USDT,2026-10-06 12:00:00+00,2026-10-06 12:31:28.987785+00,bull,332.47544912,332.8063772,332.51,0.85,15m holding above hour open and EMA21,t
2088,QQQ/USDT,2026-10-06 12:00:00+00,2026-10-06 12:31:28.987785+00,bull,760.21053421,761.19366448,760.34,0.85,mixed 15m structure — EMA side only,t
2089,BMNR/USDT,2026-10-06 12:00:00+00,2026-10-06 12:31:28.987785+00,bear,26.91508647,26.96396541,27.02,0.85,15m sweep of hour high then reject,t
2092,AXTI/USDT,2026-10-06 12:00:00+00,2026-10-06 12:31:28.987785+00,bull,87.73019412,88.09951469,87.73,0.85,15m sweep of hour low then reclaim,t
2093,ZHIPU/USDT,2026-10-06 12:00:00+00,2026-10-06 12:31:28.987785+00,bear,90.58580769,90.80167692,90.89,0.85,15m sweep of hour high then reject,t
2090,SKHY/USDT,2026-10-06 12:00:00+00,2026-10-06 12:31:28.987785+00,bull,191.14258878,192.06352804,191.2,0.85,mixed 15m structure — EMA side only,t
2099,RAYSOL/USDT,2026-10-06 12:00:00+00,2026-10-06 12:31:28.987785+00,bull,2.19326182,2.21049545,2.1925,0.85,15m sweep of hour low then reclaim,t
2108,VVV/USDT,2026-10-06 12:00:00+00,2026-10-06 12:31:28.987785+00,bull,27.97801454,28.10746366,27.845,0.85,15m sweep of hour low then reclaim,t
2117,PLTR/USDT,2026-10-06 12:00:00+00,2026-10-06 12:31:28.987785+00,bull,191.00688427,191.47778933,191.05,0.85,mixed 15m structure — EMA side only,t
2097,ORCL/USDT,2026-10-06 12:00:00+00,2026-10-06 12:31:28.987785+00,bull,144.23134438,144.50663905,144.27,0.85,mixed 15m structure — EMA side only,t
2091,SOXL/USDT,2026-10-06 12:00:00+00,2026-10-06 12:31:28.987785+00,bull,166.60343454,167.91141364,166.64,0.85,mixed 15m structure — EMA side only,t
2100,MSTR/USDT,2026-10-06 12:00:00+00,2026-10-06 12:31:28.987785+00,bull,166.30790975,166.70022562,166.4,0.85,15m sweep of hour low then reclaim,t
2109,SPX/USDT,2026-10-06 12:00:00+00,2026-10-06 12:31:28.987785+00,bull,0.43315612,0.43565969,0.4332,0.85,mixed 15m structure — EMA side only,t
2118,NFLX/USDT,2026-10-06 12:00:00+00,2026-10-06 12:31:28.987785+00,bear,67.81501252,67.87799499,67.86,0.85,15m holding below hour open and EMA21,t
2094,BTW/USDT,2026-10-06 12:00:00+00,2026-10-06 12:31:28.987785+00,bull,1.16948344,1.18214141,1.17,0.85,15m sweep of hour low then reclaim,t
2103,NBIS/USDT,2026-10-06 12:00:00+00,2026-10-06 12:31:28.987785+00,bull,236.00727119,236.55682203,236.04,0.85,mixed 15m structure — EMA side only,t
2112,DRAM/USDT,2026-10-06 12:00:00+00,2026-10-06 12:31:28.987785+00,bull,61.22234617,61.33913456,61.23,0.85,mixed 15m structure — EMA side only,t
2135,MINIMAX/USDT,2026-10-06 12:00:00+00,2026-10-06 12:46:28.232841+00,bear,31.69876469,31.73849413,31.77,0.85,15m sweep of hour high then reject,t
2149,SPX/USDT,2026-10-06 12:00:00+00,2026-10-06 12:46:28.232841+00,bull,0.43404233,0.43494418,0.4332,0.85,15m sweep of hour low then reclaim,t
2128,QQQ/USDT,2026-10-06 12:00:00+00,2026-10-06 12:46:28.232841+00,bull,760.05884361,761.02289097,759.98,0.85,15m sweep of hour low then reclaim,t
2124,CBRS/USDT,2026-10-06 12:00:00+00,2026-10-06 12:46:28.232841+00,bear,180.87903613,181.04838555,181.49,0.85,15m sweep of hour high then reject,t
2133,ZHIPU/USDT,2026-10-06 12:00:00+00,2026-10-06 12:46:28.232841+00,bear,90.66871264,90.76851494,90.89,0.85,15m sweep of hour high then reject,t
2142,CRCL/USDT,2026-10-06 12:00:00+00,2026-10-06 12:46:28.232841+00,bull,84.25752177,84.33619558,84.25,0.85,15m sweep of hour low then reclaim,t
2151,AMD/USDT,2026-10-06 12:00:00+00,2026-10-06 12:46:28.232841+00,bull,641.74077256,642.29806861,641.75,0.85,15m sweep of hour low then reclaim,t
2160,NVDA/USDT,2026-10-06 12:00:00+00,2026-10-06 12:46:28.232841+00,bull,241.44581433,241.66546419,241.43,0.85,mixed 15m structure — EMA side only,t
2148,VVV/USDT,2026-10-06 12:00:00+00,2026-10-06 12:46:28.232841+00,bull,27.99489298,28.06526756,27.845,0.85,15m sweep of hour low then reclaim,t
2137,ORCL/USDT,2026-10-06 12:00:00+00,2026-10-06 12:46:28.232841+00,bull,144.25215162,144.45462095,144.21,0.85,15m sweep of hour low then reclaim,t
2146,SNXX/USDT,2026-10-06 12:00:00+00,2026-10-06 12:46:28.232841+00,bull,16.04158334,16.08104166,16.01,0.85,15m sweep of hour low then reclaim,t
2155,SAMSUNG/USDT,2026-10-06 12:00:00+00,2026-10-06 12:46:28.232841+00,bull,204.45131207,205.10671983,204.43,0.85,mixed 15m structure — EMA side only,t
2129,BMNR/USDT,2026-10-06 12:00:00+00,2026-10-06 12:46:28.232841+00,bear,26.93283244,26.95686702,27.02,0.85,15m sweep of hour high then reject,t
2138,LITE/USDT,2026-10-06 12:00:00+00,2026-10-06 12:46:28.232841+00,bull,1098.25682636,1101.70793411,1097.7,0.85,15m sweep of hour low then reclaim,t
2139,RAYSOL/USDT,2026-10-06 12:00:00+00,2026-10-06 12:46:28.232841+00,bull,2.20311116,2.20762211,2.1925,0.85,15m sweep of hour low then reclaim,t
2130,SKHY/USDT,2026-10-06 12:00:00+00,2026-10-06 12:46:28.232841+00,bull,191.00407957,191.93480108,190.98,0.85,mixed 15m structure — EMA side only,t
2121,BE/USDT,2026-10-06 12:00:00+00,2026-10-06 12:46:28.232841+00,bull,292.27414509,292.50463727,292.25,0.85,15m sweep of hour low then reclaim,t
2158,NFLX/USDT,2026-10-06 12:00:00+00,2026-10-06 12:46:28.232841+00,bear,67.83809987,67.86876005,67.86,0.85,15m holding below hour open and EMA21,t
2147,MVLL/USDT,2026-10-06 12:00:00+00,2026-10-06 12:46:28.232841+00,bear,38.02275928,38.08889629,38.23,0.85,15m sweep of hour high then reject,t
2122,DELL/USDT,2026-10-06 12:00:00+00,2026-10-06 12:46:28.232841+00,bull,557.94361413,559.95096468,558.02,0.85,mixed 15m structure — EMA side only,t
2159,MAGMA/USDT,2026-10-06 12:00:00+00,2026-10-06 12:46:28.232841+00,bull,0.2310554,0.23413151,0.22951,0.85,15m sweep of hour low then reclaim,t
2150,COLLECT/USDT,2026-10-06 12:00:00+00,2026-10-06 12:46:28.232841+00,bear,0.02172344,0.02178863,0.0219,0.85,15m sweep of hour high then reject,t
2126,GLW/USDT,2026-10-06 12:00:00+00,2026-10-06 12:46:28.232841+00,bull,161.12401134,161.30997166,161,0.85,15m sweep of hour low then reclaim,t
2153,AKT/USDT,2026-10-06 12:00:00+00,2026-10-06 12:46:28.232841+00,bull,0.7568985,0.75865374,0.754,0.85,15m sweep of hour low then reclaim,t
2131,SOXL/USDT,2026-10-06 12:00:00+00,2026-10-06 12:46:28.232841+00,bull,166.16408997,167.68477508,166,0.85,15m sweep of hour low then reclaim,t
2141,MRVL/USDT,2026-10-06 12:00:00+00,2026-10-06 12:46:28.232841+00,bear,272.84343766,273.09062493,273.52,0.85,15m sweep of hour high then reject,t
2132,AXTI/USDT,2026-10-06 12:00:00+00,2026-10-06 12:46:28.232841+00,bull,87.86215047,88.01962383,87.73,0.85,15m sweep of hour low then reclaim,t
2123,SPCX/USDT,2026-10-06 12:00:00+00,2026-10-06 12:46:28.232841+00,bear,171.68968956,172.26812418,172.42,0.85,15m sweep of hour high then reject,t
2140,MSTR/USDT,2026-10-06 12:00:00+00,2026-10-06 12:46:28.232841+00,bull,166.36775931,166.55060171,166.4,0.85,15m sweep of hour low then reclaim,t
2125,ARM/USDT,2026-10-06 12:00:00+00,2026-10-06 12:46:28.232841+00,bull,307.56707141,308.56732147,307.51,0.85,mixed 15m structure — EMA side only,t
2134,BTW/USDT,2026-10-06 12:00:00+00,2026-10-06 12:46:28.232841+00,bull,1.17139125,1.17737188,1.17,0.85,15m sweep of hour low then reclaim,t
2143,NBIS/USDT,2026-10-06 12:00:00+00,2026-10-06 12:46:28.232841+00,bull,236.18822364,236.40444091,236.04,0.85,15m sweep of hour low then reclaim,t
2154,BR/USDT,2026-10-06 12:00:00+00,2026-10-06 12:46:28.232841+00,bull,0.49761792,0.51173021,0.48921,0.85,15m sweep of hour low then reclaim,t
2145,AAPL/USDT,2026-10-06 12:00:00+00,2026-10-06 12:46:28.232841+00,bear,333.16756901,333.2549724,333.31,0.85,15m sweep of hour high then reject,t
2136,EWY/USDT,2026-10-06 12:00:00+00,2026-10-06 12:46:28.232841+00,bull,190.0126141,190.45346475,189.99,0.85,mixed 15m structure — EMA side only,t
2127,JPM/USDT,2026-10-06 12:00:00+00,2026-10-06 12:46:28.232841+00,bull,332.52692179,332.67769553,332.51,0.85,15m sweep of hour low then reclaim,t
2152,DRAM/USDT,2026-10-06 12:00:00+00,2026-10-06 12:46:28.232841+00,bull,61.18682346,61.30294136,61.16,0.85,15m sweep of hour low then reclaim,t
2157,PLTR/USDT,2026-10-06 12:00:00+00,2026-10-06 12:46:28.232841+00,bull,191.00980559,191.42048602,190.98,0.85,15m sweep of hour low then reclaim,t
2144,TSM/USDT,2026-10-06 12:00:00+00,2026-10-06 12:46:28.232841+00,bear,486.09225078,486.27109969,486.62,0.85,15m sweep of hour high then reject,t
2156,META/USDT,2026-10-06 12:00:00+00,2026-10-06 12:46:28.232841+00,bear,744.48855807,744.75657677,745.38,0.85,15m sweep of hour high then reject,t
2187,SPX/USDT,2026-10-06 13:00:00+00,2026-10-06 13:01:32.739656+00,bear,0.43026912,0.43409235,0.433,0.85,15m holding below hour open and EMA21,t
2196,MRVL/USDT,2026-10-06 13:00:00+00,2026-10-06 13:01:32.739656+00,bear,271.16532426,272.20587029,271.95,0.85,mixed 15m structure — EMA side only,t
2174,SOXL/USDT,2026-10-06 13:00:00+00,2026-10-06 13:01:32.739656+00,bull,166.51057458,167.80356354,166.76,0.85,15m sweep of hour low then reclaim,t
2183,MSTR/USDT,2026-10-06 13:00:00+00,2026-10-06 13:01:32.739656+00,bull,166.46826358,167.21934106,166.49,0.85,15m sweep of hour low then reclaim,t
2192,AKT/USDT,2026-10-06 13:00:00+00,2026-10-06 13:01:32.739656+00,bull,0.75761194,0.76457015,0.7592,0.85,15m holding above hour open and EMA21,t
2190,AMD/USDT,2026-10-06 13:00:00+00,2026-10-06 13:01:32.739656+00,bull,645.09833696,647.72915759,645.77,0.85,15m sweep of hour low then reclaim,t
2175,LITE/USDT,2026-10-06 13:00:00+00,2026-10-06 13:01:32.739656+00,bull,1101.8278779,1106.07030525,1102.28,0.85,15m sweep of hour low then reclaim,t
2184,TSM/USDT,2026-10-06 13:00:00+00,2026-10-06 13:01:32.739656+00,bull,485.41958003,486.19104992,485.57,0.85,15m sweep of hour low then reclaim,t
2193,NVDA/USDT,2026-10-06 13:00:00+00,2026-10-06 13:01:32.739656+00,bull,241.52745667,242.02635832,241.65,0.85,15m sweep of hour low then reclaim,t
2194,SAMSUNG/USDT,2026-10-06 13:00:00+00,2026-10-06 13:01:32.739656+00,bull,204.86477188,205.7580703,205.08,0.85,15m holding above hour open and EMA21,t
2185,SNXX/USDT,2026-10-06 13:00:00+00,2026-10-06 13:01:32.739656+00,bull,16.03596765,16.16508087,16.05,0.85,15m sweep of hour low then reclaim,t
2181,MVLL/USDT,2026-10-06 13:00:00+00,2026-10-06 13:01:32.739656+00,bear,37.55782976,37.84686809,37.79,0.85,mixed 15m structure — EMA side only,t
2176,CRCL/USDT,2026-10-06 13:00:00+00,2026-10-06 13:01:32.739656+00,bull,84.25874958,84.63812605,84.32,0.85,mixed 15m structure — EMA side only,t
2200,MAGMA/USDT,2026-10-06 13:00:00+00,2026-10-06 13:01:32.739656+00,bull,0.2307008,0.236438,0.23198,0.85,15m sweep of hour low then reclaim,t
2191,COHR/USDT,2026-10-06 13:00:00+00,2026-10-06 13:01:32.739656+00,bull,338.36773811,339.76065474,338.7,0.85,mixed 15m structure — EMA side only,t
2182,INTC/USDT,2026-10-06 13:00:00+00,2026-10-06 13:01:32.739656+00,bull,116.93223984,117.44940039,117.04,0.85,15m sweep of hour low then reclaim,t
2161,DELL/USDT,2026-10-06 13:00:00+00,2026-10-06 13:01:32.739656+00,bull,559.44620801,560.79447997,559.82,0.85,mixed 15m structure — EMA side only,t
2162,SPCX/USDT,2026-10-06 13:00:00+00,2026-10-06 13:01:32.739656+00,bear,171.3726695,172.0829322,171.9,0.85,15m holding below hour open and EMA21,t
2163,BE/USDT,2026-10-06 13:00:00+00,2026-10-06 13:01:32.739656+00,bull,293.60371561,294.67571099,293.8,0.85,15m sweep of hour low then reclaim,t
2164,CRWV/USDT,2026-10-06 13:00:00+00,2026-10-06 13:01:32.739656+00,bull,88.78827897,89.22930258,88.86,0.85,mixed 15m structure — EMA side only,t
2165,CBRS/USDT,2026-10-06 13:00:00+00,2026-10-06 13:01:32.739656+00,bear,180.22202678,180.95518929,180.84,0.85,mixed 15m structure — EMA side only,t
2166,ARM/USDT,2026-10-06 13:00:00+00,2026-10-06 13:01:32.739656+00,bull,307.91105456,309.44736361,308.32,0.85,15m sweep of hour low then reclaim,t
2167,GLW/USDT,2026-10-06 13:00:00+00,2026-10-06 13:01:32.739656+00,bull,161.48615681,162.05960798,161.65,0.85,15m holding above hour open and EMA21,t
2168,QQQ/USDT,2026-10-06 13:00:00+00,2026-10-06 13:01:32.739656+00,bull,760.19949501,761.11126247,760.36,0.85,15m sweep of hour low then reclaim,t
2169,BTW/USDT,2026-10-06 13:00:00+00,2026-10-06 13:01:32.739656+00,bull,1.18832832,1.2127292,1.1951,0.85,15m sweep of hour low then reclaim,t
2172,ZHIPU/USDT,2026-10-06 13:00:00+00,2026-10-06 13:01:32.739656+00,bear,90.45829437,90.85268225,90.75,0.75,mixed 15m structure — EMA side only,t
2173,MINIMAX/USDT,2026-10-06 13:00:00+00,2026-10-06 13:01:32.739656+00,bear,31.62416129,31.74433548,31.72,0.8,mixed 15m structure — EMA side only,t
2170,SKHY/USDT,2026-10-06 13:00:00+00,2026-10-06 13:01:32.739656+00,bull,191.27423069,191.95942326,191.41,0.85,15m holding above hour open and EMA21,t
2179,RAYSOL/USDT,2026-10-06 13:00:00+00,2026-10-06 13:01:32.739656+00,bull,2.21793047,2.23862382,2.2227,0.85,mixed 15m structure — EMA side only,t
2188,DRAM/USDT,2026-10-06 13:00:00+00,2026-10-06 13:01:32.739656+00,bull,61.29259288,61.49351779,61.34,0.85,15m holding above hour open and EMA21,t
2197,META/USDT,2026-10-06 13:00:00+00,2026-10-06 13:01:32.739656+00,bear,743.22887859,744.35244856,744.12,0.85,mixed 15m structure — EMA side only,t
2171,AXTI/USDT,2026-10-06 13:00:00+00,2026-10-06 13:01:32.739656+00,bull,87.98225168,88.41437079,87.98,0.85,15m sweep of hour low then reclaim,t
2180,ORCL/USDT,2026-10-06 13:00:00+00,2026-10-06 13:01:32.739656+00,bull,144.0239455,144.33013625,144.1,0.85,mixed 15m structure — EMA side only,t
2189,COLLECT/USDT,2026-10-06 13:00:00+00,2026-10-06 13:01:32.739656+00,bear,0.02142774,0.0216969,0.02166,0.85,15m sweep of hour high then reject,t
2198,PLTR/USDT,2026-10-06 13:00:00+00,2026-10-06 13:01:32.739656+00,bull,191.07293868,191.3776533,191.1,0.85,15m sweep of hour low then reclaim,t
2199,NFLX/USDT,2026-10-06 13:00:00+00,2026-10-06 13:01:32.739656+00,bear,67.46060254,67.59975898,67.56,0.85,15m holding below hour open and EMA21,t
2177,EWY/USDT,2026-10-06 13:00:00+00,2026-10-06 13:01:32.739656+00,bull,190.22835906,190.79410235,190.37,0.85,15m sweep of hour low then reclaim,t
2186,NBIS/USDT,2026-10-06 13:00:00+00,2026-10-06 13:01:32.739656+00,bull,237.15560794,238.08098016,237.35,0.85,15m sweep of hour low then reclaim,t
2195,VVV/USDT,2026-10-06 13:00:00+00,2026-10-06 13:01:32.739656+00,bull,28.3502844,28.64428899,28.431,0.85,mixed 15m structure — EMA side only,t
2178,BMNR/USDT,2026-10-06 13:00:00+00,2026-10-06 13:01:32.739656+00,bull,26.95020561,27.06448598,26.98,0.85,mixed 15m structure — EMA side only,t
2211,AXTI/USDT,2026-10-06 13:00:00+00,2026-10-06 13:16:31.362824+00,bull,87.92382953,88.33542618,87.93,0.85,15m sweep of hour low then reclaim,t
2202,SPCX/USDT,2026-10-06 13:00:00+00,2026-10-06 13:16:31.362824+00,bear,171.47760527,172.04095789,171.9,0.85,15m sweep of hour high then reject,t
2232,AKT/USDT,2026-10-06 13:00:00+00,2026-10-06 13:16:31.362824+00,bear,0.75585177,0.76109929,0.7599,0.85,15m sweep of hour high then reject,t
2208,QQQ/USDT,2026-10-06 13:00:00+00,2026-10-06 13:16:31.362824+00,bull,760.27606092,760.9198477,760.36,0.85,15m sweep of hour low then reclaim,t
2219,RAYSOL/USDT,2026-10-06 13:00:00+00,2026-10-06 13:16:31.362824+00,bull,2.22039371,2.23546573,2.2227,0.85,15m sweep of hour low then reclaim,t
2237,META/USDT,2026-10-06 13:00:00+00,2026-10-06 13:16:31.362824+00,bear,743.45341625,744.2326335,744.12,0.85,15m sweep of hour high then reject,t
2204,CRWV/USDT,2026-10-06 13:00:00+00,2026-10-06 13:16:31.362824+00,bull,88.76991005,89.15022487,88.8,0.85,mixed 15m structure — EMA side only,t
2213,MINIMAX/USDT,2026-10-06 13:00:00+00,2026-10-06 13:16:31.362824+00,bear,31.64987626,31.73404949,31.72,0.85,15m sweep of hour high then reject,t
2222,INTC/USDT,2026-10-06 13:00:00+00,2026-10-06 13:16:31.362824+00,bull,116.97413603,117.34465992,117.04,0.85,15m sweep of hour low then reclaim,t
2231,COHR/USDT,2026-10-06 13:00:00+00,2026-10-06 13:16:31.362824+00,bull,338.04392482,339.49518795,338.23,0.85,mixed 15m structure — EMA side only,t
2240,MAGMA/USDT,2026-10-06 13:00:00+00,2026-10-06 13:16:31.362824+00,bull,0.22778502,0.23547746,0.22853,0.85,mixed 15m structure — EMA side only,t
2216,CRCL/USDT,2026-10-06 13:00:00+00,2026-10-06 13:16:31.362824+00,bear,84.22955266,84.48217894,84.41,0.85,15m holding below hour open and EMA21,t
2234,SAMSUNG/USDT,2026-10-06 13:00:00+00,2026-10-06 13:16:31.362824+00,bull,204.54072655,205.59318363,204.73,0.85,mixed 15m structure — EMA side only,t
2225,SNXX/USDT,2026-10-06 13:00:00+00,2026-10-06 13:16:31.362824+00,bull,15.953709,16.14572751,15.97,0.85,mixed 15m structure — EMA side only,t
2206,ARM/USDT,2026-10-06 13:00:00+00,2026-10-06 13:16:31.362824+00,bull,307.9551377,309.13715575,308.25,0.85,mixed 15m structure — EMA side only,t
2215,LITE/USDT,2026-10-06 13:00:00+00,2026-10-06 13:16:31.362824+00,bull,1099.59808135,1105.34479661,1100.2,0.85,mixed 15m structure — EMA side only,t
2201,DELL/USDT,2026-10-06 13:00:00+00,2026-10-06 13:16:31.362824+00,bull,559.55893226,560.61266934,559.82,0.85,15m sweep of hour low then reclaim,t
2210,SKHY/USDT,2026-10-06 13:00:00+00,2026-10-06 13:16:31.362824+00,bull,191.32898332,191.8225417,191.41,0.85,15m sweep of hour low then reclaim,t
2224,TSM/USDT,2026-10-06 13:00:00+00,2026-10-06 13:16:31.362824+00,bear,485.23524888,485.80190045,485.76,0.85,15m sweep of hour high then reject,t
2230,AMD/USDT,2026-10-06 13:00:00+00,2026-10-06 13:16:31.362824+00,bull,645.3123179,647.19420525,645.69,0.85,15m sweep of hour low then reclaim,t
2239,NFLX/USDT,2026-10-06 13:00:00+00,2026-10-06 13:16:31.362824+00,bear,67.48980596,67.58807762,67.56,0.85,15m holding below hour open and EMA21,t
2205,CBRS/USDT,2026-10-06 13:00:00+00,2026-10-06 13:16:31.362824+00,bear,180.31283864,180.86886454,180.84,0.85,15m sweep of hour high then reject,t
2233,NVDA/USDT,2026-10-06 13:00:00+00,2026-10-06 13:16:31.362824+00,bull,241.56502485,241.93243789,241.65,0.85,15m sweep of hour low then reclaim,t
2228,DRAM/USDT,2026-10-06 13:00:00+00,2026-10-06 13:16:31.362824+00,bull,61.25861163,61.45347092,61.29,0.85,mixed 15m structure — EMA side only,t
2221,MVLL/USDT,2026-10-06 13:00:00+00,2026-10-06 13:16:31.362824+00,bear,37.6107947,37.80568212,37.79,0.85,15m sweep of hour high then reject,t
2235,VVV/USDT,2026-10-06 13:00:00+00,2026-10-06 13:16:31.362824+00,bull,28.38082482,28.58793794,28.431,0.85,15m sweep of hour low then reclaim,t
2226,NBIS/USDT,2026-10-06 13:00:00+00,2026-10-06 13:16:31.362824+00,bull,237.07737676,237.90155809,237.14,0.85,15m sweep of hour low then reclaim,t
2212,ZHIPU/USDT,2026-10-06 13:00:00+00,2026-10-06 13:16:31.362824+00,bear,90.54219675,90.8191213,90.75,0.85,15m holding below hour open and EMA21,t
2203,BE/USDT,2026-10-06 13:00:00+00,2026-10-06 13:16:31.362824+00,bull,293.64178943,294.58052641,293.8,0.85,15m sweep of hour low then reclaim,t
2209,BTW/USDT,2026-10-06 13:00:00+00,2026-10-06 13:16:31.362824+00,bull,1.18341261,1.20826848,1.1863,0.85,mixed 15m structure — EMA side only,t
2207,GLW/USDT,2026-10-06 13:00:00+00,2026-10-06 13:16:31.362824+00,bull,161.47081958,161.94795104,161.58,0.85,mixed 15m structure — EMA side only,t
2214,SOXL/USDT,2026-10-06 13:00:00+00,2026-10-06 13:16:31.362824+00,bull,166.61600371,167.53999073,166.76,0.85,15m sweep of hour low then reclaim,t
2218,BMNR/USDT,2026-10-06 13:00:00+00,2026-10-06 13:16:31.362824+00,bull,26.90773328,27.04566681,26.92,0.85,mixed 15m structure — EMA side only,t
2238,PLTR/USDT,2026-10-06 13:00:00+00,2026-10-06 13:16:31.362824+00,bull,191.02480771,191.32298074,191.07,0.85,mixed 15m structure — EMA side only,t
2229,COLLECT/USDT,2026-10-06 13:00:00+00,2026-10-06 13:16:31.362824+00,bear,0.02147597,0.02176761,0.02177,0.85,15m sweep of hour high then reject,t
2217,EWY/USDT,2026-10-06 13:00:00+00,2026-10-06 13:16:31.362824+00,bull,190.27425129,190.67937177,190.37,0.85,15m sweep of hour low then reclaim,t
2223,MSTR/USDT,2026-10-06 13:00:00+00,2026-10-06 13:16:31.362824+00,bull,165.99539666,167.10150834,166.02,0.85,15m sweep of hour low then reclaim,t
2227,SPX/USDT,2026-10-06 13:00:00+00,2026-10-06 13:16:31.362824+00,bear,0.4310476,0.43378096,0.433,0.85,15m holding below hour open and EMA21,t
2236,MRVL/USDT,2026-10-06 13:00:00+00,2026-10-06 13:16:31.362824+00,bear,271.35989614,272.08804154,271.95,0.85,15m sweep of hour high then reject,t
2220,ORCL/USDT,2026-10-06 13:00:00+00,2026-10-06 13:16:31.362824+00,bear,143.99675561,144.19729776,144.16,0.85,15m sweep of hour high then reject,t
2243,BE/USDT,2026-10-06 13:00:00+00,2026-10-06 13:31:35.896653+00,bull,293.69145594,294.45636016,293.8,0.85,15m sweep of hour low then reclaim,t
2244,CRWV/USDT,2026-10-06 13:00:00+00,2026-10-06 13:31:35.896653+00,bull,88.88590391,89.11024022,88.76,0.85,15m sweep of hour low then reclaim,t
2280,MAGMA/USDT,2026-10-06 13:00:00+00,2026-10-06 13:31:35.896653+00,bear,0.22962364,0.23342654,0.23299,0.85,15m sweep of hour high then reject,t
2271,COHR/USDT,2026-10-06 13:00:00+00,2026-10-06 13:31:35.896653+00,bear,338.14885878,339.03245649,338.94,0.85,15m sweep of hour high then reject,t
2262,INTC/USDT,2026-10-06 13:00:00+00,2026-10-06 13:31:35.896653+00,bull,116.98810178,117.30974555,116.8,0.85,15m sweep of hour low then reclaim,t
2279,NFLX/USDT,2026-10-06 13:00:00+00,2026-10-06 13:31:35.896653+00,bear,67.49953676,67.5841853,67.87,0.85,15m sweep of hour high then reject,t
2258,BMNR/USDT,2026-10-06 13:00:00+00,2026-10-06 13:31:35.896653+00,bear,26.94426214,27.00829514,26.99,0.85,15m holding below hour open and EMA21,t
2267,SPX/USDT,2026-10-06 13:00:00+00,2026-10-06 13:31:35.896653+00,bull,0.4325005,0.43424875,0.432,0.85,15m sweep of hour low then reclaim,t
2276,MRVL/USDT,2026-10-06 13:00:00+00,2026-10-06 13:31:35.896653+00,bull,271.47459349,272.89351627,267.43,0.85,15m sweep of hour low then reclaim,t
2259,RAYSOL/USDT,2026-10-06 13:00:00+00,2026-10-06 13:31:35.896653+00,bull,2.19205125,2.23332188,2.1932,0.85,mixed 15m structure — EMA side only,t
2246,ARM/USDT,2026-10-06 13:00:00+00,2026-10-06 13:31:35.896653+00,bull,306.89793113,308.95517216,305.52,0.85,15m sweep of hour low then reclaim,t
2249,BTW/USDT,2026-10-06 13:00:00+00,2026-10-06 13:31:35.896653+00,bull,1.18536421,1.20338947,1.1863,0.85,mixed 15m structure — EMA side only,t
2252,ZHIPU/USDT,2026-10-06 13:00:00+00,2026-10-06 13:31:35.896653+00,bull,90.68996102,90.86509744,90.7,0.85,15m sweep of hour low then reclaim,t
2268,DRAM/USDT,2026-10-06 13:00:00+00,2026-10-06 13:31:35.896653+00,bull,61.22515502,61.43711245,60.84,0.85,15m sweep of hour low then reclaim,t
2265,SNXX/USDT,2026-10-06 13:00:00+00,2026-10-06 13:31:35.896653+00,bull,16.0551129,16.14221776,15.75,0.85,15m sweep of hour low then reclaim,t
2264,TSM/USDT,2026-10-06 13:00:00+00,2026-10-06 13:31:35.896653+00,bull,485.50824149,485.96939627,484.33,0.85,15m sweep of hour low then reclaim,t
2256,CRCL/USDT,2026-10-06 13:00:00+00,2026-10-06 13:31:35.896653+00,bear,84.26231269,84.46907492,84.41,0.85,15m holding below hour open and EMA21,t
2245,CBRS/USDT,2026-10-06 13:00:00+00,2026-10-06 13:31:35.896653+00,bear,180.35472971,180.85210812,180.84,0.85,15m sweep of hour high then reject,t
2261,MVLL/USDT,2026-10-06 13:00:00+00,2026-10-06 13:31:35.896653+00,bull,37.64752325,38.00619188,36.54,0.85,15m sweep of hour low then reclaim,t
2270,AMD/USDT,2026-10-06 13:00:00+00,2026-10-06 13:31:35.896653+00,bull,645.02255252,646.91861869,644.59,0.85,15m sweep of hour low then reclaim,t
2255,LITE/USDT,2026-10-06 13:00:00+00,2026-10-06 13:31:35.896653+00,bear,1100.98090478,1103.86363809,1103.51,0.85,15m sweep of hour high then reject,t
2277,META/USDT,2026-10-06 13:00:00+00,2026-10-06 13:31:35.896653+00,bear,743.47592661,744.22362936,747.86,0.85,15m sweep of hour high then reject,t
2247,GLW/USDT,2026-10-06 13:00:00+00,2026-10-06 13:31:35.896653+00,bull,161.51287766,161.86780586,160.92,0.85,15m sweep of hour low then reclaim,t
2248,QQQ/USDT,2026-10-06 13:00:00+00,2026-10-06 13:31:35.896653+00,bull,760.32157547,760.80606134,760.36,0.85,15m sweep of hour low then reclaim,t
2260,ORCL/USDT,2026-10-06 13:00:00+00,2026-10-06 13:31:35.896653+00,bull,144.09272541,144.25818648,143.87,0.85,15m sweep of hour low then reclaim,t
2269,COLLECT/USDT,2026-10-06 13:00:00+00,2026-10-06 13:31:35.896653+00,bull,0.02158205,0.02171488,0.0216,0.85,15m sweep of hour low then reclaim,t
2278,PLTR/USDT,2026-10-06 13:00:00+00,2026-10-06 13:31:35.896653+00,bull,191.10143099,191.30642252,190.36,0.85,15m sweep of hour low then reclaim,t
2250,SKHY/USDT,2026-10-06 13:00:00+00,2026-10-06 13:31:35.896653+00,bull,191.20825691,191.72435771,190.74,0.85,15m sweep of hour low then reclaim,t
2274,SAMSUNG/USDT,2026-10-06 13:00:00+00,2026-10-06 13:31:35.896653+00,bull,204.51100362,205.46749096,203.48,0.85,15m sweep of hour low then reclaim,t
2257,EWY/USDT,2026-10-06 13:00:00+00,2026-10-06 13:31:35.896653+00,bull,190.31072267,190.58819333,190.12,0.85,15m sweep of hour low then reclaim,t
2266,NBIS/USDT,2026-10-06 13:00:00+00,2026-10-06 13:31:35.896653+00,bull,237.23407255,237.88481862,237.14,0.85,15m sweep of hour low then reclaim,t
2275,VVV/USDT,2026-10-06 13:00:00+00,2026-10-06 13:31:35.896653+00,bull,28.40116298,28.53709256,28.431,0.85,15m sweep of hour low then reclaim,t
2273,NVDA/USDT,2026-10-06 13:00:00+00,2026-10-06 13:31:35.896653+00,bull,241.57397813,241.91005468,241.65,0.85,15m sweep of hour low then reclaim,t
2251,AXTI/USDT,2026-10-06 13:00:00+00,2026-10-06 13:31:35.896653+00,bull,88.05002827,88.29492933,87.38,0.85,15m sweep of hour low then reclaim,t
2253,MINIMAX/USDT,2026-10-06 13:00:00+00,2026-10-06 13:31:35.896653+00,bear,31.67230587,31.72507765,31.72,0.85,15m sweep of hour high then reject,t
2241,DELL/USDT,2026-10-06 13:00:00+00,2026-10-06 13:31:35.896653+00,bull,559.58687835,560.54280413,559.82,0.85,15m sweep of hour low then reclaim,t
2272,AKT/USDT,2026-10-06 13:00:00+00,2026-10-06 13:31:35.896653+00,bear,0.75725218,0.76053913,0.7599,0.85,15m sweep of hour high then reject,t
2242,SPCX/USDT,2026-10-06 13:00:00+00,2026-10-06 13:31:35.896653+00,bull,171.73858549,172.23353628,171.11,0.85,15m sweep of hour low then reclaim,t
2263,MSTR/USDT,2026-10-06 13:00:00+00,2026-10-06 13:31:35.896653+00,bear,166.37127893,166.81748843,166.69,0.85,15m holding below hour open and EMA21,t
2254,SOXL/USDT,2026-10-06 13:00:00+00,2026-10-06 13:31:35.896653+00,bull,166.67624275,167.38939314,166.61,0.85,15m sweep of hour low then reclaim,t
2304,TSM/USDT,2026-10-06 13:00:00+00,2026-10-06 13:46:33.812434+00,bear,485.45832293,485.71267083,486.15,0.85,15m sweep of hour high then reject,t
2281,DELL/USDT,2026-10-06 13:00:00+00,2026-10-06 13:46:33.812434+00,bull,559.64032616,560.40918461,559.82,0.85,15m sweep of hour low then reclaim,t
2282,SPCX/USDT,2026-10-06 13:00:00+00,2026-10-06 13:46:33.812434+00,bull,171.79736729,172.08658178,171.11,0.85,15m sweep of hour low then reclaim,t
2283,BE/USDT,2026-10-06 13:00:00+00,2026-10-06 13:46:33.812434+00,bull,293.79981197,294.18547007,293.8,0.85,15m sweep of hour low then reclaim,t
2284,CRWV/USDT,2026-10-06 13:00:00+00,2026-10-06 13:46:33.812434+00,bull,88.91606727,89.03483182,88.76,0.85,15m sweep of hour low then reclaim,t
2285,CBRS/USDT,2026-10-06 13:00:00+00,2026-10-06 13:46:33.812434+00,bear,180.50740757,180.79103697,180.84,0.85,15m sweep of hour high then reject,t
2286,ARM/USDT,2026-10-06 13:00:00+00,2026-10-06 13:46:33.812434+00,bear,307.99139926,308.4934403,308.66,0.85,15m sweep of hour high then reject,t
2287,GLW/USDT,2026-10-06 13:00:00+00,2026-10-06 13:46:33.812434+00,bull,161.59083849,161.79790378,160.92,0.85,15m sweep of hour low then reclaim,t
2288,QQQ/USDT,2026-10-06 13:00:00+00,2026-10-06 13:46:33.812434+00,bull,760.37841429,760.63896428,760.32,0.85,mixed 15m structure — EMA side only,t
2289,BTW/USDT,2026-10-06 13:00:00+00,2026-10-06 13:46:33.812434+00,bull,1.19155067,1.19917331,1.1863,0.85,15m sweep of hour low then reclaim,t
2296,CRCL/USDT,2026-10-06 13:00:00+00,2026-10-06 13:46:33.812434+00,bull,84.37225147,84.50437132,83.38,0.85,15m sweep of hour low then reclaim,t
2297,EWY/USDT,2026-10-06 13:00:00+00,2026-10-06 13:46:33.812434+00,bear,190.27927138,190.43429145,190.61,0.85,15m sweep of hour high then reject,t
2298,BMNR/USDT,2026-10-06 13:00:00+00,2026-10-06 13:46:33.812434+00,bear,26.96754682,26.99898127,26.99,0.85,15m holding below hour open and EMA21,t
2305,SNXX/USDT,2026-10-06 13:00:00+00,2026-10-06 13:46:33.812434+00,bear,16.04149261,16.09540295,16.24,0.85,15m sweep of hour high then reject,t
2306,NBIS/USDT,2026-10-06 13:00:00+00,2026-10-06 13:46:33.812434+00,bull,237.30883321,237.69791697,237.14,0.85,15m sweep of hour low then reclaim,t
2307,SPX/USDT,2026-10-06 13:00:00+00,2026-10-06 13:46:33.812434+00,bull,0.43276829,0.43357929,0.432,0.85,15m sweep of hour low then reclaim,t
2290,SKHY/USDT,2026-10-06 13:00:00+00,2026-10-06 13:46:33.812434+00,bear,191.32391091,191.52843564,191.68,0.85,15m sweep of hour high then reject,t
2299,RAYSOL/USDT,2026-10-06 13:00:00+00,2026-10-06 13:46:33.812434+00,bull,2.21992521,2.22913698,2.1932,0.85,15m sweep of hour low then reclaim,t
2308,DRAM/USDT,2026-10-06 13:00:00+00,2026-10-06 13:46:33.812434+00,bear,61.29924959,61.37030016,61.37,0.85,15m sweep of hour high then reject,t
2317,META/USDT,2026-10-06 13:00:00+00,2026-10-06 13:46:33.812434+00,bear,743.70255446,744.13297822,747.86,0.85,15m sweep of hour high then reject,t
2291,AXTI/USDT,2026-10-06 13:00:00+00,2026-10-06 13:46:33.812434+00,bear,87.98676674,88.17329331,88.34,0.85,15m sweep of hour high then reject,t
2300,ORCL/USDT,2026-10-06 13:00:00+00,2026-10-06 13:46:33.812434+00,bull,144.11482128,144.20294681,143.87,0.85,15m sweep of hour low then reclaim,t
2309,COLLECT/USDT,2026-10-06 13:00:00+00,2026-10-06 13:46:33.812434+00,bear,0.02157552,0.02170779,0.02186,0.85,15m sweep of hour high then reject,t
2318,PLTR/USDT,2026-10-06 13:00:00+00,2026-10-06 13:46:33.812434+00,bull,191.11155826,191.28110435,190.36,0.85,15m sweep of hour low then reclaim,t
2292,ZHIPU/USDT,2026-10-06 13:00:00+00,2026-10-06 13:46:33.812434+00,bull,90.7173954,90.7965115,90.7,0.85,15m sweep of hour low then reclaim,t
2301,MVLL/USDT,2026-10-06 13:00:00+00,2026-10-06 13:46:33.812434+00,bull,37.65916881,37.97707797,36.54,0.85,15m sweep of hour low then reclaim,t
2310,AMD/USDT,2026-10-06 13:00:00+00,2026-10-06 13:46:33.812434+00,bear,645.13999737,646.13400105,650.07,0.85,15m sweep of hour high then reject,t
2319,NFLX/USDT,2026-10-06 13:00:00+00,2026-10-06 13:46:33.812434+00,bull,67.54655832,67.59360421,67.48,0.85,15m sweep of hour low then reclaim,t
2293,MINIMAX/USDT,2026-10-06 13:00:00+00,2026-10-06 13:46:33.812434+00,bear,31.69245263,31.71701895,31.72,0.85,15m sweep of hour high then reject,t
2302,INTC/USDT,2026-10-06 13:00:00+00,2026-10-06 13:46:33.812434+00,bear,116.93497728,117.13800909,118.31,0.85,15m sweep of hour high then reject,t
2311,COHR/USDT,2026-10-06 13:00:00+00,2026-10-06 13:46:33.812434+00,bull,338.55323652,339.17190871,334.02,0.85,15m sweep of hour low then reclaim,t
2320,MAGMA/USDT,2026-10-06 13:00:00+00,2026-10-06 13:46:33.812434+00,bear,0.23106794,0.23284882,0.23299,0.85,15m sweep of hour high then reject,t
2294,SOXL/USDT,2026-10-06 13:00:00+00,2026-10-06 13:46:33.812434+00,bull,166.77930054,167.13174865,166.61,0.85,15m sweep of hour low then reclaim,t
2303,MSTR/USDT,2026-10-06 13:00:00+00,2026-10-06 13:46:33.812434+00,bull,166.61274335,166.88314163,164.67,0.85,15m sweep of hour low then reclaim,t
2312,AKT/USDT,2026-10-06 13:00:00+00,2026-10-06 13:46:33.812434+00,bull,0.75697035,0.76067414,0.7552,0.75,15m sweep of hour low then reclaim,t
2295,LITE/USDT,2026-10-06 13:00:00+00,2026-10-06 13:46:33.812434+00,bull,1102.26572293,1104.27569269,1086.2,0.85,15m sweep of hour low then reclaim,t
2313,NVDA/USDT,2026-10-06 13:00:00+00,2026-10-06 13:46:33.812434+00,bull,241.50196238,241.81509405,241.41,0.85,15m sweep of hour low then reclaim,t
2314,SAMSUNG/USDT,2026-10-06 13:00:00+00,2026-10-06 13:46:33.812434+00,bear,204.93736152,205.19305539,205.21,0.85,15m sweep of hour high then reject,t
2315,VVV/USDT,2026-10-06 13:00:00+00,2026-10-06 13:46:33.812434+00,bull,28.42141163,28.48647092,28.431,0.85,15m sweep of hour low then reclaim,t
2316,MRVL/USDT,2026-10-06 13:00:00+00,2026-10-06 13:46:33.812434+00,bull,271.53342605,272.74643488,267.43,0.85,15m sweep of hour low then reclaim,t
2334,SOXL/USDT,2026-10-06 14:00:00+00,2026-10-06 14:01:28.867247+00,bull,167.72489106,169.21277234,167.81,0.85,15m sweep of hour low then reclaim,t
2337,BMNR/USDT,2026-10-06 14:00:00+00,2026-10-06 14:01:28.867247+00,bear,26.73483,26.868068,26.85,0.85,15m sweep of hour high then reject,t
2322,BE/USDT,2026-10-06 14:00:00+00,2026-10-06 14:01:28.867247+00,bull,294.46410739,296.30473152,294.91,0.85,mixed 15m structure — EMA side only,t
2323,TSM/USDT,2026-10-06 14:00:00+00,2026-10-06 14:01:28.867247+00,bear,483.88530897,484.91387641,484.62,0.8,mixed 15m structure — EMA side only,t
2324,ARM/USDT,2026-10-06 14:00:00+00,2026-10-06 14:01:28.867247+00,bear,303.49312398,305.96875041,305.41,0.85,mixed 15m structure — EMA side only,t
2325,CBRS/USDT,2026-10-06 14:00:00+00,2026-10-06 14:01:28.867247+00,bull,182.75788131,184.37529673,182.78,0.85,15m sweep of hour low then reclaim,t
2360,XAG/USDT,2026-10-06 14:00:00+00,2026-10-06 14:01:28.867247+00,bear,60.82945294,61.15421883,61.1,0.85,mixed 15m structure — EMA side only,t
2351,AMD/USDT,2026-10-06 14:00:00+00,2026-10-06 14:01:28.867247+00,bull,640.94323901,646.08690248,641.56,0.85,15m sweep of hour low then reclaim,t
2342,INTC/USDT,2026-10-06 14:00:00+00,2026-10-06 14:01:28.867247+00,bear,115.34148645,116.23540542,116.06,0.85,mixed 15m structure — EMA side only,t
2333,EWY/USDT,2026-10-06 14:00:00+00,2026-10-06 14:01:28.867247+00,bear,189.13929669,189.91428133,189.75,0.85,mixed 15m structure — EMA side only,t
2353,1000BONK/USDT,2026-10-06 14:00:00+00,2026-10-06 14:01:28.867247+00,bear,0.00374741,0.00377483,0.003767,0.8,mixed 15m structure — EMA side only,t
2326,BTW/USDT,2026-10-06 14:00:00+00,2026-10-06 14:01:28.867247+00,bull,1.18409098,1.20582255,1.1891,0.85,15m holding above hour open and EMA21,t
2335,AXTI/USDT,2026-10-06 14:00:00+00,2026-10-06 14:01:28.867247+00,bear,85.18648836,86.03740465,85.86,0.85,mixed 15m structure — EMA side only,t
2352,ORCL/USDT,2026-10-06 14:00:00+00,2026-10-06 14:01:28.867247+00,bull,145.48823231,145.94941924,145.6,0.85,15m holding above hour open and EMA21,t
2343,DRAM/USDT,2026-10-06 14:00:00+00,2026-10-06 14:01:28.867247+00,bear,60.61135614,60.92345754,60.85,0.85,mixed 15m structure — EMA side only,t
2359,SOXS/USDT,2026-10-06 14:00:00+00,2026-10-06 14:01:28.867247+00,bear,28.6884681,29.04061276,29.01,0.85,15m sweep of hour high then reject,t
2350,COHR/USDT,2026-10-06 14:00:00+00,2026-10-06 14:01:28.867247+00,bull,336.0698429,338.48539274,336.61,0.85,15m holding above hour open and EMA21,t
2341,MSTR/USDT,2026-10-06 14:00:00+00,2026-10-06 14:01:28.867247+00,bull,167.31269947,168.68325133,167.51,0.85,mixed 15m structure — EMA side only,t
2332,DELL/USDT,2026-10-06 14:00:00+00,2026-10-06 14:01:28.867247+00,bull,585.58809226,589.96976936,586.75,0.85,15m holding above hour open and EMA21,t
2321,SPCX/USDT,2026-10-06 14:00:00+00,2026-10-06 14:01:28.867247+00,bull,174.12719056,175.57702359,174.49,0.85,mixed 15m structure — EMA side only,t
2354,NVDA/USDT,2026-10-06 14:00:00+00,2026-10-06 14:01:28.867247+00,bull,242.21599434,243.14001414,242.41,0.85,15m holding above hour open and EMA21,t
2327,QQQ/USDT,2026-10-06 14:00:00+00,2026-10-06 14:01:28.867247+00,bull,761.39581088,762.56547279,761.67,0.85,15m sweep of hour low then reclaim,t
2328,MINIMAX/USDT,2026-10-06 14:00:00+00,2026-10-06 14:01:28.867247+00,bear,31.60950631,31.70819748,31.68,0.8,mixed 15m structure — EMA side only,t
2329,ZHIPU/USDT,2026-10-06 14:00:00+00,2026-10-06 14:01:28.867247+00,bear,90.50520313,90.83991875,90.76,0.75,mixed 15m structure — EMA side only,t
2358,NFLX/USDT,2026-10-06 14:00:00+00,2026-10-06 14:01:28.867247+00,bear,67.55301924,67.7547923,67.72,0.85,mixed 15m structure — EMA side only,t
2349,LITE/USDT,2026-10-06 14:00:00+00,2026-10-06 14:01:28.867247+00,bull,1098.54135505,1105.78161236,1099.63,0.85,15m sweep of hour low then reclaim,t
2340,GLW/USDT,2026-10-06 14:00:00+00,2026-10-06 14:01:28.867247+00,bull,164.33990865,165.32022838,164.56,0.85,15m sweep of hour low then reclaim,t
2331,SKHY/USDT,2026-10-06 14:00:00+00,2026-10-06 14:01:28.867247+00,bear,189.52818249,190.49072701,190.3,0.85,mixed 15m structure — EMA side only,t
2344,SNXX/USDT,2026-10-06 14:00:00+00,2026-10-06 14:01:28.867247+00,bear,15.44652705,15.69538918,15.64,0.85,mixed 15m structure — EMA side only,t
2345,SAMSUNG/USDT,2026-10-06 14:00:00+00,2026-10-06 14:01:28.867247+00,bear,203.025111,204.2319556,203.94,0.85,mixed 15m structure — EMA side only,t
2336,NBIS/USDT,2026-10-06 14:00:00+00,2026-10-06 14:01:28.867247+00,bull,246.34061773,249.30845568,246.91,0.85,mixed 15m structure — EMA side only,t
2338,RAYSOL/USDT,2026-10-06 14:00:00+00,2026-10-06 14:01:28.867247+00,bull,2.18873802,2.21645495,2.1966,0.85,mixed 15m structure — EMA side only,t
2355,AKE/USDT,2026-10-06 14:00:00+00,2026-10-06 14:01:28.867247+00,bear,0.02985449,0.0302094,0.030108,0.85,15m holding below hour open and EMA21,t
2357,1000SHIB/USDT,2026-10-06 14:00:00+00,2026-10-06 14:01:28.867247+00,bear,0.00585051,0.0058834,0.005875,0.8,mixed 15m structure — EMA side only,t
2348,USELESS/USDT,2026-10-06 14:00:00+00,2026-10-06 14:01:28.867247+00,bull,0.23455236,0.23839911,0.23558,0.8,mixed 15m structure — EMA side only,t
2339,SPX/USDT,2026-10-06 14:00:00+00,2026-10-06 14:01:28.867247+00,bull,0.43307863,0.43640342,0.434,0.8,mixed 15m structure — EMA side only,t
2330,JPM/USDT,2026-10-06 14:00:00+00,2026-10-06 14:01:28.867247+00,bull,333.1544518,334.31887051,333.43,0.85,mixed 15m structure — EMA side only,t
2347,AKT/USDT,2026-10-06 14:00:00+00,2026-10-06 14:01:28.867247+00,bear,0.75286922,0.75879231,0.7571,0.8,mixed 15m structure — EMA side only,t
2356,SQQQ/USDT,2026-10-06 14:00:00+00,2026-10-06 14:01:28.867247+00,bear,31.5304581,31.71181676,31.66,0.85,15m holding below hour open and EMA21,t
2346,VVV/USDT,2026-10-06 14:00:00+00,2026-10-06 14:01:28.867247+00,bull,28.60388474,28.86678815,28.655,0.85,15m sweep of hour low then reclaim,t
2380,GLW/USDT,2026-10-06 14:00:00+00,2026-10-06 14:16:34.574883+00,bull,164.38844986,165.19887535,164.56,0.85,15m sweep of hour low then reclaim,t
2394,NVDA/USDT,2026-10-06 14:00:00+00,2026-10-06 14:16:34.574883+00,bull,242.20227482,242.94931294,242.38,0.85,mixed 15m structure — EMA side only,t
2385,SAMSUNG/USDT,2026-10-06 14:00:00+00,2026-10-06 14:16:34.574883+00,bear,203.23136775,204.0094529,203.94,0.85,15m sweep of hour high then reject,t
2391,AMD/USDT,2026-10-06 14:00:00+00,2026-10-06 14:16:34.574883+00,bull,641.57986879,645.22032803,641.56,0.85,15m sweep of hour low then reclaim,t
2382,INTC/USDT,2026-10-06 14:00:00+00,2026-10-06 14:16:34.574883+00,bear,115.50339126,116.1206435,116.06,0.85,mixed 15m structure — EMA side only,t
2373,EWY/USDT,2026-10-06 14:00:00+00,2026-10-06 14:16:34.574883+00,bear,189.25781336,189.73687466,189.75,0.85,15m sweep of hour high then reject,t
2376,NBIS/USDT,2026-10-06 14:00:00+00,2026-10-06 14:16:34.574883+00,bull,246.83259617,248.90350958,246.91,0.85,15m sweep of hour low then reclaim,t
2367,QQQ/USDT,2026-10-06 14:00:00+00,2026-10-06 14:16:34.574883+00,bull,761.49067701,762.32830747,761.67,0.85,15m sweep of hour low then reclaim,t
2397,1000SHIB/USDT,2026-10-06 14:00:00+00,2026-10-06 14:16:34.574883+00,bull,0.00586711,0.00589122,0.005874,0.85,15m holding above hour open and EMA21,t
2388,USELESS/USDT,2026-10-06 14:00:00+00,2026-10-06 14:16:34.574883+00,bull,0.23495798,0.23766006,0.2351,0.85,15m sweep of hour low then reclaim,t
2379,SPX/USDT,2026-10-06 14:00:00+00,2026-10-06 14:16:34.574883+00,bull,0.43344017,0.43574958,0.434,0.85,15m sweep of hour low then reclaim,t
2370,JPM/USDT,2026-10-06 14:00:00+00,2026-10-06 14:16:34.574883+00,bull,333.05428168,334.1192958,333.25,0.85,mixed 15m structure — EMA side only,t
2361,SPCX/USDT,2026-10-06 14:00:00+00,2026-10-06 14:16:34.574883+00,bull,174.38852238,175.37369406,174.49,0.85,15m sweep of hour low then reclaim,t
2392,ORCL/USDT,2026-10-06 14:00:00+00,2026-10-06 14:16:34.574883+00,bull,145.05240881,145.88897797,145.02,0.85,15m sweep of hour low then reclaim,t
2383,DRAM/USDT,2026-10-06 14:00:00+00,2026-10-06 14:16:34.574883+00,bear,60.66802491,60.88079003,60.85,0.85,15m sweep of hour high then reject,t
2374,SOXL/USDT,2026-10-06 14:00:00+00,2026-10-06 14:16:34.574883+00,bull,167.84362987,168.91592532,167.81,0.85,15m sweep of hour low then reclaim,t
2365,CBRS/USDT,2026-10-06 14:00:00+00,2026-10-06 14:16:34.574883+00,bear,182.21363543,183.62254583,184.01,0.85,15m sweep of hour high then reject,t
2400,XAG/USDT,2026-10-06 14:00:00+00,2026-10-06 14:16:34.574883+00,bear,60.88874981,61.12050007,61.13,0.85,15m sweep of hour high then reject,t
2362,BE/USDT,2026-10-06 14:00:00+00,2026-10-06 14:16:34.574883+00,bull,294.26885028,295.99287429,294.41,0.85,mixed 15m structure — EMA side only,t
2364,ARM/USDT,2026-10-06 14:00:00+00,2026-10-06 14:16:34.574883+00,bear,303.92084445,305.55766222,305.41,0.85,15m sweep of hour high then reject,t
2393,1000BONK/USDT,2026-10-06 14:00:00+00,2026-10-06 14:16:34.574883+00,bear,0.00375282,0.00377367,0.003773,0.85,15m sweep of hour high then reject,t
2384,SNXX/USDT,2026-10-06 14:00:00+00,2026-10-06 14:16:34.574883+00,bear,15.48521978,15.65991209,15.64,0.85,15m sweep of hour high then reject,t
2375,AXTI/USDT,2026-10-06 14:00:00+00,2026-10-06 14:16:34.574883+00,bear,85.30907298,85.96837081,85.86,0.85,15m sweep of hour high then reject,t
2366,BTW/USDT,2026-10-06 14:00:00+00,2026-10-06 14:16:34.574883+00,bull,1.18551273,1.20226817,1.1891,0.85,15m sweep of hour low then reclaim,t
2396,SQQQ/USDT,2026-10-06 14:00:00+00,2026-10-06 14:16:34.574883+00,bear,31.56825016,31.69669994,31.66,0.85,15m holding below hour open and EMA21,t
2387,AKT/USDT,2026-10-06 14:00:00+00,2026-10-06 14:16:34.574883+00,bull,0.75581641,0.76030898,0.7571,0.85,15m holding above hour open and EMA21,t
2378,RAYSOL/USDT,2026-10-06 14:00:00+00,2026-10-06 14:16:34.574883+00,bear,2.18244002,2.20254399,2.1968,0.85,15m holding below hour open and EMA21,t
2369,ZHIPU/USDT,2026-10-06 14:00:00+00,2026-10-06 14:16:34.574883+00,bull,90.66636991,90.88907523,90.73,0.85,15m holding above hour open and EMA21,t
2399,SOXS/USDT,2026-10-06 14:00:00+00,2026-10-06 14:16:34.574883+00,bear,28.76104902,29.01158039,29.01,0.85,15m sweep of hour high then reject,t
2390,COHR/USDT,2026-10-06 14:00:00+00,2026-10-06 14:16:34.574883+00,bear,335.39017121,337.30793152,337.1,0.85,15m sweep of hour high then reject,t
2381,MSTR/USDT,2026-10-06 14:00:00+00,2026-10-06 14:16:34.574883+00,bull,167.65120463,168.48698841,167.51,0.85,15m sweep of hour low then reclaim,t
2372,DELL/USDT,2026-10-06 14:00:00+00,2026-10-06 14:16:34.574883+00,bull,581.80441956,589.3539511,582.13,0.85,15m sweep of hour low then reclaim,t
2363,TSM/USDT,2026-10-06 14:00:00+00,2026-10-06 14:16:34.574883+00,bear,484.06015948,485.53393621,485.37,0.8,mixed 15m structure — EMA side only,t
2395,AKE/USDT,2026-10-06 14:00:00+00,2026-10-06 14:16:34.574883+00,bear,0.02992863,0.03017975,0.030108,0.85,15m holding below hour open and EMA21,t
2386,VVV/USDT,2026-10-06 14:00:00+00,2026-10-06 14:16:34.574883+00,bull,28.33955095,28.83512263,28.324,0.85,15m sweep of hour low then reclaim,t
2377,BMNR/USDT,2026-10-06 14:00:00+00,2026-10-06 14:16:34.574883+00,bull,26.80009719,26.90475703,26.77,0.85,15m sweep of hour low then reclaim,t
2368,MINIMAX/USDT,2026-10-06 14:00:00+00,2026-10-06 14:16:34.574883+00,bear,31.62845973,31.71061611,31.72,0.85,15m sweep of hour high then reject,t
2398,NFLX/USDT,2026-10-06 14:00:00+00,2026-10-06 14:16:34.574883+00,bear,67.59241784,67.72903286,67.72,0.85,15m sweep of hour high then reject,t
2389,LITE/USDT,2026-10-06 14:00:00+00,2026-10-06 14:16:34.574883+00,bear,1096.4444326,1102.27622696,1103.31,0.85,15m sweep of hour high then reject,t
2371,SKHY/USDT,2026-10-06 14:00:00+00,2026-10-06 14:16:34.574883+00,bear,189.6805593,190.84977628,190.7,0.85,mixed 15m structure — EMA side only,t
2415,AXTI/USDT,2026-10-06 14:00:00+00,2026-10-06 14:31:36.514974+00,bear,85.46081869,85.90767252,85.86,0.85,15m sweep of hour high then reject,t
2432,ORCL/USDT,2026-10-06 14:00:00+00,2026-10-06 14:31:36.514974+00,bull,144.3390728,145.82231801,144.32,0.85,15m sweep of hour low then reclaim,t
2423,DRAM/USDT,2026-10-06 14:00:00+00,2026-10-06 14:31:36.514974+00,bear,60.70724165,60.86510334,60.85,0.85,15m sweep of hour high then reject,t
2414,SOXL/USDT,2026-10-06 14:00:00+00,2026-10-06 14:31:36.514974+00,bear,167.58564733,168.37574107,168.4,0.85,15m sweep of hour high then reject,t
2440,XAG/USDT,2026-10-06 14:00:00+00,2026-10-06 14:31:36.514974+00,bear,60.93755911,61.08097636,61.13,0.85,15m sweep of hour high then reject,t
2431,AMD/USDT,2026-10-06 14:00:00+00,2026-10-06 14:31:36.514974+00,bull,641.94608524,644.3047869,641.56,0.85,15m sweep of hour low then reclaim,t
2422,INTC/USDT,2026-10-06 14:00:00+00,2026-10-06 14:31:36.514974+00,bear,115.60338372,116.06064651,116.06,0.85,15m sweep of hour high then reject,t
2413,EWY/USDT,2026-10-06 14:00:00+00,2026-10-06 14:31:36.514974+00,bear,189.34390114,189.70243954,189.75,0.85,15m sweep of hour high then reject,t
2411,SKHY/USDT,2026-10-06 14:00:00+00,2026-10-06 14:31:36.514974+00,bear,189.76517455,190.27593018,190.7,0.85,15m sweep of hour high then reject,t
2410,JPM/USDT,2026-10-06 14:00:00+00,2026-10-06 14:31:36.514974+00,bull,332.73088261,333.95279348,332.73,0.85,15m sweep of hour low then reclaim,t
2439,SOXS/USDT,2026-10-06 14:00:00+00,2026-10-06 14:31:36.514974+00,bull,28.88954949,29.06612628,28.91,0.85,15m sweep of hour low then reclaim,t
2430,COHR/USDT,2026-10-06 14:00:00+00,2026-10-06 14:31:36.514974+00,bear,335.85118389,337.12352644,337.1,0.85,15m sweep of hour high then reject,t
2421,MSTR/USDT,2026-10-06 14:00:00+00,2026-10-06 14:31:36.514974+00,bull,166.51513033,168.32717419,166.47,0.85,15m sweep of hour low then reclaim,t
2412,DELL/USDT,2026-10-06 14:00:00+00,2026-10-06 14:31:36.514974+00,bull,577.57750266,588.59624334,577.96,0.85,mixed 15m structure — EMA side only,t
2419,SPX/USDT,2026-10-06 14:00:00+00,2026-10-06 14:31:36.514974+00,bear,0.43296926,0.4345523,0.4348,0.85,15m sweep of hour high then reject,t
2428,USELESS/USDT,2026-10-06 14:00:00+00,2026-10-06 14:31:36.514974+00,bull,0.23279312,0.23704721,0.23272,0.85,15m sweep of hour low then reclaim,t
2437,1000SHIB/USDT,2026-10-06 14:00:00+00,2026-10-06 14:31:36.514974+00,bear,0.00586212,0.00587875,0.005888,0.85,15m sweep of hour high then reject,t
2405,CBRS/USDT,2026-10-06 14:00:00+00,2026-10-06 14:31:36.514974+00,bear,182.49278705,183.51088518,184.01,0.85,15m sweep of hour high then reject,t
2404,ARM/USDT,2026-10-06 14:00:00+00,2026-10-06 14:31:36.514974+00,bear,304.31791162,305.39883535,305.41,0.85,15m sweep of hour high then reject,t
2403,TSM/USDT,2026-10-06 14:00:00+00,2026-10-06 14:31:36.514974+00,bear,484.19254533,484.79098187,485.37,0.85,15m sweep of hour high then reject,t
2402,BE/USDT,2026-10-06 14:00:00+00,2026-10-06 14:31:36.514974+00,bear,294.49011914,295.39995234,295.14,0.85,15m holding below hour open and EMA21,t
2401,SPCX/USDT,2026-10-06 14:00:00+00,2026-10-06 14:31:36.514974+00,bull,174.49091013,175.11772467,174.49,0.85,15m sweep of hour low then reclaim,t
2438,NFLX/USDT,2026-10-06 14:00:00+00,2026-10-06 14:31:36.514974+00,bear,67.62579036,67.71568386,67.72,0.85,15m sweep of hour high then reject,t
2429,LITE/USDT,2026-10-06 14:00:00+00,2026-10-06 14:31:36.514974+00,bull,1099.39205318,1103.65486706,1092.78,0.85,15m sweep of hour low then reclaim,t
2420,GLW/USDT,2026-10-06 14:00:00+00,2026-10-06 14:31:36.514974+00,bull,164.46536259,165.00659352,164.56,0.85,15m sweep of hour low then reclaim,t
2436,SQQQ/USDT,2026-10-06 14:00:00+00,2026-10-06 14:31:36.514974+00,bear,31.5939741,31.82641036,31.85,0.85,15m sweep of hour high then reject,t
2427,AKT/USDT,2026-10-06 14:00:00+00,2026-10-06 14:31:36.514974+00,bear,0.75483985,0.75800406,0.7612,0.85,15m sweep of hour high then reject,t
2418,RAYSOL/USDT,2026-10-06 14:00:00+00,2026-10-06 14:31:36.514974+00,bear,2.1876749,2.20045004,2.1968,0.85,15m holding below hour open and EMA21,t
2407,QQQ/USDT,2026-10-06 14:00:00+00,2026-10-06 14:31:36.514974+00,bull,760.41139646,762.17650885,760.18,0.85,15m sweep of hour low then reclaim,t
2408,MINIMAX/USDT,2026-10-06 14:00:00+00,2026-10-06 14:31:36.514974+00,bear,31.64621264,31.69351494,31.72,0.85,15m sweep of hour high then reject,t
2435,AKE/USDT,2026-10-06 14:00:00+00,2026-10-06 14:31:36.514974+00,bear,0.02999239,0.03015424,0.030108,0.85,15m holding below hour open and EMA21,t
2426,VVV/USDT,2026-10-06 14:00:00+00,2026-10-06 14:31:36.514974+00,bear,28.57317318,28.72133073,28.72,0.85,15m sweep of hour high then reject,t
2417,BMNR/USDT,2026-10-06 14:00:00+00,2026-10-06 14:31:36.514974+00,bear,26.77706677,26.85117329,26.96,0.85,15m sweep of hour high then reject,t
2434,NVDA/USDT,2026-10-06 14:00:00+00,2026-10-06 14:31:36.514974+00,bull,241.70505642,242.79235895,241.83,0.85,mixed 15m structure — EMA side only,t
2425,SAMSUNG/USDT,2026-10-06 14:00:00+00,2026-10-06 14:31:36.514974+00,bear,203.38364065,203.93854374,203.94,0.85,15m sweep of hour high then reject,t
2416,NBIS/USDT,2026-10-06 14:00:00+00,2026-10-06 14:31:36.514974+00,bull,245.3478346,248.56541349,245.35,0.85,mixed 15m structure — EMA side only,t
2409,ZHIPU/USDT,2026-10-06 14:00:00+00,2026-10-06 14:31:36.514974+00,bear,90.62995104,90.79001959,90.8,0.85,15m sweep of hour high then reject,t
2433,1000BONK/USDT,2026-10-06 14:00:00+00,2026-10-06 14:31:36.514974+00,bear,0.00375747,0.00377081,0.003773,0.85,15m sweep of hour high then reject,t
2424,SNXX/USDT,2026-10-06 14:00:00+00,2026-10-06 14:31:36.514974+00,bear,15.52106622,15.64557351,15.64,0.85,15m sweep of hour high then reject,t
2406,BTW/USDT,2026-10-06 14:00:00+00,2026-10-06 14:31:36.514974+00,bull,1.18722292,1.1979927,1.1891,0.85,15m sweep of hour low then reclaim,t
2476,SQQQ/USDT,2026-10-06 14:00:00+00,2026-10-06 14:46:31.790748+00,bear,31.62606885,31.67357246,31.85,0.85,15m sweep of hour high then reject,t
2478,NFLX/USDT,2026-10-06 14:00:00+00,2026-10-06 14:46:31.790748+00,bull,67.67415321,67.72961697,67.58,0.85,15m sweep of hour low then reclaim,t
2469,LITE/USDT,2026-10-06 14:00:00+00,2026-10-06 14:46:31.790748+00,bull,1100.01271717,1102.10320707,1092.78,0.85,15m sweep of hour low then reclaim,t
2460,GLW/USDT,2026-10-06 14:00:00+00,2026-10-06 14:46:31.790748+00,bull,164.54755978,164.80110054,164.56,0.85,15m sweep of hour low then reclaim,t
2451,SKHY/USDT,2026-10-06 14:00:00+00,2026-10-06 14:46:31.790748+00,bear,189.95649089,190.19940364,190.7,0.85,15m sweep of hour high then reject,t
2442,BE/USDT,2026-10-06 14:00:00+00,2026-10-06 14:46:31.790748+00,bull,292.75012297,295.46469257,291.76,0.85,15m sweep of hour low then reclaim,t
2479,SOXS/USDT,2026-10-06 14:00:00+00,2026-10-06 14:46:31.790748+00,bear,28.87934397,29.10426241,29.29,0.85,15m sweep of hour high then reject,t
2470,COHR/USDT,2026-10-06 14:00:00+00,2026-10-06 14:46:31.790748+00,bear,336.34371634,336.92651346,337.1,0.85,15m sweep of hour high then reject,t
2461,MSTR/USDT,2026-10-06 14:00:00+00,2026-10-06 14:46:31.790748+00,bull,166.52719015,168.09702464,166.47,0.85,mixed 15m structure — EMA side only,t
2452,DELL/USDT,2026-10-06 14:00:00+00,2026-10-06 14:46:31.790748+00,bull,576.31472073,587.67819816,576.65,0.85,mixed 15m structure — EMA side only,t
2443,TSM/USDT,2026-10-06 14:00:00+00,2026-10-06 14:46:31.790748+00,bear,484.41516572,484.70193371,485.37,0.85,15m sweep of hour high then reject,t
2480,XAG/USDT,2026-10-06 14:00:00+00,2026-10-06 14:46:31.790748+00,bear,60.99256156,61.05897538,61.13,0.85,15m sweep of hour high then reject,t
2471,AMD/USDT,2026-10-06 14:00:00+00,2026-10-06 14:46:31.790748+00,bull,642.28392695,643.46018264,641.56,0.85,15m sweep of hour low then reclaim,t
2462,INTC/USDT,2026-10-06 14:00:00+00,2026-10-06 14:46:31.790748+00,bear,115.77210247,115.99315901,116.06,0.85,15m sweep of hour high then reject,t
2453,EWY/USDT,2026-10-06 14:00:00+00,2026-10-06 14:46:31.790748+00,bear,189.47501373,189.64999451,189.75,0.85,15m sweep of hour high then reject,t
2444,ARM/USDT,2026-10-06 14:00:00+00,2026-10-06 14:46:31.790748+00,bear,304.71442475,305.2402301,305.41,0.85,15m sweep of hour high then reject,t
2477,1000SHIB/USDT,2026-10-06 14:00:00+00,2026-10-06 14:46:31.790748+00,bear,0.00586824,0.0058763,0.005888,0.85,15m sweep of hour high then reject,t
2468,USELESS/USDT,2026-10-06 14:00:00+00,2026-10-06 14:46:31.790748+00,bull,0.23381613,0.23636467,0.23272,0.85,15m sweep of hour low then reclaim,t
2459,SPX/USDT,2026-10-06 14:00:00+00,2026-10-06 14:46:31.790748+00,bull,0.43367558,0.43466105,0.4318,0.85,15m sweep of hour low then reclaim,t
2450,JPM/USDT,2026-10-06 14:00:00+00,2026-10-06 14:46:31.790748+00,bull,332.68934646,333.78163386,332.54,0.85,15m sweep of hour low then reclaim,t
2441,SPCX/USDT,2026-10-06 14:00:00+00,2026-10-06 14:46:31.790748+00,bull,174.58633834,174.87915416,174.49,0.85,15m sweep of hour low then reclaim,t
2472,ORCL/USDT,2026-10-06 14:00:00+00,2026-10-06 14:46:31.790748+00,bull,145.23522895,145.73192761,144.32,0.85,15m sweep of hour low then reclaim,t
2463,DRAM/USDT,2026-10-06 14:00:00+00,2026-10-06 14:46:31.790748+00,bear,60.76446982,60.84221207,60.85,0.85,15m sweep of hour high then reject,t
2454,SOXL/USDT,2026-10-06 14:00:00+00,2026-10-06 14:46:31.790748+00,bull,167.18918573,168.42703568,166.21,0.85,15m sweep of hour low then reclaim,t
2445,CBRS/USDT,2026-10-06 14:00:00+00,2026-10-06 14:46:31.790748+00,bear,182.88490799,183.3540368,184.01,0.85,15m sweep of hour high then reject,t
2467,AKT/USDT,2026-10-06 14:00:00+00,2026-10-06 14:46:31.790748+00,bull,0.75660806,0.75832984,0.7533,0.85,15m sweep of hour low then reclaim,t
2458,RAYSOL/USDT,2026-10-06 14:00:00+00,2026-10-06 14:46:31.790748+00,bear,2.19239527,2.19856189,2.1968,0.85,15m holding below hour open and EMA21,t
2449,ZHIPU/USDT,2026-10-06 14:00:00+00,2026-10-06 14:46:31.790748+00,bull,90.71032685,90.77918287,90.72,0.85,15m sweep of hour low then reclaim,t
2475,AKE/USDT,2026-10-06 14:00:00+00,2026-10-06 14:46:31.790748+00,bear,0.03005416,0.03012954,0.030108,0.85,15m holding below hour open and EMA21,t
2466,VVV/USDT,2026-10-06 14:00:00+00,2026-10-06 14:46:31.790748+00,bull,28.45118816,28.73852961,28.173,0.85,15m sweep of hour low then reclaim,t
2457,BMNR/USDT,2026-10-06 14:00:00+00,2026-10-06 14:46:31.790748+00,bear,26.80432131,26.84027147,26.96,0.85,15m sweep of hour high then reject,t
2448,MINIMAX/USDT,2026-10-06 14:00:00+00,2026-10-06 14:46:31.790748+00,bear,31.66398728,31.71640509,31.72,0.85,mixed 15m structure — EMA side only,t
2474,NVDA/USDT,2026-10-06 14:00:00+00,2026-10-06 14:46:31.790748+00,bull,242.41601748,242.63995631,241.83,0.85,15m sweep of hour low then reclaim,t
2465,SAMSUNG/USDT,2026-10-06 14:00:00+00,2026-10-06 14:46:31.790748+00,bear,203.59647167,203.85341133,203.94,0.85,15m sweep of hour high then reject,t
2456,NBIS/USDT,2026-10-06 14:00:00+00,2026-10-06 14:46:31.790748+00,bull,246.78076655,248.18308364,245.35,0.85,15m sweep of hour low then reclaim,t
2447,QQQ/USDT,2026-10-06 14:00:00+00,2026-10-06 14:46:31.790748+00,bull,761.63468301,761.96829247,760.18,0.85,15m sweep of hour low then reclaim,t
2473,1000BONK/USDT,2026-10-06 14:00:00+00,2026-10-06 14:46:31.790748+00,bear,0.0037623,0.00376888,0.003773,0.85,15m sweep of hour high then reject,t
2464,SNXX/USDT,2026-10-06 14:00:00+00,2026-10-06 14:46:31.790748+00,bear,15.56623313,15.62750675,15.64,0.85,15m sweep of hour high then reject,t
2455,AXTI/USDT,2026-10-06 14:00:00+00,2026-10-06 14:46:31.790748+00,bear,85.62890206,85.84043918,85.86,0.85,15m sweep of hour high then reject,t
2446,BTW/USDT,2026-10-06 14:00:00+00,2026-10-06 14:46:31.790748+00,bull,1.18886689,1.19388279,1.1891,0.85,15m sweep of hour low then reclaim,t
2501,MSTR/USDT,2026-10-06 15:00:00+00,2026-10-06 15:01:38.874683+00,bull,168.07412974,169.61467566,168.48,0.85,mixed 15m structure — EMA side only,t
2482,BE/USDT,2026-10-06 15:00:00+00,2026-10-06 15:01:38.874683+00,bull,293.69076197,295.68309506,294.19,0.85,15m holding above hour open and EMA21,t
2483,TSM/USDT,2026-10-06 15:00:00+00,2026-10-06 15:01:38.874683+00,bear,483.28921008,484.49231597,484.27,0.85,mixed 15m structure — EMA side only,t
2484,ARM/USDT,2026-10-06 15:00:00+00,2026-10-06 15:01:38.874683+00,bull,305.9580169,308.37995774,306.51,0.85,15m sweep of hour low then reclaim,t
2485,CBRS/USDT,2026-10-06 15:00:00+00,2026-10-06 15:01:38.874683+00,bear,177.82030201,179.72387919,179.24,0.85,15m holding below hour open and EMA21,t
2486,BTW/USDT,2026-10-06 15:00:00+00,2026-10-06 15:01:38.874683+00,bull,1.18819965,1.21225087,1.1903,0.85,15m sweep of hour low then reclaim,t
2487,QQQ/USDT,2026-10-06 15:00:00+00,2026-10-06 15:01:38.874683+00,bull,762.188876,763.59280999,762.56,0.85,15m holding above hour open and EMA21,t
2488,MINIMAX/USDT,2026-10-06 15:00:00+00,2026-10-06 15:01:38.874683+00,bull,31.70420471,31.79448823,31.72,0.85,15m holding above hour open and EMA21,t
2489,ZHIPU/USDT,2026-10-06 15:00:00+00,2026-10-06 15:01:38.874683+00,bull,91.00607423,91.29981443,91.07,0.85,15m sweep of hour low then reclaim,t
2491,SKHY/USDT,2026-10-06 15:00:00+00,2026-10-06 15:01:38.874683+00,bear,188.56079258,189.58168297,189.38,0.85,15m sweep of hour high then reject,t
2490,JPM/USDT,2026-10-06 15:00:00+00,2026-10-06 15:01:38.874683+00,bear,331.71096172,332.60561531,332.35,0.85,15m holding below hour open and EMA21,t
2499,SPX/USDT,2026-10-06 15:00:00+00,2026-10-06 15:01:38.874683+00,bull,0.43463412,0.43811469,0.4354,0.85,mixed 15m structure — EMA side only,t
2508,USELESS/USDT,2026-10-06 15:00:00+00,2026-10-06 15:01:38.874683+00,bull,0.23549876,0.2409581,0.23648,0.85,mixed 15m structure — EMA side only,t
2517,1000SHIB/USDT,2026-10-06 15:00:00+00,2026-10-06 15:01:38.874683+00,bull,0.00587892,0.00591419,0.005889,0.85,15m holding above hour open and EMA21,t
2492,DELL/USDT,2026-10-06 15:00:00+00,2026-10-06 15:01:38.874683+00,bull,578.10976471,583.63058822,579.41,0.85,mixed 15m structure — EMA side only,t
2481,SPCX/USDT,2026-10-06 15:00:00+00,2026-10-06 15:01:38.874683+00,bull,174.69092209,175.87769477,175.01,0.85,15m holding above hour open and EMA21,t
2510,COHR/USDT,2026-10-06 15:00:00+00,2026-10-06 15:01:38.874683+00,bull,337.11782245,340.81544387,337.94,0.85,mixed 15m structure — EMA side only,t
2519,SOXS/USDT,2026-10-06 15:00:00+00,2026-10-06 15:01:38.874683+00,bear,28.69711423,29.05115431,28.97,0.85,15m holding below hour open and EMA21,t
2493,EWY/USDT,2026-10-06 15:00:00+00,2026-10-06 15:01:38.874683+00,bear,188.94610986,189.70755606,189.65,0.85,15m sweep of hour high then reject,t
2502,INTC/USDT,2026-10-06 15:00:00+00,2026-10-06 15:01:38.874683+00,bear,114.19357889,115.31856844,115.05,0.85,mixed 15m structure — EMA side only,t
2511,AMD/USDT,2026-10-06 15:00:00+00,2026-10-06 15:01:38.874683+00,bull,652.27517269,657.78706827,653.85,0.85,15m holding above hour open and EMA21,t
2520,XAG/USDT,2026-10-06 15:00:00+00,2026-10-06 15:01:38.874683+00,bear,60.92427269,61.26229092,61.22,0.75,mixed 15m structure — EMA side only,t
2494,SOXL/USDT,2026-10-06 15:00:00+00,2026-10-06 15:01:38.874683+00,bull,167.65690864,169.3127284,168.01,0.85,15m holding above hour open and EMA21,t
2503,DRAM/USDT,2026-10-06 15:00:00+00,2026-10-06 15:01:38.874683+00,bear,60.4807814,60.85568744,60.82,0.85,15m sweep of hour high then reject,t
2512,ORCL/USDT,2026-10-06 15:00:00+00,2026-10-06 15:01:38.874683+00,bull,145.12274616,145.77813459,145.24,0.85,15m sweep of hour low then reclaim,t
2495,AXTI/USDT,2026-10-06 15:00:00+00,2026-10-06 15:01:38.874683+00,bear,85.33331128,86.43467549,86.21,0.85,15m sweep of hour high then reject,t
2504,SNXX/USDT,2026-10-06 15:00:00+00,2026-10-06 15:01:38.874683+00,bear,15.35046673,15.65581331,15.61,0.85,mixed 15m structure — EMA side only,t
2513,1000BONK/USDT,2026-10-06 15:00:00+00,2026-10-06 15:01:38.874683+00,bull,0.00376609,0.00379378,0.003774,0.85,15m holding above hour open and EMA21,t
2496,NBIS/USDT,2026-10-06 15:00:00+00,2026-10-06 15:01:38.874683+00,bull,251.42933562,254.30166096,251.96,0.85,15m sweep of hour low then reclaim,t
2505,SAMSUNG/USDT,2026-10-06 15:00:00+00,2026-10-06 15:01:38.874683+00,bear,202.43336686,203.52065326,203.36,0.85,15m sweep of hour high then reject,t
2514,NVDA/USDT,2026-10-06 15:00:00+00,2026-10-06 15:01:38.874683+00,bull,242.22341036,243.2414741,242.48,0.85,mixed 15m structure — EMA side only,t
2497,BMNR/USDT,2026-10-06 15:00:00+00,2026-10-06 15:01:38.874683+00,bull,27.03811737,27.22970656,27.08,0.85,mixed 15m structure — EMA side only,t
2506,VVV/USDT,2026-10-06 15:00:00+00,2026-10-06 15:01:38.874683+00,bull,28.40704213,28.74289467,28.497,0.85,15m holding above hour open and EMA21,t
2515,AKE/USDT,2026-10-06 15:00:00+00,2026-10-06 15:01:38.874683+00,bear,0.02961937,0.02992405,0.029842,0.85,15m holding below hour open and EMA21,t
2498,RAYSOL/USDT,2026-10-06 15:00:00+00,2026-10-06 15:01:38.874683+00,bear,2.17266962,2.19763215,2.1921,0.85,15m sweep of hour high then reject,t
2507,AKT/USDT,2026-10-06 15:00:00+00,2026-10-06 15:01:38.874683+00,bull,0.76129458,0.76891356,0.7633,0.85,mixed 15m structure — EMA side only,t
2516,SQQQ/USDT,2026-10-06 15:00:00+00,2026-10-06 15:01:38.874683+00,bear,31.41808745,31.61676502,31.56,0.85,15m holding below hour open and EMA21,t
2500,GLW/USDT,2026-10-06 15:00:00+00,2026-10-06 15:01:38.874683+00,bull,166.20904126,167.36739685,166.46,0.85,15m sweep of hour low then reclaim,t
2509,LITE/USDT,2026-10-06 15:00:00+00,2026-10-06 15:01:38.874683+00,bull,1115.74435049,1127.59412377,1118.37,0.85,mixed 15m structure — EMA side only,t
2518,NFLX/USDT,2026-10-06 15:00:00+00,2026-10-06 15:01:38.874683+00,bull,68.06616113,68.28959718,68.13,0.85,15m holding above hour open and EMA21,t
2554,1000SHIB/USDT,2026-10-06 15:00:00+00,2026-10-06 15:16:40.26005+00,bull,0.0058818,0.00590699,0.005887,0.85,15m holding above hour open and EMA21,t
2541,INTC/USDT,2026-10-06 15:00:00+00,2026-10-06 15:16:40.26005+00,bear,114.38253736,115.09298506,115.05,0.85,15m sweep of hour high then reject,t
2552,NVDA/USDT,2026-10-06 15:00:00+00,2026-10-06 15:16:40.26005+00,bull,242.0141418,243.0646455,242.18,0.85,mixed 15m structure — EMA side only,t
2523,ARM/USDT,2026-10-06 15:00:00+00,2026-10-06 15:16:40.26005+00,bull,305.52084399,307.92289003,306.03,0.85,mixed 15m structure — EMA side only,t
2522,BE/USDT,2026-10-06 15:00:00+00,2026-10-06 15:16:40.26005+00,bull,293.85545564,295.27136091,294.19,0.85,15m sweep of hour low then reclaim,t
2531,GLW/USDT,2026-10-06 15:00:00+00,2026-10-06 15:16:40.26005+00,bull,166.25824355,167.24439112,166.46,0.85,15m sweep of hour low then reclaim,t
2540,MSTR/USDT,2026-10-06 15:00:00+00,2026-10-06 15:16:40.26005+00,bull,167.93885921,169.32785199,168.11,0.85,mixed 15m structure — EMA side only,t
2551,AMD/USDT,2026-10-06 15:00:00+00,2026-10-06 15:16:40.26005+00,bull,652.70714448,656.7071388,653.85,0.85,15m holding above hour open and EMA21,t
2560,MRVL/USDT,2026-10-06 15:00:00+00,2026-10-06 15:16:40.26005+00,bull,288.38643332,292.59891669,288.75,0.85,15m sweep of hour low then reclaim,t
2527,ZHIPU/USDT,2026-10-06 15:00:00+00,2026-10-06 15:16:40.26005+00,bull,91.03024763,91.23938093,91.07,0.85,15m sweep of hour low then reclaim,t
2536,CBRS/USDT,2026-10-06 15:00:00+00,2026-10-06 15:16:40.26005+00,bear,178.02800309,179.64079876,179.24,0.85,15m sweep of hour high then reject,t
2544,DRAM/USDT,2026-10-06 15:00:00+00,2026-10-06 15:16:40.26005+00,bear,60.54685209,60.78925916,60.82,0.85,15m sweep of hour high then reject,t
2529,QQQ/USDT,2026-10-06 15:00:00+00,2026-10-06 15:16:40.26005+00,bull,762.29533644,763.3266589,762.56,0.85,15m sweep of hour low then reclaim,t
2538,RAYSOL/USDT,2026-10-06 15:00:00+00,2026-10-06 15:16:40.26005+00,bull,2.18514701,2.20388248,2.1856,0.85,15m sweep of hour low then reclaim,t
2526,MINIMAX/USDT,2026-10-06 15:00:00+00,2026-10-06 15:16:40.26005+00,bull,31.71159215,31.77601961,31.72,0.85,15m sweep of hour low then reclaim,t
2535,AXTI/USDT,2026-10-06 15:00:00+00,2026-10-06 15:16:40.26005+00,bear,85.5255133,86.74779468,86.68,0.85,15m sweep of hour high then reject,t
2546,1000BONK/USDT,2026-10-06 15:00:00+00,2026-10-06 15:16:40.26005+00,bull,0.00376833,0.00378817,0.003772,0.85,15m holding above hour open and EMA21,t
2550,ORCL/USDT,2026-10-06 15:00:00+00,2026-10-06 15:16:40.26005+00,bull,145.16188404,145.6552899,145.24,0.85,mixed 15m structure — EMA side only,t
2559,SPY/USDT,2026-10-06 15:00:00+00,2026-10-06 15:16:40.26005+00,bull,780.76212601,781.59468498,780.91,0.85,15m sweep of hour low then reclaim,t
2542,SQQQ/USDT,2026-10-06 15:00:00+00,2026-10-06 15:16:40.26005+00,bear,31.45559785,31.60176086,31.56,0.85,15m holding below hour open and EMA21,t
2549,AAPL/USDT,2026-10-06 15:00:00+00,2026-10-06 15:16:40.26005+00,bear,332.70190556,333.53923777,333.51,0.85,15m sweep of hour high then reject,t
2558,MAGMA/USDT,2026-10-06 15:00:00+00,2026-10-06 15:16:40.26005+00,bear,0.20785651,0.2163114,0.2159,0.85,15m sweep of hour high then reject,t
2547,SAMSUNG/USDT,2026-10-06 15:00:00+00,2026-10-06 15:16:40.26005+00,bear,202.66469578,203.42812169,203.36,0.85,15m sweep of hour high then reject,t
2524,BTW/USDT,2026-10-06 15:00:00+00,2026-10-06 15:16:40.26005+00,bull,1.18686424,1.20808941,1.1886,0.85,mixed 15m structure — EMA side only,t
2533,EWY/USDT,2026-10-06 15:00:00+00,2026-10-06 15:16:40.26005+00,bear,189.09837841,189.74664863,189.7,0.85,15m sweep of hour high then reject,t
2545,SNXX/USDT,2026-10-06 15:00:00+00,2026-10-06 15:16:40.26005+00,bear,15.40125888,15.59549645,15.61,0.85,15m sweep of hour high then reject,t
2553,AKE/USDT,2026-10-06 15:00:00+00,2026-10-06 15:16:40.26005+00,bear,0.02967996,0.02989982,0.029842,0.85,15m sweep of hour high then reject,t
2556,USELESS/USDT,2026-10-06 15:00:00+00,2026-10-06 15:16:40.26005+00,bull,0.23697939,0.24020653,0.23648,0.85,15m sweep of hour low then reclaim,t
2532,SKHY/USDT,2026-10-06 15:00:00+00,2026-10-06 15:16:40.26005+00,bear,188.76255685,189.50097726,189.38,0.85,15m sweep of hour high then reject,t
2521,SPCX/USDT,2026-10-06 15:00:00+00,2026-10-06 15:16:40.26005+00,bull,173.81849727,175.68375683,174.06,0.85,mixed 15m structure — EMA side only,t
2530,JPM/USDT,2026-10-06 15:00:00+00,2026-10-06 15:16:40.26005+00,bear,331.87818891,332.66872444,332.68,0.85,15m sweep of hour high then reject,t
2528,NBIS/USDT,2026-10-06 15:00:00+00,2026-10-06 15:16:40.26005+00,bull,251.62126631,253.72183422,251.96,0.85,mixed 15m structure — EMA side only,t
2537,SPX/USDT,2026-10-06 15:00:00+00,2026-10-06 15:16:40.26005+00,bear,0.43385761,0.43643696,0.4363,0.85,15m sweep of hour high then reject,t
2548,COHR/USDT,2026-10-06 15:00:00+00,2026-10-06 15:16:40.26005+00,bull,338.14733845,340.29165386,337.94,0.85,15m sweep of hour low then reclaim,t
2557,DELL/USDT,2026-10-06 15:00:00+00,2026-10-06 15:16:40.26005+00,bull,577.42097149,582.62757126,578.02,0.85,mixed 15m structure — EMA side only,t
2539,LITE/USDT,2026-10-06 15:00:00+00,2026-10-06 15:16:40.26005+00,bull,1115.36586053,1125.54034866,1116.99,0.85,mixed 15m structure — EMA side only,t
2543,VVV/USDT,2026-10-06 15:00:00+00,2026-10-06 15:16:40.26005+00,bull,28.38301661,28.67545846,28.439,0.85,mixed 15m structure — EMA side only,t
2555,SOXS/USDT,2026-10-06 15:00:00+00,2026-10-06 15:16:40.26005+00,bear,28.76738766,29.02304494,28.97,0.85,15m sweep of hour high then reject,t
2525,BMNR/USDT,2026-10-06 15:00:00+00,2026-10-06 15:16:40.26005+00,bull,26.99243731,27.19390673,27.03,0.85,mixed 15m structure — EMA side only,t
2534,SOXL/USDT,2026-10-06 15:00:00+00,2026-10-06 15:16:40.26005+00,bull,167.786589,168.9885275,168.01,0.85,15m sweep of hour low then reclaim,t
2566,MINIMAX/USDT,2026-10-06 15:00:00+00,2026-10-06 15:31:43.012388+00,bull,31.71855464,31.75861341,31.72,0.85,15m sweep of hour low then reclaim,t
2561,SPCX/USDT,2026-10-06 15:00:00+00,2026-10-06 15:31:43.012388+00,bear,174.59982209,175.20207116,175.14,0.85,15m sweep of hour high then reject,t
2562,BE/USDT,2026-10-06 15:00:00+00,2026-10-06 15:31:43.012388+00,bull,293.99499979,294.92250053,294.19,0.85,15m sweep of hour low then reclaim,t
2563,ARM/USDT,2026-10-06 15:00:00+00,2026-10-06 15:31:43.012388+00,bear,305.82564501,306.979742,307.35,0.85,15m sweep of hour high then reject,t
2564,BTW/USDT,2026-10-06 15:00:00+00,2026-10-06 15:31:43.012388+00,bull,1.18917534,1.20406164,1.1886,0.85,15m sweep of hour low then reclaim,t
2565,BMNR/USDT,2026-10-06 15:00:00+00,2026-10-06 15:31:43.012388+00,bear,27.03175644,27.12729743,27.13,0.85,15m sweep of hour high then reject,t
2567,ZHIPU/USDT,2026-10-06 15:00:00+00,2026-10-06 15:31:43.012388+00,bull,91.05055839,91.18860402,91.07,0.85,15m sweep of hour low then reclaim,t
2568,NBIS/USDT,2026-10-06 15:00:00+00,2026-10-06 15:31:43.012388+00,bull,251.15065781,253.19835547,251.37,0.85,mixed 15m structure — EMA side only,t
2569,QQQ/USDT,2026-10-06 15:00:00+00,2026-10-06 15:31:43.012388+00,bull,762.23583874,763.07540315,762.38,0.85,mixed 15m structure — EMA side only,t
2572,SKHY/USDT,2026-10-06 15:00:00+00,2026-10-06 15:31:43.012388+00,bear,188.94341104,189.42863559,189.38,0.85,15m sweep of hour high then reject,t
2573,EWY/USDT,2026-10-06 15:00:00+00,2026-10-06 15:31:43.012388+00,bear,189.23506298,189.59197481,189.7,0.85,15m sweep of hour high then reject,t
2570,JPM/USDT,2026-10-06 15:00:00+00,2026-10-06 15:31:43.012388+00,bear,332.05137167,332.76945133,332.7,0.75,mixed 15m structure — EMA side only,t
2579,LITE/USDT,2026-10-06 15:00:00+00,2026-10-06 15:31:43.012388+00,bull,1112.63234919,1123.77412702,1113.41,0.85,mixed 15m structure — EMA side only,t
2588,COHR/USDT,2026-10-06 15:00:00+00,2026-10-06 15:31:43.012388+00,bear,337.67225675,339.1950973,339.53,0.85,15m sweep of hour high then reject,t
2597,DELL/USDT,2026-10-06 15:00:00+00,2026-10-06 15:31:43.012388+00,bull,577.13507154,581.66732116,577.4,0.85,mixed 15m structure — EMA side only,t
2571,GLW/USDT,2026-10-06 15:00:00+00,2026-10-06 15:31:43.012388+00,bull,166.35768759,166.99578104,166.46,0.85,15m sweep of hour low then reclaim,t
2580,MSTR/USDT,2026-10-06 15:00:00+00,2026-10-06 15:31:43.012388+00,bear,168.08453085,168.80618766,168.85,0.85,15m sweep of hour high then reject,t
2589,AAPL/USDT,2026-10-06 15:00:00+00,2026-10-06 15:31:43.012388+00,bull,333.11263242,333.69341894,332.81,0.85,15m sweep of hour low then reclaim,t
2598,MAGMA/USDT,2026-10-06 15:00:00+00,2026-10-06 15:31:43.012388+00,bear,0.20908381,0.21641047,0.2159,0.85,mixed 15m structure — EMA side only,t
2574,SOXL/USDT,2026-10-06 15:00:00+00,2026-10-06 15:31:43.012388+00,bull,166.95182229,168.72544426,167.11,0.85,mixed 15m structure — EMA side only,t
2583,VVV/USDT,2026-10-06 15:00:00+00,2026-10-06 15:31:43.012388+00,bear,28.38861163,28.54875535,28.551,0.85,15m sweep of hour high then reject,t
2592,NVDA/USDT,2026-10-06 15:00:00+00,2026-10-06 15:31:43.012388+00,bear,242.29274163,242.72290335,242.65,0.85,15m sweep of hour high then reject,t
2575,AXTI/USDT,2026-10-06 15:00:00+00,2026-10-06 15:31:43.012388+00,bear,85.72385213,86.27845915,86.68,0.85,15m sweep of hour high then reject,t
2584,DRAM/USDT,2026-10-06 15:00:00+00,2026-10-06 15:31:43.012388+00,bear,60.60729909,60.76508037,60.82,0.85,15m sweep of hour high then reject,t
2593,AKE/USDT,2026-10-06 15:00:00+00,2026-10-06 15:31:43.012388+00,bear,0.02973102,0.02993539,0.029955,0.85,15m sweep of hour high then reject,t
2576,CBRS/USDT,2026-10-06 15:00:00+00,2026-10-06 15:31:43.012388+00,bear,178.42783793,179.48086483,179.24,0.85,15m sweep of hour high then reject,t
2585,SNXX/USDT,2026-10-06 15:00:00+00,2026-10-06 15:31:43.012388+00,bear,15.45284459,15.57486217,15.61,0.85,15m sweep of hour high then reject,t
2594,1000SHIB/USDT,2026-10-06 15:00:00+00,2026-10-06 15:31:43.012388+00,bear,0.00587714,0.00589375,0.0059,0.85,15m sweep of hour high then reject,t
2577,SPX/USDT,2026-10-06 15:00:00+00,2026-10-06 15:31:43.012388+00,bear,0.43415055,0.43631978,0.4363,0.85,15m sweep of hour high then reject,t
2586,1000BONK/USDT,2026-10-06 15:00:00+00,2026-10-06 15:31:43.012388+00,bear,0.00376465,0.00377774,0.003782,0.85,15m sweep of hour high then reject,t
2595,SOXS/USDT,2026-10-06 15:00:00+00,2026-10-06 15:31:43.012388+00,bear,28.82701864,29.16919254,29.12,0.85,mixed 15m structure — EMA side only,t
2578,RAYSOL/USDT,2026-10-06 15:00:00+00,2026-10-06 15:31:43.012388+00,bear,2.18172181,2.19401128,2.2009,0.85,15m sweep of hour high then reject,t
2587,SAMSUNG/USDT,2026-10-06 15:00:00+00,2026-10-06 15:31:43.012388+00,bear,202.85831435,203.35067426,203.36,0.85,15m sweep of hour high then reject,t
2596,USELESS/USDT,2026-10-06 15:00:00+00,2026-10-06 15:31:43.012388+00,bull,0.23465256,0.23949861,0.23522,0.85,mixed 15m structure — EMA side only,t
2581,INTC/USDT,2026-10-06 15:00:00+00,2026-10-06 15:31:43.012388+00,bear,114.55429294,115.02428282,115.05,0.85,15m sweep of hour high then reject,t
2590,ORCL/USDT,2026-10-06 15:00:00+00,2026-10-06 15:31:43.012388+00,bull,145.04026505,145.53433738,145.01,0.85,15m sweep of hour low then reclaim,t
2599,SPY/USDT,2026-10-06 15:00:00+00,2026-10-06 15:31:43.012388+00,bull,780.84921184,781.3769704,780.91,0.85,15m sweep of hour low then reclaim,t
2582,SQQQ/USDT,2026-10-06 15:00:00+00,2026-10-06 15:31:43.012388+00,bear,31.49161643,31.58735343,31.57,0.85,15m holding below hour open and EMA21,t
2591,AMD/USDT,2026-10-06 15:00:00+00,2026-10-06 15:31:43.012388+00,bull,653.12344948,655.66637629,653.85,0.85,15m holding above hour open and EMA21,t
2600,MRVL/USDT,2026-10-06 15:00:00+00,2026-10-06 15:31:43.012388+00,bull,287.96941823,291.54145443,288.38,0.85,mixed 15m structure — EMA side only,t
2633,AKE/USDT,2026-10-06 15:00:00+00,2026-10-06 15:46:42.878415+00,bear,0.02978871,0.02993532,0.029955,0.85,mixed 15m structure — EMA side only,t
2640,MRVL/USDT,2026-10-06 15:00:00+00,2026-10-06 15:46:42.878415+00,bull,289.20099737,290.56250658,288.38,0.85,15m sweep of hour low then reclaim,t
2605,BMNR/USDT,2026-10-06 15:00:00+00,2026-10-06 15:46:42.878415+00,bear,27.06875806,27.11249678,27.13,0.85,15m sweep of hour high then reject,t
2611,GLW/USDT,2026-10-06 15:00:00+00,2026-10-06 15:46:42.878415+00,bull,166.45021375,166.76446564,166.46,0.85,15m sweep of hour low then reclaim,t
2631,AMD/USDT,2026-10-06 15:00:00+00,2026-10-06 15:46:42.878415+00,bull,653.50775161,654.70562098,653.85,0.85,15m holding above hour open and EMA21,t
2609,QQQ/USDT,2026-10-06 15:00:00+00,2026-10-06 15:46:42.878415+00,bull,762.30027553,762.81431118,762.25,0.85,mixed 15m structure — EMA side only,t
2618,RAYSOL/USDT,2026-10-06 15:00:00+00,2026-10-06 15:46:42.878415+00,bull,2.18880551,2.19473622,2.1856,0.85,15m sweep of hour low then reclaim,t
2622,SQQQ/USDT,2026-10-06 15:00:00+00,2026-10-06 15:46:42.878415+00,bear,31.5286953,31.57252188,31.57,0.85,15m holding below hour open and EMA21,t
2614,SOXL/USDT,2026-10-06 15:00:00+00,2026-10-06 15:46:42.878415+00,bull,167.59820402,168.40948996,167.11,0.85,15m sweep of hour low then reclaim,t
2634,1000SHIB/USDT,2026-10-06 15:00:00+00,2026-10-06 15:46:42.878415+00,bear,0.00588351,0.0058912,0.0059,0.85,15m sweep of hour high then reject,t
2603,ARM/USDT,2026-10-06 15:00:00+00,2026-10-06 15:46:42.878415+00,bear,306.25901156,306.80639538,307.35,0.85,15m sweep of hour high then reject,t
2612,SKHY/USDT,2026-10-06 15:00:00+00,2026-10-06 15:46:42.878415+00,bear,189.1146992,189.36012032,189.38,0.85,15m sweep of hour high then reject,t
2624,DRAM/USDT,2026-10-06 15:00:00+00,2026-10-06 15:46:42.878415+00,bear,60.66774557,60.74090177,60.82,0.85,15m sweep of hour high then reject,t
2632,NVDA/USDT,2026-10-06 15:00:00+00,2026-10-06 15:46:42.878415+00,bear,242.45879682,242.65648127,242.65,0.85,15m sweep of hour high then reject,t
2604,BTW/USDT,2026-10-06 15:00:00+00,2026-10-06 15:46:42.878415+00,bull,1.1887983,1.20050426,1.1886,0.85,mixed 15m structure — EMA side only,t
2613,EWY/USDT,2026-10-06 15:00:00+00,2026-10-06 15:46:42.878415+00,bear,189.37181789,189.53727284,189.7,0.85,15m sweep of hour high then reject,t
2628,COHR/USDT,2026-10-06 15:00:00+00,2026-10-06 15:46:42.878415+00,bear,338.22169096,338.97532362,339.53,0.85,15m sweep of hour high then reject,t
2637,DELL/USDT,2026-10-06 15:00:00+00,2026-10-06 15:46:42.878415+00,bull,575.31569805,580.81575489,575.4,0.85,mixed 15m structure — EMA side only,t
2625,SNXX/USDT,2026-10-06 15:00:00+00,2026-10-06 15:46:42.878415+00,bear,15.49811367,15.55675453,15.61,0.85,15m sweep of hour high then reject,t
2629,AAPL/USDT,2026-10-06 15:00:00+00,2026-10-06 15:46:42.878415+00,bull,333.22815591,333.47961022,332.81,0.85,15m sweep of hour low then reclaim,t
2638,MAGMA/USDT,2026-10-06 15:00:00+00,2026-10-06 15:46:42.878415+00,bear,0.21018503,0.21519999,0.2159,0.85,15m sweep of hour high then reject,t
2639,SPY/USDT,2026-10-06 15:00:00+00,2026-10-06 15:46:42.878415+00,bull,780.93067197,781.17332007,780.91,0.85,15m sweep of hour low then reclaim,t
2630,ORCL/USDT,2026-10-06 15:00:00+00,2026-10-06 15:46:42.878415+00,bull,145.01786732,145.4153317,144.91,0.85,15m sweep of hour low then reclaim,t
2623,VVV/USDT,2026-10-06 15:00:00+00,2026-10-06 15:46:42.878415+00,bear,28.45005412,28.52417835,28.551,0.85,15m sweep of hour high then reject,t
2607,ZHIPU/USDT,2026-10-06 15:00:00+00,2026-10-06 15:46:42.878415+00,bull,91.07127928,91.1368018,91.07,0.85,15m sweep of hour low then reclaim,t
2616,CBRS/USDT,2026-10-06 15:00:00+00,2026-10-06 15:46:42.878415+00,bear,178.83069057,179.31972377,179.24,0.85,15m sweep of hour high then reject,t
2627,SAMSUNG/USDT,2026-10-06 15:00:00+00,2026-10-06 15:46:42.878415+00,bear,203.04801448,203.27479421,203.36,0.85,15m sweep of hour high then reject,t
2636,USELESS/USDT,2026-10-06 15:00:00+00,2026-10-06 15:46:42.878415+00,bull,0.23487034,0.23872914,0.235,0.85,mixed 15m structure — EMA side only,t
2621,INTC/USDT,2026-10-06 15:00:00+00,2026-10-06 15:46:42.878415+00,bear,114.73474396,114.95210242,115.05,0.85,15m sweep of hour high then reject,t
2617,SPX/USDT,2026-10-06 15:00:00+00,2026-10-06 15:46:42.878415+00,bear,0.43497509,0.43598997,0.4363,0.85,15m sweep of hour high then reject,t
2615,AXTI/USDT,2026-10-06 15:00:00+00,2026-10-06 15:46:42.878415+00,bear,85.93093314,86.31562674,86.68,0.85,15m sweep of hour high then reject,t
2608,NBIS/USDT,2026-10-06 15:00:00+00,2026-10-06 15:46:42.878415+00,bull,251.92345005,252.69137487,251.37,0.85,15m sweep of hour low then reclaim,t
2606,MINIMAX/USDT,2026-10-06 15:00:00+00,2026-10-06 15:46:42.878415+00,bull,31.72452265,31.74369337,31.72,0.85,15m sweep of hour low then reclaim,t
2602,BE/USDT,2026-10-06 15:00:00+00,2026-10-06 15:46:42.878415+00,bull,294.1357468,294.570633,294.19,0.85,15m sweep of hour low then reclaim,t
2601,SPCX/USDT,2026-10-06 15:00:00+00,2026-10-06 15:46:42.878415+00,bull,173.91827132,175.23432171,173.41,0.85,15m sweep of hour low then reclaim,t
2610,JPM/USDT,2026-10-06 15:00:00+00,2026-10-06 15:46:42.878415+00,bear,332.20356546,332.40857381,332.7,0.85,15m sweep of hour high then reject,t
2620,MSTR/USDT,2026-10-06 15:00:00+00,2026-10-06 15:46:42.878415+00,bear,168.36546095,168.69381562,168.85,0.85,15m sweep of hour high then reject,t
2619,LITE/USDT,2026-10-06 15:00:00+00,2026-10-06 15:46:42.878415+00,bull,1115.30435446,1122.09411384,1113.41,0.85,15m sweep of hour low then reclaim,t
2626,1000BONK/USDT,2026-10-06 15:00:00+00,2026-10-06 15:46:42.878415+00,bear,0.00376951,0.0037758,0.003782,0.85,15m sweep of hour high then reject,t
2635,SOXS/USDT,2026-10-06 15:00:00+00,2026-10-06 15:46:42.878415+00,bear,28.89248709,29.04300516,29.12,0.85,15m sweep of hour high then reject,t
2657,SPX/USDT,2026-10-06 16:00:00+00,2026-10-06 16:01:44.753299+00,bear,0.41960667,0.42591733,0.4248,0.85,mixed 15m structure — EMA side only,t
2656,CBRS/USDT,2026-10-06 16:00:00+00,2026-10-06 16:01:44.753299+00,bear,175.0573607,177.04905572,176.54,0.85,15m holding below hour open and EMA21,t
2655,AXTI/USDT,2026-10-06 16:00:00+00,2026-10-06 16:01:44.753299+00,bear,84.96082407,86.14567037,85.89,0.85,mixed 15m structure — EMA side only,t
2664,DRAM/USDT,2026-10-06 16:00:00+00,2026-10-06 16:01:44.753299+00,bear,60.26638359,60.56544656,60.5,0.85,15m sweep of hour high then reject,t
2673,AKE/USDT,2026-10-06 16:00:00+00,2026-10-06 16:01:44.753299+00,bear,0.02959634,0.02996626,0.029909,0.85,mixed 15m structure — EMA side only,t
2677,DELL/USDT,2026-10-06 16:00:00+00,2026-10-06 16:01:44.753299+00,bull,573.89024211,578.60439472,574.91,0.85,mixed 15m structure — EMA side only,t
2668,COHR/USDT,2026-10-06 16:00:00+00,2026-10-06 16:01:44.753299+00,bear,333.17762295,336.60695082,335.74,0.85,mixed 15m structure — EMA side only,t
2659,LITE/USDT,2026-10-06 16:00:00+00,2026-10-06 16:01:44.753299+00,bull,1111.86275399,1120.88311504,1114.03,0.85,15m sweep of hour low then reclaim,t
2650,JPM/USDT,2026-10-06 16:00:00+00,2026-10-06 16:01:44.753299+00,bear,331.90778781,332.73688488,332.51,0.85,15m holding below hour open and EMA21,t
2653,EWY/USDT,2026-10-06 16:00:00+00,2026-10-06 16:01:44.753299+00,bear,188.7573899,189.44704404,189.29,0.85,15m sweep of hour high then reject,t
2652,SKHY/USDT,2026-10-06 16:00:00+00,2026-10-06 16:01:44.753299+00,bear,186.9984348,187.99462608,187.71,0.85,15m holding below hour open and EMA21,t
2649,QQQ/USDT,2026-10-06 16:00:00+00,2026-10-06 16:01:44.753299+00,bull,761.81048386,763.06879035,762.16,0.85,15m holding above hour open and EMA21,t
2648,NBIS/USDT,2026-10-06 16:00:00+00,2026-10-06 16:01:44.753299+00,bull,252.24396227,254.85509433,252.96,0.85,15m sweep of hour low then reclaim,t
2647,ZHIPU/USDT,2026-10-06 16:00:00+00,2026-10-06 16:01:44.753299+00,bull,91.36089704,91.6377574,91.44,0.85,15m holding above hour open and EMA21,t
2646,MINIMAX/USDT,2026-10-06 16:00:00+00,2026-10-06 16:01:44.753299+00,bull,31.76746997,31.84632507,31.79,0.85,15m holding above hour open and EMA21,t
2645,BMNR/USDT,2026-10-06 16:00:00+00,2026-10-06 16:01:44.753299+00,bear,26.50313247,26.71474701,26.67,0.85,mixed 15m structure — EMA side only,t
2644,BTW/USDT,2026-10-06 16:00:00+00,2026-10-06 16:01:44.753299+00,bull,1.19205044,1.2097239,1.1944,0.85,15m sweep of hour low then reclaim,t
2643,ARM/USDT,2026-10-06 16:00:00+00,2026-10-06 16:01:44.753299+00,bear,302.95490849,305.3080366,304.65,0.85,mixed 15m structure — EMA side only,t
2642,BE/USDT,2026-10-06 16:00:00+00,2026-10-06 16:01:44.753299+00,bull,297.28172427,299.30568933,297.64,0.85,15m sweep of hour low then reclaim,t
2641,SPCX/USDT,2026-10-06 16:00:00+00,2026-10-06 16:01:44.753299+00,bull,173.42629494,174.59426266,173.62,0.85,15m sweep of hour low then reclaim,t
2680,MRVL/USDT,2026-10-06 16:00:00+00,2026-10-06 16:01:44.753299+00,bull,289.65330902,295.37172746,290.94,0.85,mixed 15m structure — EMA side only,t
2671,AMD/USDT,2026-10-06 16:00:00+00,2026-10-06 16:01:44.753299+00,bull,654.45074172,659.24314571,655.63,0.85,15m holding above hour open and EMA21,t
2662,SQQQ/USDT,2026-10-06 16:00:00+00,2026-10-06 16:01:44.753299+00,bear,31.45384401,31.6304624,31.59,0.85,mixed 15m structure — EMA side only,t
2679,SPY/USDT,2026-10-06 16:00:00+00,2026-10-06 16:01:44.753299+00,bull,781.07358771,782.04103074,781.33,0.85,15m holding above hour open and EMA21,t
2670,ORCL/USDT,2026-10-06 16:00:00+00,2026-10-06 16:01:44.753299+00,bull,145.00197508,145.62506231,145.18,0.85,15m holding above hour open and EMA21,t
2661,INTC/USDT,2026-10-06 16:00:00+00,2026-10-06 16:01:44.753299+00,bear,113.17039551,114.0938418,113.91,0.85,15m sweep of hour high then reject,t
2676,USELESS/USDT,2026-10-06 16:00:00+00,2026-10-06 16:01:44.753299+00,bear,0.22935576,0.2337997,0.23302,0.85,mixed 15m structure — EMA side only,t
2667,SAMSUNG/USDT,2026-10-06 16:00:00+00,2026-10-06 16:01:44.753299+00,bear,202.28601959,203.20159216,203,0.85,15m sweep of hour high then reject,t
2658,RAYSOL/USDT,2026-10-06 16:00:00+00,2026-10-06 16:01:44.753299+00,bull,2.18220202,2.20809495,2.1896,0.85,15m holding above hour open and EMA21,t
2674,1000SHIB/USDT,2026-10-06 16:00:00+00,2026-10-06 16:01:44.753299+00,bear,0.0058355,0.0058684,0.005863,0.85,15m sweep of hour high then reject,t
2675,SOXS/USDT,2026-10-06 16:00:00+00,2026-10-06 16:01:44.753299+00,bear,28.84763197,29.17294721,29.1,0.85,15m holding below hour open and EMA21,t
2666,1000BONK/USDT,2026-10-06 16:00:00+00,2026-10-06 16:01:44.753299+00,bear,0.00368248,0.00371641,0.003708,0.85,mixed 15m structure — EMA side only,t
2665,SNXX/USDT,2026-10-06 16:00:00+00,2026-10-06 16:01:44.753299+00,bear,15.19334837,15.42666065,15.38,0.8,mixed 15m structure — EMA side only,t
2651,GLW/USDT,2026-10-06 16:00:00+00,2026-10-06 16:01:44.753299+00,bull,168.05512876,169.33217811,168.28,0.85,15m sweep of hour low then reclaim,t
2660,MSTR/USDT,2026-10-06 16:00:00+00,2026-10-06 16:01:44.753299+00,bear,164.33252696,166.02898921,165.64,0.85,mixed 15m structure — EMA side only,t
2669,AAPL/USDT,2026-10-06 16:00:00+00,2026-10-06 16:01:44.753299+00,bull,333.01447217,334.01381957,333.21,0.85,15m holding above hour open and EMA21,t
2678,MAGMA/USDT,2026-10-06 16:00:00+00,2026-10-06 16:01:44.753299+00,bear,0.21092811,0.21656476,0.21508,0.85,mixed 15m structure — EMA side only,t
2654,SOXL/USDT,2026-10-06 16:00:00+00,2026-10-06 16:01:44.753299+00,bull,166.9475379,168.53115526,167.3,0.85,15m holding above hour open and EMA21,t
2663,VVV/USDT,2026-10-06 16:00:00+00,2026-10-06 16:01:44.753299+00,bear,27.78991647,28.10763341,28.079,0.85,15m sweep of hour high then reject,t
2672,NVDA/USDT,2026-10-06 16:00:00+00,2026-10-06 16:01:44.753299+00,bear,241.1700857,241.97796572,241.84,0.75,mixed 15m structure — EMA side only,t
2693,SKHY/USDT,2026-10-06 16:00:00+00,2026-10-06 16:16:32.089699+00,bear,187.18592159,187.91963136,187.71,0.85,15m holding below hour open and EMA21,t
2684,BTW/USDT,2026-10-06 16:00:00+00,2026-10-06 16:16:32.089699+00,bull,1.19338258,1.20639355,1.1944,0.85,15m sweep of hour low then reclaim,t
2707,ORCL/USDT,2026-10-06 16:00:00+00,2026-10-06 16:16:32.089699+00,bull,145.05045406,145.50386486,145.15,0.85,15m holding above hour open and EMA21,t
2699,SOXL/USDT,2026-10-06 16:00:00+00,2026-10-06 16:16:32.089699+00,bear,166.48866278,167.76453489,167.54,0.85,15m sweep of hour high then reject,t
2709,SAMSUNG/USDT,2026-10-06 16:00:00+00,2026-10-06 16:16:32.089699+00,bear,202.45920348,203.13231861,203,0.85,15m sweep of hour high then reject,t
2694,MSTR/USDT,2026-10-06 16:00:00+00,2026-10-06 16:16:32.089699+00,bear,164.61990269,165.68403892,165.64,0.85,15m sweep of hour high then reject,t
2700,LITE/USDT,2026-10-06 16:00:00+00,2026-10-06 16:16:32.089699+00,bull,1109.58340035,1119.33149911,1111.08,0.85,mixed 15m structure — EMA side only,t
2685,CBRS/USDT,2026-10-06 16:00:00+00,2026-10-06 16:16:32.089699+00,bear,175.4805309,176.87978764,176.54,0.85,15m sweep of hour high then reject,t
2717,AMD/USDT,2026-10-06 16:00:00+00,2026-10-06 16:16:32.089699+00,bull,654.85273026,658.23817435,655.49,0.85,15m holding above hour open and EMA21,t
2713,COHR/USDT,2026-10-06 16:00:00+00,2026-10-06 16:16:32.089699+00,bear,333.66793502,336.05082599,335.74,0.85,15m sweep of hour high then reject,t
2691,QQQ/USDT,2026-10-06 16:00:00+00,2026-10-06 16:16:32.089699+00,bull,761.28060868,762.84347831,761.55,0.85,mixed 15m structure — EMA side only,t
2682,TSM/USDT,2026-10-06 16:00:00+00,2026-10-06 16:16:32.089699+00,bear,483.46191005,484.39723598,484.36,0.85,15m sweep of hour high then reject,t
2706,DRAM/USDT,2026-10-06 16:00:00+00,2026-10-06 16:16:32.089699+00,bear,60.32526241,60.54189504,60.5,0.85,15m sweep of hour high then reject,t
2698,SPX/USDT,2026-10-06 16:00:00+00,2026-10-06 16:16:32.089699+00,bear,0.42053767,0.42444493,0.4248,0.85,15m sweep of hour high then reject,t
2703,VVV/USDT,2026-10-06 16:00:00+00,2026-10-06 16:16:32.089699+00,bear,27.84779209,28.08048317,28.079,0.85,15m sweep of hour high then reject,t
2710,AAPL/USDT,2026-10-06 16:00:00+00,2026-10-06 16:16:32.089699+00,bull,333.06063942,333.79840144,333.21,0.85,mixed 15m structure — EMA side only,t
2690,DELL/USDT,2026-10-06 16:00:00+00,2026-10-06 16:16:32.089699+00,bull,570.67509464,577.86726341,571.65,0.85,mixed 15m structure — EMA side only,t
2681,BE/USDT,2026-10-06 16:00:00+00,2026-10-06 16:16:32.089699+00,bull,297.05102565,298.90743587,297.3,0.85,mixed 15m structure — EMA side only,t
2689,ZHIPU/USDT,2026-10-06 16:00:00+00,2026-10-06 16:16:32.089699+00,bull,91.35168073,91.58579818,91.4,0.85,mixed 15m structure — EMA side only,t
2683,ARM/USDT,2026-10-06 16:00:00+00,2026-10-06 16:16:32.089699+00,bear,303.27216028,305.13113589,304.65,0.85,15m sweep of hour high then reject,t
2692,EWY/USDT,2026-10-06 16:00:00+00,2026-10-06 16:16:32.089699+00,bear,188.8843562,189.39625752,189.29,0.85,15m sweep of hour high then reject,t
2686,NBIS/USDT,2026-10-06 16:00:00+00,2026-10-06 16:16:32.089699+00,bull,251.86823624,254.36940939,252.26,0.85,mixed 15m structure — EMA side only,t
2697,RAYSOL/USDT,2026-10-06 16:00:00+00,2026-10-06 16:16:32.089699+00,bull,2.18174496,2.20923759,2.1896,0.85,15m holding above hour open and EMA21,t
2718,SOXS/USDT,2026-10-06 16:00:00+00,2026-10-06 16:16:32.089699+00,bull,29.00664605,29.26338488,29.06,0.85,15m sweep of hour low then reclaim,t
2719,MAGMA/USDT,2026-10-06 16:00:00+00,2026-10-06 16:16:32.089699+00,bear,0.21204775,0.2163769,0.2154,0.85,mixed 15m structure — EMA side only,t
2714,AKE/USDT,2026-10-06 16:00:00+00,2026-10-06 16:16:32.089699+00,bear,0.02965505,0.02997278,0.02993,0.85,mixed 15m structure — EMA side only,t
2688,SPCX/USDT,2026-10-06 16:00:00+00,2026-10-06 16:16:32.089699+00,bull,173.52046745,174.35883137,173.62,0.85,15m sweep of hour low then reclaim,t
2711,1000BONK/USDT,2026-10-06 16:00:00+00,2026-10-06 16:16:32.089699+00,bear,0.00368869,0.00371292,0.003708,0.85,15m sweep of hour high then reject,t
2696,BMNR/USDT,2026-10-06 16:00:00+00,2026-10-06 16:16:32.089699+00,bear,26.54385816,26.67845674,26.67,0.85,15m sweep of hour high then reject,t
2687,MINIMAX/USDT,2026-10-06 16:00:00+00,2026-10-06 16:16:32.089699+00,bull,31.73303619,31.83240953,31.75,0.85,mixed 15m structure — EMA side only,t
2695,AXTI/USDT,2026-10-06 16:00:00+00,2026-10-06 16:16:32.089699+00,bear,85.17421949,85.9803122,85.89,0.85,15m sweep of hour high then reject,t
2701,GLW/USDT,2026-10-06 16:00:00+00,2026-10-06 16:16:32.089699+00,bull,166.6526584,169.16335401,166.91,0.85,mixed 15m structure — EMA side only,t
2704,CRCL/USDT,2026-10-06 16:00:00+00,2026-10-06 16:16:32.089699+00,bear,84.33219172,84.94512331,84.96,0.85,15m sweep of hour high then reject,t
2705,SQQQ/USDT,2026-10-06 16:00:00+00,2026-10-06 16:16:32.089699+00,bear,31.48650917,31.70739633,31.67,0.85,mixed 15m structure — EMA side only,t
2715,CRWV/USDT,2026-10-06 16:00:00+00,2026-10-06 16:16:32.089699+00,bull,90.52138906,91.66652736,90.68,0.85,mixed 15m structure — EMA side only,t
2708,SNXX/USDT,2026-10-06 16:00:00+00,2026-10-06 16:16:32.089699+00,bear,15.24391381,15.41643448,15.38,0.8,mixed 15m structure — EMA side only,t
2716,1000SHIB/USDT,2026-10-06 16:00:00+00,2026-10-06 16:16:32.089699+00,bear,0.0058415,0.005866,0.005863,0.85,15m sweep of hour high then reject,t
2720,USELESS/USDT,2026-10-06 16:00:00+00,2026-10-06 16:16:32.089699+00,bear,0.23016431,0.23298628,0.23302,0.85,15m sweep of hour high then reject,t
2712,NVDA/USDT,2026-10-06 16:00:00+00,2026-10-06 16:16:32.089699+00,bear,241.32150447,241.90739821,241.84,0.85,15m sweep of hour high then reject,t
2702,INTC/USDT,2026-10-06 16:00:00+00,2026-10-06 16:16:32.089699+00,bear,113.3371374,114.02714504,113.91,0.85,15m sweep of hour high then reject,t
2745,SQQQ/USDT,2026-10-06 16:00:00+00,2026-10-06 16:31:44.287776+00,bear,31.51964073,31.72414371,31.74,0.85,15m sweep of hour high then reject,t
2752,NVDA/USDT,2026-10-06 16:00:00+00,2026-10-06 16:31:44.287776+00,bear,241.4605372,241.85178512,241.84,0.85,15m sweep of hour high then reject,t
2747,ORCL/USDT,2026-10-06 16:00:00+00,2026-10-06 16:31:44.287776+00,bull,145.09640763,145.38898093,145.1,0.85,15m sweep of hour low then reclaim,t
2751,1000BONK/USDT,2026-10-06 16:00:00+00,2026-10-06 16:31:44.287776+00,bear,0.00369482,0.00371047,0.003708,0.85,15m sweep of hour high then reject,t
2739,SOXL/USDT,2026-10-06 16:00:00+00,2026-10-06 16:31:44.287776+00,bear,166.79826645,167.64069342,167.54,0.85,15m sweep of hour high then reject,t
2735,AXTI/USDT,2026-10-06 16:00:00+00,2026-10-06 16:31:44.287776+00,bear,85.37741842,85.89903263,85.89,0.85,15m sweep of hour high then reject,t
2730,DELL/USDT,2026-10-06 16:00:00+00,2026-10-06 16:31:44.287776+00,bull,573.79271954,577.04820115,571.65,0.85,15m sweep of hour low then reclaim,t
2754,AKE/USDT,2026-10-06 16:00:00+00,2026-10-06 16:31:44.287776+00,bull,0.02975907,0.02989182,0.029788,0.85,15m sweep of hour low then reclaim,t
2723,ARM/USDT,2026-10-06 16:00:00+00,2026-10-06 16:31:44.287776+00,bear,303.72451151,304.9501954,304.65,0.85,15m sweep of hour high then reject,t
2722,TSM/USDT,2026-10-06 16:00:00+00,2026-10-06 16:31:44.287776+00,bull,483.93592906,484.61517734,482.85,0.85,15m sweep of hour low then reclaim,t
2721,BE/USDT,2026-10-06 16:00:00+00,2026-10-06 16:31:44.287776+00,bull,296.51401416,298.5499646,296.38,0.85,15m sweep of hour low then reclaim,t
2724,BTW/USDT,2026-10-06 16:00:00+00,2026-10-06 16:31:44.287776+00,bull,1.1947082,1.2030795,1.1944,0.85,15m sweep of hour low then reclaim,t
2725,CBRS/USDT,2026-10-06 16:00:00+00,2026-10-06 16:31:44.287776+00,bear,175.84407621,176.73436951,176.54,0.85,15m sweep of hour high then reject,t
2726,NBIS/USDT,2026-10-06 16:00:00+00,2026-10-06 16:31:44.287776+00,bull,251.8493877,253.86653075,251.7,0.85,15m sweep of hour low then reclaim,t
2727,MINIMAX/USDT,2026-10-06 16:00:00+00,2026-10-06 16:31:44.287776+00,bull,31.77889983,31.81775042,31.75,0.85,15m sweep of hour low then reclaim,t
2748,SNXX/USDT,2026-10-06 16:00:00+00,2026-10-06 16:31:44.287776+00,bear,15.28446565,15.48021374,15.47,0.85,mixed 15m structure — EMA side only,t
2728,SPCX/USDT,2026-10-06 16:00:00+00,2026-10-06 16:31:44.287776+00,bear,173.35760266,173.92095893,174.18,0.85,15m sweep of hour high then reject,t
2744,CRCL/USDT,2026-10-06 16:00:00+00,2026-10-06 16:31:44.287776+00,bear,84.49307946,84.88076822,84.96,0.85,15m sweep of hour high then reject,t
2746,DRAM/USDT,2026-10-06 16:00:00+00,2026-10-06 16:31:44.287776+00,bear,60.38170811,60.51931676,60.5,0.85,15m sweep of hour high then reject,t
2729,ZHIPU/USDT,2026-10-06 16:00:00+00,2026-10-06 16:31:44.287776+00,bull,91.37287166,91.53282086,91.39,0.85,mixed 15m structure — EMA side only,t
2738,SPX/USDT,2026-10-06 16:00:00+00,2026-10-06 16:31:44.287776+00,bear,0.42140486,0.42469806,0.4248,0.85,15m sweep of hour high then reject,t
2734,MSTR/USDT,2026-10-06 16:00:00+00,2026-10-06 16:31:44.287776+00,bear,164.89999986,165.57200006,165.64,0.85,15m sweep of hour high then reject,t
2759,MAGMA/USDT,2026-10-06 16:00:00+00,2026-10-06 16:31:44.287776+00,bull,0.21392767,0.21642083,0.21407,0.85,15m sweep of hour low then reclaim,t
2742,INTC/USDT,2026-10-06 16:00:00+00,2026-10-06 16:31:44.287776+00,bear,113.52207836,113.95316866,113.91,0.85,15m sweep of hour high then reject,t
2736,BMNR/USDT,2026-10-06 16:00:00+00,2026-10-06 16:31:44.287776+00,bear,26.57756947,26.66497221,26.67,0.85,15m sweep of hour high then reject,t
2733,SKHY/USDT,2026-10-06 16:00:00+00,2026-10-06 16:31:44.287776+00,bear,187.37848578,187.84260569,187.71,0.85,15m holding below hour open and EMA21,t
2753,COHR/USDT,2026-10-06 16:00:00+00,2026-10-06 16:31:44.287776+00,bear,334.23002484,335.82599006,335.74,0.85,15m sweep of hour high then reject,t
2741,GLW/USDT,2026-10-06 16:00:00+00,2026-10-06 16:31:44.287776+00,bull,168.08378736,168.93553159,166.91,0.85,15m sweep of hour low then reclaim,t
2750,AAPL/USDT,2026-10-06 16:00:00+00,2026-10-06 16:31:44.287776+00,bear,332.94425637,333.44229745,333.33,0.85,15m sweep of hour high then reject,t
2732,EWY/USDT,2026-10-06 16:00:00+00,2026-10-06 16:31:44.287776+00,bear,189.02173315,189.34130674,189.29,0.85,15m sweep of hour high then reject,t
2756,1000SHIB/USDT,2026-10-06 16:00:00+00,2026-10-06 16:31:44.287776+00,bear,0.00584753,0.00586359,0.005863,0.85,15m sweep of hour high then reject,t
2740,LITE/USDT,2026-10-06 16:00:00+00,2026-10-06 16:31:44.287776+00,bull,1113.06893608,1117.86765979,1111.08,0.85,15m sweep of hour low then reclaim,t
2758,SOXS/USDT,2026-10-06 16:00:00+00,2026-10-06 16:31:44.287776+00,bull,29.03223405,29.19941488,29.06,0.85,15m sweep of hour low then reclaim,t
2737,RAYSOL/USDT,2026-10-06 16:00:00+00,2026-10-06 16:31:44.287776+00,bull,2.18428097,2.20289757,2.1896,0.85,15m holding above hour open and EMA21,t
2757,AMD/USDT,2026-10-06 16:00:00+00,2026-10-06 16:31:44.287776+00,bull,655.21599026,657.33002434,655.49,0.85,15m sweep of hour low then reclaim,t
2743,VVV/USDT,2026-10-06 16:00:00+00,2026-10-06 16:31:44.287776+00,bear,27.9094511,28.05581956,28.079,0.85,15m sweep of hour high then reject,t
2749,SAMSUNG/USDT,2026-10-06 16:00:00+00,2026-10-06 16:31:44.287776+00,bear,202.63766771,203.06093292,203,0.85,15m sweep of hour high then reject,t
2731,QQQ/USDT,2026-10-06 16:00:00+00,2026-10-06 16:31:44.287776+00,bear,761.73583086,762.34366765,762.3,0.85,15m sweep of hour high then reject,t
2760,USELESS/USDT,2026-10-06 16:00:00+00,2026-10-06 16:31:44.287776+00,bear,0.23091316,0.23268674,0.23302,0.85,15m sweep of hour high then reject,t
2755,CRWV/USDT,2026-10-06 16:00:00+00,2026-10-06 16:31:44.287776+00,bull,90.55252324,91.48869191,90.39,0.85,15m sweep of hour low then reclaim,t
2779,SOXL/USDT,2026-10-06 16:00:00+00,2026-10-06 16:46:44.246031+00,bear,167.12072404,167.51171038,167.54,0.85,15m sweep of hour high then reject,t
2795,CRWV/USDT,2026-10-06 16:00:00+00,2026-10-06 16:46:44.246031+00,bull,91.10401524,91.33496189,90.39,0.85,15m sweep of hour low then reclaim,t
2786,DRAM/USDT,2026-10-06 16:00:00+00,2026-10-06 16:46:44.246031+00,bear,60.43507145,60.49797142,60.5,0.85,15m sweep of hour high then reject,t
2777,RAYSOL/USDT,2026-10-06 16:00:00+00,2026-10-06 16:46:44.246031+00,bull,2.18675281,2.19671798,2.1896,0.85,15m holding above hour open and EMA21,t
2773,SKHY/USDT,2026-10-06 16:00:00+00,2026-10-06 16:46:44.246031+00,bear,187.55424018,187.77230393,187.71,0.85,15m holding below hour open and EMA21,t
2772,EWY/USDT,2026-10-06 16:00:00+00,2026-10-06 16:46:44.246031+00,bear,189.14485681,189.29205727,189.29,0.85,15m sweep of hour high then reject,t
2800,USELESS/USDT,2026-10-06 16:00:00+00,2026-10-06 16:46:44.246031+00,bear,0.23150529,0.23244988,0.23302,0.85,15m sweep of hour high then reject,t
2799,MAGMA/USDT,2026-10-06 16:00:00+00,2026-10-06 16:46:44.246031+00,bear,0.21380941,0.21815223,0.21967,0.85,15m sweep of hour high then reject,t
2798,SOXS/USDT,2026-10-06 16:00:00+00,2026-10-06 16:46:44.246031+00,bull,29.05789434,29.13526414,29.06,0.85,15m sweep of hour low then reclaim,t
2797,AMD/USDT,2026-10-06 16:00:00+00,2026-10-06 16:46:44.246031+00,bull,655.54412368,656.5096908,655.49,0.85,15m sweep of hour low then reclaim,t
2794,AKE/USDT,2026-10-06 16:00:00+00,2026-10-06 16:46:44.246031+00,bear,0.02974901,0.02981619,0.030093,0.85,15m sweep of hour high then reject,t
2790,AAPL/USDT,2026-10-06 16:00:00+00,2026-10-06 16:46:44.246031+00,bear,333.12839538,333.36864185,333.33,0.85,15m sweep of hour high then reject,t
2789,SAMSUNG/USDT,2026-10-06 16:00:00+00,2026-10-06 16:46:44.246031+00,bear,202.80165507,202.99533797,203,0.85,15m sweep of hour high then reject,t
2796,1000SHIB/USDT,2026-10-06 16:00:00+00,2026-10-06 16:46:44.246031+00,bear,0.00585373,0.00586111,0.005863,0.85,15m sweep of hour high then reject,t
2787,ORCL/USDT,2026-10-06 16:00:00+00,2026-10-06 16:46:44.246031+00,bull,145.13420756,145.29448111,145.1,0.85,15m sweep of hour low then reclaim,t
2793,COHR/USDT,2026-10-06 16:00:00+00,2026-10-06 16:46:44.246031+00,bull,335.15423733,335.90940668,333.03,0.85,15m sweep of hour low then reclaim,t
2784,CRCL/USDT,2026-10-06 16:00:00+00,2026-10-06 16:46:44.246031+00,bear,84.6439132,84.82043472,84.96,0.85,15m sweep of hour high then reject,t
2792,NVDA/USDT,2026-10-06 16:00:00+00,2026-10-06 16:46:44.246031+00,bear,241.60822357,241.79271057,241.84,0.85,15m sweep of hour high then reject,t
2783,VVV/USDT,2026-10-06 16:00:00+00,2026-10-06 16:46:44.246031+00,bear,27.96401325,28.0339947,28.079,0.85,15m sweep of hour high then reject,t
2791,1000BONK/USDT,2026-10-06 16:00:00+00,2026-10-06 16:46:44.246031+00,bear,0.00370082,0.00370807,0.003708,0.85,15m sweep of hour high then reject,t
2782,INTC/USDT,2026-10-06 16:00:00+00,2026-10-06 16:46:44.246031+00,bear,113.67376616,114.22249354,114.16,0.85,mixed 15m structure — EMA side only,t
2781,GLW/USDT,2026-10-06 16:00:00+00,2026-10-06 16:46:44.246031+00,bull,168.32374652,168.6606337,166.91,0.85,15m sweep of hour low then reclaim,t
2762,TSM/USDT,2026-10-06 16:00:00+00,2026-10-06 16:46:44.246031+00,bear,483.90709004,484.47916398,484.58,0.85,15m sweep of hour high then reject,t
2763,ARM/USDT,2026-10-06 16:00:00+00,2026-10-06 16:46:44.246031+00,bear,304.19887298,304.76045081,304.65,0.85,15m sweep of hour high then reject,t
2764,BTW/USDT,2026-10-06 16:00:00+00,2026-10-06 16:46:44.246031+00,bull,1.19300561,1.20008596,1.194,0.85,mixed 15m structure — EMA side only,t
2765,CBRS/USDT,2026-10-06 16:00:00+00,2026-10-06 16:46:44.246031+00,bear,176.17066405,177.27373438,177.15,0.85,mixed 15m structure — EMA side only,t
2774,MSTR/USDT,2026-10-06 16:00:00+00,2026-10-06 16:46:44.246031+00,bear,165.15941086,165.46823566,165.64,0.85,15m sweep of hour high then reject,t
2766,NBIS/USDT,2026-10-06 16:00:00+00,2026-10-06 16:46:44.246031+00,bull,252.82216897,253.40957758,251.7,0.85,15m sweep of hour low then reclaim,t
2775,AXTI/USDT,2026-10-06 16:00:00+00,2026-10-06 16:46:44.246031+00,bear,85.58103067,85.81758773,85.89,0.85,15m sweep of hour high then reject,t
2780,LITE/USDT,2026-10-06 16:00:00+00,2026-10-06 16:46:44.246031+00,bull,1113.76246514,1116.13383715,1111.08,0.85,15m sweep of hour low then reclaim,t
2771,QQQ/USDT,2026-10-06 16:00:00+00,2026-10-06 16:46:44.246031+00,bull,761.58764232,762.37589421,761.06,0.85,15m sweep of hour low then reclaim,t
2770,DELL/USDT,2026-10-06 16:00:00+00,2026-10-06 16:46:44.246031+00,bull,575.11357979,576.22105051,571.65,0.85,15m sweep of hour low then reclaim,t
2767,MINIMAX/USDT,2026-10-06 16:00:00+00,2026-10-06 16:46:44.246031+00,bull,31.7849374,31.80265651,31.75,0.85,15m sweep of hour low then reclaim,t
2769,ZHIPU/USDT,2026-10-06 16:00:00+00,2026-10-06 16:46:44.246031+00,bull,91.27214293,91.48464268,91.27,0.85,mixed 15m structure — EMA side only,t
2768,SPCX/USDT,2026-10-06 16:00:00+00,2026-10-06 16:46:44.246031+00,bear,173.57051499,173.83579401,174.18,0.85,15m sweep of hour high then reject,t
2785,SQQQ/USDT,2026-10-06 16:00:00+00,2026-10-06 16:46:44.246031+00,bear,31.55207573,31.68116971,31.74,0.85,15m sweep of hour high then reject,t
2776,BMNR/USDT,2026-10-06 16:00:00+00,2026-10-06 16:46:44.246031+00,bear,26.61093057,26.65162777,26.67,0.85,15m sweep of hour high then reject,t
2778,SPX/USDT,2026-10-06 16:00:00+00,2026-10-06 16:46:44.246031+00,bear,0.42218643,0.42318543,0.4248,0.85,15m sweep of hour high then reject,t
2788,SNXX/USDT,2026-10-06 16:00:00+00,2026-10-06 16:46:44.246031+00,bear,15.32483977,15.41406409,15.47,0.85,15m sweep of hour high then reject,t
2761,BE/USDT,2026-10-06 16:00:00+00,2026-10-06 16:46:44.246031+00,bull,297.17134221,298.18164447,296.38,0.85,15m sweep of hour low then reclaim,t
2820,LITE/USDT,2026-10-06 17:00:00+00,2026-10-06 17:01:44.923222+00,bull,1124.10658634,1135.12853415,1126.54,0.85,mixed 15m structure — EMA side only,t
2839,MAGMA/USDT,2026-10-06 17:00:00+00,2026-10-06 17:01:44.923222+00,bear,0.21517821,0.21991271,0.2188,0.85,15m sweep of hour high then reject,t
2830,AAPL/USDT,2026-10-06 17:00:00+00,2026-10-06 17:01:44.923222+00,bear,331.92476918,332.92409233,332.73,0.8,mixed 15m structure — EMA side only,t
2821,GLW/USDT,2026-10-06 17:00:00+00,2026-10-06 17:01:44.923222+00,bull,168.92571507,170.37571233,169.33,0.85,15m holding above hour open and EMA21,t
2837,AMD/USDT,2026-10-06 17:00:00+00,2026-10-06 17:01:44.923222+00,bull,654.78768991,658.71577522,655.63,0.85,15m holding above hour open and EMA21,t
2824,CRCL/USDT,2026-10-06 17:00:00+00,2026-10-06 17:01:44.923222+00,bear,83.76558773,84.50576491,84.33,0.85,mixed 15m structure — EMA side only,t
2822,INTC/USDT,2026-10-06 17:00:00+00,2026-10-06 17:01:44.923222+00,bear,113.85478696,114.77208521,114.64,0.85,15m sweep of hour high then reject,t
2823,VVV/USDT,2026-10-06 17:00:00+00,2026-10-06 17:01:44.923222+00,bear,27.48915311,27.78013875,27.719,0.85,15m holding below hour open and EMA21,t
2832,NVDA/USDT,2026-10-06 17:00:00+00,2026-10-06 17:01:44.923222+00,bear,240.21245364,240.97101854,240.85,0.85,mixed 15m structure — EMA side only,t
2828,SNXX/USDT,2026-10-06 17:00:00+00,2026-10-06 17:01:44.923222+00,bear,15.22875632,15.42649747,15.38,0.8,mixed 15m structure — EMA side only,t
2829,SAMSUNG/USDT,2026-10-06 17:00:00+00,2026-10-06 17:01:44.923222+00,bear,201.78579219,202.57568312,202.39,0.85,mixed 15m structure — EMA side only,t
2831,1000BONK/USDT,2026-10-06 17:00:00+00,2026-10-06 17:01:44.923222+00,bear,0.00366053,0.00369359,0.003687,0.85,mixed 15m structure — EMA side only,t
2840,USELESS/USDT,2026-10-06 17:00:00+00,2026-10-06 17:01:44.923222+00,bear,0.22336019,0.22718192,0.22635,0.85,15m holding below hour open and EMA21,t
2838,SOXS/USDT,2026-10-06 17:00:00+00,2026-10-06 17:01:44.923222+00,bull,29.10093803,29.41265492,29.19,0.85,15m holding above hour open and EMA21,t
2819,SOXL/USDT,2026-10-06 17:00:00+00,2026-10-06 17:01:44.923222+00,bear,165.58146432,167.17541427,166.82,0.85,15m sweep of hour high then reject,t
2826,DRAM/USDT,2026-10-06 17:00:00+00,2026-10-06 17:01:44.923222+00,bear,60.13505171,60.39397932,60.33,0.85,15m holding below hour open and EMA21,t
2817,RAYSOL/USDT,2026-10-06 17:00:00+00,2026-10-06 17:01:44.923222+00,bull,2.23975013,2.29077468,2.2491,0.85,mixed 15m structure — EMA side only,t
2833,COHR/USDT,2026-10-06 17:00:00+00,2026-10-06 17:01:44.923222+00,bull,336.79371152,340.42072121,337.64,0.85,mixed 15m structure — EMA side only,t
2801,BE/USDT,2026-10-06 17:00:00+00,2026-10-06 17:01:44.923222+00,bull,296.28461365,298.53346588,296.7,0.85,mixed 15m structure — EMA side only,t
2802,TSM/USDT,2026-10-06 17:00:00+00,2026-10-06 17:01:44.923222+00,bear,483.38121443,484.75951423,484.57,0.85,mixed 15m structure — EMA side only,t
2803,ARM/USDT,2026-10-06 17:00:00+00,2026-10-06 17:01:44.923222+00,bear,301.39075615,303.72769754,303.11,0.85,15m holding below hour open and EMA21,t
2834,AKE/USDT,2026-10-06 17:00:00+00,2026-10-06 17:01:44.923222+00,bear,0.02955673,0.02982731,0.029766,0.85,15m holding below hour open and EMA21,t
2804,BTW/USDT,2026-10-06 17:00:00+00,2026-10-06 17:01:44.923222+00,bull,1.19149822,1.20830446,1.1951,0.85,15m holding above hour open and EMA21,t
2813,SKHY/USDT,2026-10-06 17:00:00+00,2026-10-06 17:01:44.923222+00,bear,186.32220859,187.20111657,187.04,0.85,15m holding below hour open and EMA21,t
2827,ORCL/USDT,2026-10-06 17:00:00+00,2026-10-06 17:01:44.923222+00,bull,146.38377441,147.34556399,146.52,0.85,mixed 15m structure — EMA side only,t
2818,SPX/USDT,2026-10-06 17:00:00+00,2026-10-06 17:01:44.923222+00,bear,0.41330497,0.41805801,0.4178,0.85,15m sweep of hour high then reject,t
2815,AXTI/USDT,2026-10-06 17:00:00+00,2026-10-06 17:01:44.923222+00,bear,85.39586272,86.38165491,86.17,0.85,mixed 15m structure — EMA side only,t
2835,CRWV/USDT,2026-10-06 17:00:00+00,2026-10-06 17:01:44.923222+00,bull,91.05936605,92.00658488,91.27,0.85,15m holding above hour open and EMA21,t
2825,SQQQ/USDT,2026-10-06 17:00:00+00,2026-10-06 17:01:44.923222+00,bull,31.65482902,31.81292746,31.69,0.85,15m holding above hour open and EMA21,t
2812,EWY/USDT,2026-10-06 17:00:00+00,2026-10-06 17:01:44.923222+00,bear,188.22206706,188.84517318,188.7,0.85,mixed 15m structure — EMA side only,t
2816,BMNR/USDT,2026-10-06 17:00:00+00,2026-10-06 17:01:44.923222+00,bear,26.4344174,26.59623304,26.57,0.85,mixed 15m structure — EMA side only,t
2836,1000SHIB/USDT,2026-10-06 17:00:00+00,2026-10-06 17:01:44.923222+00,bear,0.00579972,0.00583091,0.005826,0.8,mixed 15m structure — EMA side only,t
2805,CBRS/USDT,2026-10-06 17:00:00+00,2026-10-06 17:01:44.923222+00,bear,176.13387565,178.03844974,177.54,0.85,mixed 15m structure — EMA side only,t
2814,MSTR/USDT,2026-10-06 17:00:00+00,2026-10-06 17:01:44.923222+00,bear,163.70842616,165.01062954,164.74,0.85,mixed 15m structure — EMA side only,t
2806,NBIS/USDT,2026-10-06 17:00:00+00,2026-10-06 17:01:44.923222+00,bull,251.70890027,254.12774932,252.25,0.85,15m holding above hour open and EMA21,t
2807,MINIMAX/USDT,2026-10-06 17:00:00+00,2026-10-06 17:01:44.923222+00,bull,31.73909297,31.81226757,31.76,0.85,15m holding above hour open and EMA21,t
2808,SPCX/USDT,2026-10-06 17:00:00+00,2026-10-06 17:01:44.923222+00,bear,172.81936392,173.87025443,173.62,0.85,15m holding below hour open and EMA21,t
2811,QQQ/USDT,2026-10-06 17:00:00+00,2026-10-06 17:01:44.923222+00,bull,760.98200729,762.20498177,761.24,0.85,mixed 15m structure — EMA side only,t
2809,ZHIPU/USDT,2026-10-06 17:00:00+00,2026-10-06 17:01:44.923222+00,bear,90.55782038,90.87887185,90.87,0.85,15m sweep of hour high then reject,t
2810,DELL/USDT,2026-10-06 17:00:00+00,2026-10-06 17:01:44.923222+00,bull,572.50466093,577.55334768,573.68,0.85,mixed 15m structure — EMA side only,t
2856,BMNR/USDT,2026-10-06 17:00:00+00,2026-10-06 17:16:44.289764+00,bear,26.46587404,26.58365039,26.57,0.85,15m sweep of hour high then reject,t
2858,SPX/USDT,2026-10-06 17:00:00+00,2026-10-06 17:16:44.289764+00,bear,0.41426044,0.41837582,0.4178,0.85,mixed 15m structure — EMA side only,t
2867,ORCL/USDT,2026-10-06 17:00:00+00,2026-10-06 17:16:44.289764+00,bull,146.06711193,147.21222018,146.22,0.85,mixed 15m structure — EMA side only,t
2876,1000SHIB/USDT,2026-10-06 17:00:00+00,2026-10-06 17:16:44.289764+00,bear,0.00580576,0.0058285,0.005826,0.85,15m sweep of hour high then reject,t
2847,MINIMAX/USDT,2026-10-06 17:00:00+00,2026-10-06 17:16:44.289764+00,bull,31.74524963,31.79687593,31.76,0.85,15m holding above hour open and EMA21,t
2860,LITE/USDT,2026-10-06 17:00:00+00,2026-10-06 17:16:44.289764+00,bull,1126.30074551,1133.19313624,1126.54,0.85,15m sweep of hour low then reclaim,t
2849,ZHIPU/USDT,2026-10-06 17:00:00+00,2026-10-06 17:16:44.289764+00,bear,90.62205625,90.8731775,90.87,0.85,15m sweep of hour high then reject,t
2875,CRWV/USDT,2026-10-06 17:00:00+00,2026-10-06 17:16:44.289764+00,bull,90.98332667,91.82168331,91.04,0.85,15m sweep of hour low then reclaim,t
2880,USELESS/USDT,2026-10-06 17:00:00+00,2026-10-06 17:16:44.289764+00,bear,0.22402939,0.22691425,0.22635,0.85,15m sweep of hour high then reject,t
2843,ARM/USDT,2026-10-06 17:00:00+00,2026-10-06 17:16:44.289764+00,bear,301.8632016,303.82871936,303.55,0.85,mixed 15m structure — EMA side only,t
2852,EWY/USDT,2026-10-06 17:00:00+00,2026-10-06 17:16:44.289764+00,bear,188.34583885,188.78566446,188.7,0.85,15m sweep of hour high then reject,t
2861,GLW/USDT,2026-10-06 17:00:00+00,2026-10-06 17:16:44.289764+00,bull,169.01711781,170.07220547,169.22,0.85,mixed 15m structure — EMA side only,t
2869,SAMSUNG/USDT,2026-10-06 17:00:00+00,2026-10-06 17:16:44.289764+00,bear,201.93613713,202.51554515,202.39,0.85,15m sweep of hour high then reject,t
2870,AAPL/USDT,2026-10-06 17:00:00+00,2026-10-06 17:16:44.289764+00,bear,332.12254371,332.83498252,332.73,0.8,mixed 15m structure — EMA side only,t
2878,SOXS/USDT,2026-10-06 17:00:00+00,2026-10-06 17:16:44.289764+00,bull,29.12451179,29.35372052,29.19,0.85,15m holding above hour open and EMA21,t
2841,BE/USDT,2026-10-06 17:00:00+00,2026-10-06 17:16:44.289764+00,bull,296.81749504,298.22626241,296.7,0.85,15m sweep of hour low then reclaim,t
2850,DELL/USDT,2026-10-06 17:00:00+00,2026-10-06 17:16:44.289764+00,bull,573.16019096,576.5895226,573.68,0.85,15m sweep of hour low then reclaim,t
2851,QQQ/USDT,2026-10-06 17:00:00+00,2026-10-06 17:16:44.289764+00,bear,760.72310286,761.61475886,761.42,0.85,15m sweep of hour high then reject,t
2845,CBRS/USDT,2026-10-06 17:00:00+00,2026-10-06 17:16:44.289764+00,bear,176.49936167,177.81225533,177.57,0.85,mixed 15m structure — EMA side only,t
2874,AKE/USDT,2026-10-06 17:00:00+00,2026-10-06 17:16:44.289764+00,bear,0.02961058,0.02980577,0.029766,0.85,15m sweep of hour high then reject,t
2854,MSTR/USDT,2026-10-06 17:00:00+00,2026-10-06 17:16:44.289764+00,bear,163.96115129,164.86953948,164.74,0.85,15m sweep of hour high then reject,t
2859,SOXL/USDT,2026-10-06 17:00:00+00,2026-10-06 17:16:44.289764+00,bear,165.87096617,167.05961353,166.82,0.85,15m sweep of hour high then reject,t
2863,VVV/USDT,2026-10-06 17:00:00+00,2026-10-06 17:16:44.289764+00,bear,27.53045967,27.76361613,27.719,0.85,15m sweep of hour high then reject,t
2872,NVDA/USDT,2026-10-06 17:00:00+00,2026-10-06 17:16:44.289764+00,bear,240.33041544,240.90383383,240.85,0.85,15m sweep of hour high then reject,t
2868,SNXX/USDT,2026-10-06 17:00:00+00,2026-10-06 17:16:44.289764+00,bear,15.2694658,15.41021368,15.4,0.85,15m sweep of hour high then reject,t
2877,AMD/USDT,2026-10-06 17:00:00+00,2026-10-06 17:16:44.289764+00,bull,653.92459563,657.97351092,654.25,0.85,mixed 15m structure — EMA side only,t
2857,RAYSOL/USDT,2026-10-06 17:00:00+00,2026-10-06 17:16:44.289764+00,bull,2.21435825,2.28350438,2.2215,0.85,mixed 15m structure — EMA side only,t
2844,BTW/USDT,2026-10-06 17:00:00+00,2026-10-06 17:16:44.289764+00,bull,1.19290398,1.20479006,1.1951,0.85,15m sweep of hour low then reclaim,t
2853,SKHY/USDT,2026-10-06 17:00:00+00,2026-10-06 17:16:44.289764+00,bear,186.46146301,187.1454148,187.04,0.85,15m sweep of hour high then reject,t
2862,INTC/USDT,2026-10-06 17:00:00+00,2026-10-06 17:16:44.289764+00,bear,114.0324356,114.70102576,114.64,0.85,15m sweep of hour high then reject,t
2871,1000BONK/USDT,2026-10-06 17:00:00+00,2026-10-06 17:16:44.289764+00,bear,0.00366679,0.00369208,0.003687,0.85,mixed 15m structure — EMA side only,t
2879,MAGMA/USDT,2026-10-06 17:00:00+00,2026-10-06 17:16:44.289764+00,bear,0.2160513,0.21956348,0.21904,0.85,15m sweep of hour high then reject,t
2848,SPCX/USDT,2026-10-06 17:00:00+00,2026-10-06 17:16:44.289764+00,bear,173.04065573,173.78173771,173.62,0.85,15m holding below hour open and EMA21,t
2866,DRAM/USDT,2026-10-06 17:00:00+00,2026-10-06 17:16:44.289764+00,bear,60.18715776,60.37313689,60.33,0.85,15m sweep of hour high then reject,t
2865,SQQQ/USDT,2026-10-06 17:00:00+00,2026-10-06 17:16:44.289764+00,bull,31.66626794,31.78433015,31.69,0.85,15m sweep of hour low then reclaim,t
2846,NBIS/USDT,2026-10-06 17:00:00+00,2026-10-06 17:16:44.289764+00,bull,251.89270143,253.61824642,252.25,0.85,mixed 15m structure — EMA side only,t
2855,AXTI/USDT,2026-10-06 17:00:00+00,2026-10-06 17:16:44.289764+00,bear,85.60013205,86.34994718,86.23,0.85,mixed 15m structure — EMA side only,t
2864,CRCL/USDT,2026-10-06 17:00:00+00,2026-10-06 17:16:44.289764+00,bear,83.91696309,84.42521476,84.33,0.85,15m sweep of hour high then reject,t
2873,COHR/USDT,2026-10-06 17:00:00+00,2026-10-06 17:16:44.289764+00,bear,336.406818,338.8192728,338.19,0.85,15m sweep of hour high then reject,t
2842,TSM/USDT,2026-10-06 17:00:00+00,2026-10-06 17:16:44.289764+00,bear,483.60448215,484.55020714,484.57,0.85,15m sweep of hour high then reject,t
2881,BE/USDT,2026-10-06 17:00:00+00,2026-10-06 17:31:44.412916+00,bull,296.94727174,297.90182066,296.7,0.85,15m sweep of hour low then reclaim,t
2882,SPCX/USDT,2026-10-06 17:00:00+00,2026-10-06 17:31:44.412916+00,bear,173.19487014,173.72005194,173.62,0.85,15m sweep of hour high then reject,t
2883,CBRS/USDT,2026-10-06 17:00:00+00,2026-10-06 17:31:44.412916+00,bear,176.80288909,177.61084436,177.57,0.85,15m sweep of hour high then reject,t
2892,ZHIPU/USDT,2026-10-06 17:00:00+00,2026-10-06 17:31:44.412916+00,bear,90.67750185,90.93099926,90.94,0.85,15m sweep of hour high then reject,t
2884,ARM/USDT,2026-10-06 17:00:00+00,2026-10-06 17:31:44.412916+00,bear,302.30420574,303.3623177,303.55,0.85,15m sweep of hour high then reject,t
2885,SOXL/USDT,2026-10-06 17:00:00+00,2026-10-06 17:31:44.412916+00,bear,166.15101122,166.94759551,166.82,0.85,15m holding below hour open and EMA21,t
2894,INTC/USDT,2026-10-06 17:00:00+00,2026-10-06 17:31:44.412916+00,bear,114.21054344,114.62978263,114.64,0.85,15m sweep of hour high then reject,t
2886,AXTI/USDT,2026-10-06 17:00:00+00,2026-10-06 17:31:44.412916+00,bull,85.9751164,86.41220901,85.99,0.85,15m sweep of hour low then reclaim,t
2887,MSTR/USDT,2026-10-06 17:00:00+00,2026-10-06 17:31:44.412916+00,bear,164.20212473,164.77315011,164.74,0.85,15m sweep of hour high then reject,t
2888,BTW/USDT,2026-10-06 17:00:00+00,2026-10-06 17:31:44.412916+00,bear,1.1907539,1.19851844,1.1999,0.85,15m sweep of hour high then reject,t
2889,BMNR/USDT,2026-10-06 17:00:00+00,2026-10-06 17:31:44.412916+00,bear,26.49626977,26.57149209,26.57,0.85,15m sweep of hour high then reject,t
2898,BABA/USDT,2026-10-06 17:00:00+00,2026-10-06 17:31:44.412916+00,bear,109.06976528,109.26609389,109.31,0.85,15m sweep of hour high then reject,t
2890,LITE/USDT,2026-10-06 17:00:00+00,2026-10-06 17:31:44.412916+00,bull,1126.1601621,1131.44459474,1125.43,0.85,15m sweep of hour low then reclaim,t
2899,ORCL/USDT,2026-10-06 17:00:00+00,2026-10-06 17:31:44.412916+00,bull,146.05499432,147.06751419,146.14,0.85,mixed 15m structure — EMA side only,t
2891,MINIMAX/USDT,2026-10-06 17:00:00+00,2026-10-06 17:31:44.412916+00,bull,31.75097258,31.78256855,31.76,0.85,15m holding above hour open and EMA21,t
2893,QQQ/USDT,2026-10-06 17:00:00+00,2026-10-06 17:31:44.412916+00,bear,760.95046306,761.52381478,761.42,0.85,15m sweep of hour high then reject,t
2895,GLW/USDT,2026-10-06 17:00:00+00,2026-10-06 17:31:44.412916+00,bull,169.14836515,169.81908712,169.22,0.85,15m sweep of hour low then reclaim,t
2896,DRAM/USDT,2026-10-06 17:00:00+00,2026-10-06 17:31:44.412916+00,bear,60.23196668,60.35521333,60.39,0.85,15m sweep of hour high then reject,t
2897,SKHY/USDT,2026-10-06 17:00:00+00,2026-10-06 17:31:44.412916+00,bear,186.63709592,187.07516163,187.04,0.85,15m sweep of hour high then reject,t
2900,SQQQ/USDT,2026-10-06 17:00:00+00,2026-10-06 17:31:44.412916+00,bull,31.6782784,31.75430401,31.69,0.85,15m sweep of hour low then reclaim,t
2909,CRWV/USDT,2026-10-06 17:00:00+00,2026-10-06 17:31:44.412916+00,bull,91.20317051,91.64707372,91.04,0.85,15m sweep of hour low then reclaim,t
2918,XAG/USDT,2026-10-06 17:00:00+00,2026-10-06 17:31:44.412916+00,bull,61.28689132,61.40277171,61.31,0.85,15m holding above hour open and EMA21,t
2901,SNXX/USDT,2026-10-06 17:00:00+00,2026-10-06 17:31:44.412916+00,bear,15.30353486,15.45658606,15.47,0.85,15m sweep of hour high then reject,t
2902,VVV/USDT,2026-10-06 17:00:00+00,2026-10-06 17:31:44.412916+00,bear,27.59045242,27.73961903,27.719,0.85,15m sweep of hour high then reject,t
2903,CRCL/USDT,2026-10-06 17:00:00+00,2026-10-06 17:31:44.412916+00,bear,84.04076193,84.58569523,84.61,0.85,15m sweep of hour high then reject,t
2904,1000SHIB/USDT,2026-10-06 17:00:00+00,2026-10-06 17:31:44.412916+00,bear,0.0058117,0.00582612,0.005826,0.85,15m sweep of hour high then reject,t
2905,USELESS/USDT,2026-10-06 17:00:00+00,2026-10-06 17:31:44.412916+00,bear,0.22477771,0.22661491,0.22635,0.85,15m sweep of hour high then reject,t
2906,COHR/USDT,2026-10-06 17:00:00+00,2026-10-06 17:31:44.412916+00,bear,337.05654024,338.5593839,338.19,0.85,15m sweep of hour high then reject,t
2915,SPX/USDT,2026-10-06 17:00:00+00,2026-10-06 17:31:44.412916+00,bear,0.41501846,0.41737262,0.4178,0.85,15m sweep of hour high then reject,t
2907,AKE/USDT,2026-10-06 17:00:00+00,2026-10-06 17:31:44.412916+00,bear,0.02965924,0.0297863,0.029766,0.85,15m sweep of hour high then reject,t
2916,PLTR/USDT,2026-10-06 17:00:00+00,2026-10-06 17:31:44.412916+00,bull,191.89330817,192.33672958,192.02,0.85,15m holding above hour open and EMA21,t
2908,CARV/USDT,2026-10-06 17:00:00+00,2026-10-06 17:31:44.412916+00,bear,0.04848934,0.04881226,0.04874,0.85,15m sweep of hour high then reject,t
2917,QCOM/USDT,2026-10-06 17:00:00+00,2026-10-06 17:31:44.412916+00,bull,181.10194389,181.65514028,180.79,0.85,15m sweep of hour low then reclaim,t
2910,1000BONK/USDT,2026-10-06 17:00:00+00,2026-10-06 17:31:44.412916+00,bear,0.00367229,0.00368589,0.003687,0.85,15m sweep of hour high then reject,t
2919,MU/USDT,2026-10-06 17:00:00+00,2026-10-06 17:31:44.412916+00,bear,1062.95035383,1066.53385847,1066.54,0.85,15m sweep of hour high then reject,t
2911,MAGMA/USDT,2026-10-06 17:00:00+00,2026-10-06 17:31:44.412916+00,bear,0.21698919,0.21918833,0.21904,0.85,15m sweep of hour high then reject,t
2912,SOON/USDT,2026-10-06 17:00:00+00,2026-10-06 17:31:44.412916+00,bear,0.33653248,0.33844701,0.3387,0.85,15m sweep of hour high then reject,t
2913,AMZN/USDT,2026-10-06 17:00:00+00,2026-10-06 17:31:44.412916+00,bull,255.41531213,256.00671967,255.14,0.85,15m sweep of hour low then reclaim,t
2914,SOXS/USDT,2026-10-06 17:00:00+00,2026-10-06 17:31:44.412916+00,bear,29.08082473,29.23367011,29.39,0.85,15m sweep of hour high then reject,t
2920,KORU/USDT,2026-10-06 17:00:00+00,2026-10-06 17:31:44.412916+00,bear,21.64005229,21.77997908,21.77,0.85,15m sweep of hour high then reject,t
2950,1000BONK/USDT,2026-10-06 17:00:00+00,2026-10-06 17:46:44.16253+00,bear,0.00367732,0.00369287,0.003693,0.85,mixed 15m structure — EMA side only,t
2923,CBRS/USDT,2026-10-06 17:00:00+00,2026-10-06 17:46:44.16253+00,bear,177.10872844,177.48850862,177.57,0.85,15m sweep of hour high then reject,t
2925,SOXL/USDT,2026-10-06 17:00:00+00,2026-10-06 17:46:44.16253+00,bull,166.61156109,166.99109727,165.61,0.85,15m sweep of hour low then reclaim,t
2934,INTC/USDT,2026-10-06 17:00:00+00,2026-10-06 17:46:44.16253+00,bear,114.37099418,114.56560233,114.64,0.85,15m sweep of hour high then reject,t
2928,BTW/USDT,2026-10-06 17:00:00+00,2026-10-06 17:46:44.16253+00,bull,1.19523966,1.19895085,1.1904,0.85,15m sweep of hour low then reclaim,t
2937,SKHY/USDT,2026-10-06 17:00:00+00,2026-10-06 17:46:44.16253+00,bear,186.80214932,187.00914027,187.04,0.85,15m sweep of hour high then reject,t
2946,COHR/USDT,2026-10-06 17:00:00+00,2026-10-06 17:46:44.16253+00,bear,337.64077723,338.32568911,338.19,0.85,15m sweep of hour high then reject,t
2955,SPX/USDT,2026-10-06 17:00:00+00,2026-10-06 17:46:44.16253+00,bear,0.41587687,0.41702925,0.4178,0.85,15m sweep of hour high then reject,t
2943,CRCL/USDT,2026-10-06 17:00:00+00,2026-10-06 17:46:44.16253+00,bear,84.17210535,84.52315786,84.61,0.85,15m sweep of hour high then reject,t
2952,SOON/USDT,2026-10-06 17:00:00+00,2026-10-06 17:46:44.16253+00,bear,0.33725881,0.33815648,0.3387,0.85,15m sweep of hour high then reject,t
2931,MINIMAX/USDT,2026-10-06 17:00:00+00,2026-10-06 17:46:44.16253+00,bull,31.75586656,31.7703336,31.76,0.85,15m holding above hour open and EMA21,t
2922,SPCX/USDT,2026-10-06 17:00:00+00,2026-10-06 17:46:44.16253+00,bear,173.37843834,173.64662466,173.62,0.85,15m sweep of hour high then reject,t
2921,BE/USDT,2026-10-06 17:00:00+00,2026-10-06 17:46:44.16253+00,bull,297.0922825,297.53929374,296.7,0.85,15m sweep of hour low then reclaim,t
2960,KORU/USDT,2026-10-06 17:00:00+00,2026-10-06 17:46:44.16253+00,bear,21.69367919,21.75852832,21.77,0.85,15m sweep of hour high then reject,t
2929,BMNR/USDT,2026-10-06 17:00:00+00,2026-10-06 17:46:44.16253+00,bear,26.52439737,26.61024105,26.6,0.85,mixed 15m structure — EMA side only,t
2938,BABA/USDT,2026-10-06 17:00:00+00,2026-10-06 17:46:44.16253+00,bull,109.18199446,109.28001384,109.05,0.85,15m sweep of hour low then reclaim,t
2947,AKE/USDT,2026-10-06 17:00:00+00,2026-10-06 17:46:44.16253+00,bear,0.02970639,0.02976744,0.029766,0.85,15m sweep of hour high then reject,t
2956,PLTR/USDT,2026-10-06 17:00:00+00,2026-10-06 17:46:44.16253+00,bull,191.96060711,192.16848223,192.02,0.85,15m holding above hour open and EMA21,t
2924,ARM/USDT,2026-10-06 17:00:00+00,2026-10-06 17:46:44.16253+00,bear,302.70819568,303.20072173,303.55,0.85,15m sweep of hour high then reject,t
2926,AXTI/USDT,2026-10-06 17:00:00+00,2026-10-06 17:46:44.16253+00,bear,85.95614424,86.15754231,86.23,0.85,15m sweep of hour high then reject,t
2932,ZHIPU/USDT,2026-10-06 17:00:00+00,2026-10-06 17:46:44.16253+00,bear,90.72993589,90.80002565,90.94,0.85,15m sweep of hour high then reject,t
2935,GLW/USDT,2026-10-06 17:00:00+00,2026-10-06 17:46:44.16253+00,bull,169.24889472,169.56776319,169.22,0.85,15m sweep of hour low then reclaim,t
2944,1000SHIB/USDT,2026-10-06 17:00:00+00,2026-10-06 17:46:44.16253+00,bear,0.00581712,0.00582495,0.005826,0.85,mixed 15m structure — EMA side only,t
2930,LITE/USDT,2026-10-06 17:00:00+00,2026-10-06 17:46:44.16253+00,bull,1127.68117566,1129.74206086,1125.43,0.85,15m sweep of hour low then reclaim,t
2939,ORCL/USDT,2026-10-06 17:00:00+00,2026-10-06 17:46:44.16253+00,bull,146.11619792,146.93950521,146.06,0.85,15m sweep of hour low then reclaim,t
2948,CARV/USDT,2026-10-06 17:00:00+00,2026-10-06 17:46:44.16253+00,bear,0.04861183,0.04877327,0.04874,0.85,mixed 15m structure — EMA side only,t
2957,QCOM/USDT,2026-10-06 17:00:00+00,2026-10-06 17:46:44.16253+00,bull,181.18351393,181.45121518,180.79,0.85,15m sweep of hour low then reclaim,t
2953,AMZN/USDT,2026-10-06 17:00:00+00,2026-10-06 17:46:44.16253+00,bull,255.60771601,255.82570997,255.14,0.85,15m sweep of hour low then reclaim,t
2933,QQQ/USDT,2026-10-06 17:00:00+00,2026-10-06 17:46:44.16253+00,bull,761.21292579,761.55268552,760.56,0.85,15m sweep of hour low then reclaim,t
2942,VVV/USDT,2026-10-06 17:00:00+00,2026-10-06 17:46:44.16253+00,bear,27.64830562,27.71647775,27.719,0.85,15m sweep of hour high then reject,t
2951,MAGMA/USDT,2026-10-06 17:00:00+00,2026-10-06 17:46:44.16253+00,bull,0.21826482,0.21929796,0.21659,0.85,15m sweep of hour low then reclaim,t
2941,SNXX/USDT,2026-10-06 17:00:00+00,2026-10-06 17:46:44.16253+00,bear,15.33868861,15.48252455,15.5,0.85,15m sweep of hour high then reject,t
2940,SQQQ/USDT,2026-10-06 17:00:00+00,2026-10-06 17:46:44.16253+00,bear,31.67435682,31.71025727,31.8,0.85,15m sweep of hour high then reject,t
2949,CRWV/USDT,2026-10-06 17:00:00+00,2026-10-06 17:46:44.16253+00,bull,91.2676854,91.48578649,91.04,0.85,15m sweep of hour low then reclaim,t
2958,XAG/USDT,2026-10-06 17:00:00+00,2026-10-06 17:46:44.16253+00,bull,61.30420484,61.35948789,61.31,0.85,15m sweep of hour low then reclaim,t
2927,MSTR/USDT,2026-10-06 17:00:00+00,2026-10-06 17:46:44.16253+00,bear,164.4236927,164.68452292,164.74,0.85,15m sweep of hour high then reject,t
2936,DRAM/USDT,2026-10-06 17:00:00+00,2026-10-06 17:46:44.16253+00,bear,60.27902012,60.37639195,60.39,0.85,mixed 15m structure — EMA side only,t
2945,USELESS/USDT,2026-10-06 17:00:00+00,2026-10-06 17:46:44.16253+00,bear,0.2254896,0.22633016,0.22635,0.85,15m sweep of hour high then reject,t
2954,SOXS/USDT,2026-10-06 17:00:00+00,2026-10-06 17:46:44.16253+00,bear,29.13867603,29.21052959,29.39,0.85,15m sweep of hour high then reject,t
2959,MU/USDT,2026-10-06 17:00:00+00,2026-10-06 17:46:44.16253+00,bull,1065.03438896,1066.69902759,1062.51,0.85,15m sweep of hour low then reclaim,t
2974,INTC/USDT,2026-10-06 18:00:00+00,2026-10-06 18:01:45.177541+00,bull,114.59196001,115.42509997,114.8,0.85,15m holding above hour open and EMA21,t
2971,MINIMAX/USDT,2026-10-06 18:00:00+00,2026-10-06 18:01:45.177541+00,bull,31.76272904,31.82317741,31.76,0.85,15m sweep of hour low then reclaim,t
2970,LITE/USDT,2026-10-06 18:00:00+00,2026-10-06 18:01:45.177541+00,bull,1131.5833946,1140.82151351,1132.06,0.85,15m sweep of hour low then reclaim,t
2969,BMNR/USDT,2026-10-06 18:00:00+00,2026-10-06 18:01:45.177541+00,bear,26.58159225,26.7333631,26.69,0.85,mixed 15m structure — EMA side only,t
2968,BTW/USDT,2026-10-06 18:00:00+00,2026-10-06 18:01:45.177541+00,bull,1.18851321,1.20386699,1.19,0.85,15m sweep of hour low then reclaim,t
2999,MU/USDT,2026-10-06 18:00:00+00,2026-10-06 18:01:45.177541+00,bull,1064.96388354,1071.75529115,1066.54,0.85,mixed 15m structure — EMA side only,t
2977,SKHY/USDT,2026-10-06 18:00:00+00,2026-10-06 18:01:45.177541+00,bear,186.11041988,187.00983205,186.84,0.85,mixed 15m structure — EMA side only,t
2986,COHR/USDT,2026-10-06 18:00:00+00,2026-10-06 18:01:45.177541+00,bear,334.12162485,336.89135006,336.2,0.85,15m holding below hour open and EMA21,t
2994,SOXS/USDT,2026-10-06 18:00:00+00,2026-10-06 18:01:45.177541+00,bear,28.8845902,29.17216392,29.11,0.85,15m holding below hour open and EMA21,t
2985,USELESS/USDT,2026-10-06 18:00:00+00,2026-10-06 18:01:45.177541+00,bear,0.22431241,0.22915504,0.22807,0.85,mixed 15m structure — EMA side only,t
2976,DRAM/USDT,2026-10-06 18:00:00+00,2026-10-06 18:01:45.177541+00,bear,60.17415629,60.43633748,60.38,0.85,mixed 15m structure — EMA side only,t
2978,BABA/USDT,2026-10-06 18:00:00+00,2026-10-06 18:01:45.177541+00,bull,109.26785024,109.6603744,109.34,0.85,15m sweep of hour low then reclaim,t
2987,AKE/USDT,2026-10-06 18:00:00+00,2026-10-06 18:01:45.177541+00,bear,0.02927868,0.02956853,0.02951,0.85,mixed 15m structure — EMA side only,t
2967,MSTR/USDT,2026-10-06 18:00:00+00,2026-10-06 18:01:45.177541+00,bear,164.39514319,165.67194272,165.37,0.85,mixed 15m structure — EMA side only,t
2979,ORCL/USDT,2026-10-06 18:00:00+00,2026-10-06 18:01:45.177541+00,bull,146.15909463,146.84226342,146.34,0.85,mixed 15m structure — EMA side only,t
2988,CARV/USDT,2026-10-06 18:00:00+00,2026-10-06 18:01:45.177541+00,bear,0.04818576,0.0488237,0.04867,0.8,mixed 15m structure — EMA side only,t
2998,XAG/USDT,2026-10-06 18:00:00+00,2026-10-06 18:01:45.177541+00,bull,61.39672841,61.61817897,61.45,0.85,15m sweep of hour low then reclaim,t
2993,AMZN/USDT,2026-10-06 18:00:00+00,2026-10-06 18:01:45.177541+00,bull,255.36750052,256.25124869,255.53,0.85,15m holding above hour open and EMA21,t
2984,1000SHIB/USDT,2026-10-06 18:00:00+00,2026-10-06 18:01:45.177541+00,bear,0.00580673,0.00584411,0.005836,0.85,mixed 15m structure — EMA side only,t
2980,SQQQ/USDT,2026-10-06 18:00:00+00,2026-10-06 18:01:45.177541+00,bear,31.59691217,31.74123513,31.71,0.85,15m sweep of hour high then reject,t
2989,CRWV/USDT,2026-10-06 18:00:00+00,2026-10-06 18:01:45.177541+00,bull,92.55035311,93.52911721,92.75,0.85,15m sweep of hour low then reclaim,t
2975,GLW/USDT,2026-10-06 18:00:00+00,2026-10-06 18:01:45.177541+00,bull,169.92617612,171.19955969,170.15,0.85,15m holding above hour open and EMA21,t
2966,AXTI/USDT,2026-10-06 18:00:00+00,2026-10-06 18:01:45.177541+00,bull,86.28181169,87.32047077,86.49,0.8,mixed 15m structure — EMA side only,t
2997,QCOM/USDT,2026-10-06 18:00:00+00,2026-10-06 18:01:45.177541+00,bull,181.47206256,182.5848436,181.79,0.85,15m holding above hour open and EMA21,t
2992,SOON/USDT,2026-10-06 18:00:00+00,2026-10-06 18:01:45.177541+00,bear,0.33178128,0.33574749,0.335,0.8,mixed 15m structure — EMA side only,t
2981,SNXX/USDT,2026-10-06 18:00:00+00,2026-10-06 18:01:45.177541+00,bear,15.34381786,15.53047286,15.49,0.85,mixed 15m structure — EMA side only,t
2983,CRCL/USDT,2026-10-06 18:00:00+00,2026-10-06 18:01:45.177541+00,bull,84.58832851,85.23417872,84.75,0.8,mixed 15m structure — EMA side only,t
2965,SOXL/USDT,2026-10-06 18:00:00+00,2026-10-06 18:01:45.177541+00,bull,166.86323169,168.39192077,167.19,0.85,15m sweep of hour low then reclaim,t
2991,MAGMA/USDT,2026-10-06 18:00:00+00,2026-10-06 18:01:45.177541+00,bull,0.21758711,0.22188722,0.21844,0.85,mixed 15m structure — EMA side only,t
2990,1000BONK/USDT,2026-10-06 18:00:00+00,2026-10-06 18:01:45.177541+00,bear,0.00368177,0.00372009,0.003712,0.85,mixed 15m structure — EMA side only,t
2982,VVV/USDT,2026-10-06 18:00:00+00,2026-10-06 18:01:45.177541+00,bear,27.29865825,27.6037367,27.53,0.85,mixed 15m structure — EMA side only,t
2973,QQQ/USDT,2026-10-06 18:00:00+00,2026-10-06 18:01:45.177541+00,bull,760.84779626,761.94050934,761.14,0.85,15m sweep of hour low then reclaim,t
2964,ARM/USDT,2026-10-06 18:00:00+00,2026-10-06 18:01:45.177541+00,bear,301.98920349,304.2623186,303.75,0.85,mixed 15m structure — EMA side only,t
2972,ZHIPU/USDT,2026-10-06 18:00:00+00,2026-10-06 18:01:45.177541+00,bear,90.52586798,90.86165281,90.81,0.85,mixed 15m structure — EMA side only,t
2995,SPX/USDT,2026-10-06 18:00:00+00,2026-10-06 18:01:45.177541+00,bear,0.41441408,0.42079437,0.4194,0.85,mixed 15m structure — EMA side only,t
3000,KORU/USDT,2026-10-06 18:00:00+00,2026-10-06 18:01:45.177541+00,bear,21.53051652,21.87579339,21.81,0.85,mixed 15m structure — EMA side only,t
2963,CBRS/USDT,2026-10-06 18:00:00+00,2026-10-06 18:01:45.177541+00,bear,175.36744124,176.8830235,176.49,0.85,mixed 15m structure — EMA side only,t
2962,SPCX/USDT,2026-10-06 18:00:00+00,2026-10-06 18:01:45.177541+00,bear,171.97006007,173.33797597,173.03,0.85,mixed 15m structure — EMA side only,t
2961,BE/USDT,2026-10-06 18:00:00+00,2026-10-06 18:01:45.177541+00,bull,298.54317993,300.38705018,299.06,0.85,15m sweep of hour low then reclaim,t
2996,PLTR/USDT,2026-10-06 18:00:00+00,2026-10-06 18:01:45.177541+00,bull,192.32333558,193.18666106,192.49,0.85,15m sweep of hour low then reclaim,t
3025,USELESS/USDT,2026-10-06 18:00:00+00,2026-10-06 18:16:44.355312+00,bear,0.22509023,0.22824391,0.22837,0.85,15m sweep of hour high then reject,t
3034,SOXS/USDT,2026-10-06 18:00:00+00,2026-10-06 18:16:44.355312+00,bear,28.94639305,29.14744278,29.11,0.85,15m sweep of hour high then reject,t
3011,MINIMAX/USDT,2026-10-06 18:00:00+00,2026-10-06 18:16:44.355312+00,bull,31.76667806,31.81330486,31.76,0.85,15m sweep of hour low then reclaim,t
3020,SQQQ/USDT,2026-10-06 18:00:00+00,2026-10-06 18:16:44.355312+00,bear,31.62656944,31.72937222,31.71,0.85,15m sweep of hour high then reject,t
3029,CRWV/USDT,2026-10-06 18:00:00+00,2026-10-06 18:16:44.355312+00,bull,92.58980908,93.3304773,92.69,0.85,mixed 15m structure — EMA side only,t
3038,XAG/USDT,2026-10-06 18:00:00+00,2026-10-06 18:16:44.355312+00,bull,61.41182671,61.58043322,61.45,0.85,15m sweep of hour low then reclaim,t
3006,AXTI/USDT,2026-10-06 18:00:00+00,2026-10-06 18:16:44.355312+00,bull,86.41350062,87.14124844,86.42,0.85,15m sweep of hour low then reclaim,t
3002,SPCX/USDT,2026-10-06 18:00:00+00,2026-10-06 18:16:44.355312+00,bear,172.19223466,173.49910614,173.33,0.85,mixed 15m structure — EMA side only,t
3009,BMNR/USDT,2026-10-06 18:00:00+00,2026-10-06 18:16:44.355312+00,bear,26.60539496,26.72384202,26.69,0.85,15m holding below hour open and EMA21,t
3018,BABA/USDT,2026-10-06 18:00:00+00,2026-10-06 18:16:44.355312+00,bull,109.29934078,109.58164805,109.34,0.85,15m sweep of hour low then reclaim,t
3027,AKE/USDT,2026-10-06 18:00:00+00,2026-10-06 18:16:44.355312+00,bear,0.0293282,0.02956772,0.029546,0.85,mixed 15m structure — EMA side only,t
3012,ZHIPU/USDT,2026-10-06 18:00:00+00,2026-10-06 18:16:44.355312+00,bear,90.58727791,90.85708884,90.81,0.85,mixed 15m structure — EMA side only,t
3021,SNXX/USDT,2026-10-06 18:00:00+00,2026-10-06 18:16:44.355312+00,bear,15.37785296,15.50685881,15.49,0.85,15m sweep of hour high then reject,t
3030,1000BONK/USDT,2026-10-06 18:00:00+00,2026-10-06 18:16:44.355312+00,bear,0.00368779,0.00371768,0.003714,0.85,mixed 15m structure — EMA side only,t
3039,MU/USDT,2026-10-06 18:00:00+00,2026-10-06 18:16:44.355312+00,bear,1063.5388933,1068.37044268,1067.26,0.85,15m sweep of hour high then reject,t
3036,PLTR/USDT,2026-10-06 18:00:00+00,2026-10-06 18:16:44.355312+00,bull,192.3945559,193.00861024,192.49,0.85,15m sweep of hour low then reclaim,t
3003,CBRS/USDT,2026-10-06 18:00:00+00,2026-10-06 18:16:44.355312+00,bear,175.6247489,177.69010044,177.56,0.85,mixed 15m structure — EMA side only,t
3004,ARM/USDT,2026-10-06 18:00:00+00,2026-10-06 18:16:44.355312+00,bear,302.42753357,304.23698657,303.92,0.85,mixed 15m structure — EMA side only,t
3007,MSTR/USDT,2026-10-06 18:00:00+00,2026-10-06 18:16:44.355312+00,bear,164.61948915,165.43220434,165.37,0.85,15m sweep of hour high then reject,t
3008,BTW/USDT,2026-10-06 18:00:00+00,2026-10-06 18:16:44.355312+00,bull,1.18949173,1.20142067,1.19,0.85,15m sweep of hour low then reclaim,t
3013,QQQ/USDT,2026-10-06 18:00:00+00,2026-10-06 18:16:44.355312+00,bull,760.93535699,761.72160752,761.14,0.85,15m sweep of hour low then reclaim,t
3022,VVV/USDT,2026-10-06 18:00:00+00,2026-10-06 18:16:44.355312+00,bear,27.35904315,27.56058274,27.53,0.85,15m sweep of hour high then reject,t
3031,MAGMA/USDT,2026-10-06 18:00:00+00,2026-10-06 18:16:44.355312+00,bear,0.21680996,0.21977801,0.2192,0.85,15m sweep of hour high then reject,t
3040,KORU/USDT,2026-10-06 18:00:00+00,2026-10-06 18:16:44.355312+00,bear,21.58674098,21.84330361,21.81,0.85,mixed 15m structure — EMA side only,t
3017,SKHY/USDT,2026-10-06 18:00:00+00,2026-10-06 18:16:44.355312+00,bear,186.27232297,186.88507081,186.84,0.85,15m sweep of hour high then reject,t
3010,LITE/USDT,2026-10-06 18:00:00+00,2026-10-06 18:16:44.355312+00,bull,1130.81041957,1139.10395108,1130.5,0.85,15m sweep of hour low then reclaim,t
3014,INTC/USDT,2026-10-06 18:00:00+00,2026-10-06 18:16:44.355312+00,bull,114.65834923,115.25912694,114.8,0.85,15m sweep of hour low then reclaim,t
3023,CRCL/USDT,2026-10-06 18:00:00+00,2026-10-06 18:16:44.355312+00,bull,84.65010788,85.1047303,84.75,0.85,15m holding above hour open and EMA21,t
3032,SOON/USDT,2026-10-06 18:00:00+00,2026-10-06 18:16:44.355312+00,bear,0.33253207,0.33514717,0.335,0.85,15m sweep of hour high then reject,t
3019,ORCL/USDT,2026-10-06 18:00:00+00,2026-10-06 18:16:44.355312+00,bull,145.9879146,146.72021349,146.09,0.85,mixed 15m structure — EMA side only,t
3028,CARV/USDT,2026-10-06 18:00:00+00,2026-10-06 18:16:44.355312+00,bear,0.04831384,0.04879246,0.04873,0.8,mixed 15m structure — EMA side only,t
3037,QCOM/USDT,2026-10-06 18:00:00+00,2026-10-06 18:16:44.355312+00,bull,181.55648358,182.37379105,181.79,0.85,15m holding above hour open and EMA21,t
3026,COHR/USDT,2026-10-06 18:00:00+00,2026-10-06 18:16:44.355312+00,bull,335.5416444,337.495889,335.51,0.85,15m sweep of hour low then reclaim,t
3035,SPX/USDT,2026-10-06 18:00:00+00,2026-10-06 18:16:44.355312+00,bear,0.41543836,0.42048466,0.42,0.85,mixed 15m structure — EMA side only,t
3001,BE/USDT,2026-10-06 18:00:00+00,2026-10-06 18:16:44.355312+00,bull,298.69564696,300.00588261,299.06,0.85,15m sweep of hour low then reclaim,t
3015,GLW/USDT,2026-10-06 18:00:00+00,2026-10-06 18:16:44.355312+00,bull,169.0919056,170.98523601,169.35,0.85,mixed 15m structure — EMA side only,t
3024,1000SHIB/USDT,2026-10-06 18:00:00+00,2026-10-06 18:16:44.355312+00,bear,0.00581065,0.00583354,0.005836,0.85,15m sweep of hour high then reject,t
3033,AMZN/USDT,2026-10-06 18:00:00+00,2026-10-06 18:16:44.355312+00,bull,255.42662374,256.10344066,255.53,0.85,15m sweep of hour low then reclaim,t
3016,DRAM/USDT,2026-10-06 18:00:00+00,2026-10-06 18:16:44.355312+00,bear,60.22038757,60.38784497,60.39,0.85,15m sweep of hour high then reject,t
3005,SOXL/USDT,2026-10-06 18:00:00+00,2026-10-06 18:16:44.355312+00,bull,166.99291012,168.06772471,167.19,0.85,15m sweep of hour low then reclaim,t
3042,SPCX/USDT,2026-10-06 18:00:00+00,2026-10-06 18:31:41.351975+00,bear,172.37748366,172.95500654,173.33,0.85,15m sweep of hour high then reject,t
3043,CBRS/USDT,2026-10-06 18:00:00+00,2026-10-06 18:31:41.351975+00,bear,175.93551061,177.40579576,177.56,0.85,15m sweep of hour high then reject,t
3044,ARM/USDT,2026-10-06 18:00:00+00,2026-10-06 18:31:41.351975+00,bear,302.80506844,304.11597263,304.34,0.85,15m sweep of hour high then reject,t
3077,QCOM/USDT,2026-10-06 18:00:00+00,2026-10-06 18:31:41.351975+00,bull,181.64493063,182.15267342,181.79,0.85,15m holding above hour open and EMA21,t
3079,MU/USDT,2026-10-06 18:00:00+00,2026-10-06 18:31:41.351975+00,bear,1064.65930764,1067.92227694,1067.26,0.85,15m sweep of hour high then reject,t
3067,AKE/USDT,2026-10-06 18:00:00+00,2026-10-06 18:31:41.351975+00,bear,0.029373,0.0294958,0.029546,0.85,15m sweep of hour high then reject,t
3063,CRCL/USDT,2026-10-06 18:00:00+00,2026-10-06 18:31:41.351975+00,bear,84.56241084,84.86703567,84.92,0.85,15m sweep of hour high then reject,t
3060,SQQQ/USDT,2026-10-06 18:00:00+00,2026-10-06 18:31:41.351975+00,bull,31.68022858,31.74942855,31.65,0.85,15m sweep of hour low then reclaim,t
3075,SPX/USDT,2026-10-06 18:00:00+00,2026-10-06 18:31:41.351975+00,bear,0.41629919,0.42114032,0.4216,0.85,15m sweep of hour high then reject,t
3066,COHR/USDT,2026-10-06 18:00:00+00,2026-10-06 18:31:41.351975+00,bear,335.21517875,336.4539285,336.31,0.85,15m sweep of hour high then reject,t
3062,VVV/USDT,2026-10-06 18:00:00+00,2026-10-06 18:31:41.351975+00,bear,27.41211392,27.53935443,27.53,0.85,15m sweep of hour high then reject,t
3059,ORCL/USDT,2026-10-06 18:00:00+00,2026-10-06 18:31:41.351975+00,bull,145.65234012,146.60914971,145.74,0.85,mixed 15m structure — EMA side only,t
3074,SOXS/USDT,2026-10-06 18:00:00+00,2026-10-06 18:31:41.351975+00,bull,29.05071523,29.18821194,29.05,0.85,15m sweep of hour low then reclaim,t
3065,USELESS/USDT,2026-10-06 18:00:00+00,2026-10-06 18:31:41.351975+00,bear,0.22580571,0.22754772,0.22837,0.85,15m sweep of hour high then reject,t
3061,SNXX/USDT,2026-10-06 18:00:00+00,2026-10-06 18:31:41.351975+00,bear,15.41046315,15.49381474,15.49,0.85,15m sweep of hour high then reject,t
3058,BABA/USDT,2026-10-06 18:00:00+00,2026-10-06 18:31:41.351975+00,bull,109.32973789,109.50565527,109.34,0.85,15m sweep of hour low then reclaim,t
3073,AMZN/USDT,2026-10-06 18:00:00+00,2026-10-06 18:31:41.351975+00,bull,255.49482931,255.93292672,255.53,0.85,15m sweep of hour low then reclaim,t
3071,MAGMA/USDT,2026-10-06 18:00:00+00,2026-10-06 18:31:41.351975+00,bull,0.218223,0.2202975,0.21743,0.85,15m sweep of hour low then reclaim,t
3069,CRWV/USDT,2026-10-06 18:00:00+00,2026-10-06 18:31:41.351975+00,bull,92.41119722,93.15200694,92.44,0.85,mixed 15m structure — EMA side only,t
3064,1000SHIB/USDT,2026-10-06 18:00:00+00,2026-10-06 18:31:41.351975+00,bear,0.00581645,0.00583122,0.005836,0.85,15m sweep of hour high then reject,t
3056,DRAM/USDT,2026-10-06 18:00:00+00,2026-10-06 18:31:41.351975+00,bear,60.25781945,60.37287222,60.39,0.85,15m sweep of hour high then reject,t
3055,GLW/USDT,2026-10-06 18:00:00+00,2026-10-06 18:31:41.351975+00,bull,168.77046737,170.73883156,168.85,0.85,mixed 15m structure — EMA side only,t
3053,QQQ/USDT,2026-10-06 18:00:00+00,2026-10-06 18:31:41.351975+00,bear,760.78621867,761.30951253,761.69,0.85,15m sweep of hour high then reject,t
3052,ZHIPU/USDT,2026-10-06 18:00:00+00,2026-10-06 18:31:41.351975+00,bear,90.63816413,90.76673435,90.81,0.85,15m sweep of hour high then reject,t
3051,MINIMAX/USDT,2026-10-06 18:00:00+00,2026-10-06 18:31:41.351975+00,bull,31.77166727,31.80083181,31.76,0.85,15m sweep of hour low then reclaim,t
3080,KORU/USDT,2026-10-06 18:00:00+00,2026-10-06 18:31:41.351975+00,bear,21.62856994,21.75657202,21.81,0.85,15m sweep of hour high then reject,t
3068,CARV/USDT,2026-10-06 18:00:00+00,2026-10-06 18:31:41.351975+00,bear,0.04842814,0.04869674,0.04873,0.85,15m sweep of hour high then reject,t
3057,SKHY/USDT,2026-10-06 18:00:00+00,2026-10-06 18:31:41.351975+00,bear,186.37795621,186.84281752,186.84,0.85,15m sweep of hour high then reject,t
3054,INTC/USDT,2026-10-06 18:00:00+00,2026-10-06 18:31:41.351975+00,bear,114.54986517,114.94205393,115.12,0.85,15m sweep of hour high then reject,t
3049,BMNR/USDT,2026-10-06 18:00:00+00,2026-10-06 18:31:41.351975+00,bear,26.62969323,26.71412271,26.69,0.85,15m holding below hour open and EMA21,t
3078,XAG/USDT,2026-10-06 18:00:00+00,2026-10-06 18:31:41.351975+00,bull,61.42836304,61.53909241,61.45,0.85,15m sweep of hour low then reclaim,t
3070,1000BONK/USDT,2026-10-06 18:00:00+00,2026-10-06 18:31:41.351975+00,bear,0.00369303,0.00370959,0.003714,0.85,15m sweep of hour high then reject,t
3050,LITE/USDT,2026-10-06 18:00:00+00,2026-10-06 18:31:41.351975+00,bull,1128.74211488,1137.42471281,1129.69,0.85,mixed 15m structure — EMA side only,t
3048,BTW/USDT,2026-10-06 18:00:00+00,2026-10-06 18:31:41.351975+00,bull,1.19072074,1.19834814,1.19,0.85,15m sweep of hour low then reclaim,t
3076,PLTR/USDT,2026-10-06 18:00:00+00,2026-10-06 18:31:41.351975+00,bull,192.4563426,192.8541435,192.49,0.85,15m holding above hour open and EMA21,t
3072,SOON/USDT,2026-10-06 18:00:00+00,2026-10-06 18:31:41.351975+00,bear,0.33322539,0.33486984,0.335,0.85,15m sweep of hour high then reject,t
3047,MSTR/USDT,2026-10-06 18:00:00+00,2026-10-06 18:31:41.351975+00,bear,164.81734244,165.35306302,165.37,0.85,15m sweep of hour high then reject,t
3046,AXTI/USDT,2026-10-06 18:00:00+00,2026-10-06 18:31:41.351975+00,bull,86.35928723,86.97678192,86.42,0.8,mixed 15m structure — EMA side only,t
3045,SOXL/USDT,2026-10-06 18:00:00+00,2026-10-06 18:31:41.351975+00,bear,166.76686036,167.51325585,167.56,0.85,15m sweep of hour high then reject,t
3041,BE/USDT,2026-10-06 18:00:00+00,2026-10-06 18:31:41.351975+00,bull,298.42863012,299.69842469,298.5,0.85,mixed 15m structure — EMA side only,t
3082,SPCX/USDT,2026-10-06 19:00:00+00,2026-10-06 19:28:03.356957+00,bear,171.83999453,172.94400219,173.03,0.85,15m sweep of hour high then reject,t
3081,BE/USDT,2026-10-06 19:00:00+00,2026-10-06 19:28:03.356957+00,bull,298.53800869,299.55997829,298.03,0.85,15m sweep of hour low then reclaim,t
3083,CBRS/USDT,2026-10-06 19:00:00+00,2026-10-06 19:28:03.356957+00,bear,176.14834084,177.00466367,177.39,0.85,15m sweep of hour high then reject,t
3084,SOXL/USDT,2026-10-06 19:00:00+00,2026-10-06 19:28:03.356957+00,bear,166.04567728,166.90572909,166.9,0.85,15m sweep of hour high then reject,t
3085,MSTR/USDT,2026-10-06 19:00:00+00,2026-10-06 19:28:03.356957+00,bear,163.16414703,164.25434119,164.15,0.85,mixed 15m structure — EMA side only,t
3086,ARM/USDT,2026-10-06 19:00:00+00,2026-10-06 19:28:03.356957+00,bull,304.00792265,305.13519337,304.14,0.85,15m sweep of hour low then reclaim,t
3087,AXTI/USDT,2026-10-06 19:00:00+00,2026-10-06 19:28:03.356957+00,bear,86.30933431,86.73026628,86.64,0.85,15m sweep of hour high then reject,t
3088,BTW/USDT,2026-10-06 19:00:00+00,2026-10-06 19:28:03.356957+00,bull,1.19511793,1.20415518,1.1941,0.85,15m sweep of hour low then reclaim,t
3089,LITE/USDT,2026-10-06 19:00:00+00,2026-10-06 19:28:03.356957+00,bull,1128.64605367,1133.24486583,1129.16,0.85,15m sweep of hour low then reclaim,t
3098,DRAM/USDT,2026-10-06 19:00:00+00,2026-10-06 19:28:03.356957+00,bear,59.96458871,60.09816452,60.07,0.85,15m sweep of hour high then reject,t
3107,NVDA/USDT,2026-10-06 19:00:00+00,2026-10-06 19:28:03.356957+00,bear,240.38790669,240.79683732,240.75,0.85,15m sweep of hour high then reject,t
3116,PLTR/USDT,2026-10-06 19:00:00+00,2026-10-06 19:28:03.356957+00,bull,192.3730015,192.81749624,192.41,0.85,15m sweep of hour low then reclaim,t
3090,MINIMAX/USDT,2026-10-06 19:00:00+00,2026-10-06 19:28:03.356957+00,bull,31.82009933,31.85475168,31.83,0.85,15m holding above hour open and EMA21,t
3099,ORCL/USDT,2026-10-06 19:00:00+00,2026-10-06 19:28:03.356957+00,bear,145.68147099,146.0434116,146.08,0.85,15m sweep of hour high then reject,t
3108,1000BONK/USDT,2026-10-06 19:00:00+00,2026-10-06 19:28:03.356957+00,bear,0.00370335,0.00371826,0.003715,0.85,15m sweep of hour high then reject,t
3117,XAG/USDT,2026-10-06 19:00:00+00,2026-10-06 19:28:03.356957+00,bull,61.56178574,61.79553565,61.59,0.85,mixed 15m structure — EMA side only,t
3091,BMNR/USDT,2026-10-06 19:00:00+00,2026-10-06 19:28:03.356957+00,bear,26.1194693,26.23221228,26.21,0.85,15m sweep of hour high then reject,t
3100,SQQQ/USDT,2026-10-06 19:00:00+00,2026-10-06 19:28:03.356957+00,bull,31.66921622,31.74195944,31.69,0.85,15m holding above hour open and EMA21,t
3109,MAGMA/USDT,2026-10-06 19:00:00+00,2026-10-06 19:28:03.356957+00,bear,0.21418573,0.21649971,0.21664,0.85,15m sweep of hour high then reject,t
3118,QCOM/USDT,2026-10-06 19:00:00+00,2026-10-06 19:28:03.356957+00,bear,182.14863843,182.75254463,182.78,0.85,15m sweep of hour high then reject,t
3092,NBIS/USDT,2026-10-06 19:00:00+00,2026-10-06 19:28:03.356957+00,bull,250.37080023,254.61299942,250.42,0.85,mixed 15m structure — EMA side only,t
3101,SNXX/USDT,2026-10-06 19:00:00+00,2026-10-06 19:28:03.356957+00,bear,15.26532249,15.355871,15.36,0.85,15m sweep of hour high then reject,t
3110,IREN/USDT,2026-10-06 19:00:00+00,2026-10-06 19:28:03.356957+00,bull,41.65282092,42.07794771,41.61,0.85,15m sweep of hour low then reclaim,t
3119,KORU/USDT,2026-10-06 19:00:00+00,2026-10-06 19:28:03.356957+00,bear,21.44108884,21.57956446,21.56,0.85,15m sweep of hour high then reject,t
3093,ZHIPU/USDT,2026-10-06 19:00:00+00,2026-10-06 19:28:03.356957+00,bear,90.65302711,90.82878916,90.82,0.85,mixed 15m structure — EMA side only,t
3102,VVV/USDT,2026-10-06 19:00:00+00,2026-10-06 19:28:03.356957+00,bear,27.32502244,27.47199103,27.487,0.85,15m sweep of hour high then reject,t
3111,1000SHIB/USDT,2026-10-06 19:00:00+00,2026-10-06 19:28:03.356957+00,bear,0.00578849,0.0058074,0.005802,0.85,15m holding below hour open and EMA21,t
3120,AMD/USDT,2026-10-06 19:00:00+00,2026-10-06 19:28:03.356957+00,bull,654.32921716,656.18695711,653.76,0.85,15m sweep of hour low then reclaim,t
3094,QQQ/USDT,2026-10-06 19:00:00+00,2026-10-06 19:28:03.356957+00,bear,760.89207979,761.44916808,761.4,0.85,15m sweep of hour high then reject,t
3103,COHR/USDT,2026-10-06 19:00:00+00,2026-10-06 19:28:03.356957+00,bull,335.8640111,337.21497225,335.65,0.85,15m sweep of hour low then reclaim,t
3112,CARV/USDT,2026-10-06 19:00:00+00,2026-10-06 19:28:03.356957+00,bear,0.04808811,0.04838476,0.0484,0.85,15m sweep of hour high then reject,t
3095,INTC/USDT,2026-10-06 19:00:00+00,2026-10-06 19:28:03.356957+00,bear,114.36423621,114.80630552,114.75,0.85,15m sweep of hour high then reject,t
3104,STXX/USDT,2026-10-06 19:00:00+00,2026-10-06 19:28:03.356957+00,bear,801.31380842,806.15247663,804.77,0.85,15m holding below hour open and EMA21,t
3113,BR/USDT,2026-10-06 19:00:00+00,2026-10-06 19:28:03.356957+00,bull,0.59651716,0.63710711,0.59367,0.85,15m sweep of hour low then reclaim,t
3096,GLW/USDT,2026-10-06 19:00:00+00,2026-10-06 19:28:03.356957+00,bull,168.09552928,168.84617679,168.18,0.85,15m sweep of hour low then reclaim,t
3105,AKE/USDT,2026-10-06 19:00:00+00,2026-10-06 19:28:03.356957+00,bear,0.02946091,0.02961224,0.029696,0.85,15m sweep of hour high then reject,t
3114,SOON/USDT,2026-10-06 19:00:00+00,2026-10-06 19:28:03.356957+00,bear,0.32891462,0.33099415,0.3313,0.85,15m sweep of hour high then reject,t
3097,SKHY/USDT,2026-10-06 19:00:00+00,2026-10-06 19:28:03.356957+00,bear,183.23256311,183.90097475,183.72,0.85,15m sweep of hour high then reject,t
3106,SPX/USDT,2026-10-06 19:00:00+00,2026-10-06 19:28:03.356957+00,bear,0.42026443,0.42283423,0.4223,0.85,15m sweep of hour high then reject,t
3115,SOXS/USDT,2026-10-06 19:00:00+00,2026-10-06 19:28:03.356957+00,bull,29.15464194,29.31339515,29.16,0.85,15m sweep of hour low then reclaim,t
3132,NBIS/USDT,2026-10-06 19:00:00+00,2026-10-06 19:30:18.253831+00,bull,250.48654485,254.49863789,250.42,0.85,15m sweep of hour low then reclaim,t
3126,ARM/USDT,2026-10-06 19:00:00+00,2026-10-06 19:30:18.253831+00,bull,304.04720588,305.0369853,304.14,0.85,15m sweep of hour low then reclaim,t
3134,QQQ/USDT,2026-10-06 19:00:00+00,2026-10-06 19:30:18.253831+00,bear,760.93895339,761.43041865,761.4,0.85,15m sweep of hour high then reject,t
3142,VVV/USDT,2026-10-06 19:00:00+00,2026-10-06 19:30:18.253831+00,bear,27.33694185,27.46722326,27.487,0.85,15m sweep of hour high then reject,t
3151,1000SHIB/USDT,2026-10-06 19:00:00+00,2026-10-06 19:30:18.253831+00,bear,0.00579005,0.00580678,0.005802,0.85,15m holding below hour open and EMA21,t
3160,AMD/USDT,2026-10-06 19:00:00+00,2026-10-06 19:30:18.253831+00,bull,653.84936315,656.06159212,653.76,0.85,15m sweep of hour low then reclaim,t
3155,SOXS/USDT,2026-10-06 19:00:00+00,2026-10-06 19:30:18.253831+00,bull,29.15754276,29.3061431,29.16,0.85,15m sweep of hour low then reclaim,t
3122,SPCX/USDT,2026-10-06 19:00:00+00,2026-10-06 19:30:18.253831+00,bear,171.90137917,172.94944833,173.03,0.85,15m sweep of hour high then reject,t
3131,BMNR/USDT,2026-10-06 19:00:00+00,2026-10-06 19:30:18.253831+00,bear,26.12896658,26.22841337,26.21,0.85,15m sweep of hour high then reject,t
3137,SKHY/USDT,2026-10-06 19:00:00+00,2026-10-06 19:30:18.253831+00,bear,183.28323128,183.88070749,183.72,0.85,15m sweep of hour high then reject,t
3148,1000BONK/USDT,2026-10-06 19:00:00+00,2026-10-06 19:30:18.253831+00,bear,0.00370463,0.00371775,0.003715,0.85,15m sweep of hour high then reject,t
3157,XAG/USDT,2026-10-06 19:00:00+00,2026-10-06 19:30:18.253831+00,bull,61.54617598,61.78456005,61.57,0.85,mixed 15m structure — EMA side only,t
3146,SPX/USDT,2026-10-06 19:00:00+00,2026-10-06 19:30:18.253831+00,bear,0.42046493,0.42275403,0.4223,0.85,15m sweep of hour high then reject,t
3136,GLW/USDT,2026-10-06 19:00:00+00,2026-10-06 19:30:18.253831+00,bull,168.12032415,168.78418962,168.18,0.85,15m sweep of hour low then reclaim,t
3125,MSTR/USDT,2026-10-06 19:00:00+00,2026-10-06 19:30:18.253831+00,bear,163.21593156,164.22362737,164.15,0.85,mixed 15m structure — EMA side only,t
3124,SOXL/USDT,2026-10-06 19:00:00+00,2026-10-06 19:30:18.253831+00,bear,166.11685299,166.87725881,166.9,0.85,15m sweep of hour high then reject,t
3133,ZHIPU/USDT,2026-10-06 19:00:00+00,2026-10-06 19:30:18.253831+00,bear,90.66326021,90.79469592,90.82,0.85,15m sweep of hour high then reject,t
3138,DRAM/USDT,2026-10-06 19:00:00+00,2026-10-06 19:30:18.253831+00,bear,59.9755482,60.09378072,60.07,0.85,15m sweep of hour high then reject,t
3145,AKE/USDT,2026-10-06 19:00:00+00,2026-10-06 19:30:18.253831+00,bear,0.0294704,0.02960844,0.029696,0.85,15m sweep of hour high then reject,t
3154,SOON/USDT,2026-10-06 19:00:00+00,2026-10-06 19:30:18.253831+00,bear,0.32906978,0.33093209,0.3313,0.85,15m sweep of hour high then reject,t
3158,QCOM/USDT,2026-10-06 19:00:00+00,2026-10-06 19:30:18.253831+00,bear,182.19148435,182.73540626,182.78,0.85,15m sweep of hour high then reject,t
3149,MAGMA/USDT,2026-10-06 19:00:00+00,2026-10-06 19:30:18.253831+00,bear,0.21435428,0.21625229,0.21664,0.85,15m sweep of hour high then reject,t
3140,SQQQ/USDT,2026-10-06 19:00:00+00,2026-10-06 19:30:18.253831+00,bull,31.67172127,31.73569684,31.69,0.85,15m holding above hour open and EMA21,t
3135,INTC/USDT,2026-10-06 19:00:00+00,2026-10-06 19:30:18.253831+00,bear,114.4000092,114.79199632,114.75,0.85,15m sweep of hour high then reject,t
3123,CBRS/USDT,2026-10-06 19:00:00+00,2026-10-06 19:30:18.253831+00,bear,176.21267171,176.97893132,177.39,0.85,15m sweep of hour high then reject,t
3144,STXX/USDT,2026-10-06 19:00:00+00,2026-10-06 19:30:18.253831+00,bear,801.7347975,805.984081,804.77,0.85,15m holding below hour open and EMA21,t
3153,BR/USDT,2026-10-06 19:00:00+00,2026-10-06 19:30:18.253831+00,bull,0.59704808,0.63485481,0.59367,0.85,15m sweep of hour low then reclaim,t
3128,BTW/USDT,2026-10-06 19:00:00+00,2026-10-06 19:30:18.253831+00,bull,1.19539836,1.2034541,1.1941,0.85,15m sweep of hour low then reclaim,t
3159,KORU/USDT,2026-10-06 19:00:00+00,2026-10-06 19:30:18.253831+00,bear,21.45110859,21.57555656,21.56,0.85,15m sweep of hour high then reject,t
3121,BE/USDT,2026-10-06 19:00:00+00,2026-10-06 19:30:18.253831+00,bull,298.33689685,299.48775788,298.03,0.85,15m sweep of hour low then reclaim,t
3130,MINIMAX/USDT,2026-10-06 19:00:00+00,2026-10-06 19:30:18.253831+00,bull,31.82138111,31.85154722,31.83,0.85,15m holding above hour open and EMA21,t
3139,ORCL/USDT,2026-10-06 19:00:00+00,2026-10-06 19:30:18.253831+00,bear,145.7102984,146.03188064,146.08,0.85,15m sweep of hour high then reject,t
3147,NVDA/USDT,2026-10-06 19:00:00+00,2026-10-06 19:30:18.253831+00,bear,240.41690092,240.78523963,240.75,0.85,15m sweep of hour high then reject,t
3156,PLTR/USDT,2026-10-06 19:00:00+00,2026-10-06 19:30:18.253831+00,bull,192.38758613,192.78103468,192.41,0.85,15m sweep of hour low then reclaim,t
3150,IREN/USDT,2026-10-06 19:00:00+00,2026-10-06 19:30:18.253831+00,bull,41.72021821,42.05945448,41.61,0.85,15m sweep of hour low then reclaim,t
3141,SNXX/USDT,2026-10-06 19:00:00+00,2026-10-06 19:30:18.253831+00,bear,15.27137449,15.3534502,15.36,0.85,15m sweep of hour high then reject,t
3129,LITE/USDT,2026-10-06 19:00:00+00,2026-10-06 19:30:18.253831+00,bull,1128.78459136,1132.8985216,1129.16,0.85,15m sweep of hour low then reclaim,t
3127,AXTI/USDT,2026-10-06 19:00:00+00,2026-10-06 19:30:18.253831+00,bear,86.34268835,86.71692466,86.64,0.85,15m sweep of hour high then reject,t
3143,COHR/USDT,2026-10-06 19:00:00+00,2026-10-06 19:30:18.253831+00,bull,335.90451145,337.11372138,335.65,0.85,15m sweep of hour low then reclaim,t
3152,CARV/USDT,2026-10-06 19:00:00+00,2026-10-06 19:30:18.253831+00,bear,0.04811276,0.0483749,0.0484,0.85,15m sweep of hour high then reject,t
3162,SPCX/USDT,2026-10-06 19:00:00+00,2026-10-06 19:45:40.260299+00,bear,172.13358676,173.1565653,173.12,0.85,mixed 15m structure — EMA side only,t
3194,SOON/USDT,2026-10-06 19:00:00+00,2026-10-06 19:45:40.260299+00,bear,0.32978008,0.33064797,0.3313,0.85,15m sweep of hour high then reject,t
3193,BR/USDT,2026-10-06 19:00:00+00,2026-10-06 19:45:40.260299+00,bull,0.60832463,0.62658843,0.59367,0.85,15m sweep of hour low then reclaim,t
3184,STXX/USDT,2026-10-06 19:00:00+00,2026-10-06 19:45:40.260299+00,bear,803.32528098,805.34788761,804.77,0.85,15m holding below hour open and EMA21,t
3198,QCOM/USDT,2026-10-06 19:00:00+00,2026-10-06 19:45:40.260299+00,bear,182.3940463,182.65438148,182.78,0.85,15m sweep of hour high then reject,t
3189,MAGMA/USDT,2026-10-06 19:00:00+00,2026-10-06 19:45:40.260299+00,bear,0.21507243,0.21596503,0.21664,0.85,15m sweep of hour high then reject,t
3180,SQQQ/USDT,2026-10-06 19:00:00+00,2026-10-06 19:45:40.260299+00,bull,31.68123487,31.71191282,31.69,0.85,15m holding above hour open and EMA21,t
3196,PLTR/USDT,2026-10-06 19:00:00+00,2026-10-06 19:45:40.260299+00,bull,192.44706499,192.63233753,192.41,0.85,15m sweep of hour low then reclaim,t
3187,NVDA/USDT,2026-10-06 19:00:00+00,2026-10-06 19:45:40.260299+00,bear,240.54391828,240.73443269,240.75,0.85,15m sweep of hour high then reject,t
3178,DRAM/USDT,2026-10-06 19:00:00+00,2026-10-06 19:45:40.260299+00,bear,60.01568309,60.07772676,60.07,0.85,15m sweep of hour high then reject,t
3195,SOXS/USDT,2026-10-06 19:00:00+00,2026-10-06 19:45:40.260299+00,bull,29.17870914,29.25322715,29.16,0.85,15m sweep of hour low then reclaim,t
3186,SPX/USDT,2026-10-06 19:00:00+00,2026-10-06 19:45:40.260299+00,bear,0.42130604,0.42241758,0.4223,0.85,15m sweep of hour high then reject,t
3177,SKHY/USDT,2026-10-06 19:00:00+00,2026-10-06 19:45:40.260299+00,bear,183.49792881,183.79482848,183.72,0.85,15m sweep of hour high then reject,t
3192,CARV/USDT,2026-10-06 19:00:00+00,2026-10-06 19:45:40.260299+00,bear,0.04820587,0.04833765,0.0484,0.85,15m sweep of hour high then reject,t
3183,COHR/USDT,2026-10-06 19:00:00+00,2026-10-06 19:45:40.260299+00,bear,335.82507579,336.41996968,337.63,0.85,15m sweep of hour high then reject,t
3174,QQQ/USDT,2026-10-06 19:00:00+00,2026-10-06 19:45:40.260299+00,bear,761.11494264,761.36002294,761.4,0.85,15m sweep of hour high then reject,t
3165,MSTR/USDT,2026-10-06 19:00:00+00,2026-10-06 19:45:40.260299+00,bear,163.41634323,164.37346271,164.3,0.85,mixed 15m structure — EMA side only,t
3200,AMD/USDT,2026-10-06 19:00:00+00,2026-10-06 19:45:40.260299+00,bear,654.22249294,655.11500282,656.63,0.85,15m sweep of hour high then reject,t
3191,1000SHIB/USDT,2026-10-06 19:00:00+00,2026-10-06 19:45:40.260299+00,bear,0.0057961,0.00580436,0.005802,0.85,15m holding below hour open and EMA21,t
3182,VVV/USDT,2026-10-06 19:00:00+00,2026-10-06 19:45:40.260299+00,bear,27.3836605,27.4485358,27.487,0.85,15m sweep of hour high then reject,t
3173,ZHIPU/USDT,2026-10-06 19:00:00+00,2026-10-06 19:45:40.260299+00,bear,90.70879938,90.76648025,90.82,0.85,15m sweep of hour high then reject,t
3164,SOXL/USDT,2026-10-06 19:00:00+00,2026-10-06 19:45:40.260299+00,bear,166.36905674,166.7763773,166.9,0.85,15m sweep of hour high then reject,t
3199,KORU/USDT,2026-10-06 19:00:00+00,2026-10-06 19:45:40.260299+00,bear,21.49431827,21.55827269,21.56,0.85,15m sweep of hour high then reject,t
3190,IREN/USDT,2026-10-06 19:00:00+00,2026-10-06 19:45:40.260299+00,bull,41.7419656,41.98008601,41.61,0.85,15m sweep of hour low then reclaim,t
3181,SNXX/USDT,2026-10-06 19:00:00+00,2026-10-06 19:45:40.260299+00,bear,15.30045959,15.34181617,15.36,0.85,15m sweep of hour high then reject,t
3172,NBIS/USDT,2026-10-06 19:00:00+00,2026-10-06 19:45:40.260299+00,bear,253.21302527,253.81078989,253.84,0.85,15m sweep of hour high then reject,t
3163,CBRS/USDT,2026-10-06 19:00:00+00,2026-10-06 19:45:40.260299+00,bear,176.48475829,176.87009668,177.39,0.85,15m sweep of hour high then reject,t
3197,XAG/USDT,2026-10-06 19:00:00+00,2026-10-06 19:45:40.260299+00,bull,61.53392456,61.7401886,61.54,0.85,mixed 15m structure — EMA side only,t
3188,1000BONK/USDT,2026-10-06 19:00:00+00,2026-10-06 19:45:40.260299+00,bear,0.00370923,0.00371591,0.003715,0.85,15m sweep of hour high then reject,t
3179,ORCL/USDT,2026-10-06 19:00:00+00,2026-10-06 19:45:40.260299+00,bear,145.82662069,145.98535172,146.08,0.85,15m sweep of hour high then reject,t
3170,MINIMAX/USDT,2026-10-06 19:00:00+00,2026-10-06 19:45:40.260299+00,bull,31.82590552,31.84023621,31.83,0.85,15m holding above hour open and EMA21,t
3168,BTW/USDT,2026-10-06 19:00:00+00,2026-10-06 19:45:40.260299+00,bull,1.19657288,1.2005178,1.1941,0.85,15m sweep of hour low then reclaim,t
3167,AXTI/USDT,2026-10-06 19:00:00+00,2026-10-06 19:45:40.260299+00,bear,86.4489803,86.67440788,86.64,0.85,15m sweep of hour high then reject,t
3169,LITE/USDT,2026-10-06 19:00:00+00,2026-10-06 19:45:40.260299+00,bull,1129.38084599,1131.40788503,1129.16,0.85,15m sweep of hour low then reclaim,t
3176,GLW/USDT,2026-10-06 19:00:00+00,2026-10-06 19:45:40.260299+00,bull,168.21859336,168.53851661,168.18,0.85,15m sweep of hour low then reclaim,t
3171,BMNR/USDT,2026-10-06 19:00:00+00,2026-10-06 19:45:40.260299+00,bear,26.16562734,26.21374906,26.21,0.85,15m sweep of hour high then reject,t
3161,BE/USDT,2026-10-06 19:00:00+00,2026-10-06 19:45:40.260299+00,bull,298.70329496,299.14676259,298.03,0.85,15m sweep of hour low then reclaim,t
3175,INTC/USDT,2026-10-06 19:00:00+00,2026-10-06 19:45:40.260299+00,bear,114.53746856,114.73701258,114.75,0.85,15m sweep of hour high then reject,t
3166,ARM/USDT,2026-10-06 19:00:00+00,2026-10-06 19:45:40.260299+00,bear,303.95997111,304.47801156,306.19,0.85,15m sweep of hour high then reject,t
3185,AKE/USDT,2026-10-06 19:00:00+00,2026-10-06 19:45:40.260299+00,bear,0.02951904,0.02958898,0.029696,0.85,15m sweep of hour high then reject,t
3207,AXTI/USDT,2026-10-06 20:00:00+00,2026-10-06 20:00:29.815081+00,bear,83.47828399,84.4766864,84.47,0.85,15m sweep of hour high then reject,t
3233,BR/USDT,2026-10-06 20:00:00+00,2026-10-06 20:00:29.815081+00,bull,0.59645719,0.63957703,0.6075,0.8,mixed 15m structure — EMA side only,t
3225,AKE/USDT,2026-10-06 20:00:00+00,2026-10-06 20:00:29.815081+00,bear,0.02910059,0.02940256,0.029344,0.85,mixed 15m structure — EMA side only,t
3217,SKHY/USDT,2026-10-06 20:00:00+00,2026-10-06 20:00:29.815081+00,bear,181.57594986,182.83962005,182.54,0.85,mixed 15m structure — EMA side only,t
3201,BE/USDT,2026-10-06 20:00:00+00,2026-10-06 20:00:29.815081+00,bear,294.66116753,296.84353299,296.38,0.85,mixed 15m structure — EMA side only,t
3202,SPCX/USDT,2026-10-06 20:00:00+00,2026-10-06 20:00:29.815081+00,bear,171.03660795,172.42535682,172.14,0.8,mixed 15m structure — EMA side only,t
3203,CBRS/USDT,2026-10-06 20:00:00+00,2026-10-06 20:00:29.815081+00,bear,176.17988795,177.76604482,177.36,0.85,mixed 15m structure — EMA side only,t
3204,SOXL/USDT,2026-10-06 20:00:00+00,2026-10-06 20:00:29.815081+00,bear,162.97913933,164.51634427,164.1,0.8,mixed 15m structure — EMA side only,t
3205,MSTR/USDT,2026-10-06 20:00:00+00,2026-10-06 20:00:29.815081+00,bear,164.02420341,165.04031863,164.77,0.85,15m holding below hour open and EMA21,t
3206,ARM/USDT,2026-10-06 20:00:00+00,2026-10-06 20:00:29.815081+00,bear,301.25617841,303.26352864,302.69,0.85,15m holding below hour open and EMA21,t
3208,BTW/USDT,2026-10-06 20:00:00+00,2026-10-06 20:00:29.815081+00,bull,1.19499441,1.21041397,1.1994,0.85,15m holding above hour open and EMA21,t
3209,LITE/USDT,2026-10-06 20:00:00+00,2026-10-06 20:00:29.815081+00,bull,1130.90925653,1139.64685867,1132.8,0.85,mixed 15m structure — EMA side only,t
3218,DRAM/USDT,2026-10-06 20:00:00+00,2026-10-06 20:00:29.815081+00,bear,59.37703721,59.61918512,59.58,0.85,mixed 15m structure — EMA side only,t
3228,1000BONK/USDT,2026-10-06 20:00:00+00,2026-10-06 20:00:29.815081+00,bear,0.00367109,0.00369756,0.00369,0.85,15m holding below hour open and EMA21,t
3234,SOON/USDT,2026-10-06 20:00:00+00,2026-10-06 20:00:29.815081+00,bear,0.32799528,0.33136189,0.3304,0.85,15m holding below hour open and EMA21,t
3237,XAG/USDT,2026-10-06 20:00:00+00,2026-10-06 20:00:29.815081+00,bull,61.4173198,61.6367005,61.47,0.85,15m holding above hour open and EMA21,t
3210,MINIMAX/USDT,2026-10-06 20:00:00+00,2026-10-06 20:00:29.815081+00,bull,31.85479192,31.9080202,31.87,0.85,15m holding above hour open and EMA21,t
3219,ORCL/USDT,2026-10-06 20:00:00+00,2026-10-06 20:00:29.815081+00,bear,144.42380541,145.05847784,144.95,0.85,mixed 15m structure — EMA side only,t
3226,SPX/USDT,2026-10-06 20:00:00+00,2026-10-06 20:00:29.815081+00,bear,0.41520243,0.41953903,0.4183,0.85,15m holding below hour open and EMA21,t
3231,1000SHIB/USDT,2026-10-06 20:00:00+00,2026-10-06 20:00:29.815081+00,bear,0.00574045,0.00577202,0.005763,0.85,15m holding below hour open and EMA21,t
3240,AMD/USDT,2026-10-06 20:00:00+00,2026-10-06 20:00:29.815081+00,bear,647.37333093,650.91066763,650.27,0.85,15m sweep of hour high then reject,t
3211,BMNR/USDT,2026-10-06 20:00:00+00,2026-10-06 20:00:29.815081+00,bear,26.06725869,26.28109652,26.28,0.85,15m sweep of hour high then reject,t
3220,SQQQ/USDT,2026-10-06 20:00:00+00,2026-10-06 20:00:29.815081+00,bull,31.81410096,31.9397476,31.85,0.85,15m holding above hour open and EMA21,t
3232,CARV/USDT,2026-10-06 20:00:00+00,2026-10-06 20:00:29.815081+00,bear,0.04749644,0.04802542,0.04789,0.85,mixed 15m structure — EMA side only,t
3227,NVDA/USDT,2026-10-06 20:00:00+00,2026-10-06 20:00:29.815081+00,bear,238.87619648,239.63552141,239.43,0.85,mixed 15m structure — EMA side only,t
3212,NBIS/USDT,2026-10-06 20:00:00+00,2026-10-06 20:00:29.815081+00,bear,248.3097367,250.57810532,250.02,0.85,15m holding below hour open and EMA21,t
3221,SNXX/USDT,2026-10-06 20:00:00+00,2026-10-06 20:00:29.815081+00,bear,15.07842132,15.23463147,15.2,0.8,mixed 15m structure — EMA side only,t
3230,IREN/USDT,2026-10-06 20:00:00+00,2026-10-06 20:00:29.815081+00,bear,41.0388234,41.55047064,41.43,0.85,mixed 15m structure — EMA side only,t
3238,QCOM/USDT,2026-10-06 20:00:00+00,2026-10-06 20:00:29.815081+00,bear,180.52002913,181.49998835,181.22,0.85,15m holding below hour open and EMA21,t
3213,ZHIPU/USDT,2026-10-06 20:00:00+00,2026-10-06 20:00:29.815081+00,bear,90.62046913,90.85381235,90.79,0.8,mixed 15m structure — EMA side only,t
3222,VVV/USDT,2026-10-06 20:00:00+00,2026-10-06 20:00:29.815081+00,bear,26.8511033,27.12355868,27.063,0.85,mixed 15m structure — EMA side only,t
3239,KORU/USDT,2026-10-06 20:00:00+00,2026-10-06 20:00:29.815081+00,bear,20.83825359,21.14269856,21.07,0.85,mixed 15m structure — EMA side only,t
3216,GLW/USDT,2026-10-06 20:00:00+00,2026-10-06 20:00:29.815081+00,bull,168.73971818,169.96570455,168.99,0.85,15m holding above hour open and EMA21,t
3214,QQQ/USDT,2026-10-06 20:00:00+00,2026-10-06 20:00:29.815081+00,bear,759.40685839,760.44125664,760.19,0.8,mixed 15m structure — EMA side only,t
3223,COHR/USDT,2026-10-06 20:00:00+00,2026-10-06 20:00:29.815081+00,bull,337.52356974,340.47107564,338.22,0.85,mixed 15m structure — EMA side only,t
3235,SOXS/USDT,2026-10-06 20:00:00+00,2026-10-06 20:00:29.815081+00,bull,29.57943394,29.86141514,29.66,0.85,15m holding above hour open and EMA21,t
3215,INTC/USDT,2026-10-06 20:00:00+00,2026-10-06 20:00:29.815081+00,bear,111.92566893,112.81373243,112.57,0.85,15m holding below hour open and EMA21,t
3224,STXX/USDT,2026-10-06 20:00:00+00,2026-10-06 20:00:29.815081+00,bear,800.01225794,807.87709682,805.65,0.85,15m holding below hour open and EMA21,t
3229,MAGMA/USDT,2026-10-06 20:00:00+00,2026-10-06 20:00:29.815081+00,bear,0.2123669,0.21577324,0.2148,0.85,15m holding below hour open and EMA21,t
3236,PLTR/USDT,2026-10-06 20:00:00+00,2026-10-06 20:00:29.815081+00,bear,191.59324632,192.49670147,192.31,0.85,mixed 15m structure — EMA side only,t
3254,QQQ/USDT,2026-10-06 20:00:00+00,2026-10-06 20:15:21.65155+00,bear,759.60081209,760.64367516,760.44,0.85,mixed 15m structure — EMA side only,t
3277,XAG/USDT,2026-10-06 20:00:00+00,2026-10-06 20:15:21.65155+00,bull,61.43606915,61.58982713,61.47,0.85,15m holding above hour open and EMA21,t
3275,SOXS/USDT,2026-10-06 20:00:00+00,2026-10-06 20:15:21.65155+00,bull,29.60277721,29.80305697,29.66,0.85,15m holding above hour open and EMA21,t
3266,SPX/USDT,2026-10-06 20:00:00+00,2026-10-06 20:15:21.65155+00,bear,0.41605223,0.41919911,0.4183,0.85,15m holding below hour open and EMA21,t
3257,SKHY/USDT,2026-10-06 20:00:00+00,2026-10-06 20:15:21.65155+00,bear,181.81273294,183.13490682,182.9,0.85,mixed 15m structure — EMA side only,t
3248,BTW/USDT,2026-10-06 20:00:00+00,2026-10-06 20:15:21.65155+00,bull,1.19596411,1.20798973,1.1994,0.85,15m holding above hour open and EMA21,t
3272,CARV/USDT,2026-10-06 20:00:00+00,2026-10-06 20:15:21.65155+00,bear,0.04760263,0.04804295,0.04794,0.85,mixed 15m structure — EMA side only,t
3243,CBRS/USDT,2026-10-06 20:00:00+00,2026-10-06 20:15:21.65155+00,bear,176.50663625,177.5853455,177.36,0.85,mixed 15m structure — EMA side only,t
3252,NBIS/USDT,2026-10-06 20:00:00+00,2026-10-06 20:15:21.65155+00,bull,249.45022665,251.12943337,249.65,0.85,15m sweep of hour low then reclaim,t
3274,SOON/USDT,2026-10-06 20:00:00+00,2026-10-06 20:15:21.65155+00,bear,0.32850243,0.33395903,0.3334,0.85,mixed 15m structure — EMA side only,t
3265,AKE/USDT,2026-10-06 20:00:00+00,2026-10-06 20:15:21.65155+00,bear,0.02915689,0.02935404,0.029344,0.85,15m sweep of hour high then reject,t
3256,GLW/USDT,2026-10-06 20:00:00+00,2026-10-06 20:15:21.65155+00,bull,168.8443823,169.70404424,168.99,0.85,15m sweep of hour low then reclaim,t
3247,AXTI/USDT,2026-10-06 20:00:00+00,2026-10-06 20:15:21.65155+00,bear,83.65219778,84.30712089,84.47,0.85,15m sweep of hour high then reject,t
3261,SNXX/USDT,2026-10-06 20:00:00+00,2026-10-06 20:15:21.65155+00,bear,15.10881127,15.27247549,15.24,0.85,mixed 15m structure — EMA side only,t
3270,IREN/USDT,2026-10-06 20:00:00+00,2026-10-06 20:15:21.65155+00,bear,41.1274663,41.47501348,41.43,0.85,mixed 15m structure — EMA side only,t
3279,KORU/USDT,2026-10-06 20:00:00+00,2026-10-06 20:15:21.65155+00,bear,20.88855161,21.19257936,21.14,0.85,mixed 15m structure — EMA side only,t
3269,MAGMA/USDT,2026-10-06 20:00:00+00,2026-10-06 20:15:21.65155+00,bear,0.21308532,0.21568587,0.21506,0.8,mixed 15m structure — EMA side only,t
3273,BR/USDT,2026-10-06 20:00:00+00,2026-10-06 20:15:21.65155+00,bull,0.59931371,0.63116073,0.60474,0.8,mixed 15m structure — EMA side only,t
3278,QCOM/USDT,2026-10-06 20:00:00+00,2026-10-06 20:15:21.65155+00,bear,180.72973457,181.44610617,181.25,0.85,mixed 15m structure — EMA side only,t
3255,INTC/USDT,2026-10-06 20:00:00+00,2026-10-06 20:15:21.65155+00,bear,112.11475157,112.77809937,112.6,0.85,mixed 15m structure — EMA side only,t
3264,STXX/USDT,2026-10-06 20:00:00+00,2026-10-06 20:15:21.65155+00,bear,801.65635821,807.97945672,806.39,0.85,mixed 15m structure — EMA side only,t
3246,ARM/USDT,2026-10-06 20:00:00+00,2026-10-06 20:15:21.65155+00,bear,301.68587425,303.0916503,302.69,0.85,15m holding below hour open and EMA21,t
3244,SOXL/USDT,2026-10-06 20:00:00+00,2026-10-06 20:15:21.65155+00,bear,163.30959704,164.39416119,164.1,0.8,mixed 15m structure — EMA side only,t
3253,ZHIPU/USDT,2026-10-06 20:00:00+00,2026-10-06 20:15:21.65155+00,bear,90.66611243,90.82555503,90.79,0.85,15m sweep of hour high then reject,t
3262,VVV/USDT,2026-10-06 20:00:00+00,2026-10-06 20:15:21.65155+00,bear,26.89524337,27.25190265,27.198,0.85,mixed 15m structure — EMA side only,t
3249,LITE/USDT,2026-10-06 20:00:00+00,2026-10-06 20:15:21.65155+00,bull,1130.90992508,1137.97018729,1132.51,0.85,mixed 15m structure — EMA side only,t
3258,DRAM/USDT,2026-10-06 20:00:00+00,2026-10-06 20:15:21.65155+00,bear,59.42327591,59.69068963,59.64,0.85,mixed 15m structure — EMA side only,t
3267,NVDA/USDT,2026-10-06 20:00:00+00,2026-10-06 20:15:21.65155+00,bear,239.01545826,239.8198167,239.67,0.85,mixed 15m structure — EMA side only,t
3276,PLTR/USDT,2026-10-06 20:00:00+00,2026-10-06 20:15:21.65155+00,bear,191.74022512,192.32790995,192.31,0.85,15m sweep of hour high then reject,t
3271,1000SHIB/USDT,2026-10-06 20:00:00+00,2026-10-06 20:15:21.65155+00,bear,0.00574591,0.00578884,0.005782,0.85,mixed 15m structure — EMA side only,t
3280,AMD/USDT,2026-10-06 20:00:00+00,2026-10-06 20:15:21.65155+00,bear,648.10901618,650.73639353,650.27,0.85,mixed 15m structure — EMA side only,t
3242,SPCX/USDT,2026-10-06 20:00:00+00,2026-10-06 20:15:21.65155+00,bear,171.29647696,172.21140921,172.14,0.85,15m sweep of hour high then reject,t
3251,BMNR/USDT,2026-10-06 20:00:00+00,2026-10-06 20:15:21.65155+00,bear,26.1017873,26.42728508,26.38,0.85,mixed 15m structure — EMA side only,t
3260,SQQQ/USDT,2026-10-06 20:00:00+00,2026-10-06 20:15:21.65155+00,bull,31.77360602,31.91598494,31.8,0.85,mixed 15m structure — EMA side only,t
3245,MSTR/USDT,2026-10-06 20:00:00+00,2026-10-06 20:15:21.65155+00,bull,164.53221381,165.29446548,164.67,0.85,15m sweep of hour low then reclaim,t
3241,BE/USDT,2026-10-06 20:00:00+00,2026-10-06 20:15:21.65155+00,bear,295.08034882,296.53586047,296.38,0.85,15m sweep of hour high then reject,t
3250,MINIMAX/USDT,2026-10-06 20:00:00+00,2026-10-06 20:15:21.65155+00,bull,31.85829437,31.89926407,31.87,0.85,15m holding above hour open and EMA21,t
3259,ORCL/USDT,2026-10-06 20:00:00+00,2026-10-06 20:15:21.65155+00,bear,144.55020377,145.13791849,145.01,0.85,mixed 15m structure — EMA side only,t
3268,1000BONK/USDT,2026-10-06 20:00:00+00,2026-10-06 20:15:21.65155+00,bear,0.00367662,0.00369535,0.00369,0.85,15m holding below hour open and EMA21,t
3263,COHR/USDT,2026-10-06 20:00:00+00,2026-10-06 20:15:21.65155+00,bull,337.89710036,339.93724911,338.22,0.8,mixed 15m structure — EMA side only,t
3289,LITE/USDT,2026-10-06 20:00:00+00,2026-10-06 20:30:19.472559+00,bull,1131.64706315,1136.45234213,1132.51,0.85,mixed 15m structure — EMA side only,t
3309,XPT/USDT,2026-10-06 20:00:00+00,2026-10-06 20:30:19.472559+00,bull,1710.0983122,1712.9392195,1710.74,0.85,15m sweep of hour low then reclaim,t
3304,VVV/USDT,2026-10-06 20:00:00+00,2026-10-06 20:30:19.472559+00,bear,26.9442578,27.28129688,27.248,0.85,mixed 15m structure — EMA side only,t
3295,BMNR/USDT,2026-10-06 20:00:00+00,2026-10-06 20:30:19.472559+00,bull,26.18979971,26.29550072,26.21,0.85,15m sweep of hour low then reclaim,t
3312,SOXS/USDT,2026-10-06 20:00:00+00,2026-10-06 20:30:19.472559+00,bull,29.62420494,29.74948765,29.66,0.85,15m holding above hour open and EMA21,t
3318,QCOM/USDT,2026-10-06 20:00:00+00,2026-10-06 20:30:19.472559+00,bear,180.91000235,181.34399906,181.25,0.85,15m sweep of hour high then reject,t
3296,GLW/USDT,2026-10-06 20:00:00+00,2026-10-06 20:30:19.472559+00,bull,168.93739381,169.47151548,168.99,0.85,15m sweep of hour low then reclaim,t
3315,1000SHIB/USDT,2026-10-06 20:00:00+00,2026-10-06 20:30:19.472559+00,bear,0.00575237,0.00578725,0.005783,0.85,mixed 15m structure — EMA side only,t
3297,SKHY/USDT,2026-10-06 20:00:00+00,2026-10-06 20:30:19.472559+00,bear,182.05178706,183.11928518,182.96,0.85,mixed 15m structure — EMA side only,t
3305,COHR/USDT,2026-10-06 20:00:00+00,2026-10-06 20:30:19.472559+00,bull,337.71924308,339.45689231,338.04,0.85,mixed 15m structure — EMA side only,t
3320,BZ/USDT,2026-10-06 20:00:00+00,2026-10-06 20:30:19.472559+00,bull,100.79023556,101.03441111,100.86,0.85,15m holding above hour open and EMA21,t
3317,XAG/USDT,2026-10-06 20:00:00+00,2026-10-06 20:30:19.472559+00,bear,61.40829749,61.508681,61.48,0.85,15m holding below hour open and EMA21,t
3311,SOON/USDT,2026-10-06 20:00:00+00,2026-10-06 20:30:19.472559+00,bull,0.32989112,0.33167219,0.3302,0.85,15m sweep of hour low then reclaim,t
3313,PLTR/USDT,2026-10-06 20:00:00+00,2026-10-06 20:30:19.472559+00,bear,191.89921079,192.26431568,192.31,0.85,15m sweep of hour high then reject,t
3316,FLUX/USDT,2026-10-06 20:00:00+00,2026-10-06 20:30:19.472559+00,bear,0.08756542,0.09132183,0.09106,0.85,mixed 15m structure — EMA side only,t
3319,STXX/USDT,2026-10-06 20:00:00+00,2026-10-06 20:30:19.472559+00,bear,803.11441222,807.74623511,807.25,0.85,mixed 15m structure — EMA side only,t
3299,AAPL/USDT,2026-10-06 20:00:00+00,2026-10-06 20:30:19.472559+00,bull,333.66350993,334.07122517,333.6,0.85,15m sweep of hour low then reclaim,t
3290,MINIMAX/USDT,2026-10-06 20:00:00+00,2026-10-06 20:30:19.472559+00,bull,31.8620108,31.889973,31.87,0.85,15m holding above hour open and EMA21,t
3287,MSTR/USDT,2026-10-06 20:00:00+00,2026-10-06 20:30:19.472559+00,bull,164.60997998,165.10005006,164.67,0.85,15m sweep of hour low then reclaim,t
3306,1000BONK/USDT,2026-10-06 20:00:00+00,2026-10-06 20:30:19.472559+00,bear,0.00368135,0.00369846,0.003695,0.85,mixed 15m structure — EMA side only,t
3303,AMD/USDT,2026-10-06 20:00:00+00,2026-10-06 20:30:19.472559+00,bear,648.77458145,650.76016742,650.38,0.85,mixed 15m structure — EMA side only,t
3294,ARM/USDT,2026-10-06 20:00:00+00,2026-10-06 20:30:19.472559+00,bear,302.06793406,302.93882638,302.69,0.85,15m holding below hour open and EMA21,t
3286,CBRS/USDT,2026-10-06 20:00:00+00,2026-10-06 20:30:19.472559+00,bull,177.07633374,177.75416566,177.27,0.85,15m holding above hour open and EMA21,t
3285,INTC/USDT,2026-10-06 20:00:00+00,2026-10-06 20:30:19.472559+00,bear,112.27647717,112.88340913,112.77,0.85,mixed 15m structure — EMA side only,t
3310,BR/USDT,2026-10-06 20:00:00+00,2026-10-06 20:30:19.472559+00,bull,0.60581567,0.62403082,0.60474,0.85,15m sweep of hour low then reclaim,t
3292,ZHIPU/USDT,2026-10-06 20:00:00+00,2026-10-06 20:30:19.472559+00,bear,90.70624817,90.84950073,90.82,0.85,mixed 15m structure — EMA side only,t
3300,ORCL/USDT,2026-10-06 20:00:00+00,2026-10-06 20:30:19.472559+00,bear,144.67017376,145.0499305,145.01,0.85,mixed 15m structure — EMA side only,t
3284,SPCX/USDT,2026-10-06 20:00:00+00,2026-10-06 20:30:19.472559+00,bear,171.53522383,172.11591047,172.14,0.85,15m sweep of hour high then reject,t
3283,TSM/USDT,2026-10-06 20:00:00+00,2026-10-06 20:30:19.472559+00,bear,482.21103746,483.70758502,483.5,0.85,mixed 15m structure — EMA side only,t
3282,SOXL/USDT,2026-10-06 20:00:00+00,2026-10-06 20:30:19.472559+00,bear,163.59648864,164.25940454,164.1,0.85,15m holding below hour open and EMA21,t
3291,AXTI/USDT,2026-10-06 20:00:00+00,2026-10-06 20:30:19.472559+00,bear,83.82344386,84.23862245,84.47,0.85,15m sweep of hour high then reject,t
3301,SQQQ/USDT,2026-10-06 20:00:00+00,2026-10-06 20:30:19.472559+00,bull,31.80328944,31.89177639,31.8,0.85,15m sweep of hour low then reclaim,t
3298,DRAM/USDT,2026-10-06 20:00:00+00,2026-10-06 20:30:19.472559+00,bear,59.46969461,59.63212215,59.64,0.85,15m sweep of hour high then reject,t
3308,MAGMA/USDT,2026-10-06 20:00:00+00,2026-10-06 20:30:19.472559+00,bear,0.21372368,0.21569053,0.21532,0.85,mixed 15m structure — EMA side only,t
3302,SNXX/USDT,2026-10-06 20:00:00+00,2026-10-06 20:30:19.472559+00,bear,15.13881174,15.2404753,15.24,0.85,15m sweep of hour high then reject,t
3293,QQQ/USDT,2026-10-06 20:00:00+00,2026-10-06 20:30:19.472559+00,bear,759.79246701,760.5270132,760.44,0.85,mixed 15m structure — EMA side only,t
3307,AKE/USDT,2026-10-06 20:00:00+00,2026-10-06 20:30:19.472559+00,bear,0.02920646,0.02932622,0.029344,0.85,15m sweep of hour high then reject,t
3281,BE/USDT,2026-10-06 20:00:00+00,2026-10-06 20:30:19.472559+00,bear,295.46479927,296.38208029,296.38,0.85,15m sweep of hour high then reject,t
3288,BTW/USDT,2026-10-06 20:00:00+00,2026-10-06 20:30:19.472559+00,bull,1.19716716,1.20498209,1.1994,0.85,15m holding above hour open and EMA21,t
3314,TQQQ/USDT,2026-10-06 20:00:00+00,2026-10-06 20:30:19.472559+00,bear,84.19721976,84.4631121,84.46,0.85,mixed 15m structure — EMA side only,t
3357,XAG/USDT,2026-10-07 06:00:00+00,2026-10-07 06:29:02.601817+00,bear,60.54697287,60.66321085,60.78,0.85,15m sweep of hour high then reject,t
3340,ORCL/USDT,2026-10-07 06:00:00+00,2026-10-07 06:29:02.601817+00,bear,144.39806426,144.63077429,144.61,0.85,mixed 15m structure — EMA side only,t
3349,XPT/USDT,2026-10-07 06:00:00+00,2026-10-07 06:29:02.601817+00,bear,1689.07112621,1692.40154951,1692.4,0.85,15m sweep of hour high then reject,t
3358,QCOM/USDT,2026-10-07 06:00:00+00,2026-10-07 06:29:02.601817+00,bear,180.51922532,180.74430987,180.72,0.85,15m sweep of hour high then reject,t
3332,ZHIPU/USDT,2026-10-07 06:00:00+00,2026-10-07 06:29:02.601817+00,bear,87.55494526,88.76802189,88.66,0.85,mixed 15m structure — EMA side only,t
3341,SQQQ/USDT,2026-10-07 06:00:00+00,2026-10-07 06:29:02.601817+00,bull,31.85619378,31.90451554,31.87,0.85,15m holding above hour open and EMA21,t
3350,BR/USDT,2026-10-07 06:00:00+00,2026-10-07 06:29:02.601817+00,bear,0.58475398,0.60642041,0.61001,0.85,15m sweep of hour high then reject,t
3359,STXX/USDT,2026-10-07 06:00:00+00,2026-10-07 06:29:02.601817+00,bull,808.90035706,812.01910735,807.88,0.75,15m sweep of hour low then reclaim,t
3333,QQQ/USDT,2026-10-07 06:00:00+00,2026-10-07 06:29:02.601817+00,bear,759.65308035,759.99876786,759.97,0.85,15m sweep of hour high then reject,t
3342,SNXX/USDT,2026-10-07 06:00:00+00,2026-10-07 06:29:02.601817+00,bear,14.79947739,14.88420904,14.87,0.85,15m sweep of hour high then reject,t
3351,SOON/USDT,2026-10-07 06:00:00+00,2026-10-07 06:29:02.601817+00,bear,0.32574802,0.32998079,0.3307,0.85,15m sweep of hour high then reject,t
3360,BZ/USDT,2026-10-07 06:00:00+00,2026-10-07 06:29:02.601817+00,bear,101.03771839,101.32691264,101.46,0.85,15m sweep of hour high then reject,t
3338,DRAM/USDT,2026-10-07 06:00:00+00,2026-10-07 06:29:02.601817+00,bear,59.49747241,59.65501103,59.63,0.85,15m sweep of hour high then reject,t
3347,AKE/USDT,2026-10-07 06:00:00+00,2026-10-07 06:29:02.601817+00,bear,0.02809374,0.02835451,0.028476,0.85,15m sweep of hour high then reject,t
3356,FLUX/USDT,2026-10-07 06:00:00+00,2026-10-07 06:29:02.601817+00,bear,0.0805579,0.08147084,0.08131,0.85,15m sweep of hour high then reject,t
3343,AMD/USDT,2026-10-07 06:00:00+00,2026-10-07 06:29:02.601817+00,bear,652.04176108,653.11729557,652.86,0.85,15m sweep of hour high then reject,t
3352,SOXS/USDT,2026-10-07 06:00:00+00,2026-10-07 06:29:02.601817+00,bear,29.62092341,29.80563064,29.83,0.85,15m sweep of hour high then reject,t
3344,VVV/USDT,2026-10-07 06:00:00+00,2026-10-07 06:29:02.601817+00,bear,26.89762585,27.04934966,27.03,0.85,15m sweep of hour high then reject,t
3353,PLTR/USDT,2026-10-07 06:00:00+00,2026-10-07 06:29:02.601817+00,bear,192.11226075,192.2630957,192.22,0.85,15m holding below hour open and EMA21,t
3345,COHR/USDT,2026-10-07 06:00:00+00,2026-10-07 06:29:02.601817+00,bear,334.42914503,335.35434199,335.14,0.85,15m sweep of hour high then reject,t
3354,TQQQ/USDT,2026-10-07 06:00:00+00,2026-10-07 06:29:02.601817+00,bear,84.20404193,84.33838323,84.32,0.85,15m sweep of hour high then reject,t
3346,1000BONK/USDT,2026-10-07 06:00:00+00,2026-10-07 06:29:02.601817+00,bear,0.00349504,0.00351739,0.003512,0.85,15m sweep of hour high then reject,t
3355,1000SHIB/USDT,2026-10-07 06:00:00+00,2026-10-07 06:29:02.601817+00,bear,0.00553769,0.00556192,0.005557,0.85,15m sweep of hour high then reject,t
3321,BE/USDT,2026-10-07 06:00:00+00,2026-10-07 06:29:02.601817+00,bear,292.51370189,293.27851924,293.21,0.85,15m sweep of hour high then reject,t
3322,SOXL/USDT,2026-10-07 06:00:00+00,2026-10-07 06:29:02.601817+00,bull,163.48293387,164.45266533,163.31,0.85,15m sweep of hour low then reclaim,t
3323,TSM/USDT,2026-10-07 06:00:00+00,2026-10-07 06:29:02.601817+00,bear,482.162468,482.5790128,482.73,0.85,15m sweep of hour high then reject,t
3324,SPCX/USDT,2026-10-07 06:00:00+00,2026-10-07 06:29:02.601817+00,bull,169.41909766,169.84725584,169.33,0.85,15m sweep of hour low then reclaim,t
3325,INTC/USDT,2026-10-07 06:00:00+00,2026-10-07 06:29:02.601817+00,bull,114.69835471,115.12411322,114.49,0.85,15m sweep of hour low then reclaim,t
3326,CBRS/USDT,2026-10-07 06:00:00+00,2026-10-07 06:29:02.601817+00,bull,176.81212542,177.48968645,176.72,0.85,15m sweep of hour low then reclaim,t
3327,MSTR/USDT,2026-10-07 06:00:00+00,2026-10-07 06:29:02.601817+00,bear,161.13296078,161.63281569,161.56,0.85,15m sweep of hour high then reject,t
3328,BTW/USDT,2026-10-07 06:00:00+00,2026-10-07 06:29:02.601817+00,bull,1.21694903,1.22867744,1.22,0.85,15m sweep of hour low then reclaim,t
3329,LITE/USDT,2026-10-07 06:00:00+00,2026-10-07 06:29:02.601817+00,bear,1122.40875168,1125.26649933,1124.83,0.85,15m sweep of hour high then reject,t
3334,ARM/USDT,2026-10-07 06:00:00+00,2026-10-07 06:29:02.601817+00,bull,300.28603272,301.36491819,300.2,0.85,15m sweep of hour low then reclaim,t
3335,BMNR/USDT,2026-10-07 06:00:00+00,2026-10-07 06:29:02.601817+00,bear,25.37225384,25.49709846,25.49,0.85,mixed 15m structure — EMA side only,t
3336,GLW/USDT,2026-10-07 06:00:00+00,2026-10-07 06:29:02.601817+00,bear,167.21338654,167.65664538,167.68,0.85,15m sweep of hour high then reject,t
3337,SKHY/USDT,2026-10-07 06:00:00+00,2026-10-07 06:29:02.601817+00,bear,182.60101929,183.20159228,183.12,0.85,15m sweep of hour high then reject,t
3330,MINIMAX/USDT,2026-10-07 06:00:00+00,2026-10-07 06:29:02.601817+00,bear,29.9471664,30.34513344,30.31,0.85,mixed 15m structure — EMA side only,t
3339,AAPL/USDT,2026-10-07 06:00:00+00,2026-10-07 06:29:02.601817+00,bear,334.14472947,334.26410821,334.24,0.85,15m sweep of hour high then reject,t
3348,MAGMA/USDT,2026-10-07 06:00:00+00,2026-10-07 06:29:02.601817+00,bear,0.21454745,0.21677702,0.21615,0.85,15m sweep of hour high then reject,t
3331,AXTI/USDT,2026-10-07 06:00:00+00,2026-10-07 06:29:02.601817+00,bear,82.21711021,82.63915592,82.57,0.85,mixed 15m structure — EMA side only,t
3368,BTW/USDT,2026-10-07 06:00:00+00,2026-10-07 06:30:15.782176+00,bull,1.21727947,1.22785133,1.22,0.85,15m sweep of hour low then reclaim,t
3367,MSTR/USDT,2026-10-07 06:00:00+00,2026-10-07 06:30:15.782176+00,bear,161.16358688,161.62056525,161.56,0.85,15m sweep of hour high then reject,t
3376,GLW/USDT,2026-10-07 06:00:00+00,2026-10-07 06:30:15.782176+00,bear,167.24316417,167.69473433,167.68,0.85,mixed 15m structure — EMA side only,t
3385,COHR/USDT,2026-10-07 06:00:00+00,2026-10-07 06:30:15.782176+00,bear,334.49475129,335.32809948,335.14,0.85,15m sweep of hour high then reject,t
3394,TQQQ/USDT,2026-10-07 06:00:00+00,2026-10-07 06:30:15.782176+00,bear,84.21284183,84.33486327,84.32,0.85,15m sweep of hour high then reject,t
3361,BE/USDT,2026-10-07 06:00:00+00,2026-10-07 06:30:15.782176+00,bear,292.56072981,293.25970808,293.21,0.85,15m sweep of hour high then reject,t
3370,MINIMAX/USDT,2026-10-07 06:00:00+00,2026-10-07 06:30:15.782176+00,bear,29.95814146,30.33074341,30.31,0.85,mixed 15m structure — EMA side only,t
3379,AAPL/USDT,2026-10-07 06:00:00+00,2026-10-07 06:30:15.782176+00,bear,334.15337441,334.26065024,334.24,0.85,15m sweep of hour high then reject,t
3388,MAGMA/USDT,2026-10-07 06:00:00+00,2026-10-07 06:30:15.782176+00,bear,0.21470101,0.21671559,0.21615,0.85,15m sweep of hour high then reject,t
3397,XAG/USDT,2026-10-07 06:00:00+00,2026-10-07 06:30:15.782176+00,bear,60.55399751,60.670401,60.78,0.85,15m sweep of hour high then reject,t
3364,SPCX/USDT,2026-10-07 06:00:00+00,2026-10-07 06:30:15.782176+00,bull,169.46848408,169.82378981,169.33,0.85,15m sweep of hour low then reclaim,t
3373,QQQ/USDT,2026-10-07 06:00:00+00,2026-10-07 06:30:15.782176+00,bear,759.67486368,759.99005453,759.97,0.85,15m sweep of hour high then reject,t
3382,SNXX/USDT,2026-10-07 06:00:00+00,2026-10-07 06:30:15.782176+00,bear,14.80468475,14.8821261,14.87,0.85,15m sweep of hour high then reject,t
3391,SOON/USDT,2026-10-07 06:00:00+00,2026-10-07 06:30:15.782176+00,bear,0.32598732,0.32998507,0.3307,0.85,15m sweep of hour high then reject,t
3400,BZ/USDT,2026-10-07 06:00:00+00,2026-10-07 06:30:15.782176+00,bear,101.04192897,101.23522841,101.46,0.85,15m sweep of hour high then reject,t
3365,INTC/USDT,2026-10-07 06:00:00+00,2026-10-07 06:30:15.782176+00,bull,114.70715884,115.10210289,114.49,0.85,15m sweep of hour low then reclaim,t
3374,ARM/USDT,2026-10-07 06:00:00+00,2026-10-07 06:30:15.782176+00,bear,300.34559886,301.02376046,300.85,0.85,15m sweep of hour high then reject,t
3383,AMD/USDT,2026-10-07 06:00:00+00,2026-10-07 06:30:15.782176+00,bear,652.11314705,653.08874118,652.86,0.85,15m sweep of hour high then reject,t
3392,SOXS/USDT,2026-10-07 06:00:00+00,2026-10-07 06:30:15.782176+00,bear,29.62948993,29.81220403,29.83,0.85,15m sweep of hour high then reject,t
3362,SOXL/USDT,2026-10-07 06:00:00+00,2026-10-07 06:30:15.782176+00,bull,163.50124149,164.40689627,163.31,0.85,15m sweep of hour low then reclaim,t
3371,AXTI/USDT,2026-10-07 06:00:00+00,2026-10-07 06:30:15.782176+00,bear,82.23924304,82.62030278,82.57,0.85,mixed 15m structure — EMA side only,t
3380,ORCL/USDT,2026-10-07 06:00:00+00,2026-10-07 06:30:15.782176+00,bear,144.41021789,144.66591284,144.64,0.85,mixed 15m structure — EMA side only,t
3389,XPT/USDT,2026-10-07 06:00:00+00,2026-10-07 06:30:15.782176+00,bear,1689.27794521,1692.31882191,1692.4,0.85,15m sweep of hour high then reject,t
3398,QCOM/USDT,2026-10-07 06:00:00+00,2026-10-07 06:30:15.782176+00,bear,180.53459649,180.73816141,180.72,0.85,15m sweep of hour high then reject,t
3366,CBRS/USDT,2026-10-07 06:00:00+00,2026-10-07 06:30:15.782176+00,bull,176.86360395,177.46099012,176.72,0.85,15m sweep of hour low then reclaim,t
3375,BMNR/USDT,2026-10-07 06:00:00+00,2026-10-07 06:30:15.782176+00,bear,25.37819354,25.47472258,25.49,0.85,15m sweep of hour high then reject,t
3384,VVV/USDT,2026-10-07 06:00:00+00,2026-10-07 06:30:15.782176+00,bear,26.90652381,27.04579048,27.03,0.85,15m sweep of hour high then reject,t
3393,PLTR/USDT,2026-10-07 06:00:00+00,2026-10-07 06:30:15.782176+00,bear,192.12225505,192.25909798,192.22,0.85,15m holding below hour open and EMA21,t
3363,TSM/USDT,2026-10-07 06:00:00+00,2026-10-07 06:30:15.782176+00,bear,482.18938253,482.56824699,482.73,0.85,15m sweep of hour high then reject,t
3372,ZHIPU/USDT,2026-10-07 06:00:00+00,2026-10-07 06:30:15.782176+00,bear,87.58803261,88.82478696,88.68,0.85,mixed 15m structure — EMA side only,t
3381,SQQQ/USDT,2026-10-07 06:00:00+00,2026-10-07 06:30:15.782176+00,bull,31.85740778,31.90148056,31.87,0.85,15m holding above hour open and EMA21,t
3390,BR/USDT,2026-10-07 06:00:00+00,2026-10-07 06:30:15.782176+00,bear,0.58621155,0.60583738,0.61001,0.85,15m sweep of hour high then reject,t
3399,STXX/USDT,2026-10-07 06:00:00+00,2026-10-07 06:30:15.782176+00,bear,809.54656367,811.18937453,810.72,0.85,15m holding below hour open and EMA21,t
3377,SKHY/USDT,2026-10-07 06:00:00+00,2026-10-07 06:30:15.782176+00,bear,182.63847471,183.18661012,183.12,0.85,15m sweep of hour high then reject,t
3386,1000BONK/USDT,2026-10-07 06:00:00+00,2026-10-07 06:30:15.782176+00,bear,0.00349652,0.00351679,0.003512,0.85,15m sweep of hour high then reject,t
3395,1000SHIB/USDT,2026-10-07 06:00:00+00,2026-10-07 06:30:15.782176+00,bear,0.00553917,0.00556133,0.005557,0.85,15m sweep of hour high then reject,t
3369,LITE/USDT,2026-10-07 06:00:00+00,2026-10-07 06:30:15.782176+00,bear,1122.61059138,1125.18576345,1124.83,0.85,15m sweep of hour high then reject,t
3378,DRAM/USDT,2026-10-07 06:00:00+00,2026-10-07 06:30:15.782176+00,bear,59.5070236,59.65119056,59.63,0.85,15m sweep of hour high then reject,t
3387,AKE/USDT,2026-10-07 06:00:00+00,2026-10-07 06:30:15.782176+00,bear,0.02811211,0.02834716,0.028476,0.85,15m sweep of hour high then reject,t
3396,FLUX/USDT,2026-10-07 06:00:00+00,2026-10-07 06:30:15.782176+00,bear,0.08060126,0.0814535,0.08131,0.85,15m sweep of hour high then reject,t
3408,BTW/USDT,2026-10-07 06:00:00+00,2026-10-07 06:45:17.346762+00,bull,1.2188809,1.22384776,1.22,0.85,15m holding above hour open and EMA21,t
3423,AMD/USDT,2026-10-07 06:00:00+00,2026-10-07 06:45:17.346762+00,bear,652.48297899,652.9408084,652.86,0.85,15m sweep of hour high then reject,t
3432,SOXS/USDT,2026-10-07 06:00:00+00,2026-10-07 06:45:17.346762+00,bear,29.67238818,29.79504473,29.83,0.85,15m sweep of hour high then reject,t
3415,BMNR/USDT,2026-10-07 06:00:00+00,2026-10-07 06:45:17.346762+00,bear,25.40828629,25.57268548,25.58,0.85,mixed 15m structure — EMA side only,t
3424,VVV/USDT,2026-10-07 06:00:00+00,2026-10-07 06:45:17.346762+00,bull,26.96540871,27.05747823,26.783,0.85,15m sweep of hour low then reclaim,t
3433,PLTR/USDT,2026-10-07 06:00:00+00,2026-10-07 06:45:17.346762+00,bear,192.17322556,192.23870978,192.22,0.85,15m holding below hour open and EMA21,t
3403,TSM/USDT,2026-10-07 06:00:00+00,2026-10-07 06:45:17.346762+00,bear,482.29907046,482.52437182,482.73,0.85,15m sweep of hour high then reject,t
3416,GLW/USDT,2026-10-07 06:00:00+00,2026-10-07 06:45:17.346762+00,bear,167.39589765,167.67364094,167.68,0.85,mixed 15m structure — EMA side only,t
3407,MSTR/USDT,2026-10-07 06:00:00+00,2026-10-07 06:45:17.346762+00,bear,161.32730819,161.64507672,161.58,0.85,mixed 15m structure — EMA side only,t
3425,COHR/USDT,2026-10-07 06:00:00+00,2026-10-07 06:45:17.346762+00,bull,334.9636681,335.40582976,332.85,0.85,15m sweep of hour low then reclaim,t
3434,TQQQ/USDT,2026-10-07 06:00:00+00,2026-10-07 06:45:17.346762+00,bear,84.25953371,84.31618652,84.32,0.85,15m sweep of hour high then reject,t
3429,XPT/USDT,2026-10-07 06:00:00+00,2026-10-07 06:45:17.346762+00,bear,1690.34381385,1691.89247446,1692.4,0.85,15m sweep of hour high then reject,t
3438,QCOM/USDT,2026-10-07 06:00:00+00,2026-10-07 06:45:17.346762+00,bear,180.61202694,180.70718922,180.72,0.85,15m sweep of hour high then reject,t
3418,DRAM/USDT,2026-10-07 06:00:00+00,2026-10-07 06:45:17.346762+00,bear,59.56172524,59.6293099,59.63,0.85,15m sweep of hour high then reject,t
3419,AAPL/USDT,2026-10-07 06:00:00+00,2026-10-07 06:45:17.346762+00,bear,334.19349526,334.2446019,334.24,0.85,15m sweep of hour high then reject,t
3428,MAGMA/USDT,2026-10-07 06:00:00+00,2026-10-07 06:45:17.346762+00,bear,0.21545426,0.2164143,0.21615,0.85,15m sweep of hour high then reject,t
3405,INTC/USDT,2026-10-07 06:00:00+00,2026-10-07 06:45:17.346762+00,bull,114.76705232,114.9523692,114.49,0.85,15m sweep of hour low then reclaim,t
3435,1000SHIB/USDT,2026-10-07 06:00:00+00,2026-10-07 06:45:17.346762+00,bear,0.00554725,0.0055631,0.005565,0.85,mixed 15m structure — EMA side only,t
3436,FLUX/USDT,2026-10-07 06:00:00+00,2026-10-07 06:45:17.346762+00,bear,0.08091669,0.08132732,0.08131,0.85,15m sweep of hour high then reject,t
3406,CBRS/USDT,2026-10-07 06:00:00+00,2026-10-07 06:45:17.346762+00,bull,177.10428755,177.30928113,176.72,0.85,15m sweep of hour low then reclaim,t
3437,XAG/USDT,2026-10-07 06:00:00+00,2026-10-07 06:45:17.346762+00,bear,60.59378456,60.64448618,60.78,0.85,15m sweep of hour high then reject,t
3404,SPCX/USDT,2026-10-07 06:00:00+00,2026-10-07 06:45:17.346762+00,bull,169.51924204,169.69689491,169.33,0.85,15m sweep of hour low then reclaim,t
3409,LITE/USDT,2026-10-07 06:00:00+00,2026-10-07 06:45:17.346762+00,bear,1123.594596,1124.7921616,1124.83,0.85,15m sweep of hour high then reject,t
3426,1000BONK/USDT,2026-10-07 06:00:00+00,2026-10-07 06:45:17.346762+00,bear,0.00350388,0.00351585,0.003517,0.85,mixed 15m structure — EMA side only,t
3417,SKHY/USDT,2026-10-07 06:00:00+00,2026-10-07 06:45:17.346762+00,bear,182.8465954,183.10336184,183.12,0.85,15m sweep of hour high then reject,t
3413,QQQ/USDT,2026-10-07 06:00:00+00,2026-10-07 06:45:17.346762+00,bear,759.79477599,759.9420896,759.97,0.85,15m sweep of hour high then reject,t
3422,SNXX/USDT,2026-10-07 06:00:00+00,2026-10-07 06:45:17.346762+00,bear,14.83385364,14.87045855,14.87,0.85,15m sweep of hour high then reject,t
3431,SOON/USDT,2026-10-07 06:00:00+00,2026-10-07 06:45:17.346762+00,bear,0.3271634,0.32921464,0.3307,0.85,15m sweep of hour high then reject,t
3440,BZ/USDT,2026-10-07 06:00:00+00,2026-10-07 06:45:17.346762+00,bear,101.11287774,101.25684891,101.46,0.85,15m sweep of hour high then reject,t
3412,ZHIPU/USDT,2026-10-07 06:00:00+00,2026-10-07 06:45:17.346762+00,bear,87.77219371,88.34112252,88.68,0.85,15m sweep of hour high then reject,t
3402,SOXL/USDT,2026-10-07 06:00:00+00,2026-10-07 06:45:17.346762+00,bull,163.55644784,164.16888041,163.31,0.85,15m sweep of hour low then reclaim,t
3411,AXTI/USDT,2026-10-07 06:00:00+00,2026-10-07 06:45:17.346762+00,bear,82.34632713,82.55746915,82.57,0.85,mixed 15m structure — EMA side only,t
3420,ORCL/USDT,2026-10-07 06:00:00+00,2026-10-07 06:45:17.346762+00,bull,144.52348332,144.6162917,144.44,0.85,15m sweep of hour low then reclaim,t
3421,SQQQ/USDT,2026-10-07 06:00:00+00,2026-10-07 06:45:17.346762+00,bull,31.86406075,31.88484811,31.87,0.85,15m holding above hour open and EMA21,t
3430,BR/USDT,2026-10-07 06:00:00+00,2026-10-07 06:45:17.346762+00,bear,0.59348488,0.60292805,0.61001,0.85,15m sweep of hour high then reject,t
3439,STXX/USDT,2026-10-07 06:00:00+00,2026-10-07 06:45:17.346762+00,bull,810.33028325,811.29429187,807.88,0.85,15m sweep of hour low then reclaim,t
3414,ARM/USDT,2026-10-07 06:00:00+00,2026-10-07 06:45:17.346762+00,bull,300.7363255,301.06418624,300.2,0.85,15m sweep of hour low then reclaim,t
3427,AKE/USDT,2026-10-07 06:00:00+00,2026-10-07 06:45:17.346762+00,bear,0.0282011,0.02831156,0.028476,0.85,15m sweep of hour high then reject,t
3401,BE/USDT,2026-10-07 06:00:00+00,2026-10-07 06:45:17.346762+00,bear,292.82308884,293.15476446,293.21,0.85,15m sweep of hour high then reject,t
3410,MINIMAX/USDT,2026-10-07 06:00:00+00,2026-10-07 06:45:17.346762+00,bear,30.01154782,30.35938087,30.34,0.85,mixed 15m structure — EMA side only,t
3479,STXX/USDT,2026-10-07 07:00:00+00,2026-10-07 07:00:17.624684+00,bull,809.08448066,812.14879836,809.96,0.85,15m holding above hour open and EMA21,t
3465,COHR/USDT,2026-10-07 07:00:00+00,2026-10-07 07:00:17.624684+00,bear,333.5830609,335.30077564,334.81,0.85,mixed 15m structure — EMA side only,t
3456,GLW/USDT,2026-10-07 07:00:00+00,2026-10-07 07:00:17.624684+00,bear,167.10004842,167.79998063,167.6,0.85,mixed 15m structure — EMA side only,t
3473,PLTR/USDT,2026-10-07 07:00:00+00,2026-10-07 07:00:17.624684+00,bear,191.85419494,192.11432203,192.04,0.8,mixed 15m structure — EMA side only,t
3464,VVV/USDT,2026-10-07 07:00:00+00,2026-10-07 07:00:17.624684+00,bull,26.88566377,27.15634058,26.963,0.85,15m holding above hour open and EMA21,t
3455,BMNR/USDT,2026-10-07 07:00:00+00,2026-10-07 07:00:17.624684+00,bear,25.39849193,25.56860323,25.52,0.85,mixed 15m structure — EMA side only,t
3472,SOXS/USDT,2026-10-07 07:00:00+00,2026-10-07 07:00:17.624684+00,bull,29.76263387,29.96341533,29.82,0.85,15m holding above hour open and EMA21,t
3463,AMD/USDT,2026-10-07 07:00:00+00,2026-10-07 07:00:17.624684+00,bear,650.89070767,652.59771693,652.11,0.85,15m holding below hour open and EMA21,t
3454,ARM/USDT,2026-10-07 07:00:00+00,2026-10-07 07:00:17.624684+00,bull,300.50206615,301.71983462,300.85,0.85,15m holding above hour open and EMA21,t
3480,BZ/USDT,2026-10-07 07:00:00+00,2026-10-07 07:00:17.624684+00,bull,101.25284692,101.62788269,101.32,0.85,15m holding above hour open and EMA21,t
3471,SOON/USDT,2026-10-07 07:00:00+00,2026-10-07 07:00:17.624684+00,bear,0.32513119,0.33054752,0.329,0.85,15m holding below hour open and EMA21,t
3462,SNXX/USDT,2026-10-07 07:00:00+00,2026-10-07 07:00:17.624684+00,bear,14.70195636,14.83921746,14.8,0.85,mixed 15m structure — EMA side only,t
3453,QQQ/USDT,2026-10-07 07:00:00+00,2026-10-07 07:00:17.624684+00,bear,758.95502512,759.54598995,759.38,0.85,mixed 15m structure — EMA side only,t
3470,BR/USDT,2026-10-07 07:00:00+00,2026-10-07 07:00:17.624684+00,bear,0.53880355,0.57414858,0.56458,0.85,15m holding below hour open and EMA21,t
3461,SQQQ/USDT,2026-10-07 07:00:00+00,2026-10-07 07:00:17.624684+00,bull,31.91682566,31.99793586,31.94,0.85,15m holding above hour open and EMA21,t
3452,ZHIPU/USDT,2026-10-07 07:00:00+00,2026-10-07 07:00:17.624684+00,bear,87.3582195,88.3327122,88.06,0.85,mixed 15m structure — EMA side only,t
3478,QCOM/USDT,2026-10-07 07:00:00+00,2026-10-07 07:00:17.624684+00,bear,180.15381435,180.53247426,180.43,0.8,mixed 15m structure — EMA side only,t
3469,XPT/USDT,2026-10-07 07:00:00+00,2026-10-07 07:00:17.624684+00,bear,1670.59966573,1676.70413371,1674.96,0.85,15m holding below hour open and EMA21,t
3460,ORCL/USDT,2026-10-07 07:00:00+00,2026-10-07 07:00:17.624684+00,bear,144.41284513,144.75886195,144.66,0.8,mixed 15m structure — EMA side only,t
3451,AXTI/USDT,2026-10-07 07:00:00+00,2026-10-07 07:00:17.624684+00,bear,82.13928647,82.63028541,82.49,0.85,mixed 15m structure — EMA side only,t
3477,XAG/USDT,2026-10-07 07:00:00+00,2026-10-07 07:00:17.624684+00,bear,60.38712835,60.58714866,60.54,0.85,mixed 15m structure — EMA side only,t
3468,MAGMA/USDT,2026-10-07 07:00:00+00,2026-10-07 07:00:17.624684+00,bear,0.21115281,0.21479888,0.21376,0.85,mixed 15m structure — EMA side only,t
3459,AAPL/USDT,2026-10-07 07:00:00+00,2026-10-07 07:00:17.624684+00,bear,333.9234824,334.11460704,334.06,0.8,mixed 15m structure — EMA side only,t
3450,MINIMAX/USDT,2026-10-07 07:00:00+00,2026-10-07 07:00:17.624684+00,bull,30.43169962,30.70575094,30.51,0.85,15m holding above hour open and EMA21,t
3476,FLUX/USDT,2026-10-07 07:00:00+00,2026-10-07 07:00:17.624684+00,bear,0.07902207,0.08074917,0.08029,0.85,mixed 15m structure — EMA side only,t
3467,AKE/USDT,2026-10-07 07:00:00+00,2026-10-07 07:00:17.624684+00,bear,0.0278813,0.02829808,0.028179,0.85,15m holding below hour open and EMA21,t
3458,DRAM/USDT,2026-10-07 07:00:00+00,2026-10-07 07:00:17.624684+00,bear,59.24976518,59.50209393,59.43,0.85,mixed 15m structure — EMA side only,t
3449,LITE/USDT,2026-10-07 07:00:00+00,2026-10-07 07:00:17.624684+00,bear,1118.82399941,1123.49440023,1122.16,0.85,mixed 15m structure — EMA side only,t
3448,BTW/USDT,2026-10-07 07:00:00+00,2026-10-07 07:00:17.624684+00,bull,1.22573162,1.24647096,1.231,0.85,mixed 15m structure — EMA side only,t
3447,MSTR/USDT,2026-10-07 07:00:00+00,2026-10-07 07:00:17.624684+00,bear,160.70785901,161.5928564,161.34,0.85,15m holding below hour open and EMA21,t
3446,CBRS/USDT,2026-10-07 07:00:00+00,2026-10-07 07:00:17.624684+00,bull,176.89083947,177.62290134,177.1,0.85,15m holding above hour open and EMA21,t
3445,INTC/USDT,2026-10-07 07:00:00+00,2026-10-07 07:00:17.624684+00,bull,114.75368005,115.51579989,114.96,0.85,mixed 15m structure — EMA side only,t
3444,SPCX/USDT,2026-10-07 07:00:00+00,2026-10-07 07:00:17.624684+00,bear,168.08915328,168.83233869,168.63,0.85,mixed 15m structure — EMA side only,t
3443,TSM/USDT,2026-10-07 07:00:00+00,2026-10-07 07:00:17.624684+00,bear,480.04628185,480.94748726,480.69,0.85,mixed 15m structure — EMA side only,t
3442,SOXL/USDT,2026-10-07 07:00:00+00,2026-10-07 07:00:17.624684+00,bull,163.18334911,164.31162723,163.47,0.75,mixed 15m structure — EMA side only,t
3441,BE/USDT,2026-10-07 07:00:00+00,2026-10-07 07:00:17.624684+00,bear,291.52961569,292.80015372,292.44,0.85,mixed 15m structure — EMA side only,t
3474,TQQQ/USDT,2026-10-07 07:00:00+00,2026-10-07 07:00:17.624684+00,bear,83.98226805,84.20309278,84.14,0.8,mixed 15m structure — EMA side only,t
3457,SKHY/USDT,2026-10-07 07:00:00+00,2026-10-07 07:00:17.624684+00,bear,182.17928291,183.16028684,182.88,0.85,15m holding below hour open and EMA21,t
3466,1000BONK/USDT,2026-10-07 07:00:00+00,2026-10-07 07:00:17.624684+00,bear,0.00348219,0.00352073,0.003511,0.85,mixed 15m structure — EMA side only,t
3475,1000SHIB/USDT,2026-10-07 07:00:00+00,2026-10-07 07:00:17.624684+00,bear,0.00551902,0.00556099,0.005549,0.85,15m holding below hour open and EMA21,t
3508,SOXS/USDT,2026-10-07 07:00:00+00,2026-10-07 07:15:18.00081+00,bear,29.71246075,29.8630157,29.82,0.85,15m holding below hour open and EMA21,t
3517,BABA/USDT,2026-10-07 07:00:00+00,2026-10-07 07:15:18.00081+00,bear,107.10049084,107.52580366,107.43,0.85,mixed 15m structure — EMA side only,t
3494,AXTI/USDT,2026-10-07 07:00:00+00,2026-10-07 07:15:18.00081+00,bull,82.38422266,82.75444335,82.49,0.85,15m holding above hour open and EMA21,t
3502,MSTR/USDT,2026-10-07 07:00:00+00,2026-10-07 07:15:18.00081+00,bear,160.89697324,161.5172107,161.34,0.85,15m holding below hour open and EMA21,t
3511,CRCL/USDT,2026-10-07 07:00:00+00,2026-10-07 07:15:18.00081+00,bear,82.86444696,83.18022122,83.1,0.85,15m holding below hour open and EMA21,t
3520,BZ/USDT,2026-10-07 07:00:00+00,2026-10-07 07:15:18.00081+00,bear,101.14906384,101.44437446,101.43,0.85,15m sweep of hour high then reject,t
3488,SOXL/USDT,2026-10-07 07:00:00+00,2026-10-07 07:15:18.00081+00,bull,163.28415384,164.10961539,163.47,0.85,15m sweep of hour low then reclaim,t
3497,ZHIPU/USDT,2026-10-07 07:00:00+00,2026-10-07 07:15:18.00081+00,bear,87.56031358,88.23187457,88.06,0.85,15m holding below hour open and EMA21,t
3506,USELESS/USDT,2026-10-07 07:00:00+00,2026-10-07 07:15:18.00081+00,bear,0.21121999,0.214482,0.21375,0.85,mixed 15m structure — EMA side only,t
3515,AKE/USDT,2026-10-07 07:00:00+00,2026-10-07 07:15:18.00081+00,bear,0.02796067,0.02840833,0.028323,0.85,mixed 15m structure — EMA side only,t
3486,BE/USDT,2026-10-07 07:00:00+00,2026-10-07 07:15:18.00081+00,bear,291.78135735,293.00945706,292.75,0.85,mixed 15m structure — EMA side only,t
3489,INTC/USDT,2026-10-07 07:00:00+00,2026-10-07 07:15:18.00081+00,bull,114.85297003,115.36757492,114.96,0.85,15m sweep of hour low then reclaim,t
3498,DRAM/USDT,2026-10-07 07:00:00+00,2026-10-07 07:15:18.00081+00,bear,59.30030075,59.5418797,59.49,0.85,mixed 15m structure — EMA side only,t
3507,PLTR/USDT,2026-10-07 07:00:00+00,2026-10-07 07:15:18.00081+00,bear,191.90642147,192.15343141,192.1,0.8,mixed 15m structure — EMA side only,t
3516,MRVL/USDT,2026-10-07 07:00:00+00,2026-10-07 07:15:18.00081+00,bull,287.89179215,289.11051963,288.23,0.85,15m sweep of hour low then reclaim,t
3487,BTW/USDT,2026-10-07 07:00:00+00,2026-10-07 07:15:18.00081+00,bull,1.22701059,1.24227353,1.2308,0.85,mixed 15m structure — EMA side only,t
3496,SKHY/USDT,2026-10-07 07:00:00+00,2026-10-07 07:15:18.00081+00,bear,182.38642917,183.12742833,182.94,0.85,mixed 15m structure — EMA side only,t
3505,COHR/USDT,2026-10-07 07:00:00+00,2026-10-07 07:15:18.00081+00,bull,334.44369554,335.72576116,334.81,0.85,15m holding above hour open and EMA21,t
3514,BULLA/USDT,2026-10-07 07:00:00+00,2026-10-07 07:15:18.00081+00,bear,0.08232948,0.08310021,0.08296,0.85,15m sweep of hour high then reject,t
3483,ARM/USDT,2026-10-07 07:00:00+00,2026-10-07 07:15:18.00081+00,bull,300.58986036,301.50034911,300.85,0.85,15m holding above hour open and EMA21,t
3493,QQQ/USDT,2026-10-07 07:00:00+00,2026-10-07 07:15:18.00081+00,bear,759.06567821,759.72172872,759.6,0.85,mixed 15m structure — EMA side only,t
3484,BMNR/USDT,2026-10-07 07:00:00+00,2026-10-07 07:15:18.00081+00,bear,25.43398545,25.55440582,25.52,0.85,15m holding below hour open and EMA21,t
3492,LITE/USDT,2026-10-07 07:00:00+00,2026-10-07 07:15:18.00081+00,bear,1119.70926745,1124.97029302,1123.99,0.85,mixed 15m structure — EMA side only,t
3503,SNXX/USDT,2026-10-07 07:00:00+00,2026-10-07 07:15:18.00081+00,bear,14.73171961,14.82731216,14.8,0.85,mixed 15m structure — EMA side only,t
3512,QCOM/USDT,2026-10-07 07:00:00+00,2026-10-07 07:15:18.00081+00,bear,180.23088856,180.49164457,180.43,0.8,mixed 15m structure — EMA side only,t
3513,ANTHROPIC/USDT,2026-10-07 07:00:00+00,2026-10-07 07:15:18.00081+00,bull,2057.34912632,2062.63718419,2058.47,0.85,15m sweep of hour low then reclaim,t
3518,1000BONK/USDT,2026-10-07 07:00:00+00,2026-10-07 07:15:18.00081+00,bear,0.00348998,0.00352161,0.003515,0.85,mixed 15m structure — EMA side only,t
3509,MAGMA/USDT,2026-10-07 07:00:00+00,2026-10-07 07:15:18.00081+00,bull,0.21296131,0.21572172,0.21367,0.85,15m sweep of hour low then reclaim,t
3500,NBIS/USDT,2026-10-07 07:00:00+00,2026-10-07 07:15:18.00081+00,bear,247.23515656,248.23193738,248.01,0.85,mixed 15m structure — EMA side only,t
3491,MINIMAX/USDT,2026-10-07 07:00:00+00,2026-10-07 07:15:18.00081+00,bull,30.45212652,30.65468369,30.51,0.85,15m holding above hour open and EMA21,t
3482,SPCX/USDT,2026-10-07 07:00:00+00,2026-10-07 07:15:18.00081+00,bear,168.24682104,168.81927158,168.67,0.85,mixed 15m structure — EMA side only,t
3501,IREN/USDT,2026-10-07 07:00:00+00,2026-10-07 07:15:18.00081+00,bear,41.02235676,41.17505729,41.14,0.85,mixed 15m structure — EMA side only,t
3510,META/USDT,2026-10-07 07:00:00+00,2026-10-07 07:15:18.00081+00,bear,739.77412844,740.66634862,740.5,0.85,mixed 15m structure — EMA side only,t
3519,1000PEPE/USDT,2026-10-07 07:00:00+00,2026-10-07 07:15:18.00081+00,bull,0.0041234,0.00414964,0.0041285,0.85,15m sweep of hour low then reclaim,t
3481,CBRS/USDT,2026-10-07 07:00:00+00,2026-10-07 07:15:18.00081+00,bull,176.95433463,177.46416343,177.1,0.85,15m holding above hour open and EMA21,t
3490,ORCL/USDT,2026-10-07 07:00:00+00,2026-10-07 07:15:18.00081+00,bull,144.58947829,144.83630428,144.66,0.85,15m holding above hour open and EMA21,t
3485,CRWV/USDT,2026-10-07 07:00:00+00,2026-10-07 07:15:18.00081+00,bear,90.93681809,91.31727277,91.29,0.85,15m sweep of hour high then reject,t
3499,VVV/USDT,2026-10-07 07:00:00+00,2026-10-07 07:15:18.00081+00,bull,26.90774798,27.10113005,26.963,0.85,15m holding above hour open and EMA21,t
3504,TSLA/USDT,2026-10-07 07:00:00+00,2026-10-07 07:15:18.00081+00,bull,378.45685548,378.8878613,378.57,0.85,15m sweep of hour low then reclaim,t
3495,DELL/USDT,2026-10-07 07:00:00+00,2026-10-07 07:15:18.00081+00,bull,573.69408882,575.42977796,574.19,0.85,15m holding above hour open and EMA21,t
3545,COHR/USDT,2026-10-07 07:00:00+00,2026-10-07 07:30:17.922633+00,bear,334.19017166,335.05793133,335.69,0.85,15m sweep of hour high then reject,t
3523,ARM/USDT,2026-10-07 07:00:00+00,2026-10-07 07:30:17.922633+00,bear,300.39772436,301.03091026,301.49,0.85,15m sweep of hour high then reject,t
3522,SPCX/USDT,2026-10-07 07:00:00+00,2026-10-07 07:30:17.922633+00,bear,168.38248445,168.71500622,168.67,0.85,15m sweep of hour high then reject,t
3521,CBRS/USDT,2026-10-07 07:00:00+00,2026-10-07 07:30:17.922633+00,bear,176.86249407,177.19500237,177.13,0.85,15m sweep of hour high then reject,t
3560,BZ/USDT,2026-10-07 07:00:00+00,2026-10-07 07:30:17.922633+00,bear,101.22431333,101.41427467,101.43,0.85,15m sweep of hour high then reject,t
3551,CRCL/USDT,2026-10-07 07:00:00+00,2026-10-07 07:30:17.922633+00,bear,82.9480505,83.1467798,83.1,0.85,15m sweep of hour high then reject,t
3542,MSTR/USDT,2026-10-07 07:00:00+00,2026-10-07 07:30:17.922633+00,bear,161.06110248,161.45155901,161.34,0.85,15m holding below hour open and EMA21,t
3559,1000PEPE/USDT,2026-10-07 07:00:00+00,2026-10-07 07:30:17.922633+00,bull,0.0041262,0.00414265,0.0041285,0.85,15m sweep of hour low then reclaim,t
3550,META/USDT,2026-10-07 07:00:00+00,2026-10-07 07:30:17.922633+00,bear,739.92976999,740.544092,740.5,0.85,mixed 15m structure — EMA side only,t
3541,IREN/USDT,2026-10-07 07:00:00+00,2026-10-07 07:30:17.922633+00,bear,41.04924466,41.13430213,41.14,0.85,15m sweep of hour high then reject,t
3556,MRVL/USDT,2026-10-07 07:00:00+00,2026-10-07 07:30:17.922633+00,bull,288.01367133,288.80582168,288.23,0.85,15m sweep of hour low then reclaim,t
3547,PLTR/USDT,2026-10-07 07:00:00+00,2026-10-07 07:30:17.922633+00,bear,191.95591567,192.16363373,192.13,0.8,mixed 15m structure — EMA side only,t
3538,DRAM/USDT,2026-10-07 07:00:00+00,2026-10-07 07:30:17.922633+00,bear,59.3459957,59.46360172,59.49,0.85,15m sweep of hour high then reject,t
3555,AKE/USDT,2026-10-07 07:00:00+00,2026-10-07 07:30:17.922633+00,bear,0.02804055,0.02830538,0.028323,0.85,15m sweep of hour high then reject,t
3546,USELESS/USDT,2026-10-07 07:00:00+00,2026-10-07 07:30:17.922633+00,bear,0.21193341,0.21372664,0.21375,0.85,15m sweep of hour high then reject,t
3537,ZHIPU/USDT,2026-10-07 07:00:00+00,2026-10-07 07:30:17.922633+00,bear,87.73469412,88.16212235,88.06,0.85,15m sweep of hour high then reject,t
3554,BULLA/USDT,2026-10-07 07:00:00+00,2026-10-07 07:30:17.922633+00,bear,0.08250345,0.08303062,0.08296,0.85,15m sweep of hour high then reject,t
3536,SKHY/USDT,2026-10-07 07:00:00+00,2026-10-07 07:30:17.922633+00,bear,182.5600633,183.00797468,182.94,0.85,15m sweep of hour high then reject,t
3553,ANTHROPIC/USDT,2026-10-07 07:00:00+00,2026-10-07 07:30:17.922633+00,bull,2057.92061153,2061.20847116,2058.47,0.85,15m holding above hour open and EMA21,t
3544,TSLA/USDT,2026-10-07 07:00:00+00,2026-10-07 07:30:17.922633+00,bull,378.49856768,378.78358081,378.57,0.85,15m sweep of hour low then reclaim,t
3535,DELL/USDT,2026-10-07 07:00:00+00,2026-10-07 07:30:17.922633+00,bull,573.86425022,575.00437445,574.19,0.85,15m holding above hour open and EMA21,t
3552,QCOM/USDT,2026-10-07 07:00:00+00,2026-10-07 07:30:17.922633+00,bear,180.29076435,180.45769426,180.43,0.85,15m sweep of hour high then reject,t
3543,SNXX/USDT,2026-10-07 07:00:00+00,2026-10-07 07:30:17.922633+00,bear,14.75540976,14.8178361,14.8,0.85,15m holding below hour open and EMA21,t
3534,AXTI/USDT,2026-10-07 07:00:00+00,2026-10-07 07:30:17.922633+00,bear,82.31004698,82.56198121,82.78,0.85,15m sweep of hour high then reject,t
3558,1000BONK/USDT,2026-10-07 07:00:00+00,2026-10-07 07:30:17.922633+00,bear,0.00349699,0.0035138,0.003515,0.85,15m sweep of hour high then reject,t
3549,MAGMA/USDT,2026-10-07 07:00:00+00,2026-10-07 07:30:17.922633+00,bull,0.21325396,0.21499009,0.21367,0.85,15m sweep of hour low then reclaim,t
3540,NBIS/USDT,2026-10-07 07:00:00+00,2026-10-07 07:30:17.922633+00,bear,247.41634692,247.93946123,248.01,0.85,15m sweep of hour high then reject,t
3531,MINIMAX/USDT,2026-10-07 07:00:00+00,2026-10-07 07:30:17.922633+00,bull,30.42138785,30.60653038,30.46,0.85,mixed 15m structure — EMA side only,t
3557,BABA/USDT,2026-10-07 07:00:00+00,2026-10-07 07:30:17.922633+00,bull,107.27865011,107.49337472,107.33,0.85,15m sweep of hour low then reclaim,t
3548,SOXS/USDT,2026-10-07 07:00:00+00,2026-10-07 07:30:17.922633+00,bull,29.79002838,29.89492906,29.71,0.85,15m sweep of hour low then reclaim,t
3539,VVV/USDT,2026-10-07 07:00:00+00,2026-10-07 07:30:17.922633+00,bull,26.86560494,27.05398765,26.902,0.85,mixed 15m structure — EMA side only,t
3530,ORCL/USDT,2026-10-07 07:00:00+00,2026-10-07 07:30:17.922633+00,bear,144.54157354,144.70737058,144.72,0.85,15m sweep of hour high then reject,t
3533,QQQ/USDT,2026-10-07 07:00:00+00,2026-10-07 07:30:17.922633+00,bear,759.15561032,759.45575587,759.6,0.85,15m sweep of hour high then reject,t
3532,LITE/USDT,2026-10-07 07:00:00+00,2026-10-07 07:30:17.922633+00,bear,1120.53145128,1122.81141949,1123.99,0.85,15m sweep of hour high then reject,t
3529,INTC/USDT,2026-10-07 07:00:00+00,2026-10-07 07:30:17.922633+00,bull,114.84656716,115.23358209,114.94,0.85,mixed 15m structure — EMA side only,t
3528,SOXL/USDT,2026-10-07 07:00:00+00,2026-10-07 07:30:17.922633+00,bear,163.10903571,163.68438572,164.05,0.85,15m sweep of hour high then reject,t
3527,BTW/USDT,2026-10-07 07:00:00+00,2026-10-07 07:30:17.922633+00,bull,1.22961679,1.23900802,1.2308,0.85,15m sweep of hour low then reclaim,t
3526,BE/USDT,2026-10-07 07:00:00+00,2026-10-07 07:30:17.922633+00,bear,292.00199503,292.60120199,292.75,0.85,15m sweep of hour high then reject,t
3525,CRWV/USDT,2026-10-07 07:00:00+00,2026-10-07 07:30:17.922633+00,bear,91.00437548,91.18024981,91.29,0.85,15m sweep of hour high then reject,t
3524,BMNR/USDT,2026-10-07 07:00:00+00,2026-10-07 07:30:17.922633+00,bear,25.46536004,25.54185598,25.52,0.85,15m holding below hour open and EMA21,t
3562,SPCX/USDT,2026-10-07 07:00:00+00,2026-10-07 07:45:19.485874+00,bear,168.50299278,168.86680289,168.82,0.85,mixed 15m structure — EMA side only,t
3583,SNXX/USDT,2026-10-07 07:00:00+00,2026-10-07 07:45:19.485874+00,bear,14.7788331,14.80846676,14.8,0.85,15m holding below hour open and EMA21,t
3574,AXTI/USDT,2026-10-07 07:00:00+00,2026-10-07 07:45:19.485874+00,bear,82.39971824,82.5261127,82.78,0.85,15m sweep of hour high then reject,t
3565,CRWV/USDT,2026-10-07 07:00:00+00,2026-10-07 07:45:19.485874+00,bear,91.0693529,91.23425884,91.29,0.85,15m sweep of hour high then reject,t
3571,MINIMAX/USDT,2026-10-07 07:00:00+00,2026-10-07 07:45:19.485874+00,bull,30.4817015,30.55574625,30.46,0.85,15m sweep of hour low then reclaim,t
3580,NBIS/USDT,2026-10-07 07:00:00+00,2026-10-07 07:45:19.485874+00,bear,247.61489321,247.86004272,248.01,0.85,15m sweep of hour high then reject,t
3589,MAGMA/USDT,2026-10-07 07:00:00+00,2026-10-07 07:45:19.485874+00,bull,0.2135106,0.21434851,0.21367,0.85,15m sweep of hour low then reclaim,t
3598,1000BONK/USDT,2026-10-07 07:00:00+00,2026-10-07 07:45:19.485874+00,bull,0.00350655,0.00351513,0.003509,0.85,15m holding above hour open and EMA21,t
3568,SOXL/USDT,2026-10-07 07:00:00+00,2026-10-07 07:45:19.485874+00,bear,163.32617729,163.59752908,164.05,0.85,15m sweep of hour high then reject,t
3593,ANTHROPIC/USDT,2026-10-07 07:00:00+00,2026-10-07 07:45:19.485874+00,bull,2058.42097678,2059.95755804,2058.47,0.85,15m sweep of hour low then reclaim,t
3584,TSLA/USDT,2026-10-07 07:00:00+00,2026-10-07 07:45:19.485874+00,bear,378.48106963,379.01957215,379.44,0.85,15m sweep of hour high then reject,t
3577,ZHIPU/USDT,2026-10-07 07:00:00+00,2026-10-07 07:45:19.485874+00,bear,87.89012584,88.22994966,88.17,0.85,mixed 15m structure — EMA side only,t
3586,USELESS/USDT,2026-10-07 07:00:00+00,2026-10-07 07:45:19.485874+00,bear,0.21256124,0.2142255,0.21427,0.85,mixed 15m structure — EMA side only,t
3595,AKE/USDT,2026-10-07 07:00:00+00,2026-10-07 07:45:19.485874+00,bear,0.02811281,0.02820547,0.028323,0.85,15m sweep of hour high then reject,t
3575,DELL/USDT,2026-10-07 07:00:00+00,2026-10-07 07:45:19.485874+00,bull,573.9857876,574.575531,574.14,0.85,mixed 15m structure — EMA side only,t
3566,BE/USDT,2026-10-07 07:00:00+00,2026-10-07 07:45:19.485874+00,bear,292.21294412,293.05682235,292.97,0.85,mixed 15m structure — EMA side only,t
3597,BABA/USDT,2026-10-07 07:00:00+00,2026-10-07 07:45:19.485874+00,bear,107.26855817,107.54857673,107.54,0.85,mixed 15m structure — EMA side only,t
3588,SOXS/USDT,2026-10-07 07:00:00+00,2026-10-07 07:45:19.485874+00,bull,29.80571318,29.85571706,29.71,0.85,15m sweep of hour low then reclaim,t
3579,VVV/USDT,2026-10-07 07:00:00+00,2026-10-07 07:45:19.485874+00,bull,26.89784229,27.00589426,26.902,0.85,mixed 15m structure — EMA side only,t
3570,ORCL/USDT,2026-10-07 07:00:00+00,2026-10-07 07:45:19.485874+00,bear,144.604552,144.6821792,144.72,0.85,15m sweep of hour high then reject,t
3561,CBRS/USDT,2026-10-07 07:00:00+00,2026-10-07 07:45:19.485874+00,bear,176.98833653,177.14466539,177.13,0.85,15m sweep of hour high then reject,t
3572,LITE/USDT,2026-10-07 07:00:00+00,2026-10-07 07:45:19.485874+00,bear,1121.39112024,1122.46755191,1123.99,0.85,15m sweep of hour high then reject,t
3581,IREN/USDT,2026-10-07 07:00:00+00,2026-10-07 07:45:19.485874+00,bear,41.08156002,41.12137599,41.14,0.85,15m sweep of hour high then reject,t
3563,ARM/USDT,2026-10-07 07:00:00+00,2026-10-07 07:45:19.485874+00,bull,300.76154881,301.07112797,300.42,0.85,15m sweep of hour low then reclaim,t
3590,META/USDT,2026-10-07 07:00:00+00,2026-10-07 07:45:19.485874+00,bear,740.06708964,740.39916414,740.5,0.85,15m sweep of hour high then reject,t
3594,BULLA/USDT,2026-10-07 07:00:00+00,2026-10-07 07:45:19.485874+00,bear,0.08269937,0.08295225,0.08296,0.85,15m sweep of hour high then reject,t
3585,COHR/USDT,2026-10-07 07:00:00+00,2026-10-07 07:45:19.485874+00,bear,334.52152613,334.92538955,335.69,0.85,15m sweep of hour high then reject,t
3599,1000PEPE/USDT,2026-10-07 07:00:00+00,2026-10-07 07:45:19.485874+00,bull,0.00412866,0.0041365,0.0041285,0.85,15m sweep of hour low then reclaim,t
3569,INTC/USDT,2026-10-07 07:00:00+00,2026-10-07 07:45:19.485874+00,bull,114.80578475,115.11053812,114.85,0.85,mixed 15m structure — EMA side only,t
3578,DRAM/USDT,2026-10-07 07:00:00+00,2026-10-07 07:45:19.485874+00,bear,59.39076586,59.44569365,59.49,0.85,15m sweep of hour high then reject,t
3576,SKHY/USDT,2026-10-07 07:00:00+00,2026-10-07 07:45:19.485874+00,bear,182.72936867,182.94025253,182.94,0.85,15m sweep of hour high then reject,t
3567,BTW/USDT,2026-10-07 07:00:00+00,2026-10-07 07:45:19.485874+00,bull,1.23095487,1.23566283,1.2308,0.85,15m sweep of hour low then reclaim,t
3592,QCOM/USDT,2026-10-07 07:00:00+00,2026-10-07 07:45:19.485874+00,bear,180.35464059,180.43214376,180.43,0.85,15m sweep of hour high then reject,t
3587,PLTR/USDT,2026-10-07 07:00:00+00,2026-10-07 07:45:19.485874+00,bull,192.02373434,192.08066415,192.04,0.85,15m holding above hour open and EMA21,t
3596,MRVL/USDT,2026-10-07 07:00:00+00,2026-10-07 07:45:19.485874+00,bull,288.1273974,288.52150649,288.23,0.85,15m sweep of hour low then reclaim,t
3564,BMNR/USDT,2026-10-07 07:00:00+00,2026-10-07 07:45:19.485874+00,bear,25.49268002,25.53092799,25.52,0.85,15m holding below hour open and EMA21,t
3573,QQQ/USDT,2026-10-07 07:00:00+00,2026-10-07 07:45:19.485874+00,bear,759.26558693,759.41176523,759.6,0.85,15m sweep of hour high then reject,t
3582,MSTR/USDT,2026-10-07 07:00:00+00,2026-10-07 07:45:19.485874+00,bear,161.20261901,161.5749524,161.57,0.85,mixed 15m structure — EMA side only,t
3591,CRCL/USDT,2026-10-07 07:00:00+00,2026-10-07 07:45:19.485874+00,bear,83.02339845,83.11664062,83.1,0.85,15m holding below hour open and EMA21,t
3600,BZ/USDT,2026-10-07 07:00:00+00,2026-10-07 07:45:19.485874+00,bear,101.29491333,101.38603467,101.43,0.85,15m sweep of hour high then reject,t
3615,DELL/USDT,2026-10-07 08:00:00+00,2026-10-07 08:00:19.251812+00,bull,573.63458252,575.9335437,574.22,0.8,mixed 15m structure — EMA side only,t
3631,CRCL/USDT,2026-10-07 08:00:00+00,2026-10-07 08:00:19.251812+00,bear,82.4801228,82.90195088,82.91,0.85,15m sweep of hour high then reject,t
3611,MINIMAX/USDT,2026-10-07 08:00:00+00,2026-10-07 08:00:19.251812+00,bull,30.44720557,30.70198607,30.52,0.85,15m holding above hour open and EMA21,t
3640,BZ/USDT,2026-10-07 08:00:00+00,2026-10-07 08:00:19.251812+00,bear,100.54132094,100.91747162,100.82,0.85,15m sweep of hour high then reject,t
3620,NBIS/USDT,2026-10-07 08:00:00+00,2026-10-07 08:00:19.251812+00,bear,246.11460336,247.22615866,247.06,0.85,mixed 15m structure — EMA side only,t
3624,TSLA/USDT,2026-10-07 08:00:00+00,2026-10-07 08:00:19.251812+00,bull,378.7196463,379.28088425,378.86,0.85,15m sweep of hour low then reclaim,t
3629,MAGMA/USDT,2026-10-07 08:00:00+00,2026-10-07 08:00:19.251812+00,bull,0.21516585,0.21856538,0.2161,0.6,mixed 15m structure — EMA side only,t
3633,ANTHROPIC/USDT,2026-10-07 08:00:00+00,2026-10-07 08:00:19.251812+00,bull,2058.24634234,2063.99914415,2059.89,0.85,15m holding above hour open and EMA21,t
3638,1000BONK/USDT,2026-10-07 08:00:00+00,2026-10-07 08:00:19.251812+00,bull,0.00352274,0.00355815,0.003532,0.85,mixed 15m structure — EMA side only,t
3619,VVV/USDT,2026-10-07 08:00:00+00,2026-10-07 08:00:19.251812+00,bear,26.65622844,26.90810862,26.843,0.8,mixed 15m structure — EMA side only,t
3628,SOXS/USDT,2026-10-07 08:00:00+00,2026-10-07 08:00:19.251812+00,bull,29.94062036,30.14844909,29.97,0.85,15m sweep of hour low then reclaim,t
3622,MSTR/USDT,2026-10-07 08:00:00+00,2026-10-07 08:00:19.251812+00,bear,160.2728706,161.14085176,160.98,0.85,mixed 15m structure — EMA side only,t
3637,BABA/USDT,2026-10-07 08:00:00+00,2026-10-07 08:00:19.251812+00,bear,107.15350176,107.6205993,107.55,0.85,mixed 15m structure — EMA side only,t
3618,DRAM/USDT,2026-10-07 08:00:00+00,2026-10-07 08:00:19.251812+00,bear,59.21684463,59.43126215,59.41,0.85,15m sweep of hour high then reject,t
3627,PLTR/USDT,2026-10-07 08:00:00+00,2026-10-07 08:00:19.251812+00,bull,192.14215612,192.4196097,192.09,0.85,15m sweep of hour low then reclaim,t
3616,SKHY/USDT,2026-10-07 08:00:00+00,2026-10-07 08:00:19.251812+00,bear,181.95451222,182.77419511,182.59,0.85,15m sweep of hour high then reject,t
3625,COHR/USDT,2026-10-07 08:00:00+00,2026-10-07 08:00:19.251812+00,bear,332.45752562,334.48498975,334.36,0.85,15m sweep of hour high then reject,t
3601,CBRS/USDT,2026-10-07 08:00:00+00,2026-10-07 08:00:19.251812+00,bear,176.32139283,176.97744287,176.99,0.85,15m sweep of hour high then reject,t
3634,BULLA/USDT,2026-10-07 08:00:00+00,2026-10-07 08:00:19.251812+00,bear,0.08089595,0.08192362,0.08165,0.85,15m holding below hour open and EMA21,t
3636,MRVL/USDT,2026-10-07 08:00:00+00,2026-10-07 08:00:19.251812+00,bull,288.35536178,290.20659554,288.71,0.85,mixed 15m structure — EMA side only,t
3617,ZHIPU/USDT,2026-10-07 08:00:00+00,2026-10-07 08:00:19.251812+00,bull,88.51315839,89.41210401,88.77,0.85,15m holding above hour open and EMA21,t
3626,USELESS/USDT,2026-10-07 08:00:00+00,2026-10-07 08:00:19.251812+00,bull,0.21435105,0.21770238,0.21528,0.75,mixed 15m structure — EMA side only,t
3635,AKE/USDT,2026-10-07 08:00:00+00,2026-10-07 08:00:19.251812+00,bear,0.02789029,0.02825549,0.028156,0.85,mixed 15m structure — EMA side only,t
3602,SPCX/USDT,2026-10-07 08:00:00+00,2026-10-07 08:00:19.251812+00,bear,168.5647589,169.21609644,169.15,0.85,15m sweep of hour high then reject,t
3603,ARM/USDT,2026-10-07 08:00:00+00,2026-10-07 08:00:19.251812+00,bear,299.41509609,300.97196156,300.64,0.85,mixed 15m structure — EMA side only,t
3612,LITE/USDT,2026-10-07 08:00:00+00,2026-10-07 08:00:19.251812+00,bear,1113.26787516,1120.47884994,1119.79,0.85,15m sweep of hour high then reject,t
3614,AXTI/USDT,2026-10-07 08:00:00+00,2026-10-07 08:00:19.251812+00,bear,81.5003106,82.01787576,81.94,0.85,15m sweep of hour high then reject,t
3623,SNXX/USDT,2026-10-07 08:00:00+00,2026-10-07 08:00:19.251812+00,bear,14.67673724,14.79330511,14.78,0.85,15m sweep of hour high then reject,t
3604,BMNR/USDT,2026-10-07 08:00:00+00,2026-10-07 08:00:19.251812+00,bear,25.32522803,25.47190879,25.46,0.85,15m sweep of hour high then reject,t
3605,CRWV/USDT,2026-10-07 08:00:00+00,2026-10-07 08:00:19.251812+00,bear,90.78802506,91.18678997,91.2,0.85,15m sweep of hour high then reject,t
3606,BE/USDT,2026-10-07 08:00:00+00,2026-10-07 08:00:19.251812+00,bear,291.79293531,292.99882588,292.79,0.85,mixed 15m structure — EMA side only,t
3632,QCOM/USDT,2026-10-07 08:00:00+00,2026-10-07 08:00:19.251812+00,bear,179.85952219,180.19819112,180.17,0.85,15m sweep of hour high then reject,t
3607,BTW/USDT,2026-10-07 08:00:00+00,2026-10-07 08:00:19.251812+00,bull,1.25204351,1.27079122,1.2574,0.85,15m holding above hour open and EMA21,t
3608,SOXL/USDT,2026-10-07 08:00:00+00,2026-10-07 08:00:19.251812+00,bear,161.65280137,162.78287945,162.61,0.85,15m sweep of hour high then reject,t
3630,META/USDT,2026-10-07 08:00:00+00,2026-10-07 08:00:19.251812+00,bear,740.10783294,740.88086682,740.98,0.85,15m sweep of hour high then reject,t
3609,INTC/USDT,2026-10-07 08:00:00+00,2026-10-07 08:00:19.251812+00,bull,114.44574337,115.11564157,114.58,0.85,mixed 15m structure — EMA side only,t
3639,1000PEPE/USDT,2026-10-07 08:00:00+00,2026-10-07 08:00:19.251812+00,bull,0.00413547,0.00416623,0.004144,0.75,mixed 15m structure — EMA side only,t
3613,QQQ/USDT,2026-10-07 08:00:00+00,2026-10-07 08:00:19.251812+00,bear,758.41039433,759.01184227,758.85,0.85,mixed 15m structure — EMA side only,t
3621,IREN/USDT,2026-10-07 08:00:00+00,2026-10-07 08:00:19.251812+00,bear,40.84322294,41.06671082,41.04,0.85,mixed 15m structure — EMA side only,t
3610,ORCL/USDT,2026-10-07 08:00:00+00,2026-10-07 08:00:19.251812+00,bear,144.28662172,144.58535131,144.55,0.85,15m sweep of hour high then reject,t
3656,DRAM/USDT,2026-10-07 08:00:00+00,2026-10-07 08:15:30.019106+00,bear,59.26055251,59.413779,59.41,0.85,15m sweep of hour high then reject,t
3667,PLTR/USDT,2026-10-07 08:00:00+00,2026-10-07 08:15:30.019106+00,bear,192.1109861,192.30560556,192.29,0.85,15m sweep of hour high then reject,t
3660,DELL/USDT,2026-10-07 08:00:00+00,2026-10-07 08:15:30.019106+00,bear,573.24390707,574.96043717,574.48,0.85,15m sweep of hour high then reject,t
3672,COHR/USDT,2026-10-07 08:00:00+00,2026-10-07 08:15:30.019106+00,bear,332.65999106,334.00400358,334.36,0.85,15m sweep of hour high then reject,t
3644,SPCX/USDT,2026-10-07 08:00:00+00,2026-10-07 08:15:30.019106+00,bear,168.69554638,169.20378145,169.15,0.85,mixed 15m structure — EMA side only,t
3653,SKHY/USDT,2026-10-07 08:00:00+00,2026-10-07 08:15:30.019106+00,bear,182.11901744,182.70839303,182.59,0.85,15m sweep of hour high then reject,t
3662,NVDA/USDT,2026-10-07 08:00:00+00,2026-10-07 08:15:30.019106+00,bear,239.88843824,240.1986247,240.21,0.85,15m sweep of hour high then reject,t
3666,NBIS/USDT,2026-10-07 08:00:00+00,2026-10-07 08:15:30.019106+00,bear,246.30252734,247.04098906,247.06,0.85,15m sweep of hour high then reject,t
3649,ORCL/USDT,2026-10-07 08:00:00+00,2026-10-07 08:15:30.019106+00,bear,144.34791512,144.56083395,144.55,0.85,15m sweep of hour high then reject,t
3674,1000BONK/USDT,2026-10-07 08:00:00+00,2026-10-07 08:15:30.019106+00,bull,0.00352841,0.00355147,0.003532,0.85,15m holding above hour open and EMA21,t
3658,LITE/USDT,2026-10-07 08:00:00+00,2026-10-07 08:15:30.019106+00,bear,1114.0108952,1117.69164192,1119.79,0.85,15m sweep of hour high then reject,t
3675,CRCL/USDT,2026-10-07 08:00:00+00,2026-10-07 08:15:30.019106+00,bear,82.54071052,82.84771579,82.91,0.85,15m sweep of hour high then reject,t
3645,CRWV/USDT,2026-10-07 08:00:00+00,2026-10-07 08:15:30.019106+00,bear,90.83780317,91.10687873,91.2,0.85,15m sweep of hour high then reject,t
3654,AXTI/USDT,2026-10-07 08:00:00+00,2026-10-07 08:15:30.019106+00,bear,81.61184131,81.97326348,81.94,0.85,15m sweep of hour high then reject,t
3663,MSTR/USDT,2026-10-07 08:00:00+00,2026-10-07 08:15:30.019106+00,bear,160.38608846,161.03556462,160.98,0.85,15m sweep of hour high then reject,t
3670,META/USDT,2026-10-07 08:00:00+00,2026-10-07 08:15:30.019106+00,bull,740.47498203,741.12254492,739.95,0.85,15m sweep of hour low then reclaim,t
3679,BZ/USDT,2026-10-07 08:00:00+00,2026-10-07 08:15:30.019106+00,bear,100.61034851,100.97986059,100.93,0.85,mixed 15m structure — EMA side only,t
3648,SOXL/USDT,2026-10-07 08:00:00+00,2026-10-07 08:15:30.019106+00,bear,161.85884381,162.70046247,162.61,0.85,15m sweep of hour high then reject,t
3657,IREN/USDT,2026-10-07 08:00:00+00,2026-10-07 08:15:30.019106+00,bear,40.87240526,40.9950379,41.04,0.85,15m sweep of hour high then reject,t
3669,MAGMA/USDT,2026-10-07 08:00:00+00,2026-10-07 08:15:30.019106+00,bull,0.21543748,0.2178613,0.21609,0.6,mixed 15m structure — EMA side only,t
3678,BULLA/USDT,2026-10-07 08:00:00+00,2026-10-07 08:15:30.019106+00,bear,0.08108814,0.08184674,0.08165,0.85,15m sweep of hour high then reject,t
3641,ARM/USDT,2026-10-07 08:00:00+00,2026-10-07 08:15:30.019106+00,bear,299.58254907,300.61498037,300.64,0.85,15m sweep of hour high then reject,t
3665,SNXX/USDT,2026-10-07 08:00:00+00,2026-10-07 08:15:30.019106+00,bear,14.70062057,14.78375177,14.78,0.85,15m sweep of hour high then reject,t
3643,CBRS/USDT,2026-10-07 08:00:00+00,2026-10-07 08:15:30.019106+00,bear,176.42116643,176.93753343,176.99,0.85,15m sweep of hour high then reject,t
3646,BE/USDT,2026-10-07 08:00:00+00,2026-10-07 08:15:30.019106+00,bear,291.9783478,292.90466088,292.79,0.85,15m sweep of hour high then reject,t
3655,ZHIPU/USDT,2026-10-07 08:00:00+00,2026-10-07 08:15:30.019106+00,bull,88.58611388,89.2297153,88.77,0.85,15m holding above hour open and EMA21,t
3668,SOXS/USDT,2026-10-07 08:00:00+00,2026-10-07 08:15:30.019106+00,bull,29.95641775,30.10895562,29.97,0.85,15m sweep of hour low then reclaim,t
3677,AKE/USDT,2026-10-07 08:00:00+00,2026-10-07 08:15:30.019106+00,bear,0.02796328,0.02824829,0.028192,0.85,mixed 15m structure — EMA side only,t
3664,VVV/USDT,2026-10-07 08:00:00+00,2026-10-07 08:15:30.019106+00,bear,26.70318945,26.87232422,26.843,0.85,15m sweep of hour high then reject,t
3676,ANTHROPIC/USDT,2026-10-07 08:00:00+00,2026-10-07 08:15:30.019106+00,bear,2056.9231139,2061.07675444,2059.89,0.85,15m holding below hour open and EMA21,t
3650,INTC/USDT,2026-10-07 08:00:00+00,2026-10-07 08:15:30.019106+00,bull,114.53802842,115.03492895,114.58,0.85,15m sweep of hour low then reclaim,t
3647,BTW/USDT,2026-10-07 08:00:00+00,2026-10-07 08:15:30.019106+00,bull,1.23113445,1.26831389,1.2346,0.85,mixed 15m structure — EMA side only,t
3671,CL/USDT,2026-10-07 08:00:00+00,2026-10-07 08:15:30.019106+00,bear,89.34804212,89.68678315,89.69,0.85,15m sweep of hour high then reject,t
3642,BMNR/USDT,2026-10-07 08:00:00+00,2026-10-07 08:15:30.019106+00,bear,25.35424809,25.46030076,25.46,0.85,15m sweep of hour high then reject,t
3661,USELESS/USDT,2026-10-07 08:00:00+00,2026-10-07 08:15:30.019106+00,bull,0.21433884,0.21703289,0.21477,0.85,mixed 15m structure — EMA side only,t
3659,QQQ/USDT,2026-10-07 08:00:00+00,2026-10-07 08:15:30.019106+00,bear,758.53663176,758.96134729,758.85,0.85,mixed 15m structure — EMA side only,t
3673,QCOM/USDT,2026-10-07 08:00:00+00,2026-10-07 08:15:30.019106+00,bear,179.91391724,180.1464331,180.17,0.85,15m sweep of hour high then reject,t
3680,MRVL/USDT,2026-10-07 08:00:00+00,2026-10-07 08:15:30.019106+00,bear,288.12313882,289.44874447,289.23,0.85,15m sweep of hour high then reject,t
3652,LAB/USDT,2026-10-07 08:00:00+00,2026-10-07 08:15:30.019106+00,bull,0.04932777,0.05000057,0.04948,0.85,15m sweep of hour low then reclaim,t
3651,MINIMAX/USDT,2026-10-07 08:00:00+00,2026-10-07 08:15:30.019106+00,bull,30.4262396,30.65440101,30.48,0.85,mixed 15m structure — EMA side only,t
3717,AKE/USDT,2026-10-07 08:00:00+00,2026-10-07 08:30:37.624975+00,bear,0.0280272,0.02824372,0.028243,0.85,15m sweep of hour high then reject,t
3720,MRVL/USDT,2026-10-07 08:00:00+00,2026-10-07 08:30:37.624975+00,bear,288.4234907,289.32860372,289.23,0.85,15m sweep of hour high then reject,t
3711,CL/USDT,2026-10-07 08:00:00+00,2026-10-07 08:30:37.624975+00,bear,89.43418084,89.74232767,89.69,0.85,mixed 15m structure — EMA side only,t
3702,NVDA/USDT,2026-10-07 08:00:00+00,2026-10-07 08:30:37.624975+00,bear,239.96819986,240.16672005,240.21,0.85,15m sweep of hour high then reject,t
3719,BZ/USDT,2026-10-07 08:00:00+00,2026-10-07 08:30:37.624975+00,bear,100.67479908,101.17408037,101.15,0.85,mixed 15m structure — EMA side only,t
3710,META/USDT,2026-10-07 08:00:00+00,2026-10-07 08:30:37.624975+00,bull,740.5393365,740.96165876,739.95,0.85,15m sweep of hour low then reclaim,t
3701,USELESS/USDT,2026-10-07 08:00:00+00,2026-10-07 08:30:37.624975+00,bear,0.21432243,0.21580303,0.21545,0.85,15m sweep of hour high then reject,t
3716,ANTHROPIC/USDT,2026-10-07 08:00:00+00,2026-10-07 08:30:37.624975+00,bear,2058.02689194,2060.63524323,2059.89,0.85,15m holding below hour open and EMA21,t
3707,PLTR/USDT,2026-10-07 08:00:00+00,2026-10-07 08:30:37.624975+00,bear,192.16255092,192.28497963,192.29,0.85,15m sweep of hour high then reject,t
3698,LITE/USDT,2026-10-07 08:00:00+00,2026-10-07 08:30:37.624975+00,bear,1114.95395893,1117.31441643,1119.79,0.85,15m sweep of hour high then reject,t
3715,CRCL/USDT,2026-10-07 08:00:00+00,2026-10-07 08:30:37.624975+00,bear,82.61774937,82.81690025,82.91,0.85,15m sweep of hour high then reject,t
3706,NBIS/USDT,2026-10-07 08:00:00+00,2026-10-07 08:30:37.624975+00,bear,246.49650502,246.96339799,247.06,0.85,15m sweep of hour high then reject,t
3697,IREN/USDT,2026-10-07 08:00:00+00,2026-10-07 08:30:37.624975+00,bear,40.90159611,40.98336155,41.04,0.85,15m sweep of hour high then reject,t
3714,1000BONK/USDT,2026-10-07 08:00:00+00,2026-10-07 08:30:37.624975+00,bull,0.00351972,0.00354571,0.003524,0.85,mixed 15m structure — EMA side only,t
3705,SNXX/USDT,2026-10-07 08:00:00+00,2026-10-07 08:30:37.624975+00,bear,14.72277702,14.77488919,14.78,0.85,15m sweep of hour high then reject,t
3696,DRAM/USDT,2026-10-07 08:00:00+00,2026-10-07 08:30:37.624975+00,bear,59.30178251,59.397287,59.41,0.85,15m sweep of hour high then reject,t
3681,ARM/USDT,2026-10-07 08:00:00+00,2026-10-07 08:30:37.624975+00,bear,299.83794704,300.51282118,300.64,0.85,15m sweep of hour high then reject,t
3682,BMNR/USDT,2026-10-07 08:00:00+00,2026-10-07 08:30:37.624975+00,bear,25.38124882,25.44950047,25.46,0.85,15m sweep of hour high then reject,t
3683,CBRS/USDT,2026-10-07 08:00:00+00,2026-10-07 08:30:37.624975+00,bear,176.55981732,176.88207307,176.99,0.85,15m sweep of hour high then reject,t
3684,SPCX/USDT,2026-10-07 08:00:00+00,2026-10-07 08:30:37.624975+00,bear,168.80485014,169.12005994,169.15,0.85,15m sweep of hour high then reject,t
3685,CRWV/USDT,2026-10-07 08:00:00+00,2026-10-07 08:30:37.624975+00,bear,90.90777101,91.0788916,91.2,0.85,15m sweep of hour high then reject,t
3686,BE/USDT,2026-10-07 08:00:00+00,2026-10-07 08:30:37.624975+00,bear,292.20162007,292.81535197,292.79,0.85,15m sweep of hour high then reject,t
3687,BTW/USDT,2026-10-07 08:00:00+00,2026-10-07 08:30:37.624975+00,bear,1.25020736,1.26027706,1.258,0.85,15m sweep of hour high then reject,t
3688,SOXL/USDT,2026-10-07 08:00:00+00,2026-10-07 08:30:37.624975+00,bear,162.07949855,162.61220058,162.61,0.85,15m sweep of hour high then reject,t
3689,ORCL/USDT,2026-10-07 08:00:00+00,2026-10-07 08:30:37.624975+00,bear,144.39099508,144.54360197,144.55,0.85,15m sweep of hour high then reject,t
3692,LAB/USDT,2026-10-07 08:00:00+00,2026-10-07 08:30:37.624975+00,bull,0.04939933,0.04982168,0.04948,0.85,15m sweep of hour low then reclaim,t
3693,SKHY/USDT,2026-10-07 08:00:00+00,2026-10-07 08:30:37.624975+00,bear,182.26314175,182.6907433,182.64,0.85,mixed 15m structure — EMA side only,t
3690,INTC/USDT,2026-10-07 08:00:00+00,2026-10-07 08:30:37.624975+00,bull,114.58635569,114.91411078,114.58,0.85,15m sweep of hour low then reclaim,t
3699,QQQ/USDT,2026-10-07 08:00:00+00,2026-10-07 08:30:37.624975+00,bear,758.64523633,758.91790547,758.85,0.85,15m sweep of hour high then reject,t
3708,SOXS/USDT,2026-10-07 08:00:00+00,2026-10-07 08:30:37.624975+00,bull,29.97209194,30.06977014,29.97,0.85,15m sweep of hour low then reclaim,t
3691,MINIMAX/USDT,2026-10-07 08:00:00+00,2026-10-07 08:30:37.624975+00,bull,30.48579118,30.60552205,30.48,0.85,15m sweep of hour low then reclaim,t
3700,DELL/USDT,2026-10-07 08:00:00+00,2026-10-07 08:30:37.624975+00,bear,573.69381152,574.78047539,574.48,0.85,15m sweep of hour high then reject,t
3709,MAGMA/USDT,2026-10-07 08:00:00+00,2026-10-07 08:30:37.624975+00,bull,0.21575289,0.21742278,0.21609,0.85,15m sweep of hour low then reclaim,t
3718,BULLA/USDT,2026-10-07 08:00:00+00,2026-10-07 08:30:37.624975+00,bear,0.08127878,0.08177049,0.08165,0.85,15m sweep of hour high then reject,t
3694,AXTI/USDT,2026-10-07 08:00:00+00,2026-10-07 08:30:37.624975+00,bear,81.70508034,81.93596787,81.94,0.85,15m sweep of hour high then reject,t
3703,MSTR/USDT,2026-10-07 08:00:00+00,2026-10-07 08:30:37.624975+00,bear,160.54424523,160.97230191,160.98,0.85,15m sweep of hour high then reject,t
3712,COHR/USDT,2026-10-07 08:00:00+00,2026-10-07 08:30:37.624975+00,bear,333.01270875,333.8629165,334.36,0.85,15m sweep of hour high then reject,t
3695,ZHIPU/USDT,2026-10-07 08:00:00+00,2026-10-07 08:30:37.624975+00,bull,88.55338002,89.06154994,88.67,0.85,mixed 15m structure — EMA side only,t
3704,VVV/USDT,2026-10-07 08:00:00+00,2026-10-07 08:30:37.624975+00,bear,26.74791252,26.85443499,26.843,0.85,15m sweep of hour high then reject,t
3713,QCOM/USDT,2026-10-07 08:00:00+00,2026-10-07 08:30:37.624975+00,bear,179.97207972,180.12316811,180.17,0.85,15m sweep of hour high then reject,t
3725,CRWV/USDT,2026-10-07 08:00:00+00,2026-10-07 08:45:37.697653+00,bear,90.97046511,91.05381396,91.2,0.85,15m sweep of hour high then reject,t
3760,MRVL/USDT,2026-10-07 08:00:00+00,2026-10-07 08:45:37.697653+00,bear,288.76379925,289.1924803,289.23,0.85,15m sweep of hour high then reject,t
3751,CL/USDT,2026-10-07 08:00:00+00,2026-10-07 08:45:37.697653+00,bear,89.51092324,89.6216307,89.69,0.85,15m sweep of hour high then reject,t
3742,NVDA/USDT,2026-10-07 08:00:00+00,2026-10-07 08:45:37.697653+00,bear,240.04300351,240.1367986,240.21,0.85,15m sweep of hour high then reject,t
3733,SKHY/USDT,2026-10-07 08:00:00+00,2026-10-07 08:45:37.697653+00,bear,182.40611938,182.59355225,182.64,0.85,15m sweep of hour high then reject,t
3724,SPCX/USDT,2026-10-07 08:00:00+00,2026-10-07 08:45:37.697653+00,bear,168.92360899,169.0725564,169.15,0.85,15m sweep of hour high then reject,t
3735,ZHIPU/USDT,2026-10-07 08:00:00+00,2026-10-07 08:45:37.697653+00,bull,88.68520501,88.90698747,88.67,0.85,mixed 15m structure — EMA side only,t
3728,SOXL/USDT,2026-10-07 08:00:00+00,2026-10-07 08:45:37.697653+00,bear,162.26941004,162.53623598,162.61,0.85,15m sweep of hour high then reject,t
3759,BZ/USDT,2026-10-07 08:00:00+00,2026-10-07 08:45:37.697653+00,bear,100.73701386,100.83919446,101.15,0.85,15m sweep of hour high then reject,t
3750,META/USDT,2026-10-07 08:00:00+00,2026-10-07 08:45:37.697653+00,bull,740.60147052,740.80632371,739.95,0.85,15m sweep of hour low then reclaim,t
3741,USELESS/USDT,2026-10-07 08:00:00+00,2026-10-07 08:45:37.697653+00,bull,0.21517254,0.21589864,0.21426,0.85,15m sweep of hour low then reclaim,t
3732,LAB/USDT,2026-10-07 08:00:00+00,2026-10-07 08:45:37.697653+00,bull,0.04946212,0.04966471,0.04948,0.85,15m sweep of hour low then reclaim,t
3723,CBRS/USDT,2026-10-07 08:00:00+00,2026-10-07 08:45:37.697653+00,bear,176.6822009,176.83311964,176.99,0.85,15m sweep of hour high then reject,t
3756,ANTHROPIC/USDT,2026-10-07 08:00:00+00,2026-10-07 08:45:37.697653+00,bear,2058.8785034,2060.29459864,2059.89,0.85,15m holding below hour open and EMA21,t
3747,PLTR/USDT,2026-10-07 08:00:00+00,2026-10-07 08:45:37.697653+00,bear,192.20730935,192.26707626,192.29,0.85,15m sweep of hour high then reject,t
3738,LITE/USDT,2026-10-07 08:00:00+00,2026-10-07 08:45:37.697653+00,bear,1115.83235593,1116.96305763,1119.79,0.85,15m sweep of hour high then reject,t
3729,ORCL/USDT,2026-10-07 08:00:00+00,2026-10-07 08:45:37.697653+00,bear,144.44706914,144.52117234,144.55,0.85,15m sweep of hour high then reject,t
3758,BULLA/USDT,2026-10-07 08:00:00+00,2026-10-07 08:45:37.697653+00,bear,0.08140936,0.08214826,0.08223,0.85,15m sweep of hour high then reject,t
3749,MAGMA/USDT,2026-10-07 08:00:00+00,2026-10-07 08:45:37.697653+00,bull,0.21598527,0.21684183,0.21609,0.85,15m sweep of hour low then reclaim,t
3740,DELL/USDT,2026-10-07 08:00:00+00,2026-10-07 08:45:37.697653+00,bear,574.10451963,574.61619215,574.48,0.85,15m sweep of hour high then reject,t
3731,MINIMAX/USDT,2026-10-07 08:00:00+00,2026-10-07 08:45:37.697653+00,bull,30.50383876,30.5604031,30.48,0.85,15m sweep of hour low then reclaim,t
3755,CRCL/USDT,2026-10-07 08:00:00+00,2026-10-07 08:45:37.697653+00,bear,82.69279435,82.78688226,82.91,0.85,15m sweep of hour high then reject,t
3722,BMNR/USDT,2026-10-07 08:00:00+00,2026-10-07 08:45:37.697653+00,bear,25.40690124,25.43923951,25.46,0.85,15m sweep of hour high then reject,t
3726,BE/USDT,2026-10-07 08:00:00+00,2026-10-07 08:45:37.697653+00,bear,292.4301986,292.72392056,292.79,0.85,15m sweep of hour high then reject,t
3744,VVV/USDT,2026-10-07 08:00:00+00,2026-10-07 08:45:37.697653+00,bear,26.78567903,26.83932839,26.843,0.85,15m sweep of hour high then reject,t
3753,QCOM/USDT,2026-10-07 08:00:00+00,2026-10-07 08:45:37.697653+00,bear,180.02501916,180.10199234,180.17,0.85,15m sweep of hour high then reject,t
3754,1000BONK/USDT,2026-10-07 08:00:00+00,2026-10-07 08:45:37.697653+00,bear,0.00352989,0.00353704,0.003537,0.85,15m sweep of hour high then reject,t
3745,SNXX/USDT,2026-10-07 08:00:00+00,2026-10-07 08:45:37.697653+00,bear,14.74248576,14.7670057,14.78,0.85,15m sweep of hour high then reject,t
3736,DRAM/USDT,2026-10-07 08:00:00+00,2026-10-07 08:45:37.697653+00,bear,59.33716688,59.38313325,59.41,0.85,15m sweep of hour high then reject,t
3727,BTW/USDT,2026-10-07 08:00:00+00,2026-10-07 08:45:37.697653+00,bull,1.23318901,1.26092748,1.2261,0.85,15m sweep of hour low then reclaim,t
3746,NBIS/USDT,2026-10-07 08:00:00+00,2026-10-07 08:45:37.697653+00,bear,246.66309162,246.89676335,247.06,0.85,15m sweep of hour high then reject,t
3757,AKE/USDT,2026-10-07 08:00:00+00,2026-10-07 08:45:37.697653+00,bear,0.02808366,0.02834314,0.028347,0.85,mixed 15m structure — EMA side only,t
3748,SOXS/USDT,2026-10-07 08:00:00+00,2026-10-07 08:45:37.697653+00,bull,29.98629983,30.03425042,29.97,0.85,15m sweep of hour low then reclaim,t
3739,QQQ/USDT,2026-10-07 08:00:00+00,2026-10-07 08:45:37.697653+00,bear,758.74818115,758.87672754,758.85,0.85,15m sweep of hour high then reject,t
3730,INTC/USDT,2026-10-07 08:00:00+00,2026-10-07 08:45:37.697653+00,bull,114.63382943,114.79542643,114.58,0.85,15m sweep of hour low then reclaim,t
3721,ARM/USDT,2026-10-07 08:00:00+00,2026-10-07 08:45:37.697653+00,bear,300.09572541,300.40970984,300.64,0.85,15m sweep of hour high then reject,t
3752,COHR/USDT,2026-10-07 08:00:00+00,2026-10-07 08:45:37.697653+00,bear,333.33223978,333.73510409,334.36,0.85,15m sweep of hour high then reject,t
3743,MSTR/USDT,2026-10-07 08:00:00+00,2026-10-07 08:45:37.697653+00,bear,160.704096,160.9083616,160.98,0.85,15m sweep of hour high then reject,t
3737,IREN/USDT,2026-10-07 08:00:00+00,2026-10-07 08:45:37.697653+00,bear,40.93195534,40.97121786,41.04,0.85,15m sweep of hour high then reject,t
3734,AXTI/USDT,2026-10-07 08:00:00+00,2026-10-07 08:45:37.697653+00,bear,81.79319801,81.90072079,81.94,0.85,15m sweep of hour high then reject,t
3777,IREN/USDT,2026-10-07 09:00:00+00,2026-10-07 09:00:39.733386+00,bear,40.61747697,40.77500921,40.73,0.85,mixed 15m structure — EMA side only,t
3786,NBIS/USDT,2026-10-07 09:00:00+00,2026-10-07 09:00:39.733386+00,bear,244.98848314,246.20060674,245.94,0.85,mixed 15m structure — EMA side only,t
3795,CRCL/USDT,2026-10-07 09:00:00+00,2026-10-07 09:00:39.733386+00,bear,82.11830759,82.48467697,82.42,0.85,15m holding below hour open and EMA21,t
3799,BZ/USDT,2026-10-07 09:00:00+00,2026-10-07 09:00:39.733386+00,bear,100.68290862,101.09883655,100.99,0.85,15m holding below hour open and EMA21,t
3789,MAGMA/USDT,2026-10-07 09:00:00+00,2026-10-07 09:00:39.733386+00,bull,0.21935169,0.22260078,0.22024,0.85,15m holding above hour open and EMA21,t
3780,DELL/USDT,2026-10-07 09:00:00+00,2026-10-07 09:00:39.733386+00,bear,568.24135864,570.44945654,569.94,0.8,mixed 15m structure — EMA side only,t
3771,MINIMAX/USDT,2026-10-07 09:00:00+00,2026-10-07 09:00:39.733386+00,bull,30.46885826,30.68285436,30.53,0.85,15m holding above hour open and EMA21,t
3763,CBRS/USDT,2026-10-07 09:00:00+00,2026-10-07 09:00:39.733386+00,bear,175.3250319,175.94798724,175.77,0.85,15m holding below hour open and EMA21,t
3762,BMNR/USDT,2026-10-07 09:00:00+00,2026-10-07 09:00:39.733386+00,bear,25.23327602,25.35468959,25.33,0.85,mixed 15m structure — EMA side only,t
3761,ARM/USDT,2026-10-07 09:00:00+00,2026-10-07 09:00:39.733386+00,bear,296.70462296,298.12815082,297.95,0.85,15m sweep of hour high then reject,t
3778,LITE/USDT,2026-10-07 09:00:00+00,2026-10-07 09:00:39.733386+00,bear,1106.89439347,1111.99024261,1110.93,0.85,mixed 15m structure — EMA side only,t
3787,PLTR/USDT,2026-10-07 09:00:00+00,2026-10-07 09:00:39.733386+00,bear,191.91586332,192.17565467,192.11,0.85,mixed 15m structure — EMA side only,t
3796,ANTHROPIC/USDT,2026-10-07 09:00:00+00,2026-10-07 09:00:39.733386+00,bear,2045.98851262,2051.73059495,2050.09,0.85,15m holding below hour open and EMA21,t
3781,USELESS/USDT,2026-10-07 09:00:00+00,2026-10-07 09:00:39.733386+00,bull,0.21406233,0.21685417,0.21481,0.85,15m holding above hour open and EMA21,t
3788,SOXS/USDT,2026-10-07 09:00:00+00,2026-10-07 09:00:39.733386+00,bull,30.29354223,30.49114443,30.34,0.85,15m sweep of hour low then reclaim,t
3779,QQQ/USDT,2026-10-07 09:00:00+00,2026-10-07 09:00:39.733386+00,bear,758.06574428,758.57570229,758.43,0.85,15m holding below hour open and EMA21,t
3790,META/USDT,2026-10-07 09:00:00+00,2026-10-07 09:00:39.733386+00,bull,742.00554763,742.79113092,742.23,0.85,15m holding above hour open and EMA21,t
3770,INTC/USDT,2026-10-07 09:00:00+00,2026-10-07 09:00:39.733386+00,bull,114.65956644,115.32608389,114.85,0.85,15m holding above hour open and EMA21,t
3782,NVDA/USDT,2026-10-07 09:00:00+00,2026-10-07 09:00:39.733386+00,bear,239.46537017,239.86585193,239.76,0.8,mixed 15m structure — EMA side only,t
3791,CL/USDT,2026-10-07 09:00:00+00,2026-10-07 09:00:39.733386+00,bear,89.23328634,89.66268546,89.54,0.85,15m holding below hour open and EMA21,t
3773,SKHY/USDT,2026-10-07 09:00:00+00,2026-10-07 09:00:39.733386+00,bear,181.49280056,182.24487978,182.03,0.85,15m holding below hour open and EMA21,t
3772,LAB/USDT,2026-10-07 09:00:00+00,2026-10-07 09:00:39.733386+00,bull,0.04966795,0.05053512,0.04986,0.85,mixed 15m structure — EMA side only,t
3769,ORCL/USDT,2026-10-07 09:00:00+00,2026-10-07 09:00:39.733386+00,bear,143.99968539,144.28012585,144.2,0.85,mixed 15m structure — EMA side only,t
3768,SOXL/USDT,2026-10-07 09:00:00+00,2026-10-07 09:00:39.733386+00,bear,159.81316587,160.91473365,160.67,0.85,15m holding below hour open and EMA21,t
3767,BTW/USDT,2026-10-07 09:00:00+00,2026-10-07 09:00:39.733386+00,bull,1.23049603,1.24905992,1.2345,0.85,15m holding above hour open and EMA21,t
3766,BE/USDT,2026-10-07 09:00:00+00,2026-10-07 09:00:39.733386+00,bear,290.77895195,291.92841922,291.61,0.85,15m holding below hour open and EMA21,t
3765,CRWV/USDT,2026-10-07 09:00:00+00,2026-10-07 09:00:39.733386+00,bear,90.31494184,90.66402326,90.57,0.85,mixed 15m structure — EMA side only,t
3764,SPCX/USDT,2026-10-07 09:00:00+00,2026-10-07 09:00:39.733386+00,bear,168.15811912,168.73475235,168.58,0.85,mixed 15m structure — EMA side only,t
3774,AXTI/USDT,2026-10-07 09:00:00+00,2026-10-07 09:00:39.733386+00,bear,80.89644976,81.3634201,81.26,0.85,15m holding below hour open and EMA21,t
3783,MSTR/USDT,2026-10-07 09:00:00+00,2026-10-07 09:00:39.733386+00,bear,159.22507086,160.00197165,159.84,0.85,15m holding below hour open and EMA21,t
3792,COHR/USDT,2026-10-07 09:00:00+00,2026-10-07 09:00:39.733386+00,bear,330.0028906,331.58684376,331.23,0.85,mixed 15m structure — EMA side only,t
3800,MRVL/USDT,2026-10-07 09:00:00+00,2026-10-07 09:00:39.733386+00,bear,282.69782579,284.49286968,284.17,0.85,15m holding below hour open and EMA21,t
3775,ZHIPU/USDT,2026-10-07 09:00:00+00,2026-10-07 09:00:39.733386+00,bull,88.48387575,89.20531062,88.69,0.85,15m holding above hour open and EMA21,t
3784,VVV/USDT,2026-10-07 09:00:00+00,2026-10-07 09:00:39.733386+00,bear,26.42440067,26.63523973,26.575,0.85,15m holding below hour open and EMA21,t
3793,QCOM/USDT,2026-10-07 09:00:00+00,2026-10-07 09:00:39.733386+00,bear,179.30535687,179.61985725,179.57,0.85,mixed 15m structure — EMA side only,t
3797,AKE/USDT,2026-10-07 09:00:00+00,2026-10-07 09:00:39.733386+00,bear,0.02824329,0.02855368,0.028495,0.85,15m sweep of hour high then reject,t
3776,DRAM/USDT,2026-10-07 09:00:00+00,2026-10-07 09:00:39.733386+00,bear,58.99133412,59.18546635,59.13,0.85,15m holding below hour open and EMA21,t
3785,SNXX/USDT,2026-10-07 09:00:00+00,2026-10-07 09:00:39.733386+00,bear,14.58844711,14.68862116,14.66,0.85,15m holding below hour open and EMA21,t
3794,1000BONK/USDT,2026-10-07 09:00:00+00,2026-10-07 09:00:39.733386+00,bear,0.00347379,0.00350548,0.0035,0.85,mixed 15m structure — EMA side only,t
3798,BULLA/USDT,2026-10-07 09:00:00+00,2026-10-07 09:00:39.733386+00,bear,0.07825699,0.0799592,0.07955,0.85,mixed 15m structure — EMA side only,t
3818,AXTI/USDT,2026-10-07 09:00:00+00,2026-10-07 09:15:41.282607+00,bear,80.98308108,81.32876757,81.26,0.85,15m sweep of hour high then reject,t
3827,PLTR/USDT,2026-10-07 09:00:00+00,2026-10-07 09:15:41.282607+00,bear,191.94758338,192.13296665,192.11,0.85,15m sweep of hour high then reject,t
3836,AKE/USDT,2026-10-07 09:00:00+00,2026-10-07 09:15:41.282607+00,bear,0.0283037,0.02852952,0.028495,0.85,15m sweep of hour high then reject,t
3803,CBRS/USDT,2026-10-07 09:00:00+00,2026-10-07 09:15:41.282607+00,bear,175.3967365,175.9193054,175.77,0.85,15m holding below hour open and EMA21,t
3817,VVV/USDT,2026-10-07 09:00:00+00,2026-10-07 09:15:41.282607+00,bear,26.46907368,26.61737053,26.575,0.85,15m holding below hour open and EMA21,t
3832,META/USDT,2026-10-07 09:00:00+00,2026-10-07 09:15:41.282607+00,bull,741.53752782,742.66118046,741.71,0.85,mixed 15m structure — EMA side only,t
3819,TSM/USDT,2026-10-07 09:00:00+00,2026-10-07 09:15:41.282607+00,bear,475.82836957,476.83865217,476.78,0.85,15m sweep of hour high then reject,t
3812,CRWV/USDT,2026-10-07 09:00:00+00,2026-10-07 09:15:41.282607+00,bear,90.36540593,90.62383763,90.57,0.85,15m sweep of hour high then reject,t
3808,MINIMAX/USDT,2026-10-07 09:00:00+00,2026-10-07 09:15:41.282607+00,bull,30.41519057,30.64202357,30.46,0.85,mixed 15m structure — EMA side only,t
3802,BE/USDT,2026-10-07 09:00:00+00,2026-10-07 09:15:41.282607+00,bear,290.9188594,291.87245624,291.61,0.85,15m sweep of hour high then reject,t
3811,LAB/USDT,2026-10-07 09:00:00+00,2026-10-07 09:15:41.282607+00,bull,0.04980892,0.05040769,0.04986,0.85,15m sweep of hour low then reclaim,t
3820,QQQ/USDT,2026-10-07 09:00:00+00,2026-10-07 09:15:41.282607+00,bear,758.12339334,758.55264266,758.43,0.85,15m holding below hour open and EMA21,t
3825,LITE/USDT,2026-10-07 09:00:00+00,2026-10-07 09:15:41.282607+00,bear,1107.70979188,1111.15408325,1110.93,0.85,15m sweep of hour high then reject,t
3829,CRCL/USDT,2026-10-07 09:00:00+00,2026-10-07 09:15:41.282607+00,bear,82.19566064,82.45373574,82.42,0.85,15m sweep of hour high then reject,t
3828,NVDA/USDT,2026-10-07 09:00:00+00,2026-10-07 09:15:41.282607+00,bear,239.51506137,239.81597545,239.76,0.85,15m sweep of hour high then reject,t
3838,1000BONK/USDT,2026-10-07 09:00:00+00,2026-10-07 09:15:41.282607+00,bear,0.00347995,0.00350102,0.0035,0.85,15m sweep of hour high then reject,t
3837,IREN/USDT,2026-10-07 09:00:00+00,2026-10-07 09:15:41.282607+00,bear,40.64467146,40.76413141,40.73,0.85,15m holding below hour open and EMA21,t
3834,1000SHIB/USDT,2026-10-07 09:00:00+00,2026-10-07 09:15:41.282607+00,bear,0.00549239,0.00551844,0.005517,0.85,15m sweep of hour high then reject,t
3804,ARM/USDT,2026-10-07 09:00:00+00,2026-10-07 09:15:41.282607+00,bear,296.96305885,297.92477646,297.95,0.85,15m sweep of hour high then reject,t
3813,ORCL/USDT,2026-10-07 09:00:00+00,2026-10-07 09:15:41.282607+00,bear,144.01731661,144.27307336,144.2,0.85,15m holding below hour open and EMA21,t
3822,USELESS/USDT,2026-10-07 09:00:00+00,2026-10-07 09:15:41.282607+00,bear,0.21342106,0.21543558,0.21511,0.85,15m sweep of hour high then reject,t
3810,INTC/USDT,2026-10-07 09:00:00+00,2026-10-07 09:15:41.282607+00,bear,114.48919157,114.99432337,114.89,0.85,15m sweep of hour high then reject,t
3801,BMNR/USDT,2026-10-07 09:00:00+00,2026-10-07 09:15:41.282607+00,bear,25.25194223,25.34722311,25.33,0.85,15m sweep of hour high then reject,t
3831,SOXS/USDT,2026-10-07 09:00:00+00,2026-10-07 09:15:41.282607+00,bull,30.30483119,30.46292201,30.34,0.85,15m sweep of hour low then reclaim,t
3840,ANTHROPIC/USDT,2026-10-07 09:00:00+00,2026-10-07 09:15:41.282607+00,bear,2047.18555343,2051.25177863,2050.09,0.85,15m holding below hour open and EMA21,t
3823,SNXX/USDT,2026-10-07 09:00:00+00,2026-10-07 09:15:41.282607+00,bear,14.60807924,14.68076831,14.66,0.85,15m holding below hour open and EMA21,t
3814,SKHY/USDT,2026-10-07 09:00:00+00,2026-10-07 09:15:41.282607+00,bear,181.63359325,182.1885627,182.03,0.85,15m holding below hour open and EMA21,t
3816,DRAM/USDT,2026-10-07 09:00:00+00,2026-10-07 09:15:41.282607+00,bear,59.02367912,59.17252835,59.13,0.85,15m holding below hour open and EMA21,t
3805,SPCX/USDT,2026-10-07 09:00:00+00,2026-10-07 09:15:41.282607+00,bear,168.26713653,168.69114539,168.58,0.85,15m sweep of hour high then reject,t
3807,DELL/USDT,2026-10-07 09:00:00+00,2026-10-07 09:15:41.282607+00,bear,568.53124977,570.22350009,569.94,0.85,15m sweep of hour high then reject,t
3835,MSTR/USDT,2026-10-07 09:00:00+00,2026-10-07 09:15:41.282607+00,bear,159.36915649,159.9443374,159.84,0.85,15m sweep of hour high then reject,t
3826,MRVL/USDT,2026-10-07 09:00:00+00,2026-10-07 09:15:41.282607+00,bear,283.02716439,284.36113424,284.17,0.85,15m sweep of hour high then reject,t
3809,SOXL/USDT,2026-10-07 09:00:00+00,2026-10-07 09:15:41.282607+00,bear,159.96009766,160.85596094,160.67,0.85,15m sweep of hour high then reject,t
3806,BTW/USDT,2026-10-07 09:00:00+00,2026-10-07 09:15:41.282607+00,bull,1.23133374,1.24521566,1.2345,0.85,mixed 15m structure — EMA side only,t
3839,BZ/USDT,2026-10-07 09:00:00+00,2026-10-07 09:15:41.282607+00,bull,100.87941026,101.23147436,100.95,0.85,15m sweep of hour low then reclaim,t
3830,MAGMA/USDT,2026-10-07 09:00:00+00,2026-10-07 09:15:41.282607+00,bull,0.21961765,0.22191089,0.22024,0.8,mixed 15m structure — EMA side only,t
3821,NBIS/USDT,2026-10-07 09:00:00+00,2026-10-07 09:15:41.282607+00,bear,245.12497933,245.84600827,245.94,0.85,15m sweep of hour high then reject,t
3815,ZHIPU/USDT,2026-10-07 09:00:00+00,2026-10-07 09:15:41.282607+00,bull,88.48310633,89.05723418,88.63,0.85,mixed 15m structure — EMA side only,t
3824,CL/USDT,2026-10-07 09:00:00+00,2026-10-07 09:15:41.282607+00,bull,89.44480834,89.77797916,89.5,0.85,15m sweep of hour low then reclaim,t
3833,QCOM/USDT,2026-10-07 09:00:00+00,2026-10-07 09:15:41.282607+00,bear,179.37146282,179.62341487,179.57,0.85,mixed 15m structure — EMA side only,t
3845,SPCX/USDT,2026-10-07 09:00:00+00,2026-10-07 09:30:42.056164+00,bear,168.37972737,168.64610905,168.58,0.85,15m sweep of hour high then reject,t
3879,BZ/USDT,2026-10-07 09:00:00+00,2026-10-07 09:30:42.056164+00,bull,100.9143873,101.14403174,100.95,0.85,15m sweep of hour low then reclaim,t
3854,SKHY/USDT,2026-10-07 09:00:00+00,2026-10-07 09:30:42.056164+00,bear,181.78135534,182.12945786,182.03,0.85,15m holding below hour open and EMA21,t
3863,SNXX/USDT,2026-10-07 09:00:00+00,2026-10-07 09:30:42.056164+00,bear,14.62600143,14.67359943,14.66,0.85,15m holding below hour open and EMA21,t
3872,META/USDT,2026-10-07 09:00:00+00,2026-10-07 09:30:42.056164+00,bull,741.44026008,742.50434981,741.55,0.85,mixed 15m structure — EMA side only,t
3869,CRCL/USDT,2026-10-07 09:00:00+00,2026-10-07 09:30:42.056164+00,bear,82.2612423,82.42750308,82.42,0.85,15m sweep of hour high then reject,t
3860,QQQ/USDT,2026-10-07 09:00:00+00,2026-10-07 09:30:42.056164+00,bear,758.22719588,758.51112165,758.43,0.85,15m holding below hour open and EMA21,t
3876,AKE/USDT,2026-10-07 09:00:00+00,2026-10-07 09:30:42.056164+00,bull,0.02839816,0.02857209,0.028316,0.85,15m sweep of hour low then reclaim,t
3867,PLTR/USDT,2026-10-07 09:00:00+00,2026-10-07 09:30:42.056164+00,bear,191.97945638,192.12021745,192.11,0.85,15m sweep of hour high then reject,t
3858,AXTI/USDT,2026-10-07 09:00:00+00,2026-10-07 09:30:42.056164+00,bear,81.06089543,81.34764183,81.38,0.85,15m sweep of hour high then reject,t
3841,BMNR/USDT,2026-10-07 09:00:00+00,2026-10-07 09:30:42.056164+00,bear,25.27647614,25.33740954,25.33,0.85,15m sweep of hour high then reject,t
3842,BE/USDT,2026-10-07 09:00:00+00,2026-10-07 09:30:42.056164+00,bear,291.15512725,291.7779491,291.61,0.85,15m sweep of hour high then reject,t
3843,CBRS/USDT,2026-10-07 09:00:00+00,2026-10-07 09:30:42.056164+00,bear,175.52686069,175.86725572,175.77,0.85,15m holding below hour open and EMA21,t
3844,ARM/USDT,2026-10-07 09:00:00+00,2026-10-07 09:30:42.056164+00,bear,297.21964357,297.82214257,297.95,0.85,15m sweep of hour high then reject,t
3846,BTW/USDT,2026-10-07 09:00:00+00,2026-10-07 09:30:42.056164+00,bull,1.23344436,1.2416891,1.2345,0.85,15m holding above hour open and EMA21,t
3847,DELL/USDT,2026-10-07 09:00:00+00,2026-10-07 09:30:42.056164+00,bear,568.97779747,570.04488101,569.94,0.85,15m sweep of hour high then reject,t
3848,MINIMAX/USDT,2026-10-07 09:00:00+00,2026-10-07 09:30:42.056164+00,bear,30.46018779,30.55792488,30.54,0.85,15m sweep of hour high then reject,t
3849,SOXL/USDT,2026-10-07 09:00:00+00,2026-10-07 09:30:42.056164+00,bear,160.19690569,160.76123772,160.67,0.85,15m sweep of hour high then reject,t
3852,CRWV/USDT,2026-10-07 09:00:00+00,2026-10-07 09:30:42.056164+00,bear,90.42458462,90.60016615,90.57,0.85,15m sweep of hour high then reject,t
3853,ORCL/USDT,2026-10-07 09:00:00+00,2026-10-07 09:30:42.056164+00,bear,144.06973171,144.25210732,144.2,0.85,15m holding below hour open and EMA21,t
3850,INTC/USDT,2026-10-07 09:00:00+00,2026-10-07 09:30:42.056164+00,bear,114.61874955,114.94250018,114.89,0.85,15m sweep of hour high then reject,t
3875,MSTR/USDT,2026-10-07 09:00:00+00,2026-10-07 09:30:42.056164+00,bear,159.52056116,159.88377553,159.84,0.85,15m sweep of hour high then reject,t
3855,ZHIPU/USDT,2026-10-07 09:00:00+00,2026-10-07 09:30:42.056164+00,bull,88.59795154,88.92012116,88.63,0.85,15m holding above hour open and EMA21,t
3864,CL/USDT,2026-10-07 09:00:00+00,2026-10-07 09:30:42.056164+00,bear,89.38432243,89.74227103,89.87,0.85,15m sweep of hour high then reject,t
3873,QCOM/USDT,2026-10-07 09:00:00+00,2026-10-07 09:30:42.056164+00,bear,179.43139365,179.60944254,179.57,0.85,mixed 15m structure — EMA side only,t
3851,LAB/USDT,2026-10-07 09:00:00+00,2026-10-07 09:30:42.056164+00,bull,0.0498715,0.05025126,0.04986,0.85,15m sweep of hour low then reclaim,t
3856,DRAM/USDT,2026-10-07 09:00:00+00,2026-10-07 09:30:42.056164+00,bear,59.06278945,59.15688422,59.13,0.85,15m holding below hour open and EMA21,t
3865,LITE/USDT,2026-10-07 09:00:00+00,2026-10-07 09:30:42.056164+00,bear,1108.61265688,1110.79293725,1110.93,0.85,15m sweep of hour high then reject,t
3874,1000SHIB/USDT,2026-10-07 09:00:00+00,2026-10-07 09:30:42.056164+00,bear,0.0054992,0.00551572,0.005517,0.85,15m sweep of hour high then reject,t
3866,MRVL/USDT,2026-10-07 09:00:00+00,2026-10-07 09:30:42.056164+00,bear,283.33675653,284.23729739,284.26,0.85,15m sweep of hour high then reject,t
3857,VVV/USDT,2026-10-07 09:00:00+00,2026-10-07 09:30:42.056164+00,bear,26.50705871,26.60217652,26.575,0.85,15m holding below hour open and EMA21,t
3880,ANTHROPIC/USDT,2026-10-07 09:00:00+00,2026-10-07 09:30:42.056164+00,bear,2048.2683307,2050.81866772,2050.09,0.85,15m holding below hour open and EMA21,t
3871,SOXS/USDT,2026-10-07 09:00:00+00,2026-10-07 09:30:42.056164+00,bull,30.32148122,30.42129696,30.34,0.85,15m sweep of hour low then reclaim,t
3862,USELESS/USDT,2026-10-07 09:00:00+00,2026-10-07 09:30:42.056164+00,bear,0.21395484,0.21522207,0.21511,0.85,15m sweep of hour high then reject,t
3877,IREN/USDT,2026-10-07 09:00:00+00,2026-10-07 09:30:42.056164+00,bear,40.67207043,40.75317183,40.73,0.85,15m holding below hour open and EMA21,t
3868,NVDA/USDT,2026-10-07 09:00:00+00,2026-10-07 09:30:42.056164+00,bear,239.58208561,239.78916576,239.76,0.85,15m sweep of hour high then reject,t
3859,TSM/USDT,2026-10-07 09:00:00+00,2026-10-07 09:30:42.056164+00,bear,476.05499069,477.23800373,477.06,0.85,mixed 15m structure — EMA side only,t
3878,1000BONK/USDT,2026-10-07 09:00:00+00,2026-10-07 09:30:42.056164+00,bear,0.00348536,0.00349886,0.0035,0.85,15m sweep of hour high then reject,t
3870,MAGMA/USDT,2026-10-07 09:00:00+00,2026-10-07 09:30:42.056164+00,bull,0.21927409,0.22131977,0.21962,0.85,mixed 15m structure — EMA side only,t
3861,NBIS/USDT,2026-10-07 09:00:00+00,2026-10-07 09:30:42.056164+00,bear,245.31560625,245.7697575,245.94,0.85,15m sweep of hour high then reject,t
3895,ZHIPU/USDT,2026-10-07 09:00:00+00,2026-10-07 09:45:44.131889+00,bull,88.56652036,88.79869911,88.61,0.75,mixed 15m structure — EMA side only,t
3882,BE/USDT,2026-10-07 09:00:00+00,2026-10-07 09:45:44.131889+00,bear,291.37000551,291.6919978,291.61,0.85,15m sweep of hour high then reject,t
3891,LAB/USDT,2026-10-07 09:00:00+00,2026-10-07 09:45:44.131889+00,bull,0.04984396,0.0501201,0.04981,0.85,mixed 15m structure — EMA side only,t
3916,AKE/USDT,2026-10-07 09:00:00+00,2026-10-07 09:45:44.131889+00,bear,0.02840764,0.02848794,0.028495,0.85,15m sweep of hour high then reject,t
3900,QQQ/USDT,2026-10-07 09:00:00+00,2026-10-07 09:45:44.131889+00,bear,758.32075166,758.47369934,758.43,0.85,15m holding below hour open and EMA21,t
3909,CRCL/USDT,2026-10-07 09:00:00+00,2026-10-07 09:45:44.131889+00,bear,82.32370178,82.40251929,82.42,0.85,15m sweep of hour high then reject,t
3918,1000BONK/USDT,2026-10-07 09:00:00+00,2026-10-07 09:45:44.131889+00,bear,0.00349001,0.00349699,0.0035,0.85,15m sweep of hour high then reject,t
3888,MINIMAX/USDT,2026-10-07 09:00:00+00,2026-10-07 09:45:44.131889+00,bear,30.49619433,30.54352227,30.54,0.85,15m sweep of hour high then reject,t
3883,CBRS/USDT,2026-10-07 09:00:00+00,2026-10-07 09:45:44.131889+00,bear,175.64457818,175.82016873,175.77,0.85,15m holding below hour open and EMA21,t
3886,BTW/USDT,2026-10-07 09:00:00+00,2026-10-07 09:45:44.131889+00,bull,1.23468402,1.23858994,1.2345,0.85,15m sweep of hour low then reclaim,t
3903,SNXX/USDT,2026-10-07 09:00:00+00,2026-10-07 09:45:44.131889+00,bear,14.64282209,14.66687116,14.66,0.85,15m holding below hour open and EMA21,t
3894,SKHY/USDT,2026-10-07 09:00:00+00,2026-10-07 09:45:44.131889+00,bear,181.90689712,182.07924115,182.03,0.85,15m holding below hour open and EMA21,t
3885,SPCX/USDT,2026-10-07 09:00:00+00,2026-10-07 09:45:44.131889+00,bear,168.47724842,168.60710063,168.58,0.85,15m sweep of hour high then reject,t
3920,ANTHROPIC/USDT,2026-10-07 09:00:00+00,2026-10-07 09:45:44.131889+00,bear,2049.22240354,2050.43703858,2050.09,0.85,15m holding below hour open and EMA21,t
3911,SOXS/USDT,2026-10-07 09:00:00+00,2026-10-07 09:45:44.131889+00,bull,30.33480914,30.38797716,30.34,0.85,15m sweep of hour low then reclaim,t
3910,MAGMA/USDT,2026-10-07 09:00:00+00,2026-10-07 09:45:44.131889+00,bull,0.21777953,0.22080616,0.21782,0.85,mixed 15m structure — EMA side only,t
3889,SOXL/USDT,2026-10-07 09:00:00+00,2026-10-07 09:45:44.131889+00,bear,160.38824193,160.68470323,160.67,0.85,15m sweep of hour high then reject,t
3897,VVV/USDT,2026-10-07 09:00:00+00,2026-10-07 09:45:44.131889+00,bear,26.54087904,26.58864838,26.575,0.85,15m holding below hour open and EMA21,t
3919,BZ/USDT,2026-10-07 09:00:00+00,2026-10-07 09:45:44.131889+00,bull,100.94897982,101.05755045,100.95,0.85,15m sweep of hour low then reclaim,t
3881,BMNR/USDT,2026-10-07 09:00:00+00,2026-10-07 09:45:44.131889+00,bear,25.29770321,25.32891872,25.33,0.85,15m sweep of hour high then reject,t
3896,DRAM/USDT,2026-10-07 09:00:00+00,2026-10-07 09:45:44.131889+00,bear,59.0971701,59.14313196,59.13,0.85,15m holding below hour open and EMA21,t
3901,NBIS/USDT,2026-10-07 09:00:00+00,2026-10-07 09:45:44.131889+00,bear,245.47638862,245.70544455,245.94,0.85,15m sweep of hour high then reject,t
3902,USELESS/USDT,2026-10-07 09:00:00+00,2026-10-07 09:45:44.131889+00,bear,0.21440841,0.21504064,0.21511,0.85,15m sweep of hour high then reject,t
3893,ORCL/USDT,2026-10-07 09:00:00+00,2026-10-07 09:45:44.131889+00,bear,144.13046472,144.22781411,144.2,0.85,15m holding below hour open and EMA21,t
3907,PLTR/USDT,2026-10-07 09:00:00+00,2026-10-07 09:45:44.131889+00,bear,192.03192618,192.09922953,192.11,0.85,15m sweep of hour high then reject,t
3908,NVDA/USDT,2026-10-07 09:00:00+00,2026-10-07 09:45:44.131889+00,bear,239.65877189,239.75849124,239.76,0.85,15m sweep of hour high then reject,t
3899,TSM/USDT,2026-10-07 09:00:00+00,2026-10-07 09:45:44.131889+00,bear,476.28651353,476.65539459,477.06,0.85,15m sweep of hour high then reject,t
3890,INTC/USDT,2026-10-07 09:00:00+00,2026-10-07 09:45:44.131889+00,bear,114.72568729,114.89972508,114.89,0.85,15m sweep of hour high then reject,t
3905,LITE/USDT,2026-10-07 09:00:00+00,2026-10-07 09:45:44.131889+00,bear,1109.39517998,1110.47992801,1110.93,0.85,15m sweep of hour high then reject,t
3912,META/USDT,2026-10-07 09:00:00+00,2026-10-07 09:45:44.131889+00,bull,741.43839932,742.3590017,741.48,0.85,mixed 15m structure — EMA side only,t
3898,AXTI/USDT,2026-10-07 09:00:00+00,2026-10-07 09:45:44.131889+00,bear,81.14707645,81.26316942,81.38,0.85,15m sweep of hour high then reject,t
3913,QCOM/USDT,2026-10-07 09:00:00+00,2026-10-07 09:45:44.131889+00,bear,179.48328991,179.56868404,179.57,0.85,mixed 15m structure — EMA side only,t
3914,1000SHIB/USDT,2026-10-07 09:00:00+00,2026-10-07 09:45:44.131889+00,bear,0.00550497,0.00551341,0.005517,0.85,15m sweep of hour high then reject,t
3884,ARM/USDT,2026-10-07 09:00:00+00,2026-10-07 09:45:44.131889+00,bear,297.43719166,297.73512334,297.95,0.85,15m sweep of hour high then reject,t
3892,CRWV/USDT,2026-10-07 09:00:00+00,2026-10-07 09:45:44.131889+00,bear,90.49014643,90.57394143,90.57,0.85,15m sweep of hour high then reject,t
3917,IREN/USDT,2026-10-07 09:00:00+00,2026-10-07 09:45:44.131889+00,bear,40.70031841,40.74187263,40.73,0.85,15m holding below hour open and EMA21,t
3887,DELL/USDT,2026-10-07 09:00:00+00,2026-10-07 09:45:44.131889+00,bear,569.35106668,569.89557333,569.94,0.85,15m sweep of hour high then reject,t
3906,MRVL/USDT,2026-10-07 09:00:00+00,2026-10-07 09:45:44.131889+00,bear,283.64652982,284.11338807,284.26,0.85,15m sweep of hour high then reject,t
3915,MSTR/USDT,2026-10-07 09:00:00+00,2026-10-07 09:45:44.131889+00,bear,159.65258197,159.83096721,159.84,0.85,15m sweep of hour high then reject,t
3904,CL/USDT,2026-10-07 09:00:00+00,2026-10-07 09:45:44.131889+00,bear,89.4670247,89.70919012,89.87,0.85,15m sweep of hour high then reject,t
3947,PLTR/USDT,2026-10-07 10:00:00+00,2026-10-07 10:06:25.942135+00,bull,191.91897557,192.23756107,192.01,0.85,15m holding above hour open and EMA21,t
3956,AKE/USDT,2026-10-07 10:00:00+00,2026-10-07 10:06:25.942135+00,bear,0.02799012,0.02838015,0.028305,0.85,mixed 15m structure — EMA side only,t
3928,MINIMAX/USDT,2026-10-07 10:00:00+00,2026-10-07 10:06:25.942135+00,bear,30.29364962,30.46654015,30.43,0.85,mixed 15m structure — EMA side only,t
3936,DRAM/USDT,2026-10-07 10:00:00+00,2026-10-07 10:06:25.942135+00,bear,58.78524006,58.94590398,58.92,0.85,15m sweep of hour high then reject,t
3958,1000BONK/USDT,2026-10-07 10:00:00+00,2026-10-07 10:06:25.942135+00,bear,0.00345583,0.00348127,0.003481,0.85,15m sweep of hour high then reject,t
3949,CRCL/USDT,2026-10-07 10:00:00+00,2026-10-07 10:06:25.942135+00,bear,82.13177453,82.40929019,82.33,0.85,15m holding below hour open and EMA21,t
3941,NBIS/USDT,2026-10-07 10:00:00+00,2026-10-07 10:06:25.942135+00,bear,244.44128481,245.26548608,245.09,0.85,15m sweep of hour high then reject,t
3943,SNXX/USDT,2026-10-07 10:00:00+00,2026-10-07 10:06:25.942135+00,bear,14.51756243,14.60497503,14.6,0.85,15m sweep of hour high then reject,t
3934,SKHY/USDT,2026-10-07 10:00:00+00,2026-10-07 10:06:25.942135+00,bear,180.91341324,181.5246347,181.35,0.85,15m holding below hour open and EMA21,t
3959,BZ/USDT,2026-10-07 10:00:00+00,2026-10-07 10:06:25.942135+00,bull,101.38894968,101.8476258,101.43,0.85,15m sweep of hour low then reclaim,t
3924,ARM/USDT,2026-10-07 10:00:00+00,2026-10-07 10:06:25.942135+00,bear,296.18181211,297.24327515,297.12,0.85,15m sweep of hour high then reject,t
3932,CRWV/USDT,2026-10-07 10:00:00+00,2026-10-07 10:06:25.942135+00,bear,89.79236807,90.09705277,90.13,0.85,15m sweep of hour high then reject,t
3940,QQQ/USDT,2026-10-07 10:00:00+00,2026-10-07 10:06:25.942135+00,bear,756.67301268,757.24279493,757.24,0.85,15m sweep of hour high then reject,t
3957,IREN/USDT,2026-10-07 10:00:00+00,2026-10-07 10:06:25.942135+00,bear,40.38325727,40.53269709,40.53,0.85,15m sweep of hour high then reject,t
3948,NVDA/USDT,2026-10-07 10:00:00+00,2026-10-07 10:06:25.942135+00,bear,238.92595889,239.30961644,239.38,0.85,15m sweep of hour high then reject,t
3939,TSM/USDT,2026-10-07 10:00:00+00,2026-10-07 10:06:25.942135+00,bear,474.81995238,476.09401905,475.78,0.85,15m sweep of hour high then reject,t
3931,LAB/USDT,2026-10-07 10:00:00+00,2026-10-07 10:06:25.942135+00,bull,0.05000795,0.05082512,0.05014,0.85,mixed 15m structure — EMA side only,t
3927,DELL/USDT,2026-10-07 10:00:00+00,2026-10-07 10:06:25.942135+00,bear,566.12510149,568.3619594,568.94,0.85,15m sweep of hour high then reject,t
3960,ANTHROPIC/USDT,2026-10-07 10:00:00+00,2026-10-07 10:06:25.942135+00,bear,2044.32661326,2049.8393547,2048.59,0.85,mixed 15m structure — EMA side only,t
3951,SOXS/USDT,2026-10-07 10:00:00+00,2026-10-07 10:06:25.942135+00,bull,30.58453911,30.77865222,30.6,0.85,15m sweep of hour low then reclaim,t
3942,USELESS/USDT,2026-10-07 10:00:00+00,2026-10-07 10:06:25.942135+00,bear,0.21155186,0.21376126,0.21342,0.85,15m sweep of hour high then reject,t
3933,ORCL/USDT,2026-10-07 10:00:00+00,2026-10-07 10:06:25.942135+00,bear,142.82248207,143.18300717,143.19,0.85,15m sweep of hour high then reject,t
3926,BTW/USDT,2026-10-07 10:00:00+00,2026-10-07 10:06:25.942135+00,bull,1.23492848,1.24917879,1.239,0.85,15m holding above hour open and EMA21,t
3945,LITE/USDT,2026-10-07 10:00:00+00,2026-10-07 10:06:25.942135+00,bear,1106.15355164,1110.02657934,1109.59,0.85,15m sweep of hour high then reject,t
3950,MAGMA/USDT,2026-10-07 10:00:00+00,2026-10-07 10:06:25.942135+00,bear,0.21673244,0.21936102,0.21863,0.85,15m sweep of hour high then reject,t
3952,META/USDT,2026-10-07 10:00:00+00,2026-10-07 10:06:25.942135+00,bear,739.90931576,740.7822737,740.76,0.85,15m sweep of hour high then reject,t
3954,1000SHIB/USDT,2026-10-07 10:00:00+00,2026-10-07 10:06:25.942135+00,bear,0.00546799,0.0054974,0.005495,0.85,15m sweep of hour high then reject,t
3953,QCOM/USDT,2026-10-07 10:00:00+00,2026-10-07 10:06:25.942135+00,bear,179.66624769,179.93750092,180,0.85,15m sweep of hour high then reject,t
3921,BMNR/USDT,2026-10-07 10:00:00+00,2026-10-07 10:06:25.942135+00,bear,25.09128644,25.20148542,25.19,0.85,15m sweep of hour high then reject,t
3944,CL/USDT,2026-10-07 10:00:00+00,2026-10-07 10:06:25.942135+00,bull,89.71239302,90.20901744,89.76,0.75,15m sweep of hour low then reclaim,t
3938,AXTI/USDT,2026-10-07 10:00:00+00,2026-10-07 10:06:25.942135+00,bear,81.06689128,81.49124349,81.43,0.85,15m sweep of hour high then reject,t
3946,MRVL/USDT,2026-10-07 10:00:00+00,2026-10-07 10:06:25.942135+00,bear,282.93488539,284.67804585,284.23,0.85,15m sweep of hour high then reject,t
3937,VVV/USDT,2026-10-07 10:00:00+00,2026-10-07 10:06:25.942135+00,bear,26.29566208,26.46833517,26.496,0.85,15m sweep of hour high then reject,t
3955,MSTR/USDT,2026-10-07 10:00:00+00,2026-10-07 10:06:25.942135+00,bear,158.89564544,159.53174182,159.36,0.85,15m sweep of hour high then reject,t
3925,SPCX/USDT,2026-10-07 10:00:00+00,2026-10-07 10:06:25.942135+00,bear,168.08153045,168.55538782,168.55,0.85,15m sweep of hour high then reject,t
3935,ZHIPU/USDT,2026-10-07 10:00:00+00,2026-10-07 10:06:25.942135+00,bull,88.50763376,89.0409156,88.66,0.85,15m holding above hour open and EMA21,t
3930,INTC/USDT,2026-10-07 10:00:00+00,2026-10-07 10:06:25.942135+00,bear,113.76761179,114.42895528,114.41,0.85,15m sweep of hour high then reject,t
3922,BE/USDT,2026-10-07 10:00:00+00,2026-10-07 10:06:25.942135+00,bear,288.65678269,289.83728692,289.62,0.85,15m sweep of hour high then reject,t
3923,CBRS/USDT,2026-10-07 10:00:00+00,2026-10-07 10:06:25.942135+00,bear,173.68148277,174.30940689,174.24,0.85,15m sweep of hour high then reject,t
3929,SOXL/USDT,2026-10-07 10:00:00+00,2026-10-07 10:06:25.942135+00,bear,158.12111588,159.19755365,159.1,0.85,15m sweep of hour high then reject,t
3997,IREN/USDT,2026-10-07 10:00:00+00,2026-10-07 10:15:34.784098+00,bear,40.40531217,40.52387513,40.53,0.85,15m sweep of hour high then reject,t
3962,BE/USDT,2026-10-07 10:00:00+00,2026-10-07 10:15:34.784098+00,bear,288.83358185,289.76656726,289.62,0.85,15m sweep of hour high then reject,t
3967,DELL/USDT,2026-10-07 10:00:00+00,2026-10-07 10:15:34.784098+00,bear,566.36103091,569.70758763,569.26,0.85,mixed 15m structure — EMA side only,t
3972,CRWV/USDT,2026-10-07 10:00:00+00,2026-10-07 10:15:34.784098+00,bear,89.83880863,90.07847655,90.13,0.85,15m sweep of hour high then reject,t
3977,VVV/USDT,2026-10-07 10:00:00+00,2026-10-07 10:15:34.784098+00,bear,26.31965995,26.46273602,26.496,0.85,15m sweep of hour high then reject,t
3982,USELESS/USDT,2026-10-07 10:00:00+00,2026-10-07 10:15:34.784098+00,bull,0.21259445,0.21446888,0.2126,0.85,15m sweep of hour low then reclaim,t
3987,PLTR/USDT,2026-10-07 10:00:00+00,2026-10-07 10:15:34.784098+00,bear,191.82346465,192.08461414,192.26,0.85,15m sweep of hour high then reject,t
3961,BMNR/USDT,2026-10-07 10:00:00+00,2026-10-07 10:15:34.784098+00,bear,25.1090907,25.19436372,25.19,0.85,15m sweep of hour high then reject,t
3966,BTW/USDT,2026-10-07 10:00:00+00,2026-10-07 10:15:34.784098+00,bull,1.23569342,1.24726645,1.239,0.85,15m holding above hour open and EMA21,t
3971,LAB/USDT,2026-10-07 10:00:00+00,2026-10-07 10:15:34.784098+00,bull,0.05015585,0.05073037,0.05014,0.85,15m sweep of hour low then reclaim,t
3976,DRAM/USDT,2026-10-07 10:00:00+00,2026-10-07 10:15:34.784098+00,bear,58.80980481,58.93607808,58.92,0.85,15m sweep of hour high then reject,t
3981,NBIS/USDT,2026-10-07 10:00:00+00,2026-10-07 10:15:34.784098+00,bear,244.56051801,245.2177928,245.09,0.85,15m sweep of hour high then reject,t
3986,MRVL/USDT,2026-10-07 10:00:00+00,2026-10-07 10:15:34.784098+00,bear,283.1956256,284.57374976,284.23,0.85,15m sweep of hour high then reject,t
3963,CBRS/USDT,2026-10-07 10:00:00+00,2026-10-07 10:15:34.784098+00,bear,173.7731831,174.27272676,174.24,0.85,15m sweep of hour high then reject,t
3968,MINIMAX/USDT,2026-10-07 10:00:00+00,2026-10-07 10:15:34.784098+00,bear,30.31927054,30.46629178,30.43,0.85,mixed 15m structure — EMA side only,t
3973,ORCL/USDT,2026-10-07 10:00:00+00,2026-10-07 10:15:34.784098+00,bear,142.87585518,143.16165793,143.19,0.85,15m sweep of hour high then reject,t
3978,AXTI/USDT,2026-10-07 10:00:00+00,2026-10-07 10:15:34.784098+00,bear,81.12918373,81.47632651,81.43,0.85,mixed 15m structure — EMA side only,t
3983,SNXX/USDT,2026-10-07 10:00:00+00,2026-10-07 10:15:34.784098+00,bear,14.53098878,14.59960449,14.6,0.85,15m sweep of hour high then reject,t
3988,NVDA/USDT,2026-10-07 10:00:00+00,2026-10-07 10:15:34.784098+00,bear,238.97958724,239.28816511,239.38,0.85,15m sweep of hour high then reject,t
3993,QCOM/USDT,2026-10-07 10:00:00+00,2026-10-07 10:15:34.784098+00,bear,179.70450119,179.92219952,180,0.85,15m sweep of hour high then reject,t
3965,SPCX/USDT,2026-10-07 10:00:00+00,2026-10-07 10:15:34.784098+00,bear,168.15599975,168.5256001,168.55,0.85,15m sweep of hour high then reject,t
3970,INTC/USDT,2026-10-07 10:00:00+00,2026-10-07 10:15:34.784098+00,bear,113.87028294,114.38788683,114.41,0.85,15m sweep of hour high then reject,t
3975,ZHIPU/USDT,2026-10-07 10:00:00+00,2026-10-07 10:15:34.784098+00,bull,88.54014755,88.95963112,88.66,0.85,15m holding above hour open and EMA21,t
3980,QQQ/USDT,2026-10-07 10:00:00+00,2026-10-07 10:15:34.784098+00,bear,756.7615872,757.20736512,757.24,0.85,15m sweep of hour high then reject,t
3985,LITE/USDT,2026-10-07 10:00:00+00,2026-10-07 10:15:34.784098+00,bear,1106.74308163,1109.79076735,1109.59,0.85,15m sweep of hour high then reject,t
3990,MAGMA/USDT,2026-10-07 10:00:00+00,2026-10-07 10:15:34.784098+00,bear,0.21704988,0.21923405,0.21863,0.85,15m sweep of hour high then reject,t
3995,MSTR/USDT,2026-10-07 10:00:00+00,2026-10-07 10:15:34.784098+00,bear,158.97195183,159.57121927,159.46,0.85,mixed 15m structure — EMA side only,t
4000,ANTHROPIC/USDT,2026-10-07 10:00:00+00,2026-10-07 10:15:34.784098+00,bear,2044.94046859,2048.81381256,2048.59,0.85,15m sweep of hour high then reject,t
3964,ARM/USDT,2026-10-07 10:00:00+00,2026-10-07 10:15:34.784098+00,bear,296.32823556,297.18470577,297.12,0.85,15m sweep of hour high then reject,t
3969,SOXL/USDT,2026-10-07 10:00:00+00,2026-10-07 10:15:34.784098+00,bear,158.27831586,159.13467366,159.1,0.85,15m sweep of hour high then reject,t
3974,SKHY/USDT,2026-10-07 10:00:00+00,2026-10-07 10:15:34.784098+00,bear,181.00798644,181.48680542,181.35,0.85,15m holding below hour open and EMA21,t
3979,TSM/USDT,2026-10-07 10:00:00+00,2026-10-07 10:15:34.784098+00,bear,475.0139572,476.01641712,475.78,0.85,15m holding below hour open and EMA21,t
3984,CL/USDT,2026-10-07 10:00:00+00,2026-10-07 10:15:34.784098+00,bull,89.85116127,90.16209683,89.76,0.85,15m sweep of hour low then reclaim,t
3989,CRCL/USDT,2026-10-07 10:00:00+00,2026-10-07 10:15:34.784098+00,bear,82.16546839,82.42581265,82.37,0.85,mixed 15m structure — EMA side only,t
3994,1000SHIB/USDT,2026-10-07 10:00:00+00,2026-10-07 10:15:34.784098+00,bear,0.0054724,0.00549564,0.005495,0.85,15m sweep of hour high then reject,t
3999,BZ/USDT,2026-10-07 10:00:00+00,2026-10-07 10:15:34.784098+00,bull,101.47877535,101.79806163,101.43,0.85,15m sweep of hour low then reclaim,t
3991,SOXS/USDT,2026-10-07 10:00:00+00,2026-10-07 10:15:34.784098+00,bull,30.59569098,30.75077255,30.6,0.85,15m sweep of hour low then reclaim,t
3996,AKE/USDT,2026-10-07 10:00:00+00,2026-10-07 10:15:34.784098+00,bear,0.0280228,0.02826808,0.028305,0.85,15m sweep of hour high then reject,t
3998,1000BONK/USDT,2026-10-07 10:00:00+00,2026-10-07 10:15:34.784098+00,bear,0.00345917,0.00347993,0.003481,0.85,15m sweep of hour high then reject,t
3992,META/USDT,2026-10-07 10:00:00+00,2026-10-07 10:15:34.784098+00,bear,740.01751219,740.65899512,740.76,0.85,15m sweep of hour high then reject,t
4008,CBRS/USDT,2026-10-07 10:00:00+00,2026-10-07 10:30:49.115725+00,bear,173.89286334,174.43485466,174.34,0.85,mixed 15m structure — EMA side only,t
4022,ORCL/USDT,2026-10-07 10:00:00+00,2026-10-07 10:30:49.115725+00,bear,142.95176749,143.131293,143.19,0.85,15m sweep of hour high then reject,t
4036,AVGO/USDT,2026-10-07 10:00:00+00,2026-10-07 10:30:49.115725+00,bear,372.63206359,373.30117456,373.47,0.85,15m sweep of hour high then reject,t
4031,BZ/USDT,2026-10-07 10:00:00+00,2026-10-07 10:30:49.115725+00,bull,101.51241331,101.71396672,101.43,0.85,15m sweep of hour low then reclaim,t
4026,GLW/USDT,2026-10-07 10:00:00+00,2026-10-07 10:30:49.115725+00,bear,165.44790557,165.99683777,166.05,0.85,15m sweep of hour high then reject,t
4039,QQQ/USDT,2026-10-07 10:00:00+00,2026-10-07 10:30:49.115725+00,bear,756.87174445,757.16330222,757.24,0.85,15m sweep of hour high then reject,t
4021,MINIMAX/USDT,2026-10-07 10:00:00+00,2026-10-07 10:30:49.115725+00,bear,30.35290557,30.43283777,30.43,0.85,mixed 15m structure — EMA side only,t
4017,USELESS/USDT,2026-10-07 10:00:00+00,2026-10-07 10:30:49.115725+00,bull,0.21278788,0.21398529,0.2126,0.85,15m sweep of hour low then reclaim,t
4003,SOXL/USDT,2026-10-07 10:00:00+00,2026-10-07 10:30:49.115725+00,bear,158.50158839,159.04536464,159.1,0.85,15m sweep of hour high then reject,t
4004,BE/USDT,2026-10-07 10:00:00+00,2026-10-07 10:30:49.115725+00,bear,289.04891971,289.78043211,289.65,0.85,mixed 15m structure — EMA side only,t
4005,SPCX/USDT,2026-10-07 10:00:00+00,2026-10-07 10:30:49.115725+00,bear,168.2426427,168.69094292,168.62,0.85,mixed 15m structure — EMA side only,t
4034,AKE/USDT,2026-10-07 10:00:00+00,2026-10-07 10:30:49.115725+00,bear,0.02807844,0.02824582,0.028305,0.85,15m sweep of hour high then reject,t
4029,META/USDT,2026-10-07 10:00:00+00,2026-10-07 10:30:49.115725+00,bear,740.1631385,740.5507446,740.76,0.85,15m sweep of hour high then reject,t
4027,XAG/USDT,2026-10-07 10:00:00+00,2026-10-07 10:30:49.115725+00,bear,60.21812394,60.33275042,60.33,0.85,15m sweep of hour high then reject,t
4009,AMD/USDT,2026-10-07 10:00:00+00,2026-10-07 10:30:49.115725+00,bear,641.7056181,643.04175276,642.93,0.85,15m sweep of hour high then reject,t
4010,AXTI/USDT,2026-10-07 10:00:00+00,2026-10-07 10:30:49.115725+00,bear,81.21210183,81.63315927,81.57,0.85,mixed 15m structure — EMA side only,t
4001,BMNR/USDT,2026-10-07 10:00:00+00,2026-10-07 10:30:49.115725+00,bear,25.13182996,25.18526802,25.19,0.85,15m sweep of hour high then reject,t
4002,TSM/USDT,2026-10-07 10:00:00+00,2026-10-07 10:30:49.115725+00,bear,475.19898541,477.70240584,477.49,0.85,mixed 15m structure — EMA side only,t
4006,ARM/USDT,2026-10-07 10:00:00+00,2026-10-07 10:30:49.115725+00,bear,296.54550297,297.09779881,297.12,0.85,15m sweep of hour high then reject,t
4007,DELL/USDT,2026-10-07 10:00:00+00,2026-10-07 10:30:49.115725+00,bear,566.80916199,568.8883352,569.26,0.85,15m sweep of hour high then reject,t
4024,PLTR/USDT,2026-10-07 10:00:00+00,2026-10-07 10:30:49.115725+00,bull,191.96139601,192.13150998,191.98,0.85,15m sweep of hour low then reclaim,t
4019,SNXX/USDT,2026-10-07 10:00:00+00,2026-10-07 10:30:49.115725+00,bear,14.54640972,14.65343611,14.65,0.85,mixed 15m structure — EMA side only,t
4011,BTW/USDT,2026-10-07 10:00:00+00,2026-10-07 10:30:49.115725+00,bull,1.23510978,1.24472554,1.2368,0.85,mixed 15m structure — EMA side only,t
4012,LAB/USDT,2026-10-07 10:00:00+00,2026-10-07 10:30:49.115725+00,bull,0.05021207,0.05058982,0.05014,0.85,15m sweep of hour low then reclaim,t
4016,ZHIPU/USDT,2026-10-07 10:00:00+00,2026-10-07 10:30:49.115725+00,bull,88.58469134,88.84827164,88.66,0.85,15m holding above hour open and EMA21,t
4013,CRWV/USDT,2026-10-07 10:00:00+00,2026-10-07 10:30:49.115725+00,bear,89.90123867,90.09350453,90.13,0.85,15m sweep of hour high then reject,t
4014,MSTR/USDT,2026-10-07 10:00:00+00,2026-10-07 10:30:49.115725+00,bear,159.09414875,159.9723405,159.89,0.85,mixed 15m structure — EMA side only,t
4015,SKHY/USDT,2026-10-07 10:00:00+00,2026-10-07 10:30:49.115725+00,bear,181.13456303,181.43617479,181.35,0.85,15m holding below hour open and EMA21,t
4018,VVV/USDT,2026-10-07 10:00:00+00,2026-10-07 10:30:49.115725+00,bear,26.35123592,26.56610563,26.558,0.85,mixed 15m structure — EMA side only,t
4023,DRAM/USDT,2026-10-07 10:00:00+00,2026-10-07 10:30:49.115725+00,bear,58.84091488,58.94363405,58.92,0.85,mixed 15m structure — EMA side only,t
4038,MVLL/USDT,2026-10-07 10:00:00+00,2026-10-07 10:30:49.115725+00,bear,40.82168473,41.16932611,41.1,0.85,15m sweep of hour high then reject,t
4028,MAGMA/USDT,2026-10-07 10:00:00+00,2026-10-07 10:30:49.115725+00,bear,0.21762889,0.21900244,0.21863,0.85,15m sweep of hour high then reject,t
4033,AAPL/USDT,2026-10-07 10:00:00+00,2026-10-07 10:30:49.115725+00,bull,334.86603521,335.24491197,334.91,0.85,mixed 15m structure — EMA side only,t
4035,SOXS/USDT,2026-10-07 10:00:00+00,2026-10-07 10:30:49.115725+00,bull,30.61164203,30.71089491,30.6,0.85,15m sweep of hour low then reclaim,t
4030,IREN/USDT,2026-10-07 10:00:00+00,2026-10-07 10:30:49.115725+00,bear,40.43478849,40.55208461,40.53,0.85,mixed 15m structure — EMA side only,t
4025,RKLB/USDT,2026-10-07 10:00:00+00,2026-10-07 10:30:49.115725+00,bear,73.66247388,73.88701045,73.91,0.85,15m sweep of hour high then reject,t
4020,COHR/USDT,2026-10-07 10:00:00+00,2026-10-07 10:30:49.115725+00,bear,329.50855985,330.88457606,330.79,0.85,mixed 15m structure — EMA side only,t
4040,SOON/USDT,2026-10-07 10:00:00+00,2026-10-07 10:30:49.115725+00,bull,0.32876808,0.33097981,0.3283,0.85,15m sweep of hour low then reclaim,t
4037,ANTHROPIC/USDT,2026-10-07 10:00:00+00,2026-10-07 10:30:49.115725+00,bear,2045.84123056,2049.64350778,2049,0.85,mixed 15m structure — EMA side only,t
4032,MRVL/USDT,2026-10-07 10:00:00+00,2026-10-07 10:30:49.115725+00,bear,283.5436968,284.43452128,284.23,0.85,15m sweep of hour high then reject,t
4053,CRWV/USDT,2026-10-07 10:00:00+00,2026-10-07 10:45:48.790755+00,bear,89.95393224,90.0324271,90.13,0.85,15m sweep of hour high then reject,t
4067,XAG/USDT,2026-10-07 10:00:00+00,2026-10-07 10:45:48.790755+00,bear,60.25943254,60.31622698,60.33,0.85,15m sweep of hour high then reject,t
4062,ORCL/USDT,2026-10-07 10:00:00+00,2026-10-07 10:45:48.790755+00,bear,143.01860633,143.10455747,143.19,0.85,15m sweep of hour high then reject,t
4057,USELESS/USDT,2026-10-07 10:00:00+00,2026-10-07 10:45:48.790755+00,bear,0.21268276,0.2133089,0.21487,0.85,15m sweep of hour high then reject,t
4052,LAB/USDT,2026-10-07 10:00:00+00,2026-10-07 10:45:48.790755+00,bull,0.05016553,0.05045619,0.05014,0.85,mixed 15m structure — EMA side only,t
4047,DELL/USDT,2026-10-07 10:00:00+00,2026-10-07 10:45:48.790755+00,bear,567.2015395,567.8013842,569.26,0.85,15m sweep of hour high then reject,t
4042,TSM/USDT,2026-10-07 10:00:00+00,2026-10-07 10:45:48.790755+00,bear,475.45281465,476.28087414,477.49,0.85,15m sweep of hour high then reject,t
4072,MRVL/USDT,2026-10-07 10:00:00+00,2026-10-07 10:45:48.790755+00,bear,283.8574128,284.30903488,284.23,0.85,15m sweep of hour high then reject,t
4060,COHR/USDT,2026-10-07 10:00:00+00,2026-10-07 10:45:48.790755+00,bear,329.78379565,330.18448174,330.79,0.85,15m sweep of hour high then reject,t
4055,SKHY/USDT,2026-10-07 10:00:00+00,2026-10-07 10:45:48.790755+00,bear,181.23697569,181.39520972,181.35,0.85,15m holding below hour open and EMA21,t
4050,AXTI/USDT,2026-10-07 10:00:00+00,2026-10-07 10:45:48.790755+00,bear,81.28972585,81.40210966,81.57,0.85,15m sweep of hour high then reject,t
4049,AMD/USDT,2026-10-07 10:00:00+00,2026-10-07 10:45:48.790755+00,bear,642.15537626,642.86184949,642.93,0.85,15m sweep of hour high then reject,t
4056,ZHIPU/USDT,2026-10-07 10:00:00+00,2026-10-07 10:45:48.790755+00,bull,88.62447812,88.74880469,88.66,0.85,15m holding above hour open and EMA21,t
4051,BTW/USDT,2026-10-07 10:00:00+00,2026-10-07 10:45:48.790755+00,bull,1.23459397,1.24176507,1.2328,0.85,15m sweep of hour low then reclaim,t
4076,AVGO/USDT,2026-10-07 10:00:00+00,2026-10-07 10:45:48.790755+00,bear,372.86674381,373.20730248,373.47,0.85,15m sweep of hour high then reject,t
4048,CBRS/USDT,2026-10-07 10:00:00+00,2026-10-07 10:45:48.790755+00,bear,174.00597227,174.17961109,174.34,0.85,15m sweep of hour high then reject,t
4044,BE/USDT,2026-10-07 10:00:00+00,2026-10-07 10:45:48.790755+00,bear,289.25598058,289.59760777,289.65,0.85,15m sweep of hour high then reject,t
4078,MVLL/USDT,2026-10-07 10:00:00+00,2026-10-07 10:45:48.790755+00,bear,40.94705005,41.11917998,41.1,0.85,15m sweep of hour high then reject,t
4079,QQQ/USDT,2026-10-07 10:00:00+00,2026-10-07 10:45:48.790755+00,bear,756.96241707,757.12703317,757.24,0.85,15m sweep of hour high then reject,t
4080,SOON/USDT,2026-10-07 10:00:00+00,2026-10-07 10:45:48.790755+00,bear,0.32860152,0.32971939,0.3323,0.85,15m sweep of hour high then reject,t
4075,SOXS/USDT,2026-10-07 10:00:00+00,2026-10-07 10:45:48.790755+00,bull,30.62460523,30.67848692,30.6,0.85,15m sweep of hour low then reclaim,t
4070,IREN/USDT,2026-10-07 10:00:00+00,2026-10-07 10:45:48.790755+00,bear,40.46134823,40.50146071,40.53,0.85,15m sweep of hour high then reject,t
4065,RKLB/USDT,2026-10-07 10:00:00+00,2026-10-07 10:45:48.790755+00,bear,73.71986287,73.80405485,73.91,0.85,15m sweep of hour high then reject,t
4071,BZ/USDT,2026-10-07 10:00:00+00,2026-10-07 10:45:48.790755+00,bull,101.54224189,101.63939526,101.43,0.85,15m sweep of hour low then reclaim,t
4066,GLW/USDT,2026-10-07 10:00:00+00,2026-10-07 10:45:48.790755+00,bear,165.58813473,165.80074611,166.05,0.85,15m sweep of hour high then reject,t
4061,MINIMAX/USDT,2026-10-07 10:00:00+00,2026-10-07 10:45:48.790755+00,bear,30.38233116,30.42106754,30.43,0.85,15m sweep of hour high then reject,t
4073,AAPL/USDT,2026-10-07 10:00:00+00,2026-10-07 10:45:48.790755+00,bull,335.08225206,335.17936984,334.91,0.85,15m sweep of hour low then reclaim,t
4068,MAGMA/USDT,2026-10-07 10:00:00+00,2026-10-07 10:45:48.790755+00,bear,0.21814682,0.21879527,0.21863,0.85,15m sweep of hour high then reject,t
4043,SOXL/USDT,2026-10-07 10:00:00+00,2026-10-07 10:45:48.790755+00,bear,158.67855889,158.97457644,159.1,0.85,15m sweep of hour high then reject,t
4041,BMNR/USDT,2026-10-07 10:00:00+00,2026-10-07 10:45:48.790755+00,bear,25.14879605,25.17848158,25.19,0.85,15m sweep of hour high then reject,t
4063,DRAM/USDT,2026-10-07 10:00:00+00,2026-10-07 10:45:48.790755+00,bear,58.86722834,58.91310866,58.92,0.85,15m sweep of hour high then reject,t
4058,VVV/USDT,2026-10-07 10:00:00+00,2026-10-07 10:45:48.790755+00,bear,26.38568096,26.48632761,26.558,0.85,15m sweep of hour high then reject,t
4077,ANTHROPIC/USDT,2026-10-07 10:00:00+00,2026-10-07 10:45:48.790755+00,bear,2046.65107133,2051.55957147,2051.24,0.85,mixed 15m structure — EMA side only,t
4074,AKE/USDT,2026-10-07 10:00:00+00,2026-10-07 10:45:48.790755+00,bear,0.02813272,0.02822411,0.028305,0.85,15m sweep of hour high then reject,t
4069,META/USDT,2026-10-07 10:00:00+00,2026-10-07 10:45:48.790755+00,bear,740.27152859,740.50738856,740.76,0.85,15m sweep of hour high then reject,t
4064,PLTR/USDT,2026-10-07 10:00:00+00,2026-10-07 10:45:48.790755+00,bear,191.95033465,192.03386614,192.26,0.85,15m sweep of hour high then reject,t
4059,SNXX/USDT,2026-10-07 10:00:00+00,2026-10-07 10:45:48.790755+00,bear,14.56254737,14.58698105,14.65,0.85,15m sweep of hour high then reject,t
4046,ARM/USDT,2026-10-07 10:00:00+00,2026-10-07 10:45:48.790755+00,bear,296.73641209,297.02143516,297.12,0.85,15m sweep of hour high then reject,t
4054,MSTR/USDT,2026-10-07 10:00:00+00,2026-10-07 10:45:48.790755+00,bear,159.20985478,159.40605809,159.89,0.85,15m sweep of hour high then reject,t
4045,SPCX/USDT,2026-10-07 10:00:00+00,2026-10-07 10:45:48.790755+00,bear,168.32720911,168.45711636,168.62,0.85,15m sweep of hour high then reject,t
4097,USELESS/USDT,2026-10-07 11:00:00+00,2026-10-07 11:00:50.751567+00,bear,0.21148167,0.21385933,0.21324,0.85,15m sweep of hour high then reject,t
4081,BMNR/USDT,2026-10-07 11:00:00+00,2026-10-07 11:00:50.751567+00,bear,25.05824248,25.18670301,25.17,0.85,15m sweep of hour high then reject,t
4082,TSM/USDT,2026-10-07 11:00:00+00,2026-10-07 11:00:50.751567+00,bear,475.20824015,476.73670394,476.42,0.85,15m sweep of hour high then reject,t
4083,SOXL/USDT,2026-10-07 11:00:00+00,2026-10-07 11:00:50.751567+00,bear,156.33929018,157.61428393,157.39,0.85,15m sweep of hour high then reject,t
4084,BE/USDT,2026-10-07 11:00:00+00,2026-10-07 11:00:50.751567+00,bear,286.35971359,287.83011456,287.52,0.85,15m sweep of hour high then reject,t
4085,SPCX/USDT,2026-10-07 11:00:00+00,2026-10-07 11:00:50.751567+00,bear,167.90820527,168.44271789,168.42,0.85,15m sweep of hour high then reject,t
4089,AMD/USDT,2026-10-07 11:00:00+00,2026-10-07 11:00:50.751567+00,bear,636.71182612,639.59326955,639.63,0.85,15m sweep of hour high then reject,t
4090,AXTI/USDT,2026-10-07 11:00:00+00,2026-10-07 11:00:50.751567+00,bear,80.77962459,81.28415017,81.16,0.85,15m sweep of hour high then reject,t
4094,MSTR/USDT,2026-10-07 11:00:00+00,2026-10-07 11:00:50.751567+00,bear,158.80581774,159.5956729,159.49,0.85,15m sweep of hour high then reject,t
4095,SKHY/USDT,2026-10-07 11:00:00+00,2026-10-07 11:00:50.751567+00,bear,180.28355258,180.95057897,180.87,0.85,15m sweep of hour high then reject,t
4099,SNXX/USDT,2026-10-07 11:00:00+00,2026-10-07 11:00:50.751567+00,bear,14.55589024,14.65964391,14.64,0.85,15m sweep of hour high then reject,t
4100,COHR/USDT,2026-10-07 11:00:00+00,2026-10-07 11:00:50.751567+00,bear,328.55202669,330.18718933,330.3,0.85,15m sweep of hour high then reject,t
4104,PLTR/USDT,2026-10-07 11:00:00+00,2026-10-07 11:00:50.751567+00,bear,191.50238585,191.84904566,191.78,0.85,15m sweep of hour high then reject,t
4086,ARM/USDT,2026-10-07 11:00:00+00,2026-10-07 11:00:50.751567+00,bear,295.08331634,296.29667346,296.03,0.85,15m sweep of hour high then reject,t
4091,BTW/USDT,2026-10-07 11:00:00+00,2026-10-07 11:00:50.751567+00,bull,1.23112875,1.24572812,1.2352,0.85,15m holding above hour open and EMA21,t
4096,ZHIPU/USDT,2026-10-07 11:00:00+00,2026-10-07 11:00:50.751567+00,bull,88.50360446,89.05098885,88.6,0.75,mixed 15m structure — EMA side only,t
4101,MINIMAX/USDT,2026-10-07 11:00:00+00,2026-10-07 11:00:50.751567+00,bear,30.28537287,30.43185085,30.39,0.85,15m holding below hour open and EMA21,t
4106,GLW/USDT,2026-10-07 11:00:00+00,2026-10-07 11:00:50.751567+00,bear,164.56278613,165.44088555,165.26,0.85,15m sweep of hour high then reject,t
4111,BZ/USDT,2026-10-07 11:00:00+00,2026-10-07 11:00:50.751567+00,bull,101.50244132,101.8788967,101.58,0.85,15m holding above hour open and EMA21,t
4116,AVGO/USDT,2026-10-07 11:00:00+00,2026-10-07 11:00:50.751567+00,bear,371.34033416,372.71186634,372.32,0.85,15m holding below hour open and EMA21,t
4087,DELL/USDT,2026-10-07 11:00:00+00,2026-10-07 11:00:50.751567+00,bear,564.67343242,567.06262703,566.81,0.85,15m sweep of hour high then reject,t
4092,LAB/USDT,2026-10-07 11:00:00+00,2026-10-07 11:00:50.751567+00,bull,0.05023801,0.05097997,0.0504,0.85,15m holding above hour open and EMA21,t
4102,ORCL/USDT,2026-10-07 11:00:00+00,2026-10-07 11:00:50.751567+00,bear,142.49460924,142.8801563,142.8,0.85,15m sweep of hour high then reject,t
4107,XAG/USDT,2026-10-07 11:00:00+00,2026-10-07 11:00:50.751567+00,bear,59.99282088,60.21287165,60.16,0.85,15m sweep of hour high then reject,t
4112,MRVL/USDT,2026-10-07 11:00:00+00,2026-10-07 11:00:50.751567+00,bear,280.96110468,282.80755813,282.53,0.85,15m sweep of hour high then reject,t
4117,ANTHROPIC/USDT,2026-10-07 11:00:00+00,2026-10-07 11:00:50.751567+00,bear,2046.98297922,2052.21080831,2050.98,0.85,mixed 15m structure — EMA side only,t
4088,CBRS/USDT,2026-10-07 11:00:00+00,2026-10-07 11:00:50.751567+00,bear,173.37661128,174.08135549,173.95,0.85,15m sweep of hour high then reject,t
4093,CRWV/USDT,2026-10-07 11:00:00+00,2026-10-07 11:00:50.751567+00,bear,89.5831769,89.90072924,89.81,0.85,15m holding below hour open and EMA21,t
4098,VVV/USDT,2026-10-07 11:00:00+00,2026-10-07 11:00:50.751567+00,bear,26.25088643,26.44484543,26.413,0.85,mixed 15m structure — EMA side only,t
4103,DRAM/USDT,2026-10-07 11:00:00+00,2026-10-07 11:00:50.751567+00,bear,58.61249097,58.80500361,58.77,0.85,15m sweep of hour high then reject,t
4108,MAGMA/USDT,2026-10-07 11:00:00+00,2026-10-07 11:00:50.751567+00,bull,0.21653391,0.21914523,0.21728,0.85,15m holding above hour open and EMA21,t
4113,AAPL/USDT,2026-10-07 11:00:00+00,2026-10-07 11:00:50.751567+00,bull,335.23502195,335.67244513,335.33,0.85,15m sweep of hour low then reclaim,t
4118,MVLL/USDT,2026-10-07 11:00:00+00,2026-10-07 11:00:50.751567+00,bear,40.06175734,40.74529706,40.61,0.85,15m sweep of hour high then reject,t
4105,RKLB/USDT,2026-10-07 11:00:00+00,2026-10-07 11:00:50.751567+00,bear,73.34270496,73.67491801,73.58,0.85,15m holding below hour open and EMA21,t
4110,IREN/USDT,2026-10-07 11:00:00+00,2026-10-07 11:00:50.751567+00,bear,40.30336484,40.46665406,40.42,0.85,15m holding below hour open and EMA21,t
4115,SOXS/USDT,2026-10-07 11:00:00+00,2026-10-07 11:00:50.751567+00,bull,30.87316228,31.10709429,30.91,0.85,15m sweep of hour low then reclaim,t
4120,SOON/USDT,2026-10-07 11:00:00+00,2026-10-07 11:00:50.751567+00,bear,0.32392278,0.32873089,0.3275,0.8,mixed 15m structure — EMA side only,t
4109,META/USDT,2026-10-07 11:00:00+00,2026-10-07 11:00:50.751567+00,bear,738.47110619,739.43555752,739.25,0.85,15m sweep of hour high then reject,t
4114,AKE/USDT,2026-10-07 11:00:00+00,2026-10-07 11:00:50.751567+00,bear,0.02736645,0.02778642,0.027687,0.85,mixed 15m structure — EMA side only,t
4119,QQQ/USDT,2026-10-07 11:00:00+00,2026-10-07 11:00:50.751567+00,bear,755.31733482,756.02106607,755.83,0.85,15m sweep of hour high then reject,t
4148,MAGMA/USDT,2026-10-07 11:00:00+00,2026-10-07 11:34:02.338131+00,bull,0.21697195,0.21805013,0.21723,0.85,15m sweep of hour low then reclaim,t
4153,AAPL/USDT,2026-10-07 11:00:00+00,2026-10-07 11:34:02.338131+00,bull,335.30074898,335.50812754,335.33,0.85,15m sweep of hour low then reclaim,t
4158,MVLL/USDT,2026-10-07 11:00:00+00,2026-10-07 11:34:02.338131+00,bear,40.32931835,40.63827266,40.61,0.85,15m sweep of hour high then reject,t
4129,AMD/USDT,2026-10-07 11:00:00+00,2026-10-07 11:34:02.338131+00,bear,637.86236479,639.13305408,639.63,0.85,15m sweep of hour high then reject,t
4134,MSTR/USDT,2026-10-07 11:00:00+00,2026-10-07 11:34:02.338131+00,bear,159.10967765,159.47412894,159.7,0.85,15m sweep of hour high then reject,t
4139,SNXX/USDT,2026-10-07 11:00:00+00,2026-10-07 11:34:02.338131+00,bear,14.59305491,14.64477804,14.64,0.85,15m sweep of hour high then reject,t
4144,PLTR/USDT,2026-10-07 11:00:00+00,2026-10-07 11:34:02.338131+00,bear,191.59083005,191.81366798,192.49,0.85,15m sweep of hour high then reject,t
4121,BMNR/USDT,2026-10-07 11:00:00+00,2026-10-07 11:34:02.338131+00,bear,25.10657597,25.16736961,25.17,0.85,15m sweep of hour high then reject,t
4122,TSM/USDT,2026-10-07 11:00:00+00,2026-10-07 11:34:02.338131+00,bear,475.8021433,476.49914268,476.42,0.85,15m sweep of hour high then reject,t
4123,SOXL/USDT,2026-10-07 11:00:00+00,2026-10-07 11:34:02.338131+00,bear,156.82700485,157.41919806,157.39,0.85,15m sweep of hour high then reject,t
4124,BE/USDT,2026-10-07 11:00:00+00,2026-10-07 11:34:02.338131+00,bear,286.91858584,287.60656566,287.52,0.85,15m sweep of hour high then reject,t
4149,META/USDT,2026-10-07 11:00:00+00,2026-10-07 11:34:02.338131+00,bear,738.76291842,739.31883263,739.25,0.85,15m sweep of hour high then reject,t
4154,AKE/USDT,2026-10-07 11:00:00+00,2026-10-07 11:34:02.338131+00,bear,0.02751878,0.02772649,0.027882,0.85,15m sweep of hour high then reject,t
4159,QQQ/USDT,2026-10-07 11:00:00+00,2026-10-07 11:34:02.338131+00,bear,755.57984619,755.91606152,755.83,0.85,15m sweep of hour high then reject,t
4125,SPCX/USDT,2026-10-07 11:00:00+00,2026-10-07 11:34:02.338131+00,bear,168.11222432,168.36111027,168.42,0.85,15m sweep of hour high then reject,t
4126,ARM/USDT,2026-10-07 11:00:00+00,2026-10-07 11:34:02.338131+00,bear,295.53158452,296.11736619,296.03,0.85,15m sweep of hour high then reject,t
4127,DELL/USDT,2026-10-07 11:00:00+00,2026-10-07 11:34:02.338131+00,bear,565.63739507,566.67704197,566.81,0.85,15m sweep of hour high then reject,t
4132,LAB/USDT,2026-10-07 11:00:00+00,2026-10-07 11:34:02.338131+00,bull,0.04994613,0.05068466,0.05,0.85,mixed 15m structure — EMA side only,t
4130,AXTI/USDT,2026-10-07 11:00:00+00,2026-10-07 11:34:02.338131+00,bear,80.96893405,81.20842638,81.16,0.85,15m sweep of hour high then reject,t
4135,SKHY/USDT,2026-10-07 11:00:00+00,2026-10-07 11:34:02.338131+00,bear,180.5376898,180.84892408,180.87,0.85,15m sweep of hour high then reject,t
4140,COHR/USDT,2026-10-07 11:00:00+00,2026-10-07 11:34:02.338131+00,bear,329.18541813,329.93383275,330.3,0.85,15m sweep of hour high then reject,t
4145,RKLB/USDT,2026-10-07 11:00:00+00,2026-10-07 11:34:02.338131+00,bear,73.47328755,73.62268498,73.63,0.85,15m sweep of hour high then reject,t
4150,IREN/USDT,2026-10-07 11:00:00+00,2026-10-07 11:34:02.338131+00,bear,40.36038275,40.4438469,40.46,0.85,15m sweep of hour high then reject,t
4137,USELESS/USDT,2026-10-07 11:00:00+00,2026-10-07 11:34:02.338131+00,bear,0.2124044,0.21349024,0.21324,0.85,15m sweep of hour high then reject,t
4155,SOXS/USDT,2026-10-07 11:00:00+00,2026-10-07 11:34:02.338131+00,bull,30.90901407,31.01746482,30.91,0.85,15m sweep of hour low then reclaim,t
4142,ORCL/USDT,2026-10-07 11:00:00+00,2026-10-07 11:34:02.338131+00,bear,142.63172236,142.82531105,142.8,0.85,15m sweep of hour high then reject,t
4147,XAG/USDT,2026-10-07 11:00:00+00,2026-10-07 11:34:02.338131+00,bear,60.08095348,60.25761861,60.29,0.85,15m sweep of hour high then reject,t
4160,SOON/USDT,2026-10-07 11:00:00+00,2026-10-07 11:34:02.338131+00,bear,0.32568525,0.3275259,0.3294,0.85,15m sweep of hour high then reject,t
4131,BTW/USDT,2026-10-07 11:00:00+00,2026-10-07 11:34:02.338131+00,bear,1.2310346,1.23700616,1.2393,0.85,15m sweep of hour high then reject,t
4136,ZHIPU/USDT,2026-10-07 11:00:00+00,2026-10-07 11:34:02.338131+00,bear,88.56664158,88.76734337,88.72,0.85,15m sweep of hour high then reject,t
4141,MINIMAX/USDT,2026-10-07 11:00:00+00,2026-10-07 11:34:02.338131+00,bear,30.34484272,30.40806291,30.39,0.85,15m holding below hour open and EMA21,t
4146,GLW/USDT,2026-10-07 11:00:00+00,2026-10-07 11:34:02.338131+00,bear,164.91374305,165.30050278,165.26,0.85,15m sweep of hour high then reject,t
4152,MRVL/USDT,2026-10-07 11:00:00+00,2026-10-07 11:34:02.338131+00,bear,281.64542687,282.53382925,282.53,0.85,15m sweep of hour high then reject,t
4157,ANTHROPIC/USDT,2026-10-07 11:00:00+00,2026-10-07 11:34:02.338131+00,bear,2048.74705193,2050.58517923,2051.58,0.85,15m sweep of hour high then reject,t
4156,AVGO/USDT,2026-10-07 11:00:00+00,2026-10-07 11:34:02.338131+00,bear,371.87790819,372.49683672,372.32,0.85,15m holding below hour open and EMA21,t
4151,BZ/USDT,2026-10-07 11:00:00+00,2026-10-07 11:34:02.338131+00,bull,101.55682068,101.74294831,101.58,0.85,15m sweep of hour low then reclaim,t
4128,CBRS/USDT,2026-10-07 11:00:00+00,2026-10-07 11:34:02.338131+00,bear,173.6302636,173.97989456,173.95,0.85,15m sweep of hour high then reject,t
4133,CRWV/USDT,2026-10-07 11:00:00+00,2026-10-07 11:34:02.338131+00,bear,89.62333259,90.14466696,91.55,0.85,15m sweep of hour high then reject,t
4138,VVV/USDT,2026-10-07 11:00:00+00,2026-10-07 11:34:02.338131+00,bear,26.32011716,26.40815314,26.413,0.85,15m sweep of hour high then reject,t
4143,DRAM/USDT,2026-10-07 11:00:00+00,2026-10-07 11:34:02.338131+00,bear,58.6835894,58.77656424,58.77,0.85,15m sweep of hour high then reject,t
4197,MVLL/USDT,2026-10-07 11:00:00+00,2026-10-07 11:45:47.761573+00,bear,40.4296884,40.59812464,40.61,0.85,15m sweep of hour high then reject,t
4169,AMD/USDT,2026-10-07 11:00:00+00,2026-10-07 11:45:47.761573+00,bear,638.27842757,638.96662897,639.63,0.85,15m sweep of hour high then reject,t
4174,ZHIPU/USDT,2026-10-07 11:00:00+00,2026-10-07 11:45:47.761573+00,bear,88.63157585,88.74136966,88.72,0.85,15m sweep of hour high then reject,t
4179,SNXX/USDT,2026-10-07 11:00:00+00,2026-10-07 11:45:47.761573+00,bear,14.60881513,14.63847395,14.64,0.85,15m sweep of hour high then reject,t
4184,MAGMA/USDT,2026-10-07 11:00:00+00,2026-10-07 11:45:47.761573+00,bull,0.21710912,0.21770719,0.21702,0.85,15m sweep of hour low then reclaim,t
4192,COHR/USDT,2026-10-07 11:00:00+00,2026-10-07 11:45:47.761573+00,bear,329.42108114,329.83956754,330.3,0.85,15m sweep of hour high then reject,t
4187,MRVL/USDT,2026-10-07 11:00:00+00,2026-10-07 11:45:47.761573+00,bear,281.93169297,282.41932281,282.53,0.85,15m sweep of hour high then reject,t
4189,USELESS/USDT,2026-10-07 11:00:00+00,2026-10-07 11:45:47.761573+00,bear,0.21275754,0.21334899,0.21324,0.85,15m sweep of hour high then reject,t
4194,ANTHROPIC/USDT,2026-10-07 11:00:00+00,2026-10-07 11:45:47.761573+00,bear,2049.33504568,2050.34998173,2051.58,0.85,15m sweep of hour high then reject,t
4199,BULLA/USDT,2026-10-07 11:00:00+00,2026-10-07 11:45:47.761573+00,bear,0.08256206,0.08293717,0.08311,0.85,15m sweep of hour high then reject,t
4173,LAB/USDT,2026-10-07 11:00:00+00,2026-10-07 11:45:47.761573+00,bear,0.05031918,0.05050233,0.05076,0.85,15m sweep of hour high then reject,t
4178,VVV/USDT,2026-10-07 11:00:00+00,2026-10-07 11:45:47.761573+00,bear,26.34856991,26.39677204,26.413,0.85,15m sweep of hour high then reject,t
4183,XAG/USDT,2026-10-07 11:00:00+00,2026-10-07 11:45:47.761573+00,bear,60.11254651,60.2449814,60.29,0.85,15m sweep of hour high then reject,t
4188,GLW/USDT,2026-10-07 11:00:00+00,2026-10-07 11:45:47.761573+00,bear,165.03945163,165.25021935,165.26,0.85,15m sweep of hour high then reject,t
4193,META/USDT,2026-10-07 11:00:00+00,2026-10-07 11:45:47.761573+00,bear,738.93984915,739.24806034,739.25,0.85,15m sweep of hour high then reject,t
4182,DRAM/USDT,2026-10-07 11:00:00+00,2026-10-07 11:45:47.761573+00,bear,58.71395861,58.76441656,58.77,0.85,15m sweep of hour high then reject,t
4198,SOXS/USDT,2026-10-07 11:00:00+00,2026-10-07 11:45:47.761573+00,bull,30.92265754,30.98335615,30.91,0.85,15m sweep of hour low then reclaim,t
4175,SKHY/USDT,2026-10-07 11:00:00+00,2026-10-07 11:45:47.761573+00,bear,180.63951239,180.80819504,180.87,0.85,15m sweep of hour high then reject,t
4180,MINIMAX/USDT,2026-10-07 11:00:00+00,2026-10-07 11:45:47.761573+00,bear,30.36557646,30.39976942,30.39,0.85,15m holding below hour open and EMA21,t
4185,PLTR/USDT,2026-10-07 11:00:00+00,2026-10-07 11:45:47.761573+00,bear,191.66124824,191.7855007,192.49,0.85,15m sweep of hour high then reject,t
4190,LITE/USDT,2026-10-07 11:00:00+00,2026-10-07 11:45:47.761573+00,bear,1104.22010173,1105.49395931,1106.3,0.85,15m sweep of hour high then reject,t
4195,AKE/USDT,2026-10-07 11:00:00+00,2026-10-07 11:45:47.761573+00,bear,0.02756794,0.02780783,0.027882,0.85,15m sweep of hour high then reject,t
4200,RKLB/USDT,2026-10-07 11:00:00+00,2026-10-07 11:45:47.761573+00,bear,73.52260047,73.60295981,73.63,0.85,15m sweep of hour high then reject,t
4177,IREN/USDT,2026-10-07 11:00:00+00,2026-10-07 11:45:47.761573+00,bear,40.38690147,40.43323941,40.46,0.85,15m sweep of hour high then reject,t
4172,CRWV/USDT,2026-10-07 11:00:00+00,2026-10-07 11:45:47.761573+00,bear,89.70721389,90.00111444,91.55,0.85,15m sweep of hour high then reject,t
4167,ARM/USDT,2026-10-07 11:00:00+00,2026-10-07 11:45:47.761573+00,bear,295.714706,296.0441176,296.03,0.85,15m sweep of hour high then reject,t
4196,QCOM/USDT,2026-10-07 11:00:00+00,2026-10-07 11:45:47.761573+00,bear,179.49216787,179.60113285,179.57,0.85,15m holding below hour open and EMA21,t
4191,BZ/USDT,2026-10-07 11:00:00+00,2026-10-07 11:45:47.761573+00,bull,101.52900393,101.68749016,101.55,0.85,mixed 15m structure — EMA side only,t
4186,AVGO/USDT,2026-10-07 11:00:00+00,2026-10-07 11:45:47.761573+00,bear,372.07132582,372.41946967,372.32,0.85,15m holding below hour open and EMA21,t
4181,ORCL/USDT,2026-10-07 11:00:00+00,2026-10-07 11:45:47.761573+00,bear,142.69476198,142.80009521,142.8,0.85,15m sweep of hour high then reject,t
4176,MSTR/USDT,2026-10-07 11:00:00+00,2026-10-07 11:45:47.761573+00,bear,159.2207916,159.42968336,159.7,0.85,15m sweep of hour high then reject,t
4171,SOXL/USDT,2026-10-07 11:00:00+00,2026-10-07 11:45:47.761573+00,bear,157.01596688,157.34361325,157.39,0.85,15m sweep of hour high then reject,t
4166,SPCX/USDT,2026-10-07 11:00:00+00,2026-10-07 11:45:47.761573+00,bear,168.19174517,168.32930193,168.42,0.85,15m sweep of hour high then reject,t
4164,BE/USDT,2026-10-07 11:00:00+00,2026-10-07 11:45:47.761573+00,bear,287.10240313,287.53303875,287.52,0.85,15m sweep of hour high then reject,t
4162,TSM/USDT,2026-10-07 11:00:00+00,2026-10-07 11:45:47.761573+00,bear,476.01704105,476.41318358,476.42,0.85,15m sweep of hour high then reject,t
4161,BMNR/USDT,2026-10-07 11:00:00+00,2026-10-07 11:45:47.761573+00,bear,25.1260407,25.15958372,25.17,0.85,15m sweep of hour high then reject,t
4170,BTW/USDT,2026-10-07 11:00:00+00,2026-10-07 11:45:47.761573+00,bear,1.23262729,1.23636909,1.2393,0.85,15m sweep of hour high then reject,t
4165,CBRS/USDT,2026-10-07 11:00:00+00,2026-10-07 11:45:47.761573+00,bear,173.74342693,173.93462923,173.95,0.85,15m sweep of hour high then reject,t
4168,AXTI/USDT,2026-10-07 11:00:00+00,2026-10-07 11:45:47.761573+00,bear,81.04812538,81.17674985,81.16,0.85,15m sweep of hour high then reject,t
4163,DELL/USDT,2026-10-07 11:00:00+00,2026-10-07 11:45:47.761573+00,bear,565.97637236,566.54145106,566.81,0.85,15m sweep of hour high then reject,t
4228,GLW/USDT,2026-10-07 12:00:00+00,2026-10-07 12:00:59.050675+00,bear,163.86346321,164.71261472,164.5,0.85,15m sweep of hour high then reject,t
4234,ANTHROPIC/USDT,2026-10-07 12:00:00+00,2026-10-07 12:00:59.050675+00,bear,2045.8465268,2049.72938928,2048.62,0.85,15m holding below hour open and EMA21,t
4239,BULLA/USDT,2026-10-07 12:00:00+00,2026-10-07 12:00:59.050675+00,bear,0.08022881,0.08165848,0.08135,0.85,15m sweep of hour high then reject,t
4229,USELESS/USDT,2026-10-07 12:00:00+00,2026-10-07 12:00:59.050675+00,bear,0.20996306,0.21225477,0.21177,0.85,15m sweep of hour high then reject,t
4223,XAG/USDT,2026-10-07 12:00:00+00,2026-10-07 12:00:59.050675+00,bear,60.17788703,60.41084519,60.37,0.85,mixed 15m structure — EMA side only,t
4218,VVV/USDT,2026-10-07 12:00:00+00,2026-10-07 12:00:59.050675+00,bear,26.24059537,26.43016185,26.401,0.85,15m sweep of hour high then reject,t
4213,LAB/USDT,2026-10-07 12:00:00+00,2026-10-07 12:00:59.050675+00,bear,0.04929574,0.0499977,0.04985,0.8,mixed 15m structure — EMA side only,t
4240,RKLB/USDT,2026-10-07 12:00:00+00,2026-10-07 12:00:59.050675+00,bear,73.33101605,73.67159358,73.64,0.85,15m sweep of hour high then reject,t
4235,AKE/USDT,2026-10-07 12:00:00+00,2026-10-07 12:00:59.050675+00,bear,0.0277752,0.02813472,0.028066,0.85,15m sweep of hour high then reject,t
4204,BE/USDT,2026-10-07 12:00:00+00,2026-10-07 12:00:59.050675+00,bear,283.45271163,285.12891535,284.77,0.85,15m sweep of hour high then reject,t
4203,DELL/USDT,2026-10-07 12:00:00+00,2026-10-07 12:00:59.050675+00,bear,565.12102591,567.56758964,566.93,0.85,mixed 15m structure — EMA side only,t
4208,AXTI/USDT,2026-10-07 12:00:00+00,2026-10-07 12:00:59.050675+00,bear,80.50389428,81.00244229,80.95,0.85,15m sweep of hour high then reject,t
4237,MVLL/USDT,2026-10-07 12:00:00+00,2026-10-07 12:00:59.050675+00,bear,40.31041406,40.99583438,40.85,0.85,15m holding below hour open and EMA21,t
4232,COHR/USDT,2026-10-07 12:00:00+00,2026-10-07 12:00:59.050675+00,bear,327.78744425,329.3730223,328.97,0.85,15m holding below hour open and EMA21,t
4227,MRVL/USDT,2026-10-07 12:00:00+00,2026-10-07 12:00:59.050675+00,bear,281.89143101,283.90542759,283.39,0.85,15m holding below hour open and EMA21,t
4222,DRAM/USDT,2026-10-07 12:00:00+00,2026-10-07 12:00:59.050675+00,bear,58.45777482,58.65689007,58.63,0.85,15m sweep of hour high then reject,t
4217,IREN/USDT,2026-10-07 12:00:00+00,2026-10-07 12:00:59.050675+00,bear,40.04056261,40.22177496,40.18,0.85,15m sweep of hour high then reject,t
4212,CRWV/USDT,2026-10-07 12:00:00+00,2026-10-07 12:00:59.050675+00,bear,89.9029373,90.48682508,90.34,0.85,15m sweep of hour high then reject,t
4207,ARM/USDT,2026-10-07 12:00:00+00,2026-10-07 12:00:59.050675+00,bear,293.32590798,294.61963681,294.25,0.85,15m holding below hour open and EMA21,t
4236,QCOM/USDT,2026-10-07 12:00:00+00,2026-10-07 12:00:59.050675+00,bear,178.62233781,179.11306488,179.06,0.85,15m sweep of hour high then reject,t
4231,BZ/USDT,2026-10-07 12:00:00+00,2026-10-07 12:00:59.050675+00,bear,100.79925082,101.27629967,101.14,0.85,15m holding below hour open and EMA21,t
4226,AVGO/USDT,2026-10-07 12:00:00+00,2026-10-07 12:00:59.050675+00,bear,370.66721017,372.08511593,371.68,0.85,15m holding below hour open and EMA21,t
4221,ORCL/USDT,2026-10-07 12:00:00+00,2026-10-07 12:00:59.050675+00,bear,141.63940164,142.05623934,141.94,0.85,mixed 15m structure — EMA side only,t
4216,MSTR/USDT,2026-10-07 12:00:00+00,2026-10-07 12:00:59.050675+00,bear,158.21515451,159.0339382,158.94,0.85,15m sweep of hour high then reject,t
4211,SOXL/USDT,2026-10-07 12:00:00+00,2026-10-07 12:00:59.050675+00,bear,155.01916271,156.28033491,156.01,0.85,15m sweep of hour high then reject,t
4202,TSM/USDT,2026-10-07 12:00:00+00,2026-10-07 12:00:59.050675+00,bear,472.77465248,474.29413901,473.93,0.85,15m holding below hour open and EMA21,t
4201,BMNR/USDT,2026-10-07 12:00:00+00,2026-10-07 12:00:59.050675+00,bear,24.97450831,25.10819667,25.09,0.85,15m sweep of hour high then reject,t
4206,SPCX/USDT,2026-10-07 12:00:00+00,2026-10-07 12:00:59.050675+00,bear,167.98955349,168.56417861,168.43,0.85,15m sweep of hour high then reject,t
4224,MAGMA/USDT,2026-10-07 12:00:00+00,2026-10-07 12:00:59.050675+00,bull,0.2170808,0.219388,0.21773,0.85,15m sweep of hour low then reclaim,t
4220,MINIMAX/USDT,2026-10-07 12:00:00+00,2026-10-07 12:00:59.050675+00,bear,30.1955697,30.34777212,30.33,0.85,15m sweep of hour high then reject,t
4219,SNXX/USDT,2026-10-07 12:00:00+00,2026-10-07 12:00:59.050675+00,bear,14.55667048,14.67333181,14.65,0.85,15m sweep of hour high then reject,t
4215,SKHY/USDT,2026-10-07 12:00:00+00,2026-10-07 12:00:59.050675+00,bear,179.59840317,180.45463873,180.64,0.85,15m sweep of hour high then reject,t
4214,ZHIPU/USDT,2026-10-07 12:00:00+00,2026-10-07 12:00:59.050675+00,bear,88.08778171,88.49688731,88.38,0.8,mixed 15m structure — EMA side only,t
4210,BTW/USDT,2026-10-07 12:00:00+00,2026-10-07 12:00:59.050675+00,bear,1.20814135,1.22292346,1.2204,0.85,15m sweep of hour high then reject,t
4209,AMD/USDT,2026-10-07 12:00:00+00,2026-10-07 12:00:59.050675+00,bear,635.22680239,637.84927904,637.22,0.85,15m holding below hour open and EMA21,t
4205,CBRS/USDT,2026-10-07 12:00:00+00,2026-10-07 12:00:59.050675+00,bear,172.95251431,173.67699428,173.51,0.85,15m sweep of hour high then reject,t
4225,PLTR/USDT,2026-10-07 12:00:00+00,2026-10-07 12:00:59.050675+00,bear,191.39342205,191.92263118,191.79,0.8,mixed 15m structure — EMA side only,t
4230,LITE/USDT,2026-10-07 12:00:00+00,2026-10-07 12:00:59.050675+00,bear,1098.4415207,1103.33939172,1102.07,0.85,15m sweep of hour high then reject,t
4238,SOXS/USDT,2026-10-07 12:00:00+00,2026-10-07 12:00:59.050675+00,bull,31.14224228,31.37939429,31.19,0.85,15m holding above hour open and EMA21,t
4233,META/USDT,2026-10-07 12:00:00+00,2026-10-07 12:00:59.050675+00,bear,736.28922542,737.59830983,737.26,0.85,mixed 15m structure — EMA side only,t
4280,RKLB/USDT,2026-10-07 12:00:00+00,2026-10-07 12:16:03.006541+00,bear,73.3959014,73.62563944,73.64,0.85,15m sweep of hour high then reject,t
4245,CBRS/USDT,2026-10-07 12:00:00+00,2026-10-07 12:16:03.006541+00,bear,173.09855022,173.61857991,173.51,0.85,15m sweep of hour high then reject,t
4250,BTW/USDT,2026-10-07 12:00:00+00,2026-10-07 12:16:03.006541+00,bear,1.21023668,1.22208533,1.2204,0.85,15m sweep of hour high then reject,t
4241,BMNR/USDT,2026-10-07 12:00:00+00,2026-10-07 12:16:03.006541+00,bear,25.00293185,25.09682726,25.09,0.85,15m sweep of hour high then reject,t
4242,TSM/USDT,2026-10-07 12:00:00+00,2026-10-07 12:16:03.006541+00,bear,473.10594907,474.16162037,473.93,0.85,15m sweep of hour high then reject,t
4243,DELL/USDT,2026-10-07 12:00:00+00,2026-10-07 12:16:03.006541+00,bear,565.56605574,567.2095777,566.93,0.85,15m sweep of hour high then reject,t
4244,BE/USDT,2026-10-07 12:00:00+00,2026-10-07 12:16:03.006541+00,bear,283.7536703,285.33853188,285.45,0.85,15m sweep of hour high then reject,t
4246,SPCX/USDT,2026-10-07 12:00:00+00,2026-10-07 12:16:03.006541+00,bull,168.27785171,168.70537072,168.34,0.85,15m sweep of hour low then reclaim,t
4247,ARM/USDT,2026-10-07 12:00:00+00,2026-10-07 12:16:03.006541+00,bear,293.59622306,294.51151078,294.48,0.85,15m sweep of hour high then reject,t
4248,AXTI/USDT,2026-10-07 12:00:00+00,2026-10-07 12:16:03.006541+00,bear,80.60184706,80.96326118,80.95,0.85,15m sweep of hour high then reject,t
4253,LAB/USDT,2026-10-07 12:00:00+00,2026-10-07 12:16:03.006541+00,bull,0.04964993,0.05014019,0.04976,0.85,15m sweep of hour low then reclaim,t
4258,VVV/USDT,2026-10-07 12:00:00+00,2026-10-07 12:16:03.006541+00,bear,26.27698637,26.41560545,26.401,0.85,15m sweep of hour high then reject,t
4263,XAG/USDT,2026-10-07 12:00:00+00,2026-10-07 12:16:03.006541+00,bear,60.21416117,60.37633553,60.37,0.85,15m sweep of hour high then reject,t
4268,GLW/USDT,2026-10-07 12:00:00+00,2026-10-07 12:16:03.006541+00,bear,164.047444,164.6390224,164.51,0.85,mixed 15m structure — EMA side only,t
4273,META/USDT,2026-10-07 12:00:00+00,2026-10-07 12:16:03.006541+00,bear,736.5509916,737.75360336,737.7,0.85,15m sweep of hour high then reject,t
4278,SOXS/USDT,2026-10-07 12:00:00+00,2026-10-07 12:16:03.006541+00,bull,31.16113641,31.33215897,31.19,0.85,15m sweep of hour low then reclaim,t
4249,AMD/USDT,2026-10-07 12:00:00+00,2026-10-07 12:16:03.006541+00,bear,635.7863083,637.62547668,637.22,0.85,15m holding below hour open and EMA21,t
4254,ZHIPU/USDT,2026-10-07 12:00:00+00,2026-10-07 12:16:03.006541+00,bear,88.17216088,88.46313565,88.44,0.85,15m sweep of hour high then reject,t
4259,SNXX/USDT,2026-10-07 12:00:00+00,2026-10-07 12:16:03.006541+00,bear,14.57917085,14.67433166,14.68,0.85,15m sweep of hour high then reject,t
4264,MAGMA/USDT,2026-10-07 12:00:00+00,2026-10-07 12:16:03.006541+00,bull,0.21726796,0.21892009,0.21773,0.85,15m sweep of hour low then reclaim,t
4269,USELESS/USDT,2026-10-07 12:00:00+00,2026-10-07 12:16:03.006541+00,bear,0.21042131,0.21219147,0.21224,0.85,15m sweep of hour high then reject,t
4274,ANTHROPIC/USDT,2026-10-07 12:00:00+00,2026-10-07 12:16:03.006541+00,bear,2046.71845873,2049.38061651,2048.62,0.85,15m holding below hour open and EMA21,t
4279,BULLA/USDT,2026-10-07 12:00:00+00,2026-10-07 12:16:03.006541+00,bear,0.08054849,0.0815306,0.08135,0.85,15m sweep of hour high then reject,t
4251,SOXL/USDT,2026-10-07 12:00:00+00,2026-10-07 12:16:03.006541+00,bear,155.26912032,156.18035187,156.01,0.85,15m sweep of hour high then reject,t
4256,MSTR/USDT,2026-10-07 12:00:00+00,2026-10-07 12:16:03.006541+00,bear,158.39425759,158.96229696,158.94,0.85,15m sweep of hour high then reject,t
4261,ORCL/USDT,2026-10-07 12:00:00+00,2026-10-07 12:16:03.006541+00,bear,141.70283541,142.46086584,142.37,0.85,mixed 15m structure — EMA side only,t
4266,AVGO/USDT,2026-10-07 12:00:00+00,2026-10-07 12:16:03.006541+00,bear,370.96854788,372.15458085,371.97,0.85,mixed 15m structure — EMA side only,t
4271,BZ/USDT,2026-10-07 12:00:00+00,2026-10-07 12:16:03.006541+00,bear,100.88889937,101.33044025,101.29,0.85,mixed 15m structure — EMA side only,t
4276,QCOM/USDT,2026-10-07 12:00:00+00,2026-10-07 12:16:03.006541+00,bear,178.71164432,179.14734227,179.12,0.85,15m sweep of hour high then reject,t
4252,CRWV/USDT,2026-10-07 12:00:00+00,2026-10-07 12:16:03.006541+00,bear,90.02374302,90.43850279,90.34,0.85,15m sweep of hour high then reject,t
4257,IREN/USDT,2026-10-07 12:00:00+00,2026-10-07 12:16:03.006541+00,bear,40.07573073,40.24770771,40.24,0.85,15m sweep of hour high then reject,t
4262,DRAM/USDT,2026-10-07 12:00:00+00,2026-10-07 12:16:03.006541+00,bear,58.50042762,58.63982895,58.63,0.85,15m sweep of hour high then reject,t
4267,MRVL/USDT,2026-10-07 12:00:00+00,2026-10-07 12:16:03.006541+00,bear,282.30273636,283.74090546,283.39,0.85,15m sweep of hour high then reject,t
4272,COHR/USDT,2026-10-07 12:00:00+00,2026-10-07 12:16:03.006541+00,bear,328.12495013,329.23801995,329.08,0.85,15m sweep of hour high then reject,t
4277,MVLL/USDT,2026-10-07 12:00:00+00,2026-10-07 12:16:03.006541+00,bear,40.45231529,40.93907388,40.85,0.85,15m sweep of hour high then reject,t
4255,SKHY/USDT,2026-10-07 12:00:00+00,2026-10-07 12:16:03.006541+00,bear,179.73302692,180.26078923,180.64,0.85,15m sweep of hour high then reject,t
4260,MINIMAX/USDT,2026-10-07 12:00:00+00,2026-10-07 12:16:03.006541+00,bear,30.22365461,30.34653816,30.33,0.8,mixed 15m structure — EMA side only,t
4265,PLTR/USDT,2026-10-07 12:00:00+00,2026-10-07 12:16:03.006541+00,bear,191.49969692,191.87012123,191.82,0.8,mixed 15m structure — EMA side only,t
4270,LITE/USDT,2026-10-07 12:00:00+00,2026-10-07 12:16:03.006541+00,bear,1099.38542124,1103.6418315,1103.89,0.85,15m sweep of hour high then reject,t
4275,AKE/USDT,2026-10-07 12:00:00+00,2026-10-07 12:16:03.006541+00,bull,0.02795916,0.02821409,0.027993,0.85,15m sweep of hour low then reclaim,t
4294,ZHIPU/USDT,2026-10-07 12:00:00+00,2026-10-07 12:31:02.818217+00,bear,88.24786286,88.43285486,88.44,0.85,15m sweep of hour high then reject,t
4295,SKHY/USDT,2026-10-07 12:00:00+00,2026-10-07 12:31:02.818217+00,bear,179.85011496,180.21395402,180.64,0.85,15m sweep of hour high then reject,t
4299,SNXX/USDT,2026-10-07 12:00:00+00,2026-10-07 12:31:02.818217+00,bear,14.59693725,14.6572251,14.68,0.85,15m sweep of hour high then reject,t
4300,MINIMAX/USDT,2026-10-07 12:00:00+00,2026-10-07 12:31:02.818217+00,bear,30.24445885,30.30821646,30.33,0.85,15m sweep of hour high then reject,t
4304,MAGMA/USDT,2026-10-07 12:00:00+00,2026-10-07 12:31:02.818217+00,bull,0.21744518,0.21847704,0.21773,0.85,15m sweep of hour low then reclaim,t
4309,USELESS/USDT,2026-10-07 12:00:00+00,2026-10-07 12:31:02.818217+00,bear,0.21081894,0.21191242,0.21224,0.85,15m sweep of hour high then reject,t
4314,ANTHROPIC/USDT,2026-10-07 12:00:00+00,2026-10-07 12:31:02.818217+00,bear,2047.237213,2049.1731148,2048.62,0.85,15m holding below hour open and EMA21,t
4319,BULLA/USDT,2026-10-07 12:00:00+00,2026-10-07 12:31:02.818217+00,bear,0.08077489,0.08144005,0.08135,0.85,15m sweep of hour high then reject,t
4286,SPCX/USDT,2026-10-07 12:00:00+00,2026-10-07 12:31:02.818217+00,bull,168.32057604,168.59855989,168.34,0.85,15m sweep of hour low then reclaim,t
4291,SOXL/USDT,2026-10-07 12:00:00+00,2026-10-07 12:31:02.818217+00,bear,155.45298533,156.10680587,156.01,0.85,15m sweep of hour high then reject,t
4296,MSTR/USDT,2026-10-07 12:00:00+00,2026-10-07 12:31:02.818217+00,bear,158.53103514,158.90758594,158.94,0.85,15m sweep of hour high then reject,t
4301,ORCL/USDT,2026-10-07 12:00:00+00,2026-10-07 12:31:02.818217+00,bear,141.77661041,142.12135583,142.37,0.85,15m sweep of hour high then reject,t
4306,AVGO/USDT,2026-10-07 12:00:00+00,2026-10-07 12:31:02.818217+00,bear,371.21137016,371.86745194,371.97,0.85,15m sweep of hour high then reject,t
4311,BZ/USDT,2026-10-07 12:00:00+00,2026-10-07 12:31:02.818217+00,bear,100.97869339,101.45452264,101.4,0.75,mixed 15m structure — EMA side only,t
4316,QCOM/USDT,2026-10-07 12:00:00+00,2026-10-07 12:31:02.818217+00,bear,178.7734742,178.99261032,179.12,0.85,15m sweep of hour high then reject,t
4285,CBRS/USDT,2026-10-07 12:00:00+00,2026-10-07 12:31:02.818217+00,bear,173.23010124,173.5659595,173.51,0.85,15m sweep of hour high then reject,t
4281,BMNR/USDT,2026-10-07 12:00:00+00,2026-10-07 12:31:02.818217+00,bear,25.02267009,25.08893196,25.09,0.85,15m sweep of hour high then reject,t
4287,ARM/USDT,2026-10-07 12:00:00+00,2026-10-07 12:31:02.818217+00,bear,293.79377883,294.43248847,294.48,0.85,15m sweep of hour high then reject,t
4292,CRWV/USDT,2026-10-07 12:00:00+00,2026-10-07 12:31:02.818217+00,bear,90.12656902,90.39737239,90.34,0.85,15m sweep of hour high then reject,t
4297,IREN/USDT,2026-10-07 12:00:00+00,2026-10-07 12:31:02.818217+00,bear,40.10961312,40.19415475,40.24,0.85,15m sweep of hour high then reject,t
4302,DRAM/USDT,2026-10-07 12:00:00+00,2026-10-07 12:31:02.818217+00,bear,58.52784017,58.62886393,58.63,0.85,15m sweep of hour high then reject,t
4307,MRVL/USDT,2026-10-07 12:00:00+00,2026-10-07 12:31:02.818217+00,bear,282.62635012,283.61145995,283.39,0.85,15m sweep of hour high then reject,t
4312,COHR/USDT,2026-10-07 12:00:00+00,2026-10-07 12:31:02.818217+00,bear,328.36071201,329.1437152,329.08,0.85,15m sweep of hour high then reject,t
4317,MVLL/USDT,2026-10-07 12:00:00+00,2026-10-07 12:31:02.818217+00,bear,40.5665672,40.89337312,40.85,0.85,15m sweep of hour high then reject,t
4289,AMD/USDT,2026-10-07 12:00:00+00,2026-10-07 12:31:02.818217+00,bear,636.22419409,637.45032236,637.22,0.85,15m sweep of hour high then reject,t
4290,BTW/USDT,2026-10-07 12:00:00+00,2026-10-07 12:31:02.818217+00,bear,1.21302665,1.22096934,1.2204,0.85,15m sweep of hour high then reject,t
4288,AXTI/USDT,2026-10-07 12:00:00+00,2026-10-07 12:31:02.818217+00,bear,80.66699991,80.93720004,80.95,0.85,15m sweep of hour high then reject,t
4293,LAB/USDT,2026-10-07 12:00:00+00,2026-10-07 12:31:02.818217+00,bull,0.04970176,0.0500106,0.04976,0.85,15m sweep of hour low then reclaim,t
4298,VVV/USDT,2026-10-07 12:00:00+00,2026-10-07 12:31:02.818217+00,bear,26.31140797,26.40183681,26.401,0.85,15m sweep of hour high then reject,t
4303,XAG/USDT,2026-10-07 12:00:00+00,2026-10-07 12:31:02.818217+00,bear,60.20883846,60.37846462,60.37,0.85,15m sweep of hour high then reject,t
4308,GLW/USDT,2026-10-07 12:00:00+00,2026-10-07 12:31:02.818217+00,bear,164.16157238,164.59337105,164.51,0.85,15m sweep of hour high then reject,t
4313,META/USDT,2026-10-07 12:00:00+00,2026-10-07 12:31:02.818217+00,bear,736.74115211,737.39753916,737.7,0.85,15m sweep of hour high then reject,t
4318,SOXS/USDT,2026-10-07 12:00:00+00,2026-10-07 12:31:02.818217+00,bull,31.17524771,31.29688073,31.19,0.85,15m sweep of hour low then reclaim,t
4305,PLTR/USDT,2026-10-07 12:00:00+00,2026-10-07 12:31:02.818217+00,bear,191.58783507,191.81486597,191.82,0.85,15m sweep of hour high then reject,t
4282,TSM/USDT,2026-10-07 12:00:00+00,2026-10-07 12:31:02.818217+00,bear,473.33702413,474.06919035,473.93,0.85,15m sweep of hour high then reject,t
4283,DELL/USDT,2026-10-07 12:00:00+00,2026-10-07 12:31:02.818217+00,bear,565.92099753,567.06760099,566.93,0.85,15m sweep of hour high then reject,t
4284,BE/USDT,2026-10-07 12:00:00+00,2026-10-07 12:31:02.818217+00,bear,284.07585244,284.99965902,285.45,0.85,15m sweep of hour high then reject,t
4310,LITE/USDT,2026-10-07 12:00:00+00,2026-10-07 12:31:02.818217+00,bear,1100.12523129,1102.66590748,1103.89,0.85,15m sweep of hour high then reject,t
4315,AKE/USDT,2026-10-07 12:00:00+00,2026-10-07 12:31:02.818217+00,bull,0.02798308,0.0281543,0.027993,0.85,15m sweep of hour low then reclaim,t
4320,RKLB/USDT,2026-10-07 12:00:00+00,2026-10-07 12:31:02.818217+00,bear,73.44610524,73.6055579,73.64,0.85,15m sweep of hour high then reject,t
4353,COHR/USDT,2026-10-07 12:00:00+00,2026-10-07 12:46:06.451981+00,bear,328.65021803,329.02791279,329.08,0.85,15m sweep of hour high then reject,t
4358,SOON/USDT,2026-10-07 12:00:00+00,2026-10-07 12:46:06.451981+00,bear,0.32512131,0.32621148,0.332,0.85,15m sweep of hour high then reject,t
4359,GLW/USDT,2026-10-07 12:00:00+00,2026-10-07 12:46:06.451981+00,bear,164.32502268,164.52799093,164.51,0.85,15m sweep of hour high then reject,t
4354,META/USDT,2026-10-07 12:00:00+00,2026-10-07 12:46:06.451981+00,bear,736.95497681,737.31200928,737.7,0.85,15m sweep of hour high then reject,t
4321,BMNR/USDT,2026-10-07 12:00:00+00,2026-10-07 12:46:06.451981+00,bear,25.04834981,25.07866008,25.09,0.85,15m sweep of hour high then reject,t
4326,CBRS/USDT,2026-10-07 12:00:00+00,2026-10-07 12:46:06.451981+00,bear,173.35725918,173.51509633,173.51,0.85,15m sweep of hour high then reject,t
4325,SPCX/USDT,2026-10-07 12:00:00+00,2026-10-07 12:46:06.451981+00,bear,168.29430706,168.44227718,168.88,0.85,15m sweep of hour high then reject,t
4330,BTW/USDT,2026-10-07 12:00:00+00,2026-10-07 12:46:06.451981+00,bear,1.21603544,1.21976582,1.2204,0.85,15m sweep of hour high then reject,t
4335,SKHY/USDT,2026-10-07 12:00:00+00,2026-10-07 12:46:06.451981+00,bear,179.99024981,180.15790008,180.64,0.85,15m sweep of hour high then reject,t
4340,INTC/USDT,2026-10-07 12:00:00+00,2026-10-07 12:46:06.451981+00,bear,112.66860712,112.89455715,113.07,0.85,15m sweep of hour high then reject,t
4345,MAGMA/USDT,2026-10-07 12:00:00+00,2026-10-07 12:46:06.451981+00,bull,0.21759224,0.2181094,0.21773,0.85,15m sweep of hour low then reclaim,t
4322,DELL/USDT,2026-10-07 12:00:00+00,2026-10-07 12:46:06.451981+00,bear,566.35206096,566.89517561,566.93,0.85,15m sweep of hour high then reject,t
4323,TSM/USDT,2026-10-07 12:00:00+00,2026-10-07 12:46:06.451981+00,bear,473.61949588,473.95620165,473.93,0.85,15m sweep of hour high then reject,t
4324,BE/USDT,2026-10-07 12:00:00+00,2026-10-07 12:46:06.451981+00,bear,284.38807351,284.7947706,285.45,0.85,15m sweep of hour high then reject,t
4327,ARM/USDT,2026-10-07 12:00:00+00,2026-10-07 12:46:06.451981+00,bear,294.03855373,294.33457851,294.48,0.85,15m sweep of hour high then reject,t
4328,SOXL/USDT,2026-10-07 12:00:00+00,2026-10-07 12:46:06.451981+00,bear,155.70263193,156.00694723,156.01,0.85,15m sweep of hour high then reject,t
4329,AMD/USDT,2026-10-07 12:00:00+00,2026-10-07 12:46:06.451981+00,bear,636.68421402,637.26631439,637.22,0.85,15m sweep of hour high then reject,t
4331,AXTI/USDT,2026-10-07 12:00:00+00,2026-10-07 12:46:06.451981+00,bear,80.77218272,80.89512691,80.95,0.85,15m sweep of hour high then reject,t
4336,MSTR/USDT,2026-10-07 12:00:00+00,2026-10-07 12:46:06.451981+00,bear,158.67401288,158.85039485,158.94,0.85,15m sweep of hour high then reject,t
4341,XAG/USDT,2026-10-07 12:00:00+00,2026-10-07 12:46:06.451981+00,bear,60.27026954,60.35389218,60.37,0.85,15m sweep of hour high then reject,t
4346,PLTR/USDT,2026-10-07 12:00:00+00,2026-10-07 12:46:06.451981+00,bull,191.71702215,191.83244462,191.57,0.85,15m sweep of hour low then reclaim,t
4356,RKLB/USDT,2026-10-07 12:00:00+00,2026-10-07 12:46:06.451981+00,bear,73.5072104,73.58111584,73.64,0.85,15m sweep of hour high then reject,t
4360,AKE/USDT,2026-10-07 12:00:00+00,2026-10-07 12:46:06.451981+00,bull,0.02800851,0.02809073,0.027993,0.85,15m sweep of hour low then reclaim,t
4332,LAB/USDT,2026-10-07 12:00:00+00,2026-10-07 12:46:06.451981+00,bear,0.04967746,0.04983502,0.05008,0.85,15m sweep of hour high then reject,t
4337,VVV/USDT,2026-10-07 12:00:00+00,2026-10-07 12:46:06.451981+00,bear,26.34617828,26.38792869,26.401,0.85,15m sweep of hour high then reject,t
4342,ORCL/USDT,2026-10-07 12:00:00+00,2026-10-07 12:46:06.451981+00,bear,141.85365582,142.38053767,142.41,0.85,mixed 15m structure — EMA side only,t
4347,ANTHROPIC/USDT,2026-10-07 12:00:00+00,2026-10-07 12:46:06.451981+00,bear,2047.9947133,2048.87011468,2048.62,0.85,15m holding below hour open and EMA21,t
4351,BZ/USDT,2026-10-07 12:00:00+00,2026-10-07 12:46:06.451981+00,bull,101.11046939,101.21382653,100.99,0.85,15m sweep of hour low then reclaim,t
4333,ZHIPU/USDT,2026-10-07 12:00:00+00,2026-10-07 12:46:06.451981+00,bear,88.31881611,88.40447356,88.44,0.85,15m sweep of hour high then reject,t
4338,SNXX/USDT,2026-10-07 12:00:00+00,2026-10-07 12:46:06.451981+00,bear,14.61961267,14.64815493,14.68,0.85,15m sweep of hour high then reject,t
4343,DRAM/USDT,2026-10-07 12:00:00+00,2026-10-07 12:46:06.451981+00,bear,58.56678582,58.61328567,58.63,0.85,15m sweep of hour high then reject,t
4348,MVLL/USDT,2026-10-07 12:00:00+00,2026-10-07 12:46:06.451981+00,bear,40.69210771,40.84315692,40.85,0.85,15m sweep of hour high then reject,t
4334,CRWV/USDT,2026-10-07 12:00:00+00,2026-10-07 12:46:06.451981+00,bear,90.23068956,90.35572418,90.34,0.85,15m sweep of hour high then reject,t
4339,MINIMAX/USDT,2026-10-07 12:00:00+00,2026-10-07 12:46:06.451981+00,bear,30.26936834,30.29825267,30.33,0.85,15m sweep of hour high then reject,t
4344,USELESS/USDT,2026-10-07 12:00:00+00,2026-10-07 12:46:06.451981+00,bear,0.21123687,0.21174525,0.21224,0.85,15m sweep of hour high then reject,t
4349,AVGO/USDT,2026-10-07 12:00:00+00,2026-10-07 12:46:06.451981+00,bear,371.46494122,371.76602351,371.97,0.85,15m sweep of hour high then reject,t
4357,BULLA/USDT,2026-10-07 12:00:00+00,2026-10-07 12:46:06.451981+00,bear,0.08103204,0.08133719,0.08135,0.85,15m sweep of hour high then reject,t
4350,MRVL/USDT,2026-10-07 12:00:00+00,2026-10-07 12:46:06.451981+00,bear,283.00525408,283.45989837,283.39,0.85,15m sweep of hour high then reject,t
4352,LITE/USDT,2026-10-07 12:00:00+00,2026-10-07 12:46:06.451981+00,bear,1101.09506632,1102.27797347,1103.89,0.85,15m sweep of hour high then reject,t
4355,MUU/USDT,2026-10-07 12:00:00+00,2026-10-07 12:46:06.451981+00,bear,33.35466296,33.44613482,33.47,0.85,15m sweep of hour high then reject,t
4396,RKLB/USDT,2026-10-07 13:00:00+00,2026-10-07 13:01:07.465677+00,bear,73.09246313,73.39701475,73.32,0.85,15m holding below hour open and EMA21,t
4398,SOON/USDT,2026-10-07 13:00:00+00,2026-10-07 13:01:07.465677+00,bear,0.32258886,0.32694446,0.3262,0.8,mixed 15m structure — EMA side only,t
4393,COHR/USDT,2026-10-07 13:00:00+00,2026-10-07 13:01:07.465677+00,bear,327.24944181,328.84822328,328.53,0.85,mixed 15m structure — EMA side only,t
4388,MVLL/USDT,2026-10-07 13:00:00+00,2026-10-07 13:01:07.465677+00,bear,40.08674361,40.72130255,40.58,0.85,mixed 15m structure — EMA side only,t
4397,BULLA/USDT,2026-10-07 13:00:00+00,2026-10-07 13:01:07.465677+00,bear,0.07919509,0.08043397,0.08011,0.85,15m sweep of hour high then reject,t
4392,LITE/USDT,2026-10-07 13:00:00+00,2026-10-07 13:01:07.465677+00,bear,1096.2936706,1101.17453176,1100.07,0.85,15m holding below hour open and EMA21,t
4387,ANTHROPIC/USDT,2026-10-07 13:00:00+00,2026-10-07 13:01:07.465677+00,bear,2041.57886224,2045.5424551,2044.77,0.85,mixed 15m structure — EMA side only,t
4400,AKE/USDT,2026-10-07 13:00:00+00,2026-10-07 13:01:07.465677+00,bull,0.02800696,0.0283361,0.028094,0.85,15m holding above hour open and EMA21,t
4395,MUU/USDT,2026-10-07 13:00:00+00,2026-10-07 13:01:07.465677+00,bear,33.06884025,33.4344639,33.33,0.85,mixed 15m structure — EMA side only,t
4390,MRVL/USDT,2026-10-07 13:00:00+00,2026-10-07 13:01:07.465677+00,bear,280.983264,282.9106944,282.42,0.85,15m holding below hour open and EMA21,t
4385,MAGMA/USDT,2026-10-07 13:00:00+00,2026-10-07 13:01:07.465677+00,bull,0.21924781,0.22139047,0.21962,0.85,15m holding above hour open and EMA21,t
4383,DRAM/USDT,2026-10-07 13:00:00+00,2026-10-07 13:01:07.465677+00,bear,58.25454554,58.44418178,58.4,0.85,mixed 15m structure — EMA side only,t
4382,ORCL/USDT,2026-10-07 13:00:00+00,2026-10-07 13:01:07.465677+00,bear,142.31293901,142.7808244,142.66,0.85,mixed 15m structure — EMA side only,t
4380,INTC/USDT,2026-10-07 13:00:00+00,2026-10-07 13:01:07.465677+00,bear,111.71551137,112.65979545,112.41,0.85,15m holding below hour open and EMA21,t
4378,SNXX/USDT,2026-10-07 13:00:00+00,2026-10-07 13:01:07.465677+00,bear,14.5265666,14.64337336,14.62,0.85,mixed 15m structure — EMA side only,t
4377,VVV/USDT,2026-10-07 13:00:00+00,2026-10-07 13:01:07.465677+00,bull,26.42975569,26.64411076,26.474,0.85,mixed 15m structure — EMA side only,t
4375,SKHY/USDT,2026-10-07 13:00:00+00,2026-10-07 13:01:07.465677+00,bear,178.62307978,179.31876809,179.12,0.85,15m holding below hour open and EMA21,t
4374,CRWV/USDT,2026-10-07 13:00:00+00,2026-10-07 13:01:07.465677+00,bear,89.73950337,90.28819865,90.14,0.85,mixed 15m structure — EMA side only,t
4371,AXTI/USDT,2026-10-07 13:00:00+00,2026-10-07 13:01:07.465677+00,bear,79.63443338,80.24622665,80.12,0.85,mixed 15m structure — EMA side only,t
4368,SOXL/USDT,2026-10-07 13:00:00+00,2026-10-07 13:01:07.465677+00,bear,153.7554644,155.04581424,154.79,0.85,mixed 15m structure — EMA side only,t
4391,BZ/USDT,2026-10-07 13:00:00+00,2026-10-07 13:01:07.465677+00,bear,101.03735674,101.4750573,101.36,0.85,15m sweep of hour high then reject,t
4386,PLTR/USDT,2026-10-07 13:00:00+00,2026-10-07 13:01:07.465677+00,bull,192.04364417,192.52088959,192.11,0.85,15m sweep of hour low then reclaim,t
4381,XAG/USDT,2026-10-07 13:00:00+00,2026-10-07 13:01:07.465677+00,bear,59.39877791,59.88248883,59.78,0.85,mixed 15m structure — EMA side only,t
4376,MSTR/USDT,2026-10-07 13:00:00+00,2026-10-07 13:01:07.465677+00,bear,157.65689087,158.37524365,158.17,0.85,15m holding below hour open and EMA21,t
4373,ZHIPU/USDT,2026-10-07 13:00:00+00,2026-10-07 13:01:07.465677+00,bear,88.07144024,88.4194239,88.33,0.85,15m holding below hour open and EMA21,t
4370,BTW/USDT,2026-10-07 13:00:00+00,2026-10-07 13:01:07.465677+00,bear,1.20452633,1.21946947,1.2157,0.85,15m holding below hour open and EMA21,t
4367,ARM/USDT,2026-10-07 13:00:00+00,2026-10-07 13:01:07.465677+00,bear,293.09142131,294.38143148,294.06,0.85,mixed 15m structure — EMA side only,t
4366,CBRS/USDT,2026-10-07 13:00:00+00,2026-10-07 13:01:07.465677+00,bear,172.63329264,173.29268295,173.12,0.85,mixed 15m structure — EMA side only,t
4399,GLW/USDT,2026-10-07 13:00:00+00,2026-10-07 13:01:07.465677+00,bear,162.87614146,163.77154342,163.53,0.85,mixed 15m structure — EMA side only,t
4394,META/USDT,2026-10-07 13:00:00+00,2026-10-07 13:01:07.465677+00,bear,735.26023254,736.93990698,736.46,0.85,15m holding below hour open and EMA21,t
4389,AVGO/USDT,2026-10-07 13:00:00+00,2026-10-07 13:01:07.465677+00,bear,370.7864596,372.02941616,371.71,0.85,mixed 15m structure — EMA side only,t
4384,USELESS/USDT,2026-10-07 13:00:00+00,2026-10-07 13:01:07.465677+00,bear,0.20924044,0.21133982,0.21095,0.85,15m sweep of hour high then reject,t
4379,MINIMAX/USDT,2026-10-07 13:00:00+00,2026-10-07 13:01:07.465677+00,bear,30.10469735,30.22412106,30.19,0.85,mixed 15m structure — EMA side only,t
4372,LAB/USDT,2026-10-07 13:00:00+00,2026-10-07 13:01:07.465677+00,bear,0.04919134,0.04984347,0.04967,0.8,mixed 15m structure — EMA side only,t
4369,AMD/USDT,2026-10-07 13:00:00+00,2026-10-07 13:01:07.465677+00,bear,635.80143343,638.26342663,637.68,0.85,15m sweep of hour high then reject,t
4365,SPCX/USDT,2026-10-07 13:00:00+00,2026-10-07 13:01:07.465677+00,bear,167.60000381,168.20799847,168.08,0.8,mixed 15m structure — EMA side only,t
4364,BE/USDT,2026-10-07 13:00:00+00,2026-10-07 13:01:07.465677+00,bear,284.39187643,286.05724943,285.71,0.85,mixed 15m structure — EMA side only,t
4363,TSM/USDT,2026-10-07 13:00:00+00,2026-10-07 13:01:07.465677+00,bear,472.4331007,473.84275972,473.45,0.85,mixed 15m structure — EMA side only,t
4362,DELL/USDT,2026-10-07 13:00:00+00,2026-10-07 13:01:07.465677+00,bear,563.95236424,566.2170543,565.65,0.85,15m holding below hour open and EMA21,t
4361,BMNR/USDT,2026-10-07 13:00:00+00,2026-10-07 13:01:07.465677+00,bear,24.8779723,25.00681108,24.97,0.85,15m holding below hour open and EMA21,t
4401,BMNR/USDT,2026-10-07 13:00:00+00,2026-10-07 13:16:09.259767+00,bear,24.9001428,24.99794288,24.97,0.85,15m holding below hour open and EMA21,t
4406,CBRS/USDT,2026-10-07 13:00:00+00,2026-10-07 13:16:09.259767+00,bear,172.76760434,173.21895826,173.12,0.85,mixed 15m structure — EMA side only,t
4411,AXTI/USDT,2026-10-07 13:00:00+00,2026-10-07 13:16:09.259767+00,bear,79.72369495,80.50052202,80.44,0.85,mixed 15m structure — EMA side only,t
4416,MSTR/USDT,2026-10-07 13:00:00+00,2026-10-07 13:16:09.259767+00,bear,157.7622417,158.33310332,158.17,0.85,15m holding below hour open and EMA21,t
4421,XAG/USDT,2026-10-07 13:00:00+00,2026-10-07 13:16:09.259767+00,bear,59.47640303,59.94143879,59.9,0.85,mixed 15m structure — EMA side only,t
4426,PLTR/USDT,2026-10-07 13:00:00+00,2026-10-07 13:16:09.259767+00,bull,192.07876489,192.43308778,192.11,0.85,15m sweep of hour low then reclaim,t
4402,DELL/USDT,2026-10-07 13:00:00+00,2026-10-07 13:16:09.259767+00,bear,564.37625417,566.78749833,566.62,0.85,mixed 15m structure — EMA side only,t
4403,TSM/USDT,2026-10-07 13:00:00+00,2026-10-07 13:16:09.259767+00,bear,472.72706642,473.72517343,473.45,0.85,15m holding below hour open and EMA21,t
4407,ARM/USDT,2026-10-07 13:00:00+00,2026-10-07 13:16:09.259767+00,bear,293.3397991,294.54208036,294.35,0.85,mixed 15m structure — EMA side only,t
4408,SOXL/USDT,2026-10-07 13:00:00+00,2026-10-07 13:16:09.259767+00,bear,154.01489916,155.17204034,155,0.85,mixed 15m structure — EMA side only,t
4412,LAB/USDT,2026-10-07 13:00:00+00,2026-10-07 13:16:09.259767+00,bear,0.04932284,0.04991086,0.0498,0.85,mixed 15m structure — EMA side only,t
4413,ZHIPU/USDT,2026-10-07 13:00:00+00,2026-10-07 13:16:09.259767+00,bear,88.1417453,88.39130188,88.33,0.85,15m sweep of hour high then reject,t
4404,BE/USDT,2026-10-07 13:00:00+00,2026-10-07 13:16:09.259767+00,bear,284.69893477,286.37442609,286.15,0.85,mixed 15m structure — EMA side only,t
4409,AMD/USDT,2026-10-07 13:00:00+00,2026-10-07 13:16:09.259767+00,bear,636.31973187,638.05610725,637.68,0.85,15m holding below hour open and EMA21,t
4414,CRWV/USDT,2026-10-07 13:00:00+00,2026-10-07 13:16:09.259767+00,bull,90.00247047,90.37882382,90.11,0.85,15m holding above hour open and EMA21,t
4419,MINIMAX/USDT,2026-10-07 13:00:00+00,2026-10-07 13:16:09.259767+00,bear,30.12956653,30.22417339,30.21,0.85,mixed 15m structure — EMA side only,t
4424,USELESS/USDT,2026-10-07 13:00:00+00,2026-10-07 13:16:09.259767+00,bear,0.20961985,0.21118806,0.21095,0.85,15m sweep of hour high then reject,t
4429,AVGO/USDT,2026-10-07 13:00:00+00,2026-10-07 13:16:09.259767+00,bear,371.01830713,372.39667715,372.22,0.85,mixed 15m structure — EMA side only,t
4434,META/USDT,2026-10-07 13:00:00+00,2026-10-07 13:16:09.259767+00,bear,735.60261115,736.80295554,736.46,0.85,15m holding below hour open and EMA21,t
4439,GLW/USDT,2026-10-07 13:00:00+00,2026-10-07 13:16:09.259767+00,bear,163.02982685,164.13006926,164,0.85,mixed 15m structure — EMA side only,t
4405,SPCX/USDT,2026-10-07 13:00:00+00,2026-10-07 13:16:09.259767+00,bear,167.72506947,168.15797221,168.08,0.8,mixed 15m structure — EMA side only,t
4410,BTW/USDT,2026-10-07 13:00:00+00,2026-10-07 13:16:09.259767+00,bear,1.20757022,1.21825191,1.2164,0.85,15m sweep of hour high then reject,t
4415,SKHY/USDT,2026-10-07 13:00:00+00,2026-10-07 13:16:09.259767+00,bear,178.76907623,179.26036951,179.12,0.85,15m holding below hour open and EMA21,t
4420,INTC/USDT,2026-10-07 13:00:00+00,2026-10-07 13:16:09.259767+00,bear,111.91747309,112.57901076,112.41,0.85,15m sweep of hour high then reject,t
4425,MAGMA/USDT,2026-10-07 13:00:00+00,2026-10-07 13:16:09.259767+00,bull,0.21942326,0.22095185,0.21962,0.85,15m sweep of hour low then reclaim,t
4430,MRVL/USDT,2026-10-07 13:00:00+00,2026-10-07 13:16:09.259767+00,bear,281.35350437,283.38259825,283.11,0.85,mixed 15m structure — EMA side only,t
4435,MUU/USDT,2026-10-07 13:00:00+00,2026-10-07 13:16:09.259767+00,bear,33.13757227,33.54697109,33.5,0.85,mixed 15m structure — EMA side only,t
4440,AKE/USDT,2026-10-07 13:00:00+00,2026-10-07 13:16:09.259767+00,bear,0.02793104,0.02816898,0.028152,0.85,15m sweep of hour high then reject,t
4417,VVV/USDT,2026-10-07 13:00:00+00,2026-10-07 13:16:09.259767+00,bull,26.4371293,26.60067676,26.463,0.85,mixed 15m structure — EMA side only,t
4422,ORCL/USDT,2026-10-07 13:00:00+00,2026-10-07 13:16:09.259767+00,bear,142.40942653,142.73222939,142.66,0.85,15m sweep of hour high then reject,t
4427,ANTHROPIC/USDT,2026-10-07 13:00:00+00,2026-10-07 13:16:09.259767+00,bear,2042.37121582,2045.24551367,2044.77,0.85,mixed 15m structure — EMA side only,t
4432,LITE/USDT,2026-10-07 13:00:00+00,2026-10-07 13:16:09.259767+00,bull,1098.52502663,1102.91743343,1099.56,0.85,15m sweep of hour low then reclaim,t
4437,BULLA/USDT,2026-10-07 13:00:00+00,2026-10-07 13:16:09.259767+00,bear,0.07943384,0.08038847,0.08025,0.85,mixed 15m structure — EMA side only,t
4418,SNXX/USDT,2026-10-07 13:00:00+00,2026-10-07 13:16:09.259767+00,bear,14.55086097,14.63365561,14.62,0.85,mixed 15m structure — EMA side only,t
4423,DRAM/USDT,2026-10-07 13:00:00+00,2026-10-07 13:16:09.259767+00,bear,58.29279385,58.47888246,58.44,0.85,mixed 15m structure — EMA side only,t
4428,MVLL/USDT,2026-10-07 13:00:00+00,2026-10-07 13:16:09.259767+00,bear,40.21114174,40.8815433,40.76,0.85,mixed 15m structure — EMA side only,t
4433,COHR/USDT,2026-10-07 13:00:00+00,2026-10-07 13:16:09.259767+00,bull,328.01139667,329.26650834,328.37,0.85,15m holding above hour open and EMA21,t
4438,SOON/USDT,2026-10-07 13:00:00+00,2026-10-07 13:16:09.259767+00,bear,0.32345703,0.32689719,0.327,0.85,15m sweep of hour high then reject,t
4431,BZ/USDT,2026-10-07 13:00:00+00,2026-10-07 13:16:09.259767+00,bull,101.25713381,101.58216547,101.17,0.85,15m sweep of hour low then reclaim,t
4436,RKLB/USDT,2026-10-07 13:00:00+00,2026-10-07 13:16:09.259767+00,bear,73.1484618,73.41461528,73.44,0.85,15m sweep of hour high then reject,t
4472,LITE/USDT,2026-10-07 13:00:00+00,2026-10-07 13:31:10.857259+00,bear,1097.09866904,1100.85253238,1110.81,0.85,15m sweep of hour high then reject,t
4441,BMNR/USDT,2026-10-07 13:00:00+00,2026-10-07 13:31:10.857259+00,bear,24.91916792,24.99033283,25.01,0.85,15m sweep of hour high then reject,t
4442,DELL/USDT,2026-10-07 13:00:00+00,2026-10-07 13:31:10.857259+00,bear,564.61949538,565.95020185,566.62,0.85,15m sweep of hour high then reject,t
4443,TSM/USDT,2026-10-07 13:00:00+00,2026-10-07 13:31:10.857259+00,bear,472.91885039,474.15845984,474.08,0.85,mixed 15m structure — EMA side only,t
4444,BE/USDT,2026-10-07 13:00:00+00,2026-10-07 13:31:10.857259+00,bull,285.21647892,286.24380269,285.13,0.85,15m sweep of hour low then reclaim,t
4445,SPCX/USDT,2026-10-07 13:00:00+00,2026-10-07 13:31:10.857259+00,bull,167.91315138,168.28712155,167.51,0.85,15m sweep of hour low then reclaim,t
4446,CBRS/USDT,2026-10-07 13:00:00+00,2026-10-07 13:31:10.857259+00,bear,172.80606943,173.98357223,174.39,0.85,15m sweep of hour high then reject,t
4447,ARM/USDT,2026-10-07 13:00:00+00,2026-10-07 13:31:10.857259+00,bear,293.43395767,294.18441693,294.35,0.85,15m sweep of hour high then reject,t
4448,SOXL/USDT,2026-10-07 13:00:00+00,2026-10-07 13:31:10.857259+00,bear,154.18469359,154.86412257,155,0.85,15m sweep of hour high then reject,t
4453,ZHIPU/USDT,2026-10-07 13:00:00+00,2026-10-07 13:31:10.857259+00,bear,88.20192962,88.44722815,88.43,0.85,mixed 15m structure — EMA side only,t
4458,SNXX/USDT,2026-10-07 13:00:00+00,2026-10-07 13:31:10.857259+00,bull,14.58816198,14.66459504,14.41,0.85,15m sweep of hour low then reclaim,t
4463,DRAM/USDT,2026-10-07 13:00:00+00,2026-10-07 13:31:10.857259+00,bear,58.31524905,58.41990038,58.44,0.85,15m sweep of hour high then reject,t
4468,MVLL/USDT,2026-10-07 13:00:00+00,2026-10-07 13:31:10.857259+00,bear,40.269169,40.6483324,40.76,0.85,15m sweep of hour high then reject,t
4473,COHR/USDT,2026-10-07 13:00:00+00,2026-10-07 13:31:10.857259+00,bear,327.57807049,328.6867718,331.21,0.85,15m sweep of hour high then reject,t
4478,SOON/USDT,2026-10-07 13:00:00+00,2026-10-07 13:31:10.857259+00,bear,0.32429137,0.32626345,0.327,0.85,15m sweep of hour high then reject,t
4449,AMD/USDT,2026-10-07 13:00:00+00,2026-10-07 13:31:10.857259+00,bear,636.62455765,637.93417694,637.86,0.85,15m sweep of hour high then reject,t
4454,CRWV/USDT,2026-10-07 13:00:00+00,2026-10-07 13:31:10.857259+00,bear,89.88533586,90.19986566,90.47,0.85,15m sweep of hour high then reject,t
4459,MINIMAX/USDT,2026-10-07 13:00:00+00,2026-10-07 13:31:10.857259+00,bear,30.15211631,30.22515348,30.21,0.85,mixed 15m structure — EMA side only,t
4464,USELESS/USDT,2026-10-07 13:00:00+00,2026-10-07 13:31:10.857259+00,bear,0.21002214,0.21102714,0.21095,0.85,15m sweep of hour high then reject,t
4469,AVGO/USDT,2026-10-07 13:00:00+00,2026-10-07 13:31:10.857259+00,bull,371.45964501,372.16088746,371.41,0.85,15m sweep of hour low then reclaim,t
4474,META/USDT,2026-10-07 13:00:00+00,2026-10-07 13:31:10.857259+00,bear,735.71220856,736.75911658,739.02,0.85,15m sweep of hour high then reject,t
4479,GLW/USDT,2026-10-07 13:00:00+00,2026-10-07 13:31:10.857259+00,bear,163.1156239,163.62575044,164,0.85,15m sweep of hour high then reject,t
4450,BTW/USDT,2026-10-07 13:00:00+00,2026-10-07 13:31:10.857259+00,bear,1.21020284,1.21719886,1.2164,0.85,15m sweep of hour high then reject,t
4455,SKHY/USDT,2026-10-07 13:00:00+00,2026-10-07 13:31:10.857259+00,bear,178.84239676,179.23104129,179.12,0.85,15m holding below hour open and EMA21,t
4460,INTC/USDT,2026-10-07 13:00:00+00,2026-10-07 13:31:10.857259+00,bear,112.03797406,112.71081038,112.65,0.85,mixed 15m structure — EMA side only,t
4465,MAGMA/USDT,2026-10-07 13:00:00+00,2026-10-07 13:31:10.857259+00,bull,0.2192744,0.220574,0.21918,0.85,15m sweep of hour low then reclaim,t
4470,MRVL/USDT,2026-10-07 13:00:00+00,2026-10-07 13:31:10.857259+00,bear,281.51601636,282.69759346,283.11,0.85,15m sweep of hour high then reject,t
4475,MUU/USDT,2026-10-07 13:00:00+00,2026-10-07 13:31:10.857259+00,bear,33.19113768,33.38554493,33.5,0.85,15m sweep of hour high then reject,t
4480,AKE/USDT,2026-10-07 13:00:00+00,2026-10-07 13:31:10.857259+00,bear,0.0279894,0.02814564,0.028152,0.85,15m sweep of hour high then reject,t
4451,AXTI/USDT,2026-10-07 13:00:00+00,2026-10-07 13:31:10.857259+00,bear,79.76492272,80.09403091,80.44,0.85,15m sweep of hour high then reject,t
4456,MSTR/USDT,2026-10-07 13:00:00+00,2026-10-07 13:31:10.857259+00,bear,157.8814002,158.28543992,158.17,0.85,15m holding below hour open and EMA21,t
4461,XAG/USDT,2026-10-07 13:00:00+00,2026-10-07 13:31:10.857259+00,bear,59.55090791,59.85163683,59.9,0.85,15m sweep of hour high then reject,t
4466,PLTR/USDT,2026-10-07 13:00:00+00,2026-10-07 13:31:10.857259+00,bull,192.10260375,192.37349063,191.92,0.85,15m sweep of hour low then reclaim,t
4471,BZ/USDT,2026-10-07 13:00:00+00,2026-10-07 13:31:10.857259+00,bull,101.28490659,101.51273352,101.17,0.85,15m sweep of hour low then reclaim,t
4476,RKLB/USDT,2026-10-07 13:00:00+00,2026-10-07 13:31:10.857259+00,bear,73.17568057,73.36372777,73.44,0.85,15m sweep of hour high then reject,t
4452,LAB/USDT,2026-10-07 13:00:00+00,2026-10-07 13:31:10.857259+00,bear,0.04943945,0.04973422,0.0498,0.85,15m sweep of hour high then reject,t
4457,VVV/USDT,2026-10-07 13:00:00+00,2026-10-07 13:31:10.857259+00,bear,26.42533896,26.52426441,26.524,0.85,15m sweep of hour high then reject,t
4462,ORCL/USDT,2026-10-07 13:00:00+00,2026-10-07 13:31:10.857259+00,bear,142.47554795,142.70578082,142.88,0.85,15m sweep of hour high then reject,t
4467,ANTHROPIC/USDT,2026-10-07 13:00:00+00,2026-10-07 13:31:10.857259+00,bear,2043.01676942,2045.45729223,2045.2,0.85,mixed 15m structure — EMA side only,t
4477,BULLA/USDT,2026-10-07 13:00:00+00,2026-10-07 13:31:10.857259+00,bear,0.0796805,0.0802698,0.08025,0.85,mixed 15m structure — EMA side only,t
4512,LITE/USDT,2026-10-07 14:00:00+00,2026-10-07 14:02:49.284485+00,bear,1093.16217518,1102.62312993,1101.49,0.85,15m sweep of hour high then reject,t
4481,BMNR/USDT,2026-10-07 14:00:00+00,2026-10-07 14:02:49.284485+00,bear,24.72906457,24.89837417,24.88,0.85,15m sweep of hour high then reject,t
4482,DELL/USDT,2026-10-07 14:00:00+00,2026-10-07 14:02:49.284485+00,bull,575.52558988,581.85102531,575.31,0.85,15m sweep of hour low then reclaim,t
4483,TSM/USDT,2026-10-07 14:00:00+00,2026-10-07 14:02:49.284485+00,bear,473.03647296,474.74941082,474.53,0.85,15m sweep of hour high then reject,t
4484,BE/USDT,2026-10-07 14:00:00+00,2026-10-07 14:02:49.284485+00,bull,290.14930107,294.19674733,290.65,0.85,mixed 15m structure — EMA side only,t
4485,SPCX/USDT,2026-10-07 14:00:00+00,2026-10-07 14:02:49.284485+00,bear,168.07649174,168.9914033,169.19,0.85,15m sweep of hour high then reject,t
4489,AMD/USDT,2026-10-07 14:00:00+00,2026-10-07 14:02:49.284485+00,bear,638.0501484,641.35394064,640.98,0.85,15m sweep of hour high then reject,t
4490,BTW/USDT,2026-10-07 14:00:00+00,2026-10-07 14:02:49.284485+00,bear,1.19132829,1.20616868,1.2026,0.85,mixed 15m structure — EMA side only,t
4493,ZHIPU/USDT,2026-10-07 14:00:00+00,2026-10-07 14:02:49.284485+00,bear,88.10003322,88.44998671,88.36,0.85,15m sweep of hour high then reject,t
4494,CRWV/USDT,2026-10-07 14:00:00+00,2026-10-07 14:02:49.284485+00,bear,89.48285282,90.27685887,90.1,0.85,15m sweep of hour high then reject,t
4498,SNXX/USDT,2026-10-07 14:00:00+00,2026-10-07 14:02:49.284485+00,bull,15.14136192,15.34659519,15.19,0.85,15m sweep of hour low then reclaim,t
4499,MINIMAX/USDT,2026-10-07 14:00:00+00,2026-10-07 14:02:49.284485+00,bear,30.07934632,30.19226147,30.16,0.85,15m holding below hour open and EMA21,t
4507,ANTHROPIC/USDT,2026-10-07 14:00:00+00,2026-10-07 14:02:49.284485+00,bear,2044.43025067,2047.91589973,2047.06,0.85,mixed 15m structure — EMA side only,t
4486,CBRS/USDT,2026-10-07 14:00:00+00,2026-10-07 14:02:49.284485+00,bear,173.81191038,174.88723585,174.68,0.85,15m sweep of hour high then reject,t
4495,SKHY/USDT,2026-10-07 14:00:00+00,2026-10-07 14:02:49.284485+00,bear,178.02425684,178.95429727,179.13,0.85,15m sweep of hour high then reject,t
4500,INTC/USDT,2026-10-07 14:00:00+00,2026-10-07 14:02:49.284485+00,bull,113.37349224,114.67126939,113.56,0.85,mixed 15m structure — EMA side only,t
4487,ARM/USDT,2026-10-07 14:00:00+00,2026-10-07 14:02:49.284485+00,bull,297.46757849,301.77605378,298,0.85,mixed 15m structure — EMA side only,t
4496,MSTR/USDT,2026-10-07 14:00:00+00,2026-10-07 14:02:49.284485+00,bear,155.92052024,157.0397919,156.91,0.85,15m sweep of hour high then reject,t
4501,XAG/USDT,2026-10-07 14:00:00+00,2026-10-07 14:02:49.284485+00,bear,59.45141314,59.81343475,59.8,0.85,15m sweep of hour high then reject,t
4505,MAGMA/USDT,2026-10-07 14:00:00+00,2026-10-07 14:02:49.284485+00,bear,0.21666797,0.21907881,0.21839,0.85,15m holding below hour open and EMA21,t
4510,MRVL/USDT,2026-10-07 14:00:00+00,2026-10-07 14:02:49.284485+00,bear,281.7110493,284.95758028,284.34,0.85,15m sweep of hour high then reject,t
4515,MUU/USDT,2026-10-07 14:00:00+00,2026-10-07 14:02:49.284485+00,bull,34.06648565,34.56878587,34.19,0.85,15m sweep of hour low then reclaim,t
4519,GLW/USDT,2026-10-07 14:00:00+00,2026-10-07 14:02:49.284485+00,bear,163.5487283,165.03450868,164.69,0.85,15m sweep of hour high then reject,t
4488,SOXL/USDT,2026-10-07 14:00:00+00,2026-10-07 14:02:49.284485+00,bear,153.5102534,155.25989864,154.84,0.85,15m sweep of hour high then reject,t
4491,AXTI/USDT,2026-10-07 14:00:00+00,2026-10-07 14:02:49.284485+00,bear,80.55885432,81.48445827,81.34,0.85,15m sweep of hour high then reject,t
4492,LAB/USDT,2026-10-07 14:00:00+00,2026-10-07 14:02:49.284485+00,bear,0.04935517,0.04994993,0.04979,0.85,15m sweep of hour high then reject,t
4497,VVV/USDT,2026-10-07 14:00:00+00,2026-10-07 14:02:49.284485+00,bear,26.13881723,26.36447311,26.307,0.85,15m sweep of hour high then reject,t
4502,ORCL/USDT,2026-10-07 14:00:00+00,2026-10-07 14:02:49.284485+00,bull,142.86590416,144.0952396,143.04,0.85,mixed 15m structure — EMA side only,t
4503,DRAM/USDT,2026-10-07 14:00:00+00,2026-10-07 14:02:49.284485+00,bear,58.4417237,58.69131052,58.74,0.85,15m sweep of hour high then reject,t
4504,USELESS/USDT,2026-10-07 14:00:00+00,2026-10-07 14:02:49.284485+00,bear,0.20731313,0.20963275,0.20931,0.85,15m sweep of hour high then reject,t
4506,PLTR/USDT,2026-10-07 14:00:00+00,2026-10-07 14:02:49.284485+00,bear,191.4667415,192.1713034,192.01,0.85,15m sweep of hour high then reject,t
4509,AVGO/USDT,2026-10-07 14:00:00+00,2026-10-07 14:02:49.284485+00,bear,370.76992995,372.50602802,372.01,0.85,15m holding below hour open and EMA21,t
4508,MVLL/USDT,2026-10-07 14:00:00+00,2026-10-07 14:02:49.284485+00,bear,40.32732766,41.32506893,41.12,0.85,15m sweep of hour high then reject,t
4513,COHR/USDT,2026-10-07 14:00:00+00,2026-10-07 14:02:49.284485+00,bear,320.53041102,323.79183559,323.24,0.85,15m sweep of hour high then reject,t
4511,BZ/USDT,2026-10-07 14:00:00+00,2026-10-07 14:02:49.284485+00,bear,101.21069781,101.71372088,101.57,0.85,15m holding below hour open and EMA21,t
4520,AKE/USDT,2026-10-07 14:00:00+00,2026-10-07 14:02:49.284485+00,bear,0.02784134,0.02817826,0.028109,0.85,15m sweep of hour high then reject,t
4514,META/USDT,2026-10-07 14:00:00+00,2026-10-07 14:02:49.284485+00,bear,721.68564418,725.17774233,724.39,0.85,15m sweep of hour high then reject,t
4518,SOON/USDT,2026-10-07 14:00:00+00,2026-10-07 14:02:49.284485+00,bear,0.31930471,0.32335812,0.3227,0.85,mixed 15m structure — EMA side only,t
4516,RKLB/USDT,2026-10-07 14:00:00+00,2026-10-07 14:02:49.284485+00,bear,71.42384268,72.00646293,71.92,0.85,15m sweep of hour high then reject,t
4517,BULLA/USDT,2026-10-07 14:00:00+00,2026-10-07 14:02:49.284485+00,bear,0.08009092,0.08119563,0.08088,0.85,15m holding below hour open and EMA21,t
4559,BEAT/USDT,2026-10-07 14:00:00+00,2026-10-07 14:15:46.99756+00,bear,0.08283027,0.08432789,0.0841,0.85,mixed 15m structure — EMA side only,t
4558,MRVL/USDT,2026-10-07 14:00:00+00,2026-10-07 14:15:46.99756+00,bear,282.24929168,284.74228333,284.34,0.85,15m sweep of hour high then reject,t
4557,PLTR/USDT,2026-10-07 14:00:00+00,2026-10-07 14:15:46.99756+00,bear,191.5426629,192.14093484,192.01,0.85,15m sweep of hour high then reject,t
4552,AVGO/USDT,2026-10-07 14:00:00+00,2026-10-07 14:15:46.99756+00,bear,371.02745692,372.40301723,372.02,0.85,15m holding below hour open and EMA21,t
4547,XAU/USDT,2026-10-07 14:00:00+00,2026-10-07 14:15:46.99756+00,bear,4094.86636236,4109.21145505,4106.46,0.85,mixed 15m structure — EMA side only,t
4542,XAG/USDT,2026-10-07 14:00:00+00,2026-10-07 14:15:46.99756+00,bear,59.5160421,59.78758316,59.8,0.85,15m sweep of hour high then reject,t
4537,CBRS/USDT,2026-10-07 14:00:00+00,2026-10-07 14:15:46.99756+00,bear,174.00504566,174.80998174,174.68,0.85,15m sweep of hour high then reject,t
4532,SKHY/USDT,2026-10-07 14:00:00+00,2026-10-07 14:15:46.99756+00,bear,178.12816164,179.97273535,179.76,0.85,mixed 15m structure — EMA side only,t
4556,INTC/USDT,2026-10-07 14:00:00+00,2026-10-07 14:15:46.99756+00,bull,113.62829552,114.5092612,113.56,0.85,15m sweep of hour low then reclaim,t
4551,MVLL/USDT,2026-10-07 14:00:00+00,2026-10-07 14:15:46.99756+00,bear,40.48825638,41.26069745,41.12,0.85,15m sweep of hour high then reject,t
4546,DRAM/USDT,2026-10-07 14:00:00+00,2026-10-07 14:15:46.99756+00,bull,58.5599891,58.77002726,58.58,0.85,15m sweep of hour low then reclaim,t
4541,LITE/USDT,2026-10-07 14:00:00+00,2026-10-07 14:15:46.99756+00,bear,1094.95038791,1101.90784484,1101.49,0.85,15m sweep of hour high then reject,t
4536,MINIMAX/USDT,2026-10-07 14:00:00+00,2026-10-07 14:15:46.99756+00,bear,30.1018936,30.18324256,30.16,0.85,15m holding below hour open and EMA21,t
4531,AXTI/USDT,2026-10-07 14:00:00+00,2026-10-07 14:15:46.99756+00,bear,80.73741413,81.41303435,81.34,0.85,15m sweep of hour high then reject,t
4526,BTW/USDT,2026-10-07 14:00:00+00,2026-10-07 14:15:46.99756+00,bear,1.19386543,1.20455383,1.2026,0.85,15m sweep of hour high then reject,t
4521,BMNR/USDT,2026-10-07 14:00:00+00,2026-10-07 14:15:46.99756+00,bear,24.75242645,24.88902942,24.88,0.85,15m sweep of hour high then reject,t
4560,FLUX/USDT,2026-10-07 14:00:00+00,2026-10-07 14:15:46.99756+00,bull,0.07956596,0.08086511,0.07983,0.85,mixed 15m structure — EMA side only,t
4555,SOXS/USDT,2026-10-07 14:00:00+00,2026-10-07 14:15:46.99756+00,bull,31.27038653,31.64403369,31.34,0.85,mixed 15m structure — EMA side only,t
4550,ORCL/USDT,2026-10-07 14:00:00+00,2026-10-07 14:15:46.99756+00,bull,142.98626494,143.96933764,143.04,0.85,mixed 15m structure — EMA side only,t
4545,COHR/USDT,2026-10-07 14:00:00+00,2026-10-07 14:15:46.99756+00,bear,321.14684168,323.54526333,323.24,0.85,15m sweep of hour high then reject,t
4540,ANTHROPIC/USDT,2026-10-07 14:00:00+00,2026-10-07 14:15:46.99756+00,bear,2044.86347678,2049.04260929,2049.79,0.85,15m sweep of hour high then reject,t
4535,RKLB/USDT,2026-10-07 14:00:00+00,2026-10-07 14:15:46.99756+00,bear,71.50884294,72.02246282,71.94,0.85,mixed 15m structure — EMA side only,t
4530,ZHIPU/USDT,2026-10-07 14:00:00+00,2026-10-07 14:15:46.99756+00,bear,88.16155595,88.42537762,88.36,0.85,15m sweep of hour high then reject,t
4525,SPCX/USDT,2026-10-07 14:00:00+00,2026-10-07 14:15:46.99756+00,bear,168.22436289,168.93225484,169.19,0.85,15m sweep of hour high then reject,t
4553,AKE/USDT,2026-10-07 14:00:00+00,2026-10-07 14:15:46.99756+00,bear,0.02790033,0.02815467,0.028109,0.85,15m sweep of hour high then reject,t
4548,BZ/USDT,2026-10-07 14:00:00+00,2026-10-07 14:15:46.99756+00,bull,101.32200011,101.83999973,101.26,0.85,15m sweep of hour low then reclaim,t
4543,SOON/USDT,2026-10-07 14:00:00+00,2026-10-07 14:15:46.99756+00,bear,0.31997482,0.32309007,0.3227,0.85,15m sweep of hour high then reject,t
4538,MSTR/USDT,2026-10-07 14:00:00+00,2026-10-07 14:15:46.99756+00,bear,156.10780584,156.96487767,156.91,0.85,15m sweep of hour high then reject,t
4533,DELL/USDT,2026-10-07 14:00:00+00,2026-10-07 14:15:46.99756+00,bull,577.39328581,581.23178547,575.31,0.85,15m sweep of hour low then reclaim,t
4528,AMD/USDT,2026-10-07 14:00:00+00,2026-10-07 14:15:46.99756+00,bear,638.68687847,641.09924861,640.98,0.85,15m sweep of hour high then reject,t
4523,ARM/USDT,2026-10-07 14:00:00+00,2026-10-07 14:15:46.99756+00,bull,296.97669337,301.32826658,297.37,0.85,mixed 15m structure — EMA side only,t
4554,BULLA/USDT,2026-10-07 14:00:00+00,2026-10-07 14:15:46.99756+00,bear,0.08028226,0.0811791,0.08094,0.85,mixed 15m structure — EMA side only,t
4549,GLW/USDT,2026-10-07 14:00:00+00,2026-10-07 14:15:46.99756+00,bear,163.77925314,164.94229874,164.69,0.85,15m sweep of hour high then reject,t
4544,USELESS/USDT,2026-10-07 14:00:00+00,2026-10-07 14:15:46.99756+00,bear,0.2077025,0.209477,0.20931,0.85,15m sweep of hour high then reject,t
4539,SNXX/USDT,2026-10-07 14:00:00+00,2026-10-07 14:15:46.99756+00,bull,15.15357602,15.31605996,15.19,0.85,15m sweep of hour low then reclaim,t
4534,VVV/USDT,2026-10-07 14:00:00+00,2026-10-07 14:15:46.99756+00,bear,26.17726087,26.34909565,26.307,0.85,15m sweep of hour high then reject,t
4529,LAB/USDT,2026-10-07 14:00:00+00,2026-10-07 14:15:46.99756+00,bear,0.04946419,0.04990633,0.04979,0.85,15m sweep of hour high then reject,t
4524,BE/USDT,2026-10-07 14:00:00+00,2026-10-07 14:15:46.99756+00,bull,290.73484055,293.75789863,290.65,0.85,15m sweep of hour low then reclaim,t
4527,SOXL/USDT,2026-10-07 14:00:00+00,2026-10-07 14:15:46.99756+00,bear,153.75725337,155.37109865,155.05,0.85,mixed 15m structure — EMA side only,t
4522,TSM/USDT,2026-10-07 14:00:00+00,2026-10-07 14:15:46.99756+00,bear,473.29982165,474.89407134,474.53,0.85,mixed 15m structure — EMA side only,t
4565,SPCX/USDT,2026-10-07 14:00:00+00,2026-10-07 14:30:50.02363+00,bear,168.40816512,168.85873395,169.19,0.85,15m sweep of hour high then reject,t
4588,BZ/USDT,2026-10-07 14:00:00+00,2026-10-07 14:30:50.02363+00,bear,101.39867874,101.63852851,101.57,0.85,15m holding below hour open and EMA21,t
4583,SOON/USDT,2026-10-07 14:00:00+00,2026-10-07 14:30:50.02363+00,bear,0.32080394,0.32275843,0.3227,0.85,15m sweep of hour high then reject,t
4578,MSTR/USDT,2026-10-07 14:00:00+00,2026-10-07 14:30:50.02363+00,bear,156.31920123,156.88031951,156.91,0.85,15m sweep of hour high then reject,t
4573,DELL/USDT,2026-10-07 14:00:00+00,2026-10-07 14:30:50.02363+00,bull,577.75852455,580.31868863,575.31,0.85,15m sweep of hour low then reclaim,t
4597,PLTR/USDT,2026-10-07 14:00:00+00,2026-10-07 14:30:50.02363+00,bear,191.69338656,192.08064538,192.01,0.85,15m sweep of hour high then reject,t
4592,AVGO/USDT,2026-10-07 14:00:00+00,2026-10-07 14:30:50.02363+00,bear,371.38458048,372.46016781,372.23,0.85,mixed 15m structure — EMA side only,t
4587,XAU/USDT,2026-10-07 14:00:00+00,2026-10-07 14:30:50.02363+00,bear,4098.01255765,4108.14297694,4107.52,0.85,mixed 15m structure — EMA side only,t
4582,XAG/USDT,2026-10-07 14:00:00+00,2026-10-07 14:30:50.02363+00,bear,59.58389511,59.85044196,59.84,0.85,mixed 15m structure — EMA side only,t
4577,CBRS/USDT,2026-10-07 14:00:00+00,2026-10-07 14:30:50.02363+00,bear,174.21200445,174.72719822,174.68,0.85,15m sweep of hour high then reject,t
4572,SKHY/USDT,2026-10-07 14:00:00+00,2026-10-07 14:30:50.02363+00,bear,178.31080244,180.13967902,180.19,0.85,15m sweep of hour high then reject,t
4596,INTC/USDT,2026-10-07 14:00:00+00,2026-10-07 14:30:50.02363+00,bull,113.71656866,114.28857836,113.56,0.85,15m sweep of hour low then reclaim,t
4591,MVLL/USDT,2026-10-07 14:00:00+00,2026-10-07 14:30:50.02363+00,bull,40.83499206,41.42751986,39.96,0.85,15m sweep of hour low then reclaim,t
4586,DRAM/USDT,2026-10-07 14:00:00+00,2026-10-07 14:30:50.02363+00,bull,58.57375039,58.73562402,58.58,0.85,15m sweep of hour low then reclaim,t
4581,LITE/USDT,2026-10-07 14:00:00+00,2026-10-07 14:30:50.02363+00,bull,1098.45858653,1103.57353368,1094.45,0.85,15m sweep of hour low then reclaim,t
4576,MINIMAX/USDT,2026-10-07 14:00:00+00,2026-10-07 14:30:50.02363+00,bear,30.1231008,30.17475968,30.16,0.85,15m holding below hour open and EMA21,t
4571,AXTI/USDT,2026-10-07 14:00:00+00,2026-10-07 14:30:50.02363+00,bull,81.08397398,81.56006506,80.45,0.85,15m sweep of hour low then reclaim,t
4600,FLUX/USDT,2026-10-07 14:00:00+00,2026-10-07 14:30:50.02363+00,bull,0.07961113,0.08057716,0.07964,0.85,mixed 15m structure — EMA side only,t
4595,SOXS/USDT,2026-10-07 14:00:00+00,2026-10-07 14:30:50.02363+00,bear,31.26459819,31.48216072,31.67,0.85,15m sweep of hour high then reject,t
4590,ORCL/USDT,2026-10-07 14:00:00+00,2026-10-07 14:30:50.02363+00,bull,143.05934973,143.83662568,143.04,0.85,15m sweep of hour low then reclaim,t
4585,COHR/USDT,2026-10-07 14:00:00+00,2026-10-07 14:30:50.02363+00,bear,321.61143771,324.39942492,324,0.85,mixed 15m structure — EMA side only,t
4580,ANTHROPIC/USDT,2026-10-07 14:00:00+00,2026-10-07 14:30:50.02363+00,bear,2045.4671761,2047.15112956,2049.79,0.85,15m sweep of hour high then reject,t
4575,RKLB/USDT,2026-10-07 14:00:00+00,2026-10-07 14:30:50.02363+00,bear,71.62849801,71.9646008,72.01,0.85,15m sweep of hour high then reject,t
4570,ZHIPU/USDT,2026-10-07 14:00:00+00,2026-10-07 14:30:50.02363+00,bear,88.22823702,88.39870519,88.36,0.85,15m holding below hour open and EMA21,t
4599,BEAT/USDT,2026-10-07 14:00:00+00,2026-10-07 14:30:50.02363+00,bear,0.08321457,0.08417417,0.0841,0.85,15m sweep of hour high then reject,t
4594,BULLA/USDT,2026-10-07 14:00:00+00,2026-10-07 14:30:50.02363+00,bear,0.08049465,0.08103414,0.08094,0.85,15m sweep of hour high then reject,t
4589,GLW/USDT,2026-10-07 14:00:00+00,2026-10-07 14:30:50.02363+00,bull,164.3931484,165.15212901,163.34,0.85,15m sweep of hour low then reclaim,t
4584,USELESS/USDT,2026-10-07 14:00:00+00,2026-10-07 14:30:50.02363+00,bear,0.20814543,0.20929983,0.20931,0.85,15m sweep of hour high then reject,t
4579,SNXX/USDT,2026-10-07 14:00:00+00,2026-10-07 14:30:50.02363+00,bull,15.16216134,15.29459664,15.19,0.85,15m sweep of hour low then reclaim,t
4574,VVV/USDT,2026-10-07 14:00:00+00,2026-10-07 14:30:50.02363+00,bear,26.21273649,26.3349054,26.307,0.85,15m sweep of hour high then reject,t
4569,LAB/USDT,2026-10-07 14:00:00+00,2026-10-07 14:30:50.02363+00,bear,0.04957521,0.04986192,0.04979,0.85,15m sweep of hour high then reject,t
4568,AMD/USDT,2026-10-07 14:00:00+00,2026-10-07 14:30:50.02363+00,bull,639.94617943,641.56955143,638.66,0.85,15m sweep of hour low then reclaim,t
4567,SOXL/USDT,2026-10-07 14:00:00+00,2026-10-07 14:30:50.02363+00,bull,154.47752941,155.46617649,153.5,0.85,15m sweep of hour low then reclaim,t
4566,BTW/USDT,2026-10-07 14:00:00+00,2026-10-07 14:30:50.02363+00,bear,1.19616098,1.21463561,1.2125,0.85,mixed 15m structure — EMA side only,t
4564,BE/USDT,2026-10-07 14:00:00+00,2026-10-07 14:30:50.02363+00,bull,290.67422034,293.28444915,290.65,0.85,15m sweep of hour low then reclaim,t
4563,ARM/USDT,2026-10-07 14:00:00+00,2026-10-07 14:30:50.02363+00,bull,297.13642447,300.82893883,297.3,0.85,mixed 15m structure — EMA side only,t
4562,TSM/USDT,2026-10-07 14:00:00+00,2026-10-07 14:30:50.02363+00,bull,473.99717012,474.91707469,473.4,0.85,15m sweep of hour low then reclaim,t
4593,AKE/USDT,2026-10-07 14:00:00+00,2026-10-07 14:30:50.02363+00,bear,0.02796708,0.02812797,0.028109,0.85,15m sweep of hour high then reject,t
4598,MRVL/USDT,2026-10-07 14:00:00+00,2026-10-07 14:30:50.02363+00,bull,283.34409127,285.26977182,280.46,0.85,15m sweep of hour low then reclaim,t
4561,BMNR/USDT,2026-10-07 14:00:00+00,2026-10-07 14:30:50.02363+00,bear,24.78681161,24.87527536,24.88,0.85,15m sweep of hour high then reject,t
4615,RKLB/USDT,2026-10-07 14:00:00+00,2026-10-07 14:45:48.691977+00,bear,71.73321336,71.88271465,72.01,0.85,15m sweep of hour high then reject,t
4622,XAG/USDT,2026-10-07 14:00:00+00,2026-10-07 14:45:48.691977+00,bear,59.6498263,59.86406948,59.87,0.85,mixed 15m structure — EMA side only,t
4602,TSM/USDT,2026-10-07 14:00:00+00,2026-10-07 14:45:48.691977+00,bull,474.1328647,474.57783825,473.4,0.85,15m sweep of hour low then reclaim,t
4607,SOXL/USDT,2026-10-07 14:00:00+00,2026-10-07 14:45:48.691977+00,bear,154.4254002,156.45383992,156.81,0.85,15m sweep of hour high then reject,t
4612,SKHY/USDT,2026-10-07 14:00:00+00,2026-10-07 14:45:48.691977+00,bear,178.49206899,180.1071724,180.25,0.85,15m sweep of hour high then reject,t
4611,AXTI/USDT,2026-10-07 14:00:00+00,2026-10-07 14:45:48.691977+00,bull,81.05470935,81.38322664,80.45,0.85,15m sweep of hour low then reclaim,t
4631,MVLL/USDT,2026-10-07 14:00:00+00,2026-10-07 14:45:48.691977+00,bull,40.86645345,41.22386636,39.96,0.85,15m sweep of hour low then reclaim,t
4636,INTC/USDT,2026-10-07 14:00:00+00,2026-10-07 14:45:48.691977+00,bull,113.79984973,114.08037567,113.56,0.85,15m sweep of hour low then reclaim,t
4603,ARM/USDT,2026-10-07 14:00:00+00,2026-10-07 14:45:48.691977+00,bull,297.95314707,300.38713232,297.3,0.85,15m sweep of hour low then reclaim,t
4608,AMD/USDT,2026-10-07 14:00:00+00,2026-10-07 14:45:48.691977+00,bull,640.18267616,640.97830959,638.66,0.85,15m sweep of hour low then reclaim,t
4613,DELL/USDT,2026-10-07 14:00:00+00,2026-10-07 14:45:48.691977+00,bull,576.06800783,579.39498043,575.31,0.85,15m sweep of hour low then reclaim,t
4620,ANTHROPIC/USDT,2026-10-07 14:00:00+00,2026-10-07 14:45:48.691977+00,bear,2046.11038533,2046.89384587,2049.79,0.85,15m sweep of hour high then reject,t
4627,XAU/USDT,2026-10-07 14:00:00+00,2026-10-07 14:45:48.691977+00,bear,4100.88311605,4110.40475358,4109.38,0.85,mixed 15m structure — EMA side only,t
4604,BE/USDT,2026-10-07 14:00:00+00,2026-10-07 14:45:48.691977+00,bear,292.00318432,292.65672627,292.66,0.85,15m sweep of hour high then reject,t
4609,LAB/USDT,2026-10-07 14:00:00+00,2026-10-07 14:45:48.691977+00,bear,0.04967981,0.04982008,0.04979,0.85,15m sweep of hour high then reject,t
4617,CBRS/USDT,2026-10-07 14:00:00+00,2026-10-07 14:45:48.691977+00,bear,174.39776993,174.65289203,174.68,0.85,15m sweep of hour high then reject,t
4632,AVGO/USDT,2026-10-07 14:00:00+00,2026-10-07 14:45:48.691977+00,bear,371.71498379,372.37800648,372.27,0.85,mixed 15m structure — EMA side only,t
4637,PLTR/USDT,2026-10-07 14:00:00+00,2026-10-07 14:45:48.691977+00,bear,191.83809019,192.02276392,192.01,0.85,15m sweep of hour high then reject,t
4605,SPCX/USDT,2026-10-07 14:00:00+00,2026-10-07 14:45:48.691977+00,bear,168.57732666,168.79106933,169.19,0.85,15m sweep of hour high then reject,t
4610,ZHIPU/USDT,2026-10-07 14:00:00+00,2026-10-07 14:45:48.691977+00,bull,88.3264583,88.40885424,88.18,0.85,15m sweep of hour low then reclaim,t
4634,BULLA/USDT,2026-10-07 14:00:00+00,2026-10-07 14:45:48.691977+00,bear,0.08069691,0.08103324,0.08097,0.85,mixed 15m structure — EMA side only,t
4639,BEAT/USDT,2026-10-07 14:00:00+00,2026-10-07 14:45:48.691977+00,bear,0.0835748,0.08403008,0.0841,0.85,mixed 15m structure — EMA side only,t
4618,MSTR/USDT,2026-10-07 14:00:00+00,2026-10-07 14:45:48.691977+00,bear,156.524397,156.7982412,156.91,0.85,15m sweep of hour high then reject,t
4625,COHR/USDT,2026-10-07 14:00:00+00,2026-10-07 14:45:48.691977+00,bear,322.22529251,323.113883,324,0.85,15m sweep of hour high then reject,t
4629,GLW/USDT,2026-10-07 14:00:00+00,2026-10-07 14:45:48.691977+00,bull,164.5073689,164.86657775,163.34,0.85,15m sweep of hour low then reclaim,t
4614,VVV/USDT,2026-10-07 14:00:00+00,2026-10-07 14:45:48.691977+00,bear,26.25319373,26.31872251,26.307,0.85,15m sweep of hour high then reject,t
4621,LITE/USDT,2026-10-07 14:00:00+00,2026-10-07 14:45:48.691977+00,bull,1099.2323866,1101.63903349,1094.45,0.85,15m sweep of hour low then reclaim,t
4628,BZ/USDT,2026-10-07 14:00:00+00,2026-10-07 14:45:48.691977+00,bull,101.49706891,101.65232773,101.26,0.85,15m sweep of hour low then reclaim,t
4633,AKE/USDT,2026-10-07 14:00:00+00,2026-10-07 14:45:48.691977+00,bear,0.02802583,0.02810447,0.028109,0.85,15m sweep of hour high then reject,t
4638,MRVL/USDT,2026-10-07 14:00:00+00,2026-10-07 14:45:48.691977+00,bull,283.43474238,284.61814406,280.46,0.85,15m sweep of hour low then reclaim,t
4616,MINIMAX/USDT,2026-10-07 14:00:00+00,2026-10-07 14:45:48.691977+00,bear,30.1421718,30.16713128,30.16,0.85,mixed 15m structure — EMA side only,t
4623,SOON/USDT,2026-10-07 14:00:00+00,2026-10-07 14:45:48.691977+00,bear,0.32154022,0.32246391,0.3227,0.85,15m sweep of hour high then reject,t
4619,SNXX/USDT,2026-10-07 14:00:00+00,2026-10-07 14:45:48.691977+00,bull,15.18048205,15.24879487,15.19,0.85,15m sweep of hour low then reclaim,t
4626,DRAM/USDT,2026-10-07 14:00:00+00,2026-10-07 14:45:48.691977+00,bull,58.59527697,58.68180758,58.58,0.85,15m sweep of hour low then reclaim,t
4630,ORCL/USDT,2026-10-07 14:00:00+00,2026-10-07 14:45:48.691977+00,bull,143.30596237,143.72009407,143.04,0.85,15m sweep of hour low then reclaim,t
4606,BTW/USDT,2026-10-07 14:00:00+00,2026-10-07 14:45:48.691977+00,bear,1.19890974,1.2137361,1.2139,0.85,mixed 15m structure — EMA side only,t
4635,SOXS/USDT,2026-10-07 14:00:00+00,2026-10-07 14:45:48.691977+00,bear,31.3464563,31.44941748,31.67,0.85,15m sweep of hour high then reject,t
4640,FLUX/USDT,2026-10-07 14:00:00+00,2026-10-07 14:45:48.691977+00,bull,0.07980553,0.08031617,0.07964,0.85,15m sweep of hour low then reclaim,t
4624,USELESS/USDT,2026-10-07 14:00:00+00,2026-10-07 14:45:48.691977+00,bear,0.20856697,0.20913121,0.20931,0.85,15m sweep of hour high then reject,t
4601,BMNR/USDT,2026-10-07 14:00:00+00,2026-10-07 14:45:48.691977+00,bear,24.81764468,24.86294213,24.88,0.85,15m sweep of hour high then reject,t
4647,SOXL/USDT,2026-10-07 15:00:00+00,2026-10-07 15:00:49.125749+00,bear,154.48662933,156.32534827,155.82,0.85,15m sweep of hour high then reject,t
4641,BMNR/USDT,2026-10-07 15:00:00+00,2026-10-07 15:00:49.125749+00,bear,24.30146594,24.48141362,24.43,0.85,15m holding below hour open and EMA21,t
4646,BTW/USDT,2026-10-07 15:00:00+00,2026-10-07 15:00:49.125749+00,bull,1.22783819,1.24415453,1.2292,0.85,15m sweep of hour low then reclaim,t
4651,AXTI/USDT,2026-10-07 15:00:00+00,2026-10-07 15:00:49.125749+00,bear,79.84315821,80.79073671,80.52,0.85,15m holding below hour open and EMA21,t
4656,MINIMAX/USDT,2026-10-07 15:00:00+00,2026-10-07 15:00:49.125749+00,bear,30.10099525,30.1976019,30.17,0.85,mixed 15m structure — EMA side only,t
4642,TSM/USDT,2026-10-07 15:00:00+00,2026-10-07 15:00:49.125749+00,bear,472.91174364,474.71530254,474.27,0.85,15m holding below hour open and EMA21,t
4652,SKHY/USDT,2026-10-07 15:00:00+00,2026-10-07 15:00:49.125749+00,bull,180.01824536,180.94438661,180.23,0.75,mixed 15m structure — EMA side only,t
4657,CBRS/USDT,2026-10-07 15:00:00+00,2026-10-07 15:00:49.125749+00,bear,172.26771687,173.33491325,173.07,0.85,15m sweep of hour high then reject,t
4662,XAG/USDT,2026-10-07 15:00:00+00,2026-10-07 15:00:49.125749+00,bear,59.6527834,59.97088664,59.88,0.85,15m holding below hour open and EMA21,t
4643,ARM/USDT,2026-10-07 15:00:00+00,2026-10-07 15:00:49.125749+00,bull,297.05280342,299.74299146,297.68,0.85,mixed 15m structure — EMA side only,t
4648,AMD/USDT,2026-10-07 15:00:00+00,2026-10-07 15:00:49.125749+00,bull,642.69768289,645.89079277,643.4,0.85,15m holding above hour open and EMA21,t
4653,DELL/USDT,2026-10-07 15:00:00+00,2026-10-07 15:00:49.125749+00,bull,577.13742907,582.30142733,578.54,0.85,mixed 15m structure — EMA side only,t
4658,MSTR/USDT,2026-10-07 15:00:00+00,2026-10-07 15:00:49.125749+00,bear,154.66447457,155.73621017,155.43,0.85,15m holding below hour open and EMA21,t
4663,SOON/USDT,2026-10-07 15:00:00+00,2026-10-07 15:00:49.125749+00,bear,0.31855653,0.32261739,0.3216,0.8,mixed 15m structure — EMA side only,t
4644,BE/USDT,2026-10-07 15:00:00+00,2026-10-07 15:00:49.125749+00,bear,286.07925605,288.63029758,287.96,0.85,mixed 15m structure — EMA side only,t
4649,LAB/USDT,2026-10-07 15:00:00+00,2026-10-07 15:00:49.125749+00,bear,0.04912116,0.04966554,0.04954,0.85,15m holding below hour open and EMA21,t
4654,VVV/USDT,2026-10-07 15:00:00+00,2026-10-07 15:00:49.125749+00,bear,25.33567671,25.61052932,25.549,0.85,15m sweep of hour high then reject,t
4659,SNXX/USDT,2026-10-07 15:00:00+00,2026-10-07 15:00:49.125749+00,bull,16.01416191,16.27959523,16.08,0.85,15m holding above hour open and EMA21,t
4664,USELESS/USDT,2026-10-07 15:00:00+00,2026-10-07 15:00:49.125749+00,bear,0.20433223,0.20654111,0.20602,0.85,15m sweep of hour high then reject,t
4645,SPCX/USDT,2026-10-07 15:00:00+00,2026-10-07 15:00:49.125749+00,bear,167.77878476,168.6064861,168.38,0.85,15m sweep of hour high then reject,t
4650,ZHIPU/USDT,2026-10-07 15:00:00+00,2026-10-07 15:00:49.125749+00,bull,88.37033084,88.6841729,88.44,0.85,15m holding above hour open and EMA21,t
4655,RKLB/USDT,2026-10-07 15:00:00+00,2026-10-07 15:00:49.125749+00,bear,71.15593535,71.72162586,71.6,0.85,15m sweep of hour high then reject,t
4660,ANTHROPIC/USDT,2026-10-07 15:00:00+00,2026-10-07 15:00:49.125749+00,bull,2047.51117249,2050.86706877,2048.47,0.85,15m holding above hour open and EMA21,t
4661,LITE/USDT,2026-10-07 15:00:00+00,2026-10-07 15:00:49.125749+00,bear,1095.64880417,1105.26447833,1102.82,0.85,mixed 15m structure — EMA side only,t
4666,DRAM/USDT,2026-10-07 15:00:00+00,2026-10-07 15:00:49.125749+00,bull,59.67260017,60.01349958,59.75,0.85,15m holding above hour open and EMA21,t
4671,MVLL/USDT,2026-10-07 15:00:00+00,2026-10-07 15:00:49.125749+00,bear,39.61763922,40.65694431,40.37,0.85,15m holding below hour open and EMA21,t
4676,INTC/USDT,2026-10-07 15:00:00+00,2026-10-07 15:00:49.125749+00,bull,113.30407044,114.53482391,113.6,0.85,mixed 15m structure — EMA side only,t
4665,COHR/USDT,2026-10-07 15:00:00+00,2026-10-07 15:00:49.125749+00,bear,320.00708646,323.42716542,322.45,0.85,15m holding below hour open and EMA21,t
4670,ORCL/USDT,2026-10-07 15:00:00+00,2026-10-07 15:00:49.125749+00,bull,143.4138031,144.06049225,143.52,0.85,mixed 15m structure — EMA side only,t
4675,SOXS/USDT,2026-10-07 15:00:00+00,2026-10-07 15:00:49.125749+00,bull,31.0944208,31.49894801,31.2,0.85,15m sweep of hour low then reclaim,t
4680,FLUX/USDT,2026-10-07 15:00:00+00,2026-10-07 15:00:49.125749+00,bear,0.07839989,0.07975205,0.07938,0.85,mixed 15m structure — EMA side only,t
4667,XAU/USDT,2026-10-07 15:00:00+00,2026-10-07 15:00:49.125749+00,bear,4098.91900248,4112.90639901,4109.16,0.85,15m sweep of hour high then reject,t
4672,AVGO/USDT,2026-10-07 15:00:00+00,2026-10-07 15:00:49.125749+00,bull,372.09494735,374.14263163,372.52,0.75,mixed 15m structure — EMA side only,t
4677,PLTR/USDT,2026-10-07 15:00:00+00,2026-10-07 15:00:49.125749+00,bear,190.47219213,191.19712315,191.04,0.85,15m holding below hour open and EMA21,t
4668,BZ/USDT,2026-10-07 15:00:00+00,2026-10-07 15:00:49.125749+00,bear,101.05192558,101.51122977,101.39,0.85,15m sweep of hour high then reject,t
4673,AKE/USDT,2026-10-07 15:00:00+00,2026-10-07 15:00:49.125749+00,bear,0.02768102,0.02797919,0.02791,0.85,15m holding below hour open and EMA21,t
4678,MRVL/USDT,2026-10-07 15:00:00+00,2026-10-07 15:00:49.125749+00,bear,279.44025064,282.78589974,281.88,0.85,15m holding below hour open and EMA21,t
4669,GLW/USDT,2026-10-07 15:00:00+00,2026-10-07 15:00:49.125749+00,bull,164.44062734,166.02343165,164.83,0.75,mixed 15m structure — EMA side only,t
4674,BULLA/USDT,2026-10-07 15:00:00+00,2026-10-07 15:00:49.125749+00,bear,0.0798163,0.08085948,0.08057,0.85,mixed 15m structure — EMA side only,t
4679,BEAT/USDT,2026-10-07 15:00:00+00,2026-10-07 15:00:49.125749+00,bear,0.08257354,0.08429058,0.0839,0.85,mixed 15m structure — EMA side only,t
4706,USELESS/USDT,2026-10-07 15:00:00+00,2026-10-07 15:46:59.422473+00,bear,0.20549406,0.20932638,0.21003,0.85,15m sweep of hour high then reject,t
4682,TSM/USDT,2026-10-07 15:00:00+00,2026-10-07 15:46:59.422473+00,bear,473.90989071,474.31604371,474.3,0.85,15m sweep of hour high then reject,t
4687,LAB/USDT,2026-10-07 15:00:00+00,2026-10-07 15:46:59.422473+00,bull,0.0494723,0.04960425,0.04927,0.85,15m sweep of hour low then reclaim,t
4717,INTC/USDT,2026-10-07 15:00:00+00,2026-10-07 15:46:59.422473+00,bull,113.64822353,113.89944117,113.49,0.85,15m sweep of hour low then reclaim,t
4681,BMNR/USDT,2026-10-07 15:00:00+00,2026-10-07 15:46:59.422473+00,bear,24.39882846,24.55246862,24.61,0.85,15m sweep of hour high then reject,t
4686,BTW/USDT,2026-10-07 15:00:00+00,2026-10-07 15:46:59.422473+00,bull,1.23138867,1.23527833,1.2285,0.85,15m sweep of hour low then reclaim,t
4692,CRWV/USDT,2026-10-07 15:00:00+00,2026-10-07 15:46:59.422473+00,bear,88.73900762,88.95039695,88.91,0.85,15m sweep of hour high then reject,t
4697,XAG/USDT,2026-10-07 15:00:00+00,2026-10-07 15:46:59.422473+00,bull,59.8574129,59.93646776,59.63,0.85,15m sweep of hour low then reclaim,t
4702,ANTHROPIC/USDT,2026-10-07 15:00:00+00,2026-10-07 15:46:59.422473+00,bull,2048.08343898,2049.43640256,2048.47,0.85,15m holding above hour open and EMA21,t
4707,MSTR/USDT,2026-10-07 15:00:00+00,2026-10-07 15:46:59.422473+00,bear,155.23264563,155.50894175,155.79,0.85,15m sweep of hour high then reject,t
4714,AKE/USDT,2026-10-07 15:00:00+00,2026-10-07 15:46:59.422473+00,bear,0.02784548,0.02791441,0.028038,0.85,15m sweep of hour high then reject,t
4712,ORCL/USDT,2026-10-07 15:00:00+00,2026-10-07 15:46:59.422473+00,bull,143.56902356,143.74744111,143.2,0.85,15m sweep of hour low then reclaim,t
4691,SKHY/USDT,2026-10-07 15:00:00+00,2026-10-07 15:46:59.422473+00,bear,180.12482335,180.35607066,180.4,0.85,15m sweep of hour high then reject,t
4696,MINIMAX/USDT,2026-10-07 15:00:00+00,2026-10-07 15:46:59.422473+00,bear,30.15271663,30.21691335,30.25,0.85,15m sweep of hour high then reject,t
4719,SOXS/USDT,2026-10-07 15:00:00+00,2026-10-07 15:46:59.422473+00,bear,31.14194322,31.23722271,31.35,0.85,15m sweep of hour high then reject,t
4711,MVLL/USDT,2026-10-07 15:00:00+00,2026-10-07 15:46:59.422473+00,bull,40.29270909,40.52822726,40.14,0.85,15m sweep of hour low then reclaim,t
4683,ARM/USDT,2026-10-07 15:00:00+00,2026-10-07 15:46:59.422473+00,bull,297.99775074,298.53062315,296.63,0.85,15m sweep of hour low then reclaim,t
4684,SPCX/USDT,2026-10-07 15:00:00+00,2026-10-07 15:46:59.422473+00,bull,168.30707453,168.52731368,168.08,0.85,15m sweep of hour low then reclaim,t
4685,BE/USDT,2026-10-07 15:00:00+00,2026-10-07 15:46:59.422473+00,bull,287.70374754,288.32063116,285.81,0.85,15m sweep of hour low then reclaim,t
4716,FLUX/USDT,2026-10-07 15:00:00+00,2026-10-07 15:46:59.422473+00,bull,0.07924539,0.07954153,0.07881,0.85,15m sweep of hour low then reclaim,t
4701,SPX/USDT,2026-10-07 15:00:00+00,2026-10-07 15:46:59.422473+00,bear,0.3865498,0.38844008,0.3891,0.85,15m sweep of hour high then reject,t
4690,AXTI/USDT,2026-10-07 15:00:00+00,2026-10-07 15:46:59.422473+00,bull,80.45576795,80.68058014,80.36,0.85,15m sweep of hour low then reclaim,t
4688,ZHIPU/USDT,2026-10-07 15:00:00+00,2026-10-07 15:46:59.422473+00,bull,88.43945902,88.51135245,88.44,0.85,15m sweep of hour low then reclaim,t
4689,AMD/USDT,2026-10-07 15:00:00+00,2026-10-07 15:46:59.422473+00,bull,643.39775202,644.14061996,642.71,0.85,15m sweep of hour low then reclaim,t
4693,RKLB/USDT,2026-10-07 15:00:00+00,2026-10-07 15:46:59.422473+00,bear,71.47063835,71.59574466,71.6,0.85,15m sweep of hour high then reject,t
4698,CBRS/USDT,2026-10-07 15:00:00+00,2026-10-07 15:46:59.422473+00,bull,172.94812173,173.23469567,172.14,0.85,15m sweep of hour low then reclaim,t
4694,SOXL/USDT,2026-10-07 15:00:00+00,2026-10-07 15:46:59.422473+00,bull,155.67160349,156.12099127,155.03,0.85,15m sweep of hour low then reclaim,t
4699,SOON/USDT,2026-10-07 15:00:00+00,2026-10-07 15:46:59.422473+00,bear,0.32053254,0.32302699,0.3246,0.85,15m sweep of hour high then reject,t
4695,VVV/USDT,2026-10-07 15:00:00+00,2026-10-07 15:46:59.422473+00,bear,25.48856968,25.54937213,25.549,0.85,15m sweep of hour high then reject,t
4700,LITE/USDT,2026-10-07 15:00:00+00,2026-10-07 15:46:59.422473+00,bear,1100.99716605,1103.04513358,1106.08,0.85,15m sweep of hour high then reject,t
4705,SNXX/USDT,2026-10-07 15:00:00+00,2026-10-07 15:46:59.422473+00,bull,16.07152338,16.13619156,15.98,0.85,15m sweep of hour low then reclaim,t
4710,BZ/USDT,2026-10-07 15:00:00+00,2026-10-07 15:46:59.422473+00,bear,101.29174086,101.41530366,101.67,0.85,15m sweep of hour high then reject,t
4715,BULLA/USDT,2026-10-07 15:00:00+00,2026-10-07 15:46:59.422473+00,bear,0.08037618,0.08060553,0.08094,0.85,15m sweep of hour high then reject,t
4720,MRVL/USDT,2026-10-07 15:00:00+00,2026-10-07 15:46:59.422473+00,bull,281.61006934,282.37982664,280.99,0.85,15m sweep of hour low then reclaim,t
4703,BEAT/USDT,2026-10-07 15:00:00+00,2026-10-07 15:46:59.422473+00,bear,0.08354297,0.08450281,0.0846,0.85,mixed 15m structure — EMA side only,t
4708,DRAM/USDT,2026-10-07 15:00:00+00,2026-10-07 15:46:59.422473+00,bull,59.74668471,59.82828823,59.75,0.85,15m sweep of hour low then reclaim,t
4713,MSFT/USDT,2026-10-07 15:00:00+00,2026-10-07 15:46:59.422473+00,bull,525.83095122,526.42262196,525.74,0.85,15m sweep of hour low then reclaim,t
4718,PLTR/USDT,2026-10-07 15:00:00+00,2026-10-07 15:46:59.422473+00,bull,190.93410551,191.12973622,190.91,0.85,15m sweep of hour low then reclaim,t
4709,XAU/USDT,2026-10-07 15:00:00+00,2026-10-07 15:46:59.422473+00,bull,4108.00890917,4111.16272709,4103.27,0.85,15m sweep of hour low then reclaim,t
4704,COHR/USDT,2026-10-07 15:00:00+00,2026-10-07 15:46:59.422473+00,bear,321.93627627,322.80548949,323.62,0.85,15m sweep of hour high then reject,t
4733,RKLB/USDT,2026-10-07 16:00:00+00,2026-10-07 16:08:16.609466+00,bear,70.85845539,71.32261785,71.3,0.85,15m sweep of hour high then reject,t
4727,LAB/USDT,2026-10-07 16:00:00+00,2026-10-07 16:08:16.609466+00,bull,0.04995261,0.05094348,0.05008,0.85,mixed 15m structure — EMA side only,t
4730,AXTI/USDT,2026-10-07 16:00:00+00,2026-10-07 16:08:16.609466+00,bull,81.17236972,82.00407571,81.23,0.85,15m sweep of hour low then reclaim,t
4734,SOXL/USDT,2026-10-07 16:00:00+00,2026-10-07 16:08:16.609466+00,bull,155.4691783,157.15205425,155.68,0.85,15m sweep of hour low then reclaim,t
4728,ZHIPU/USDT,2026-10-07 16:00:00+00,2026-10-07 16:08:16.609466+00,bull,88.71464791,88.97838023,88.72,0.85,15m sweep of hour low then reclaim,t
4723,ARM/USDT,2026-10-07 16:00:00+00,2026-10-07 16:08:16.609466+00,bull,297.56890493,299.63773766,297.72,0.85,15m sweep of hour low then reclaim,t
4731,SKHY/USDT,2026-10-07 16:00:00+00,2026-10-07 16:08:16.609466+00,bear,178.79351388,180.17459445,180.08,0.85,15m sweep of hour high then reject,t
4736,MINIMAX/USDT,2026-10-07 16:00:00+00,2026-10-07 16:08:16.609466+00,bull,30.18358077,30.27604809,30.17,0.85,15m sweep of hour low then reclaim,t
4741,SPX/USDT,2026-10-07 16:00:00+00,2026-10-07 16:08:16.609466+00,bear,0.37831322,0.38759471,0.3857,0.85,mixed 15m structure — EMA side only,t
4746,USELESS/USDT,2026-10-07 16:00:00+00,2026-10-07 16:08:16.609466+00,bull,0.20820803,0.21062991,0.20875,0.85,15m sweep of hour low then reclaim,t
4721,BMNR/USDT,2026-10-07 16:00:00+00,2026-10-07 16:08:16.609466+00,bear,24.38041856,24.60783258,24.63,0.85,15m sweep of hour high then reject,t
4725,BE/USDT,2026-10-07 16:00:00+00,2026-10-07 16:08:16.609466+00,bull,287.87700028,290.33249931,288.07,0.85,15m sweep of hour low then reclaim,t
4735,VVV/USDT,2026-10-07 16:00:00+00,2026-10-07 16:08:16.609466+00,bear,25.45959304,25.82556278,25.864,0.85,15m sweep of hour high then reject,t
4722,TSM/USDT,2026-10-07 16:00:00+00,2026-10-07 16:08:16.609466+00,bear,472.13974756,473.95210098,473.82,0.85,15m sweep of hour high then reject,t
4726,BTW/USDT,2026-10-07 16:00:00+00,2026-10-07 16:08:16.609466+00,bull,1.23378076,1.2485481,1.234,0.85,15m sweep of hour low then reclaim,t
4729,AMD/USDT,2026-10-07 16:00:00+00,2026-10-07 16:08:16.609466+00,bull,644.15643532,646.93391169,644,0.85,15m sweep of hour low then reclaim,t
4760,MRVL/USDT,2026-10-07 16:00:00+00,2026-10-07 16:08:16.609466+00,bull,281.96285603,284.78785992,282.44,0.85,15m sweep of hour low then reclaim,t
4755,BULLA/USDT,2026-10-07 16:00:00+00,2026-10-07 16:08:16.609466+00,bull,0.08065114,0.08152215,0.0807,0.85,15m sweep of hour low then reclaim,t
4732,CRWV/USDT,2026-10-07 16:00:00+00,2026-10-07 16:08:16.609466+00,bear,88.12991608,88.89603357,88.71,0.85,mixed 15m structure — EMA side only,t
4737,XAG/USDT,2026-10-07 16:00:00+00,2026-10-07 16:08:16.609466+00,bull,59.87404992,60.1748752,59.85,0.85,15m sweep of hour low then reclaim,t
4742,ANTHROPIC/USDT,2026-10-07 16:00:00+00,2026-10-07 16:08:16.609466+00,bull,2071.14893416,2076.7526646,2070.31,0.85,15m sweep of hour low then reclaim,t
4747,MSTR/USDT,2026-10-07 16:00:00+00,2026-10-07 16:08:16.609466+00,bear,155.17448596,156.46220562,156.29,0.85,mixed 15m structure — EMA side only,t
4752,ORCL/USDT,2026-10-07 16:00:00+00,2026-10-07 16:08:16.609466+00,bull,144.18776614,145.13058465,144.31,0.85,mixed 15m structure — EMA side only,t
4738,CBRS/USDT,2026-10-07 16:00:00+00,2026-10-07 16:08:16.609466+00,bull,174.33637877,175.90405308,174.53,0.85,mixed 15m structure — EMA side only,t
4743,BEAT/USDT,2026-10-07 16:00:00+00,2026-10-07 16:08:16.609466+00,bull,0.0845939,0.08601525,0.085,0.85,15m holding above hour open and EMA21,t
4748,DRAM/USDT,2026-10-07 16:00:00+00,2026-10-07 16:08:16.609466+00,bull,59.93089461,60.24276349,59.94,0.85,15m sweep of hour low then reclaim,t
4753,MSFT/USDT,2026-10-07 16:00:00+00,2026-10-07 16:08:16.609466+00,bear,526.7352331,528.95390676,528.32,0.85,15m holding below hour open and EMA21,t
4739,SOON/USDT,2026-10-07 16:00:00+00,2026-10-07 16:08:16.609466+00,bear,0.32095431,0.32431828,0.3239,0.85,mixed 15m structure — EMA side only,t
4744,COHR/USDT,2026-10-07 16:00:00+00,2026-10-07 16:08:16.609466+00,bear,322.46078687,325.17568525,324.68,0.85,15m holding below hour open and EMA21,t
4750,BZ/USDT,2026-10-07 16:00:00+00,2026-10-07 16:08:16.609466+00,bear,100.34282459,100.85687016,100.88,0.85,15m sweep of hour high then reject,t
4745,SNXX/USDT,2026-10-07 16:00:00+00,2026-10-07 16:08:16.609466+00,bull,16.02758307,16.28104231,16.08,0.85,15m sweep of hour low then reclaim,t
4740,LITE/USDT,2026-10-07 16:00:00+00,2026-10-07 16:08:16.609466+00,bear,1094.72325842,1104.49069663,1103.03,0.85,mixed 15m structure — EMA side only,t
4754,AKE/USDT,2026-10-07 16:00:00+00,2026-10-07 16:08:16.609466+00,bear,0.02771343,0.02797183,0.027923,0.85,15m sweep of hour high then reject,t
4749,XAU/USDT,2026-10-07 16:00:00+00,2026-10-07 16:08:16.609466+00,bull,4106.27393896,4118.51015261,4106.94,0.85,15m sweep of hour low then reclaim,t
4758,PLTR/USDT,2026-10-07 16:00:00+00,2026-10-07 16:08:16.609466+00,bull,192.6795163,193.41620926,192.5,0.85,15m sweep of hour low then reclaim,t
4751,MVLL/USDT,2026-10-07 16:00:00+00,2026-10-07 16:08:16.609466+00,bull,40.42471694,41.28320764,40.6,0.85,15m sweep of hour low then reclaim,t
4759,SOXS/USDT,2026-10-07 16:00:00+00,2026-10-07 16:08:16.609466+00,bear,30.9491783,31.30032868,31.24,0.85,15m sweep of hour high then reject,t
4756,FLUX/USDT,2026-10-07 16:00:00+00,2026-10-07 16:08:16.609466+00,bull,0.07887212,0.0800197,0.07916,0.85,15m sweep of hour low then reclaim,t
4757,INTC/USDT,2026-10-07 16:00:00+00,2026-10-07 16:08:16.609466+00,bull,113.34184253,114.28039369,113.32,0.85,15m sweep of hour low then reclaim,t
4724,SPCX/USDT,2026-10-07 16:00:00+00,2026-10-07 16:08:16.609466+00,bull,169.18689704,170.26775739,169.22,0.85,15m sweep of hour low then reclaim,t
4785,SNXX/USDT,2026-10-07 16:00:00+00,2026-10-07 16:15:30.139999+00,bull,16.03985783,16.25035543,16.08,0.85,15m sweep of hour low then reclaim,t
4761,BMNR/USDT,2026-10-07 16:00:00+00,2026-10-07 16:15:30.139999+00,bear,24.40251491,24.57899403,24.63,0.85,15m sweep of hour high then reject,t
4766,BTW/USDT,2026-10-07 16:00:00+00,2026-10-07 16:15:30.139999+00,bull,1.2345009,1.24674776,1.234,0.85,15m sweep of hour low then reclaim,t
4771,SKHY/USDT,2026-10-07 16:00:00+00,2026-10-07 16:15:30.139999+00,bear,178.90252008,179.95099197,180.08,0.85,15m sweep of hour high then reject,t
4776,MINIMAX/USDT,2026-10-07 16:00:00+00,2026-10-07 16:15:30.139999+00,bear,30.15622922,30.24150831,30.25,0.85,15m sweep of hour high then reject,t
4781,SPX/USDT,2026-10-07 16:00:00+00,2026-10-07 16:15:30.139999+00,bear,0.37921616,0.38823354,0.3867,0.85,mixed 15m structure — EMA side only,t
4786,USELESS/USDT,2026-10-07 16:00:00+00,2026-10-07 16:15:30.139999+00,bull,0.20829827,0.21040432,0.20875,0.85,15m sweep of hour low then reclaim,t
4791,MVLL/USDT,2026-10-07 16:00:00+00,2026-10-07 16:15:30.139999+00,bull,40.46732612,41.17668471,40.6,0.85,15m sweep of hour low then reclaim,t
4796,FLUX/USDT,2026-10-07 16:00:00+00,2026-10-07 16:15:30.139999+00,bull,0.07892594,0.07988515,0.07916,0.85,15m sweep of hour low then reclaim,t
4762,TSM/USDT,2026-10-07 16:00:00+00,2026-10-07 16:15:30.139999+00,bear,472.31502929,473.58198828,473.82,0.85,15m sweep of hour high then reject,t
4763,ARM/USDT,2026-10-07 16:00:00+00,2026-10-07 16:15:30.139999+00,bull,297.67721289,299.36696776,297.72,0.85,15m sweep of hour low then reclaim,t
4764,SPCX/USDT,2026-10-07 16:00:00+00,2026-10-07 16:15:30.139999+00,bull,168.95657084,170.1685729,169.14,0.85,mixed 15m structure — EMA side only,t
4765,BE/USDT,2026-10-07 16:00:00+00,2026-10-07 16:15:30.139999+00,bear,287.43238448,289.27704621,288.85,0.85,15m sweep of hour high then reject,t
4767,LAB/USDT,2026-10-07 16:00:00+00,2026-10-07 16:15:30.139999+00,bull,0.05033266,0.05089335,0.05008,0.85,15m sweep of hour low then reclaim,t
4768,ZHIPU/USDT,2026-10-07 16:00:00+00,2026-10-07 16:15:30.139999+00,bull,88.7286135,88.94346626,88.72,0.85,15m sweep of hour low then reclaim,t
4773,RKLB/USDT,2026-10-07 16:00:00+00,2026-10-07 16:15:30.139999+00,bear,70.92009808,71.29796077,71.3,0.85,15m sweep of hour high then reject,t
4769,AMD/USDT,2026-10-07 16:00:00+00,2026-10-07 16:15:30.139999+00,bull,643.56665696,646.60835761,644,0.85,mixed 15m structure — EMA side only,t
4770,AXTI/USDT,2026-10-07 16:00:00+00,2026-10-07 16:15:30.139999+00,bull,81.01706852,81.91732869,81.22,0.85,mixed 15m structure — EMA side only,t
4775,VVV/USDT,2026-10-07 16:00:00+00,2026-10-07 16:15:30.139999+00,bear,25.49028905,25.76128438,25.864,0.85,15m sweep of hour high then reject,t
4772,CRWV/USDT,2026-10-07 16:00:00+00,2026-10-07 16:15:30.139999+00,bear,88.22068256,88.84972697,88.71,0.85,15m sweep of hour high then reject,t
4777,XAG/USDT,2026-10-07 16:00:00+00,2026-10-07 16:15:30.139999+00,bull,59.89009726,60.13475686,59.85,0.85,15m sweep of hour low then reclaim,t
4774,SOXL/USDT,2026-10-07 16:00:00+00,2026-10-07 16:15:30.139999+00,bull,155.55638256,156.9340436,155.68,0.85,15m sweep of hour low then reclaim,t
4778,CBRS/USDT,2026-10-07 16:00:00+00,2026-10-07 16:15:30.139999+00,bull,174.00405437,175.78486408,174.15,0.85,mixed 15m structure — EMA side only,t
4783,BEAT/USDT,2026-10-07 16:00:00+00,2026-10-07 16:15:30.139999+00,bull,0.08467089,0.08582279,0.085,0.85,15m holding above hour open and EMA21,t
4779,SOON/USDT,2026-10-07 16:00:00+00,2026-10-07 16:15:30.139999+00,bull,0.32231181,0.32472047,0.3228,0.85,15m sweep of hour low then reclaim,t
4780,LITE/USDT,2026-10-07 16:00:00+00,2026-10-07 16:15:30.139999+00,bear,1095.61442195,1101.96423122,1103.03,0.85,15m sweep of hour high then reject,t
4782,ANTHROPIC/USDT,2026-10-07 16:00:00+00,2026-10-07 16:15:30.139999+00,bull,2071.20240781,2076.61898048,2070.31,0.85,15m sweep of hour low then reclaim,t
4787,MSTR/USDT,2026-10-07 16:00:00+00,2026-10-07 16:15:30.139999+00,bear,155.30060479,156.18175809,156.29,0.85,15m sweep of hour high then reject,t
4784,COHR/USDT,2026-10-07 16:00:00+00,2026-10-07 16:15:30.139999+00,bear,322.82498945,325.03000422,324.68,0.85,15m sweep of hour high then reject,t
4789,XAU/USDT,2026-10-07 16:00:00+00,2026-10-07 16:15:30.139999+00,bull,4106.93949381,4116.84626549,4106.94,0.85,15m sweep of hour low then reclaim,t
4788,DRAM/USDT,2026-10-07 16:00:00+00,2026-10-07 16:15:30.139999+00,bull,59.94616888,60.2045778,59.94,0.85,15m sweep of hour low then reclaim,t
4793,MSFT/USDT,2026-10-07 16:00:00+00,2026-10-07 16:15:30.139999+00,bull,527.78943921,529.64640197,527.63,0.85,15m sweep of hour low then reclaim,t
4790,BZ/USDT,2026-10-07 16:00:00+00,2026-10-07 16:15:30.139999+00,bear,100.40032333,100.83387067,100.88,0.85,15m sweep of hour high then reject,t
4795,BULLA/USDT,2026-10-07 16:00:00+00,2026-10-07 16:15:30.139999+00,bull,0.08069835,0.08140412,0.0807,0.85,15m sweep of hour low then reclaim,t
4800,MRVL/USDT,2026-10-07 16:00:00+00,2026-10-07 16:15:30.139999+00,bull,282.10023074,284.44442315,282.44,0.85,15m sweep of hour low then reclaim,t
4792,ORCL/USDT,2026-10-07 16:00:00+00,2026-10-07 16:15:30.139999+00,bull,143.88549779,145.06125552,144.02,0.85,mixed 15m structure — EMA side only,t
4794,AKE/USDT,2026-10-07 16:00:00+00,2026-10-07 16:15:30.139999+00,bear,0.02774578,0.02795889,0.027923,0.85,15m sweep of hour high then reject,t
4797,INTC/USDT,2026-10-07 16:00:00+00,2026-10-07 16:15:30.139999+00,bear,113.05736222,113.83105511,113.74,0.85,15m sweep of hour high then reject,t
4798,PLTR/USDT,2026-10-07 16:00:00+00,2026-10-07 16:15:30.139999+00,bull,192.71445417,193.32886459,192.5,0.85,15m sweep of hour low then reclaim,t
4799,SOXS/USDT,2026-10-07 16:00:00+00,2026-10-07 16:15:30.139999+00,bear,30.99566114,31.28173555,31.24,0.85,15m sweep of hour high then reject,t
4822,ANTHROPIC/USDT,2026-10-07 16:00:00+00,2026-10-07 16:56:15.979991+00,bull,2072.377489,2073.6812775,2067.59,0.85,15m sweep of hour low then reclaim,t
4824,COHR/USDT,2026-10-07 16:00:00+00,2026-10-07 16:56:15.979991+00,bull,324.27478141,324.71304646,323.58,0.85,15m sweep of hour low then reclaim,t
4823,BEAT/USDT,2026-10-07 16:00:00+00,2026-10-07 16:56:15.979991+00,bull,0.08493266,0.08516835,0.085,0.85,15m holding above hour open and EMA21,t
4818,CBRS/USDT,2026-10-07 16:00:00+00,2026-10-07 16:56:15.979991+00,bear,174.9825617,175.17497532,175.15,0.85,15m sweep of hour high then reject,t
4817,XAG/USDT,2026-10-07 16:00:00+00,2026-10-07 16:56:15.979991+00,bear,59.9241228,59.97435088,60.14,0.85,15m sweep of hour high then reject,t
4829,XAU/USDT,2026-10-07 16:00:00+00,2026-10-07 16:56:15.979991+00,bull,4109.21956567,4111.14608583,4106.94,0.85,15m sweep of hour low then reclaim,t
4834,AKE/USDT,2026-10-07 16:00:00+00,2026-10-07 16:56:15.979991+00,bear,0.02786658,0.02791057,0.027923,0.85,15m sweep of hour high then reject,t
4839,SOXS/USDT,2026-10-07 16:00:00+00,2026-10-07 16:56:15.979991+00,bull,31.11424132,31.2393967,31.03,0.85,15m sweep of hour low then reclaim,t
4825,SNXX/USDT,2026-10-07 16:00:00+00,2026-10-07 16:56:15.979991+00,bull,16.08791334,16.13021665,16.08,0.85,15m sweep of hour low then reclaim,t
4830,BZ/USDT,2026-10-07 16:00:00+00,2026-10-07 16:56:15.979991+00,bear,100.64892591,100.73442964,100.88,0.85,15m sweep of hour high then reject,t
4835,BULLA/USDT,2026-10-07 16:00:00+00,2026-10-07 16:56:15.979991+00,bear,0.08080031,0.08093988,0.08116,0.85,15m sweep of hour high then reject,t
4840,MRVL/USDT,2026-10-07 16:00:00+00,2026-10-07 16:56:15.979991+00,bear,282.43889463,282.90244215,283.95,0.85,15m sweep of hour high then reject,t
4826,USELESS/USDT,2026-10-07 16:00:00+00,2026-10-07 16:56:15.979991+00,bear,0.20859349,0.2093826,0.21242,0.85,15m sweep of hour high then reject,t
4831,MVLL/USDT,2026-10-07 16:00:00+00,2026-10-07 16:56:15.979991+00,bear,40.57109187,40.70956325,41.01,0.85,15m sweep of hour high then reject,t
4836,FLUX/USDT,2026-10-07 16:00:00+00,2026-10-07 16:56:15.979991+00,bull,0.07914704,0.07933241,0.07916,0.85,15m sweep of hour low then reclaim,t
4827,MSTR/USDT,2026-10-07 16:00:00+00,2026-10-07 16:56:15.979991+00,bear,155.79550455,155.98379818,156.29,0.85,15m sweep of hour high then reject,t
4832,ORCL/USDT,2026-10-07 16:00:00+00,2026-10-07 16:56:15.979991+00,bull,143.81588921,144.73527697,143.73,0.85,15m sweep of hour low then reclaim,t
4837,INTC/USDT,2026-10-07 16:00:00+00,2026-10-07 16:56:15.979991+00,bear,113.50567445,113.65173022,113.74,0.85,15m sweep of hour high then reject,t
4828,DRAM/USDT,2026-10-07 16:00:00+00,2026-10-07 16:56:15.979991+00,bull,60.00491198,60.05772005,59.94,0.85,15m sweep of hour low then reclaim,t
4833,MSFT/USDT,2026-10-07 16:00:00+00,2026-10-07 16:56:15.979991+00,bear,528.07259905,528.41896038,528.6,0.85,15m sweep of hour high then reject,t
4838,PLTR/USDT,2026-10-07 16:00:00+00,2026-10-07 16:56:15.979991+00,bull,192.8559825,192.97504374,192.5,0.85,15m sweep of hour low then reclaim,t
4820,LITE/USDT,2026-10-07 16:00:00+00,2026-10-07 16:56:15.979991+00,bear,1099.23427914,1101.22628834,1105.57,0.85,15m sweep of hour high then reject,t
4815,VVV/USDT,2026-10-07 16:00:00+00,2026-10-07 16:56:15.979991+00,bear,25.61498913,25.65840435,25.864,0.85,15m sweep of hour high then reject,t
4819,SOON/USDT,2026-10-07 16:00:00+00,2026-10-07 16:56:15.979991+00,bear,0.3226658,0.32343368,0.3246,0.85,15m sweep of hour high then reject,t
4814,SOXL/USDT,2026-10-07 16:00:00+00,2026-10-07 16:56:15.979991+00,bear,155.75634554,156.29746178,156.86,0.85,15m sweep of hour high then reject,t
4813,RKLB/USDT,2026-10-07 16:00:00+00,2026-10-07 16:56:15.979991+00,bear,71.13919753,71.21032099,71.3,0.85,15m sweep of hour high then reject,t
4812,CRWV/USDT,2026-10-07 16:00:00+00,2026-10-07 16:56:15.979991+00,bear,88.58236771,88.70505292,88.71,0.85,15m sweep of hour high then reject,t
4821,SPX/USDT,2026-10-07 16:00:00+00,2026-10-07 16:56:15.979991+00,bear,0.38252043,0.38581183,0.3882,0.85,15m sweep of hour high then reject,t
4816,MINIMAX/USDT,2026-10-07 16:00:00+00,2026-10-07 16:56:15.979991+00,bear,30.19881708,30.21447317,30.26,0.85,15m sweep of hour high then reject,t
4811,SKHY/USDT,2026-10-07 16:00:00+00,2026-10-07 16:56:15.979991+00,bear,179.31727821,179.47508872,180.08,0.85,15m sweep of hour high then reject,t
4810,AXTI/USDT,2026-10-07 16:00:00+00,2026-10-07 16:56:15.979991+00,bear,81.30203668,81.45318533,81.73,0.85,15m sweep of hour high then reject,t
4808,ZHIPU/USDT,2026-10-07 16:00:00+00,2026-10-07 16:56:15.979991+00,bull,88.587651,88.8208725,88.59,0.85,mixed 15m structure — EMA side only,t
4806,BTW/USDT,2026-10-07 16:00:00+00,2026-10-07 16:56:15.979991+00,bull,1.23725057,1.23987357,1.234,0.85,15m sweep of hour low then reclaim,t
4805,BE/USDT,2026-10-07 16:00:00+00,2026-10-07 16:56:15.979991+00,bull,288.48393326,289.01516686,286.53,0.85,15m sweep of hour low then reclaim,t
4809,AMD/USDT,2026-10-07 16:00:00+00,2026-10-07 16:56:15.979991+00,bull,643.12002176,645.3249456,642.06,0.85,15m sweep of hour low then reclaim,t
4804,SPCX/USDT,2026-10-07 16:00:00+00,2026-10-07 16:56:15.979991+00,bear,169.54534534,169.70586187,169.71,0.85,15m sweep of hour high then reject,t
4803,ARM/USDT,2026-10-07 16:00:00+00,2026-10-07 16:56:15.979991+00,bull,297.67166916,298.40582709,297.41,0.85,15m sweep of hour low then reclaim,t
4807,LAB/USDT,2026-10-07 16:00:00+00,2026-10-07 16:56:15.979991+00,bull,0.05011946,0.05062636,0.05007,0.85,mixed 15m structure — EMA side only,t
4802,TSM/USDT,2026-10-07 16:00:00+00,2026-10-07 16:56:15.979991+00,bear,473.0417923,473.29128308,473.82,0.85,15m sweep of hour high then reject,t
4801,BMNR/USDT,2026-10-07 16:00:00+00,2026-10-07 16:56:15.979991+00,bear,24.48037324,24.50785071,24.63,0.85,15m sweep of hour high then reject,t
4863,BEAT/USDT,2026-10-07 17:00:00+00,2026-10-07 17:00:26.691215+00,bull,0.08568313,0.08714219,0.0861,0.85,15m holding above hour open and EMA21,t
4857,XAG/USDT,2026-10-07 17:00:00+00,2026-10-07 17:00:26.691215+00,bear,59.6723316,59.99106736,59.9,0.85,15m holding below hour open and EMA21,t
4852,CRWV/USDT,2026-10-07 17:00:00+00,2026-10-07 17:00:26.691215+00,bear,87.28265724,88.06293711,87.84,0.85,15m holding below hour open and EMA21,t
4847,LAB/USDT,2026-10-07 17:00:00+00,2026-10-07 17:00:26.691215+00,bull,0.04996091,0.05062272,0.05015,0.85,15m holding above hour open and EMA21,t
4858,CBRS/USDT,2026-10-07 17:00:00+00,2026-10-07 17:00:26.691215+00,bear,172.45176293,173.65329483,173.31,0.85,15m holding below hour open and EMA21,t
4842,TSM/USDT,2026-10-07 17:00:00+00,2026-10-07 17:00:26.691215+00,bear,472.09588088,473.64164765,473.2,0.85,mixed 15m structure — EMA side only,t
4843,ARM/USDT,2026-10-07 17:00:00+00,2026-10-07 17:00:26.691215+00,bear,295.84642751,298.07542899,297.45,0.85,mixed 15m structure — EMA side only,t
4868,DRAM/USDT,2026-10-07 17:00:00+00,2026-10-07 17:00:26.691215+00,bull,60.02325512,60.38186221,60.12,0.85,mixed 15m structure — EMA side only,t
4873,MSFT/USDT,2026-10-07 17:00:00+00,2026-10-07 17:00:26.691215+00,bull,527.54144526,529.70638685,528.12,0.85,15m holding above hour open and EMA21,t
4878,PLTR/USDT,2026-10-07 17:00:00+00,2026-10-07 17:00:26.691215+00,bull,193.10458693,193.86853267,193.25,0.85,mixed 15m structure — EMA side only,t
4845,BE/USDT,2026-10-07 17:00:00+00,2026-10-07 17:00:26.691215+00,bull,288.05559635,290.44100913,288.72,0.85,mixed 15m structure — EMA side only,t
4864,COHR/USDT,2026-10-07 17:00:00+00,2026-10-07 17:00:26.691215+00,bull,325.43478019,328.21804953,326.12,0.85,15m holding above hour open and EMA21,t
4869,XAU/USDT,2026-10-07 17:00:00+00,2026-10-07 17:00:26.691215+00,bull,4110.15543508,4122.89641231,4113.58,0.85,mixed 15m structure — EMA side only,t
4850,AXTI/USDT,2026-10-07 17:00:00+00,2026-10-07 17:00:26.691215+00,bear,80.09329852,81.04068059,80.77,0.85,mixed 15m structure — EMA side only,t
4848,ZHIPU/USDT,2026-10-07 17:00:00+00,2026-10-07 17:00:26.691215+00,bull,88.52095382,88.79761546,88.6,0.85,15m holding above hour open and EMA21,t
4855,VVV/USDT,2026-10-07 17:00:00+00,2026-10-07 17:00:26.691215+00,bear,25.39597082,25.68961167,25.61,0.85,mixed 15m structure — EMA side only,t
4860,LITE/USDT,2026-10-07 17:00:00+00,2026-10-07 17:00:26.691215+00,bear,1095.46339469,1103.43864213,1101.16,0.85,15m holding below hour open and EMA21,t
4865,SNXX/USDT,2026-10-07 17:00:00+00,2026-10-07 17:00:26.691215+00,bull,16.2836921,16.57076974,16.36,0.85,mixed 15m structure — EMA side only,t
4870,BZ/USDT,2026-10-07 17:00:00+00,2026-10-07 17:00:26.691215+00,bear,99.93542231,100.51383108,100.37,0.8,mixed 15m structure — EMA side only,t
4875,BULLA/USDT,2026-10-07 17:00:00+00,2026-10-07 17:00:26.691215+00,bear,0.07982638,0.08071945,0.08047,0.85,mixed 15m structure — EMA side only,t
4844,SPCX/USDT,2026-10-07 17:00:00+00,2026-10-07 17:00:26.691215+00,bear,166.94537589,167.98984964,167.72,0.85,mixed 15m structure — EMA side only,t
4874,AKE/USDT,2026-10-07 17:00:00+00,2026-10-07 17:00:26.691215+00,bear,0.0272184,0.02751204,0.027433,0.8,mixed 15m structure — EMA side only,t
4879,SOXS/USDT,2026-10-07 17:00:00+00,2026-10-07 17:00:26.691215+00,bear,30.87518708,31.21792517,31.13,0.75,mixed 15m structure — EMA side only,t
4853,RKLB/USDT,2026-10-07 17:00:00+00,2026-10-07 17:00:26.691215+00,bear,70.52622278,70.97951089,70.85,0.85,mixed 15m structure — EMA side only,t
4849,AMD/USDT,2026-10-07 17:00:00+00,2026-10-07 17:00:26.691215+00,bull,642.45202995,645.27992513,643.2,0.85,15m holding above hour open and EMA21,t
4854,SOXL/USDT,2026-10-07 17:00:00+00,2026-10-07 17:00:26.691215+00,bear,155.06468669,156.75212532,156.27,0.85,15m holding below hour open and EMA21,t
4859,SOON/USDT,2026-10-07 17:00:00+00,2026-10-07 17:00:26.691215+00,bear,0.32122185,0.32413126,0.3233,0.85,15m holding below hour open and EMA21,t
4880,MRVL/USDT,2026-10-07 17:00:00+00,2026-10-07 17:00:26.691215+00,bear,278.93730009,281.88507996,281.06,0.8,mixed 15m structure — EMA side only,t
4862,ANTHROPIC/USDT,2026-10-07 17:00:00+00,2026-10-07 17:00:26.691215+00,bull,2077.1456938,2085.38576549,2079.5,0.85,15m holding above hour open and EMA21,t
4867,MSTR/USDT,2026-10-07 17:00:00+00,2026-10-07 17:00:26.691215+00,bear,153.76440912,154.94823635,154.61,0.85,15m holding below hour open and EMA21,t
4872,ORCL/USDT,2026-10-07 17:00:00+00,2026-10-07 17:00:26.691215+00,bull,143.63586654,144.40533364,143.79,0.85,mixed 15m structure — EMA side only,t
4876,FLUX/USDT,2026-10-07 17:00:00+00,2026-10-07 17:00:26.691215+00,bull,0.07963027,0.08078432,0.07992,0.85,15m holding above hour open and EMA21,t
4871,MVLL/USDT,2026-10-07 17:00:00+00,2026-10-07 17:00:26.691215+00,bear,39.57585444,40.45565822,40.21,0.85,mixed 15m structure — EMA side only,t
4866,USELESS/USDT,2026-10-07 17:00:00+00,2026-10-07 17:00:26.691215+00,bear,0.20747586,0.21019566,0.20944,0.85,mixed 15m structure — EMA side only,t
4861,SPX/USDT,2026-10-07 17:00:00+00,2026-10-07 17:00:26.691215+00,bear,0.38097196,0.38847122,0.3866,0.85,mixed 15m structure — EMA side only,t
4856,MINIMAX/USDT,2026-10-07 17:00:00+00,2026-10-07 17:00:26.691215+00,bear,30.1207724,30.21769104,30.19,0.8,mixed 15m structure — EMA side only,t
4851,SKHY/USDT,2026-10-07 17:00:00+00,2026-10-07 17:00:26.691215+00,bear,178.26434128,179.34026349,179.13,0.85,mixed 15m structure — EMA side only,t
4846,BTW/USDT,2026-10-07 17:00:00+00,2026-10-07 17:00:26.691215+00,bull,1.23243811,1.24910472,1.2371,0.85,15m holding above hour open and EMA21,t
4841,BMNR/USDT,2026-10-07 17:00:00+00,2026-10-07 17:00:26.691215+00,bear,24.34571527,24.51971389,24.47,0.85,15m holding below hour open and EMA21,t
4877,INTC/USDT,2026-10-07 17:00:00+00,2026-10-07 17:00:26.691215+00,bear,112.44860376,113.3605585,113.11,0.85,mixed 15m structure — EMA side only,t
