id,symbol,side,mode,entry_price,exit_price,quantity,leverage,stop_loss_price,take_profit_price,pnl_usdt,pnl_percent,gross_pnl_usdt,estimated_fee_usdt,funding_rate,status,paper_trade,regime,archived,opened_at,closed_at,binance_order_id,extra
4680,HBAR/USDT,SELL,FUTURES,0.09178,0.09195,871.64959686,3,0.0931567,0.0894855,-0.44454129439860907,-0.5556766179995756,-0.41254129439868475,0.03199999999992432,0,CLOSED,t,TRENDING,t,2026-09-24 06:12:20.209072+00,2026-09-24 06:32:20.761782+00,PAPER-SHORT-1790230340,"{""close_reason"": ""negative_timeout""}"
4681,PUMP/USDT,BUY,FUTURES,0.003974,0.003991,18453.27965107,3,0.00391439,0.00407335,0.9411172622045492,1.2833417211876919,0.97045059553789,0.029333333333340872,0,CLOSED,t,TRENDING,t,2026-09-24 06:20:06.375876+00,2026-09-24 06:50:08.523332+00,PAPER-1790230806,"{""close_reason"": ""profitable_timeout""}"
4682,FIL/USDT,SELL,FUTURES,0.9817,0.9853,74.70034973,3,0.9964255,0.95306043,-0.8067637770839857,-1.1001324233472354,-0.7774304437520093,0.0293333333319764,0,CLOSED,t,TRENDING,t,2026-09-24 06:20:08.80788+00,2026-09-24 06:40:13.021653+00,PAPER-SHORT-1790230808,"{""close_reason"": ""negative_timeout""}"
4683,ETC/USDT,SELL,FUTURES,9.26,9.27,7.91936645,3,9.3989,9.00253193,-0.23758099349999498,-0.32397408207342726,-0.20824766016919496,0.029333333330800005,0,CLOSED,t,TRENDING,t,2026-09-24 06:20:11.164823+00,2026-09-24 06:43:55.884374+00,PAPER-SHORT-1790230811,"{""close_reason"": ""negative_timeout""}"
4684,APT/USDT,SELL,FUTURES,0.7685,0.7705,95.42398612,3,0.7800275,0.74526225,-0.5725439167200005,-0.7807417046193892,-0.5432105833867125,0.029333333333288,0,CLOSED,t,TRENDING,t,2026-09-24 06:20:14.44399+00,2026-09-24 06:40:19.531944+00,PAPER-SHORT-1790230814,"{""close_reason"": ""negative_timeout""}"
4685,WIF/USDT,SELL,FUTURES,0.2424,0.2401,302.53025303,3,0.246036,0.23280651,2.0874587459069964,2.846534653465342,2.1167920792407853,0.029333333333788802,0,CLOSED,t,TRENDING,t,2026-09-24 06:20:16.790603+00,2026-09-24 07:08:38.818386+00,PAPER-SHORT-1790230816,"{""close_reason"": ""manual""}"
4686,DOT/USDT,SELL,FUTURES,1.125,1.128,65.18518519,3,1.141875,1.096875,-0.5866666667099786,-0.799999999999971,-0.5573333333744785,0.0293333333355,0,CLOSED,t,TRENDING,t,2026-09-24 06:20:19.211189+00,2026-09-24 06:40:19.518989+00,PAPER-SHORT-1790230819,"{""close_reason"": ""negative_timeout""}"
4687,PENGU/USDT,BUY,SPOT,0.010041,0.00994,995.91674136,1,0.00989038,0.01044769,-0.10058759087736079,-1.0058759087740343,-0.09658759087736248,0.003999999999998304,0,CLOSED,t,TRANSITION,t,2026-09-24 06:22:16.883282+00,2026-09-24 06:42:20.88073+00,PAPER-1790230936,"{""close_reason"": ""negative_timeout""}"
4688,HBAR/USDT,SELL,FUTURES,0.09175,0.09121,443.84090987,3,0.09312625,0.08945625,0.7190222739893984,1.7656675749318762,0.7353112353816275,0.016288961392229,0,CLOSED,t,TRENDING,t,2026-09-24 06:37:24.200881+00,2026-09-24 07:07:28.410653+00,PAPER-SHORT-1790231844,"{""close_reason"": ""profitable_timeout""}"
4689,FIL/USDT,SELL,FUTURES,0.9853,0.9855,64.64918418,3,1.0000795,0.95655541,-0.03878951050801726,-0.060895158834899724,-0.013309974038995656,0.025479536469021603,0,CLOSED,t,TRENDING,t,2026-09-24 06:45:15.808446+00,2026-09-24 07:09:49.042848+00,PAPER-SHORT-1790232315,"{""close_reason"": ""negative_timeout""}"
4690,APT/USDT,SELL,FUTURES,0.7709,0.7661,75.7434225,3,0.7824635,0.74758968,1.090705284000006,1.8679465559735478,1.114061525762106,0.023356241762099997,0,CLOSED,t,TRENDING,t,2026-09-24 06:45:20.854081+00,2026-09-24 07:15:23.550064+00,PAPER-SHORT-1790232320,"{""close_reason"": ""profitable_timeout""}"
4691,DOT/USDT,SELL,FUTURES,1.128,1.125,51.76472022,3,1.14492,1.0998,0.4658824819799831,0.797872340425503,0.4892387237432471,0.023356241763264,0,CLOSED,t,TRENDING,t,2026-09-24 06:45:20.864934+00,2026-09-24 07:15:23.540734+00,PAPER-SHORT-1790232320,"{""close_reason"": ""profitable_timeout""}"
4692,PENGU/USDT,BUY,SPOT,0.00993,0.009848,1007.04934542,1,0.00978105,0.0103322,-0.08257804632443881,-0.8257804632426868,-0.07857804632443058,0.00400000000000824,0,CLOSED,t,TRANSITION,t,2026-09-24 06:47:24.625148+00,2026-09-24 07:07:28.392793+00,PAPER-1790232444,"{""close_reason"": ""negative_timeout""}"
4693,ETC/USDT,SELL,FUTURES,9.22,9.26,5.00638145,3,9.3583,8.96364411,-0.6007657739999872,-1.3015184381778464,-0.5823022392123872,0.018463534787600003,0,CLOSED,t,TRENDING,t,2026-09-24 06:48:59.886195+00,2026-09-24 07:09:00.528359+00,PAPER-SHORT-1790232539,"{""close_reason"": ""negative_timeout""}"
4694,PUMP/USDT,BUY,FUTURES,0.003987,0.003983,12204.32848827,3,0.00392719,0.00408667,-0.14645194185923244,-0.300978179082001,-0.12698847878613945,0.019463463073093,0,CLOSED,t,TRENDING,t,2026-09-24 06:55:12.786169+00,2026-09-24 07:15:13.444693+00,PAPER-1790232912,"{""close_reason"": ""negative_timeout""}"
4695,HBAR/USDT,SELL,FUTURES,0.09111,0.09147,727.5932587,3,0.09247665,0.08883225,-0.7858007193959984,-1.1853803095159672,-0.7592843106759356,0.0265164087200628,0,CLOSED,t,TRENDING,t,2026-09-24 07:12:32.992003+00,2026-09-24 07:38:35.244335+00,PAPER-SHORT-1790233952,"{""close_reason"": ""negative_timeout""}"
4696,PENGU/USDT,BUY,SPOT,0.009861,0.010051,1120.42426056,1,0.00971308,0.0102604,0.21288060950639948,1.9267822736030782,0.21730001095975235,0.004419401453352864,0,CLOSED,t,TRANSITION,t,2026-09-24 07:12:33.002535+00,2026-09-24 07:43:06.205835+00,PAPER-1790233953,"{""close_reason"": ""profitable_timeout""}"
4697,WIF/USDT,SELL,FUTURES,0.2394,0.2404,242.29174635,3,0.242991,0.22992524,-0.7268752390500007,-1.2531328320802018,-0.7036733814195247,0.023201857630476004,0,CLOSED,t,TRENDING,t,2026-09-24 07:13:41.684562+00,2026-09-24 07:38:35.233541+00,PAPER-SHORT-1790234021,"{""close_reason"": ""negative_timeout""}"
4698,ETC/USDT,SELL,FUTURES,9.27,9.48,5.73580623,3,9.40905,9.01225389,-3.613557924900014,-6.796116504854396,-3.592289555399174,0.02126836950084,0,CLOSED,t,TRENDING,t,2026-09-24 07:14:04.593586+00,2026-09-24 07:38:35.224694+00,PAPER-SHORT-1790234044,"{""close_reason"": ""stop_loss""}"
4699,FIL/USDT,SELL,FUTURES,0.9831,0.983,49.57787959,3,0.9978465,0.95441959,0.014873363876998365,0.03051571559352731,0.03436936924696997,0.019496005369971602,0,CLOSED,t,TRENDING,t,2026-09-24 07:14:51.625123+00,2026-09-24 07:25:08.576572+00,PAPER-SHORT-1790234091,"{""close_reason"": ""take_profit""}"
4700,PUMP/USDT,BUY,FUTURES,0.003992,0.004018,14734.35725868,3,0.00393212,0.0040918,1.1492798661770458,1.9539078156312728,1.172807687847706,0.023527821670660223,0,CLOSED,t,TRENDING,t,2026-09-24 07:20:19.224245+00,2026-09-24 08:03:14.645275+00,PAPER-1790234419,"{""close_reason"": ""profitable_timeout""}"
4701,WLD/USDT,BUY,FUTURES,0.4139,0.416,130.2679987,3,0.4076915,0.42531111,0.8206883918100019,1.5221067890794915,0.8422555616747739,0.021567169864771998,0,CLOSED,t,TRENDING,t,2026-09-24 07:20:24.437438+00,2026-09-24 07:50:36.755285+00,PAPER-1790234424,"{""close_reason"": ""profitable_timeout""}"
4702,DOT/USDT,SELL,FUTURES,1.128,1.133,47.7995786,3,1.14492,1.0998,-0.7169936790000164,-1.329787234042584,-0.6954265091356965,0.021567169864319998,0,CLOSED,t,TRENDING,t,2026-09-24 07:20:24.448528+00,2026-09-24 07:40:25.060408+00,PAPER-SHORT-1790234424,"{""close_reason"": ""negative_timeout""}"
4703,APT/USDT,SELL,FUTURES,0.7665,0.7703,70.34301978,3,0.7779975,0.74425564,-0.8019104254920053,-1.487279843444237,-0.7803432556274573,0.021567169864548003,0,CLOSED,t,TRENDING,t,2026-09-24 07:20:24.459082+00,2026-09-24 07:40:25.049916+00,PAPER-SHORT-1790234424,"{""close_reason"": ""negative_timeout""}"
4704,FIL/USDT,SELL,FUTURES,0.987,0.9901,45.09,3,1.001805,0.95926313,-0.4193369999999989,-0.942249240121578,-0.4015354679999989,0.017801532000000002,0,CLOSED,t,TRENDING,t,2026-09-24 07:38:35.26217+00,2026-09-24 07:58:35.620312+00,PAPER-SHORT-1790235515,"{""close_reason"": ""negative_timeout""}"
4705,ETC/USDT,SELL,FUTURES,9.41,9.55115,6.9870099,3,9.55115,9.15398735,-3.1441544550000073,-4.782146652497354,-3.1178553497364074,0.026299105263600003,0,CLOSED,t,TRENDING,t,2026-09-24 07:43:47.088112+00,2026-09-24 08:00:38.455066+00,PAPER-SHORT-1790235827,"{""close_reason"": ""stop_loss""}"
4706,HBAR/USDT,SELL,FUTURES,0.09123,0.0913,720.68138986,3,0.09259845,0.08894925,-0.15134309187060133,-0.23018743834265243,-0.1250439865918302,0.026299105278771124,0,CLOSED,t,TRENDING,t,2026-09-24 07:43:49.538939+00,2026-09-24 08:03:51.653652+00,PAPER-SHORT-1790235829,"{""close_reason"": ""negative_timeout""}"
4707,DOT/USDT,SELL,FUTURES,1.133,1.139,48.35816652,3,1.149995,1.104675,-0.8704469973600009,-1.5887025595763475,-0.8485310762931368,0.021915921066864,0,CLOSED,t,TRENDING,t,2026-09-24 07:45:41.261016+00,2026-09-24 08:05:44.376937+00,PAPER-SHORT-1790235941,"{""close_reason"": ""negative_timeout""}"
4708,APT/USDT,SELL,FUTURES,0.7686,0.7716,71.28519733,3,0.780129,0.7462947,-0.6415667759700006,-1.170960187353631,-0.6196508549028653,0.021915921067135198,0,CLOSED,t,TRENDING,t,2026-09-24 07:45:43.704484+00,2026-09-24 08:05:44.366128+00,PAPER-SHORT-1790235943,"{""close_reason"": ""negative_timeout""}"
4709,PENGU/USDT,BUY,SPOT,0.010025,0.01002,997.50623441,1,0.00987462,0.01043782,-0.0049875311720494675,-0.04987531172069293,-0.000987531172065367,0.0039999999999841005,0,CLOSED,t,TRANSITION,t,2026-09-24 07:48:29.598209+00,2026-09-24 08:11:05.438209+00,PAPER-1790236109,"{""close_reason"": ""negative_timeout""}"
4710,WLD/USDT,BUY,FUTURES,0.4165,0.4146,114.90156393,3,0.4102525,0.42798279,-0.6549389144009862,-1.3685474189675584,-0.6357963138502482,0.019142600550738,0,CLOSED,t,TRENDING,t,2026-09-24 07:55:43.478903+00,2026-09-24 08:15:45.380365+00,PAPER-1790236543,"{""close_reason"": ""negative_timeout""}"
4711,FIL/USDT,SELL,FUTURES,0.9938,0.985,57.76997832,3,1.008707,0.96587203,1.525127427648005,2.656470114711218,1.5480921494297712,0.022964721781766402,0,CLOSED,t,TRENDING,t,2026-09-24 08:03:36.529166+00,2026-09-24 08:28:24.033121+00,PAPER-SHORT-1790237016,"{""close_reason"": ""manual""}"
4712,ETC/USDT,SELL,FUTURES,9.62,9.62,6.03624334,3,9.7643,9.35827399,0,0,0.02322746437232,0.02322746437232,0,CLOSED,t,TRENDING,t,2026-09-24 08:05:44.395922+00,2026-09-24 08:12:29.731916+00,PAPER-SHORT-1790237144,"{""close_reason"": ""take_profit""}"
4713,PUMP/USDT,BUY,FUTURES,0.004013,0.003986,15446.05186094,3,0.00395281,0.00411333,-1.25113020073615,-2.018440069773253,-1.2263361982889691,0.024794002447180892,0,CLOSED,t,TRENDING,t,2026-09-24 08:08:20.475338+00,2026-09-24 08:21:35.870541+00,PAPER-1790237300,"{""close_reason"": ""stop_loss""}"
4714,HBAR/USDT,SELL,FUTURES,0.0915,0.09069,620.97911411,3,0.0928725,0.0892125,1.5089792472872836,2.655737704918004,1.5317070828637096,0.022727835576426,0,CLOSED,t,TRENDING,t,2026-09-24 08:08:52.443895+00,2026-09-24 08:28:30.891311+00,PAPER-SHORT-1790237332,"{""close_reason"": ""manual""}"
4715,DOT/USDT,SELL,FUTURES,1.138,1.118,45.76856168,3,1.15507,1.10955,2.746113700799972,5.272407732864622,2.7669475500767082,0.020833849276736,0,CLOSED,t,TRENDING,t,2026-09-24 08:10:48.564575+00,2026-09-24 08:44:27.398258+00,PAPER-SHORT-1790237448,"{""close_reason"": ""manual""}"
4716,APT/USDT,SELL,FUTURES,0.7729,0.764,67.38856669,3,0.7844935,0.75046991,1.7992747306230037,3.454521930392037,1.820108579900884,0.0208338492778804,0,CLOSED,t,TRENDING,t,2026-09-24 08:10:48.573581+00,2026-09-24 08:28:13.912836+00,PAPER-SHORT-1790237448,"{""close_reason"": ""manual""}"
4717,PENGU/USDT,BUY,SPOT,0.009975,0.009846,1002.50626566,1,0.00982537,0.01038576,-0.12932330827013905,-1.2932330827067573,-0.12532330827015564,0.0039999999999834005,0,CLOSED,t,TRANSITION,t,2026-09-24 08:16:05.559739+00,2026-09-24 08:36:06.13051+00,PAPER-1790237765,"{""close_reason"": ""negative_timeout""}"
4718,ETC/USDT,SELL,FUTURES,9.65,9.5,5.39543709,3,9.79475,9.3874578,2.4279466905000056,4.663212435233171,2.4487730776674055,0.020826387167400002,0,CLOSED,t,TRENDING,t,2026-09-24 08:17:31.808992+00,2026-09-24 08:28:18.960996+00,PAPER-SHORT-1790237851,"{""close_reason"": ""manual""}"
4719,WLD/USDT,BUY,FUTURES,0.4144,0.4115,115.17166325,3,0.408184,0.42536279,-1.001993470275012,-2.0994208494208744,-0.9829026153746919,0.01909085490032,0,CLOSED,t,TRENDING,t,2026-09-24 08:21:12.468343+00,2026-09-24 08:27:08.433174+00,PAPER-1790238072,"{""close_reason"": ""stop_loss""}"
4720,PUMP/USDT,BUY,FUTURES,0.003983,0.003955,12202.48818494,3,0.00392326,0.00408257,-1.025009007534969,-2.108963093145888,-1.0055680033587224,0.01944100417624641,0,CLOSED,t,TRENDING,t,2026-09-24 08:26:36.122246+00,2026-09-24 08:34:29.912466+00,PAPER-1790238396,"{""close_reason"": ""stop_loss""}"
4721,WLD/USDT,BUY,FUTURES,0.4106,0.4078,166.37724019,3,0.404441,0.42146226,-1.397568817596019,-2.0457866536775726,-1.3702430196672135,0.027325797928805608,0,CLOSED,t,TRENDING,t,2026-09-24 08:32:09.274739+00,2026-09-24 08:45:46.625395+00,PAPER-1790238729,"{""close_reason"": ""stop_loss""}"
4722,APT/USDT,SELL,FUTURES,0.7652,0.7582,81.83693185,3,0.776678,0.74388336,1.7185755688500015,2.744380554103505,1.7436242169506495,0.025048648100648,0,CLOSED,t,TRENDING,t,2026-09-24 08:33:15.73224+00,2026-09-24 08:49:12.402622+00,PAPER-SHORT-1790238795,"{""close_reason"": ""manual""}"
4723,FIL/USDT,SELL,FUTURES,0.9838,0.973,58.34839591,3,0.998557,0.9570323,1.890488027484006,3.2933523073795588,1.9134492882425091,0.022961260758503202,0,CLOSED,t,TRENDING,t,2026-09-24 08:33:25.80793+00,2026-09-24 08:49:17.439035+00,PAPER-SHORT-1790238805,"{""close_reason"": ""manual""}"
4724,HBAR/USDT,SELL,FUTURES,0.09061,0.08998,580.72570255,3,0.09196915,0.08834475,1.0975715778194854,2.0858624875841243,1.1186194001827077,0.021047822363222203,0,CLOSED,t,TRENDING,t,2026-09-24 08:33:35.90103+00,2026-09-24 08:49:22.479587+00,PAPER-SHORT-1790238815,"{""close_reason"": ""manual""}"
4725,PUMP/USDT,BUY,FUTURES,0.00395,0.003921,13796.5111494,3,0.00389075,0.00404875,-1.20029646999781,-2.2025316455696387,-1.178497982381758,0.021798487616052003,0,CLOSED,t,TRENDING,t,2026-09-24 08:39:36.628711+00,2026-09-24 08:49:22.470292+00,PAPER-1790239176,"{""close_reason"": ""stop_loss""}"
4726,PENGU/USDT,BUY,SPOT,0.00984,0.0096924,1016.2601626,1,0.0096924,0.01022824,-0.15040650406480086,-1.5040650406504152,-0.14640650406480726,0.0039999999999936,0,CLOSED,t,TRANSITION,t,2026-09-24 08:41:12.758014+00,2026-09-24 08:49:05.552174+00,PAPER-1790239272,"{""close_reason"": ""stop_loss""}"
4727,FIL/USDT,SELL,FUTURES,0.9756,0.9823,295.63152123,3,0.990234,0.94905541,-5.942193576722934,-2.0602706027060047,-5.826826331878139,0.11536724484479519,0,CLOSED,t,TRENDING,t,2026-09-24 08:54:24.637676+00,2026-09-24 09:00:48.519343+00,PAPER-SHORT-1790240064,"{""close_reason"": ""stop_loss""}"
4728,PUMP/USDT,BUY,SPOT,0.00393,0.003929,17124.06093968,1,0.00387105,0.00402825,-0.017124060939685756,-0.025445292620873694,0.009794962857491204,0.02691902379717696,0,CLOSED,t,TRENDING,t,2026-09-24 08:54:37.118686+00,2026-09-24 09:10:05.201052+00,PAPER-1790240077,"{""close_reason"": ""negative_timeout""}"
4729,FIL/USDT,SELL,FUTURES,0.9772,0.974,227.73108005,3,0.991858,0.95061188,2.186218368479987,0.9823986901350741,2.2752338930499314,0.08901552456994401,0,CLOSED,t,TRENDING,t,2026-09-24 09:05:48.828455+00,2026-09-24 09:19:02.984298+00,PAPER-SHORT-1790240748,"{""close_reason"": ""manual""}"
4730,PUMP/USDT,BUY,SPOT,0.003888,0.00382776516,18546.7729666,1,0.00382968,0.0039852,-1.0942596050294036,-1.5174897119341613,-1.0654156637117473,0.028843941317656323,0,CLOSED,t,TRENDING,t,2026-09-24 09:15:11.928887+00,2026-09-24 11:13:15.786155+00,PAPER-1790241311,"{""close_reason"": ""stop_loss""}"
4731,WLD/USDT,BUY,FUTURES,0.4072,0.4064,36.83693517,5,0.399056,0.41796225,-0.14734774068000653,-0.9823182711198863,-0.14134774067951694,0.0060000000004896,0,CLOSED,t,TRENDING,t,2026-09-24 11:13:20.586959+00,2026-09-24 11:30:36.849011+00,PAPER-1790248400,"{""close_reason"": ""negative_timeout""}"
4732,APT/USDT,SELL,FUTURES,0.7692,0.7674,19.50078003,5,0.784584,0.74757126,0.1755070202700023,1.1700468018720902,0.18150702026963272,0.005999999999630401,0,CLOSED,t,TRENDING,t,2026-09-24 11:13:23.668253+00,2026-09-24 11:21:15.52148+00,PAPER-SHORT-1790248403,"{""close_reason"": ""trailing_stop""}"
4733,HBAR/USDT,SELL,FUTURES,0.08977,0.0898,167.09368386,5,0.0915654,0.08752575,-0.025064052579001878,-0.16709368385876266,-0.019064052578957,0.00600000000004488,0,CLOSED,t,TRENDING,t,2026-09-24 11:13:26.89083+00,2026-09-24 11:40:31.100822+00,PAPER-SHORT-1790248406,"{""close_reason"": ""negative_timeout""}"
4734,DOT/USDT,SELL,FUTURES,1.122,1.115,13.36898396,5,1.14444,1.09395,0.4679144386000078,3.1194295900178775,0.4739144386012558,0.006000000001248,0,CLOSED,t,TRENDING,t,2026-09-24 11:13:29.424627+00,2026-09-24 11:31:46.795039+00,PAPER-SHORT-1790248409,"{""close_reason"": ""trailing_stop""}"
4735,PENGU/USDT,BUY,SPOT,0.0098,0.009799,1020.40816327,1,0.009604,0.01016349,-0.0010204081632694572,-0.010204081632647632,0.002979591836748943,0.0040000000000184,0,CLOSED,t,TRANSITION,t,2026-09-24 11:13:31.77765+00,2026-09-24 11:30:28.774181+00,PAPER-1790248411,"{""close_reason"": ""negative_timeout""}"
4736,FET/USDT,BUY,SPOT,0.1982,0.1977,50.45408678,1,0.194236,0.20365268,-0.02522704338999977,-0.25227043390514403,-0.02122704339008137,0.0039999999999184,0,CLOSED,t,TRANSITION,t,2026-09-24 11:13:34.357125+00,2026-09-24 11:30:26.287726+00,PAPER-1790248414,"{""close_reason"": ""negative_timeout""}"
4737,TAO/USDT,BUY,FUTURES,282.8,282,0.05304102,5,277.144,290.57528776,-0.212164079999999,-1.4144271570014078,-0.20616407981759902,0.006000000182400001,0,CLOSED,t,TRENDING,t,2026-09-24 11:13:36.695768+00,2026-09-24 11:30:23.686866+00,PAPER-1790248416,"{""close_reason"": ""negative_timeout""}"
4738,XPL/USDT,BUY,SPOT,0.0884,0.08828,113.12217195,1,0.086632,0.09083253,-0.01357466063400106,-0.13574660633485225,-0.00957466063384906,0.004000000000152,0,CLOSED,t,TRANSITION,t,2026-09-24 11:13:39.378611+00,2026-09-24 11:30:21.320443+00,PAPER-1790248419,"{""close_reason"": ""negative_timeout""}"
4739,LINK/USDT,BUY,FUTURES,12.26,12.228,1.22349103,5,12.0148,12.5665,-0.1957585647999987,-1.3050570962479524,-0.1897585647888787,0.00600000001112,0,CLOSED,t,TRENDING,t,2026-09-24 11:13:42.614589+00,2026-09-24 11:30:18.812829+00,PAPER-1790248422,"{""close_reason"": ""negative_timeout""}"
4740,PUMP/USDT,BUY,FUTURES,0.003827,0.003811,4218.92205667,5,0.00375046,0.00392267,-0.3375137645336031,-2.09041024301021,-0.3310554386492527,0.006458325884350436,0,CLOSED,t,TRENDING,t,2026-09-24 11:18:16.25925+00,2026-09-24 11:31:13.578601+00,PAPER-1790248696,"{""close_reason"": ""stop_loss""}"
4741,ONDO/USDT,SELL,FUTURES,0.428,0.4269,37.71619225,5,0.43656,0.41721464,0.2074390573749981,1.2850467289719507,0.2138960694881981,0.0064570121132,0,CLOSED,t,TRENDING,t,2026-09-24 11:24:39.103482+00,2026-09-24 11:37:08.178143+00,PAPER-SHORT-1790249079,"{""close_reason"": ""trailing_stop""}"
4742,LTC/USDT,SELL,FUTURES,66.57,66.42,0.24248956,5,67.9014,64.62163825,0.18186716999998967,1.1266336187471195,0.18832418200366968,0.00645701200368,0,CLOSED,t,TRENDING,t,2026-09-24 11:24:42.567816+00,2026-09-24 11:34:30.554916+00,PAPER-SHORT-1790249082,"{""close_reason"": ""trailing_stop""}"
4743,APT/USDT,SELL,FUTURES,0.767,0.7649,20.62455538,5,0.78234,0.74543312,0.21655783148999902,1.3689700130378035,0.22288544508058303,0.006327613590584,0,CLOSED,t,TRENDING,t,2026-09-24 11:26:24.350342+00,2026-09-24 11:31:06.25804+00,PAPER-SHORT-1790249184,"{""close_reason"": ""trailing_stop""}"
4744,TAO/USDT,BUY,FUTURES,281.9,281,0.06468865,5,276.262,289.65054321,-0.291098924999989,-1.5963107484923134,-0.283804632825989,0.007294292173999999,0,CLOSED,t,TRENDING,t,2026-09-24 11:35:30.400467+00,2026-09-24 11:55:33.436836+00,PAPER-1790249730,"{""close_reason"": ""negative_timeout""}"
4745,LINK/USDT,BUY,FUTURES,12.224,12.195,1.49179733,5,11.97952,12.5296,-0.21631061284999828,-1.1861910994764302,-0.2090163206252303,0.007294292224768,0,CLOSED,t,TRENDING,t,2026-09-24 11:35:32.930288+00,2026-09-24 11:55:29.393014+00,PAPER-1790249732,"{""close_reason"": ""negative_timeout""}"
4746,WLD/USDT,BUY,FUTURES,0.4064,0.4061,43.97216166,5,0.398272,0.4171411,-0.06595824248999492,-0.36909448818894797,-0.05881012789054532,0.007148114599449599,0,CLOSED,t,TRENDING,t,2026-09-24 11:35:50.109765+00,2026-09-24 11:55:25.997887+00,PAPER-1790249750,"{""close_reason"": ""negative_timeout""}"
4747,PENGU/USDT,BUY,SPOT,0.00977,0.00971,1023.54145343,1,0.0095746,0.01013237,-0.06141248720579906,-0.6141248720573089,-0.05741248720579462,0.00400000000000444,0,CLOSED,t,TRANSITION,t,2026-09-24 11:35:52.664212+00,2026-09-24 11:55:23.500746+00,PAPER-1790249752,"{""close_reason"": ""negative_timeout""}"
4748,APT/USDT,SELL,FUTURES,0.7655,0.7697,22.45725177,5,0.78081,0.7439753,-0.47160228717001024,-2.743305029392614,-0.4647258766780362,0.006876410491973999,0,CLOSED,t,TRENDING,t,2026-09-24 11:36:12.491917+00,2026-09-24 11:40:41.254594+00,PAPER-SHORT-1790249772,"{""close_reason"": ""stop_loss""}"
4749,PUMP/USDT,BUY,FUTURES,0.003801,0.003801,4477.44597347,5,0.00372498,0.00389602,0,0,0.006807508858063789,0.006807508858063789,0,CLOSED,t,TRENDING,t,2026-09-24 11:36:17.555222+00,2026-09-24 11:39:35.121089+00,PAPER-1790249777,"{""close_reason"": ""take_profit""}"
4750,DOT/USDT,SELL,FUTURES,1.115,1.113,15.11053278,5,1.1373,1.087125,0.15110532780000013,0.896860986547086,0.15784462541988015,0.006739297619880001,0,CLOSED,t,TRENDING,t,2026-09-24 11:36:47.947878+00,2026-09-24 12:07:47.954116+00,PAPER-SHORT-1790249807,"{""close_reason"": ""profitable_timeout""}"
4751,LTC/USDT,SELL,FUTURES,66.64,65.69,0.25286505,5,67.9728,64.6895895,1.2011089875000036,7.127851140456204,1.2078493582728036,0.0067403707728,0,CLOSED,t,TRENDING,t,2026-09-24 11:39:35.190878+00,2026-09-24 12:08:48.085105+00,PAPER-SHORT-1790249975,"{""close_reason"": ""trailing_stop""}"
4752,ONDO/USDT,SELL,FUTURES,0.4267,0.452,40.18862875,5,0.435234,0.4159474,-5.083861536874998,-29.646121396765864,-5.077002141719948,0.006859395155050001,0,CLOSED,t,TRENDING,t,2026-09-24 11:42:09.056093+00,2026-09-24 12:07:47.938456+00,PAPER-SHORT-1790250129,"{""close_reason"": ""stop_loss""}"
4753,PUMP/USDT,BUY,FUTURES,0.00377,0.003782,4503.09284842,5,0.0036946,0.00386425,0.2701855709052049,1.5915119363395513,0.27697623492062223,0.00679066401541736,0,CLOSED,t,TRENDING,t,2026-09-24 11:44:35.755604+00,2026-09-24 12:08:08.74356+00,PAPER-1790250275,"{""close_reason"": ""trailing_stop""}"
4754,HBAR/USDT,SELL,FUTURES,0.08976,0.08978,187.23879128,5,0.0915552,0.087516,-0.01872387912799274,-0.11140819964345057,-0.012001257565875618,0.006722621562117121,0,CLOSED,t,TRENDING,t,2026-09-24 11:45:31.483141+00,2026-09-24 12:08:48.074572+00,PAPER-SHORT-1790250331,"{""close_reason"": ""negative_timeout""}"
4755,ACE/USDT,BUY,FUTURES,0.1777,0.1767,93.6305697,5,0.174146,0.18640049,-0.46815284849999805,-2.8137310073156896,-0.46149758760572207,0.006655260894275999,0,CLOSED,t,TRENDING,t,2026-09-24 11:55:34.900499+00,2026-09-24 12:08:37.947138+00,PAPER-1790250934,"{""close_reason"": ""stop_loss""}"
4756,APT/USDT,SELL,FUTURES,0.7607,0.7639,21.87216016,5,0.775914,0.73931027,-0.34995456255999785,-2.1033258840541476,-0.34329930166651307,0.006655260893484801,0,CLOSED,t,TRENDING,t,2026-09-24 11:55:34.914729+00,2026-09-24 12:09:46.527355+00,PAPER-SHORT-1790250934,"{""close_reason"": ""stop_loss""}"
4757,WLD/USDT,BUY,SPOT,0.4062,0.4085,24.61841457,1,0.398076,0.41693582,0.056622353510999146,0.5662235352043243,0.060622353510332745,0.0039999999993336,0,CLOSED,t,TRENDING,t,2026-09-24 12:07:47.983144+00,2026-09-24 12:38:44.463008+00,PAPER-1790251667,"{""close_reason"": ""profitable_timeout""}"
4758,PENGU/USDT,BUY,SPOT,0.009743,0.009732,1026.37791235,1,0.00954814,0.01010437,-0.011290157035850892,-0.1129015703582148,-0.0072901570358404715,0.004000000000010421,0,CLOSED,t,TRANSITION,t,2026-09-24 12:07:47.99603+00,2026-09-24 12:32:59.229169+00,PAPER-1790251667,"{""close_reason"": ""negative_timeout""}"
4759,TAO/USDT,BUY,FUTURES,281.8,283.8,0.06144471,5,276.164,289.54779382,0.614447100000008,3.5486160397445454,0.621373147711208,0.006926047711200001,0,CLOSED,t,TRENDING,t,2026-09-24 12:07:48.008656+00,2026-09-24 12:14:05.3831+00,PAPER-1790251668,"{""close_reason"": ""trailing_stop""}"
4760,LINK/USDT,BUY,FUTURES,12.221,12.274,1.41683322,5,11.97658,12.526525,0.3754608033000016,2.168398658047632,0.3823868508126496,0.006926047512648001,0,CLOSED,t,TRENDING,t,2026-09-24 12:07:48.025016+00,2026-09-24 12:13:53.761545+00,PAPER-1790251668,"{""close_reason"": ""trailing_stop""}"
4761,DOT/USDT,SELL,FUTURES,1.118,1.112,15.15625301,5,1.14036,1.09005,0.45468759030000044,2.6833631484794296,0.46146546664607246,0.006777876346072002,0,CLOSED,t,TRENDING,t,2026-09-24 12:12:50.307364+00,2026-09-24 12:34:36.704841+00,PAPER-SHORT-1790251970,"{""close_reason"": ""trailing_stop""}"
4762,ONDO/USDT,SELL,FUTURES,0.4667,0.4686,36.30745846,5,0.476034,0.45493942,-0.3449208553700022,-2.035568887936589,-0.3381429790246894,0.0067778763453128,0,CLOSED,t,TRENDING,t,2026-09-24 12:12:50.322835+00,2026-09-24 12:13:19.474119+00,PAPER-SHORT-1790251970,"{""close_reason"": ""stop_loss""}"
4763,PUMP/USDT,BUY,FUTURES,0.0038,0.003784,4369.7682253,5,0.003724,0.003895,-0.3495814580239974,-2.105263157894721,-0.3429394103215414,0.006642047702456,0,CLOSED,t,TRENDING,t,2026-09-24 12:13:10.513198+00,2026-09-24 12:18:33.264813+00,PAPER-1790251990,"{""close_reason"": ""stop_loss""}"
4764,ACE/USDT,BUY,FUTURES,0.1781,0.1773,93.15365794,5,0.174538,0.18682007,-0.372614631760001,-2.245929253228529,-0.36597836516835536,0.0066362665916456015,0,CLOSED,t,TRENDING,t,2026-09-24 12:13:39.708411+00,2026-09-24 12:30:45.920552+00,PAPER-1790252019,"{""close_reason"": ""stop_loss""}"
4765,HBAR/USDT,SELL,FUTURES,0.09031,0.09031,181.86721295,5,0.0921162,0.08805225,0.11821368841750464,0.7197431070756567,0.12478345961811044,0.0065697712006058005,0,CLOSED,t,TRENDING,t,2026-09-24 12:13:48.71846+00,2026-09-24 12:30:42.291297+00,PAPER-SHORT-1790252028,"{""close_reason"": ""take_profit""}"
4766,APT/USDT,SELL,FUTURES,0.7671,0.7703,21.71158447,5,0.782442,0.74553031,-0.3473853515199979,-2.0857776039629647,-0.34072336894122307,0.0066619825787748,0,CLOSED,t,TRENDING,t,2026-09-24 12:14:48.558677+00,2026-09-24 12:25:17.37569+00,PAPER-SHORT-1790252088,"{""close_reason"": ""stop_loss""}"
4767,ONDO/USDT,SELL,FUTURES,0.4578,0.4524,36.01588856,5,0.466956,0.4462637,0.9724289911199928,5.897771952817782,0.9790242206331,0.006595229513107199,0,CLOSED,t,TRENDING,t,2026-09-24 12:18:23.160645+00,2026-09-24 12:19:16.501245+00,PAPER-SHORT-1790252303,"{""close_reason"": ""trailing_stop""}"
4768,LINK/USDT,BUY,FUTURES,12.278,12.244,1.34151366,5,12.03244,12.58495,-0.22805732220000405,-1.3845903241570534,-0.22146888031301204,0.006588441886992,0,CLOSED,t,TRENDING,t,2026-09-24 12:18:57.410748+00,2026-09-24 12:33:57.523177+00,PAPER-1790252337,"{""close_reason"": ""negative_timeout""}"
4769,TAO/USDT,BUY,FUTURES,282.4,283.2,0.05774102,5,276.752,290.16429019,0.23096407999999496,1.4164305949008194,0.23748650561919496,0.006522425619199999,0,CLOSED,t,TRENDING,t,2026-09-24 12:19:06.399918+00,2026-09-24 12:23:30.638845+00,PAPER-1790252346,"{""close_reason"": ""trailing_stop""}"
4770,PUMP/USDT,BUY,FUTURES,0.0038,0.003788,4350.18840614,5,0.003724,0.003895,-0.2610113043683934,-1.5789473684210131,-0.2543990179910606,0.0066122863773328,0,CLOSED,t,TRENDING,t,2026-09-24 12:23:35.744244+00,2026-09-24 12:38:42.012056+00,PAPER-1790252615,"{""close_reason"": ""negative_timeout""}"
4771,ONDO/USDT,SELL,FUTURES,0.4563,0.4563,35.8647341,5,0.465426,0.4448015,0.03586473409999605,0.2191540653078873,0.04241076536792805,0.006546031267932,0,CLOSED,t,TRENDING,t,2026-09-24 12:24:19.706363+00,2026-09-24 12:33:19.466692+00,PAPER-SHORT-1790252659,"{""close_reason"": ""take_profit""}"
4772,APT/USDT,SELL,FUTURES,0.7664,0.7697,45.66805846,5,0.781728,0.743408,-0.7535229645900184,-2.15292275574118,-0.7395229645885208,0.014000000001497601,0,CLOSED,t,TRENDING,t,2026-09-24 12:30:57.786901+00,2026-09-24 12:40:50.451179+00,PAPER-SHORT-1790253057,"{""close_reason"": ""stop_loss""}"
4773,TAO/USDT,BUY,FUTURES,281.5,280.1,0.12433393,5,275.87,289.945,-0.8703375099999786,-2.4866785079928344,-0.8563375094819786,0.014000000517999999,0,CLOSED,t,TRENDING,t,2026-09-24 12:31:00.414842+00,2026-09-24 12:33:33.437121+00,PAPER-1790253060,"{""close_reason"": ""stop_loss""}"
4774,SUI/USDT,SELL,FUTURES,0.9553,0.9514,36.63770543,5,0.974406,0.926641,0.7144352558850027,2.041243588401557,0.7284352558839142,0.0139999999989116,0,CLOSED,t,TRENDING,t,2026-09-24 12:31:02.890436+00,2026-09-24 12:34:55.660312+00,PAPER-SHORT-1790253062,"{""close_reason"": ""trailing_stop""}"
4775,HBAR/USDT,SELL,FUTURES,0.09002,0.0901,388.80248834,5,0.0918204,0.0873194,-0.1555209953359937,-0.4443457009553252,-0.14152099533584697,0.014000000000146721,0,CLOSED,t,TRENDING,t,2026-09-24 12:35:44.892649+00,2026-09-24 12:50:47.363558+00,PAPER-SHORT-1790253344,"{""close_reason"": ""negative_timeout""}"
4776,ACE/USDT,BUY,FUTURES,0.176,0.1749,198.86363636,5,0.17248,0.18415512,-1.093749999979996,-3.124999999999989,-1.079749999980252,0.013999999999743998,0,CLOSED,t,TRENDING,t,2026-09-24 12:35:49.935636+00,2026-09-24 12:39:33.447333+00,PAPER-1790253349,"{""close_reason"": ""stop_loss""}"
4777,AVAX/USDT,BUY,FUTURES,9.992,10.05,3.50280224,5,9.79216,10.29176,1.0158126495999888,2.9023218574859566,1.0298126495928208,0.013999999992832,0,CLOSED,t,TRENDING,t,2026-09-24 12:38:47.166594+00,2026-09-24 12:45:47.02597+00,PAPER-1790253527,"{""close_reason"": ""trailing_stop""}"
4778,AAVE/USDT,BUY,SPOT,136.92,138.22,0.25562372,1,134.1816,141.0276,0.3323108360000051,0.9494595384166082,0.3463108358969651,0.01399999989696,0,CLOSED,t,TRANSITION,t,2026-09-24 12:38:49.612417+00,2026-09-24 13:07:00.957322+00,PAPER-1790253529,"{""close_reason"": ""manual""}"
4779,TAO/USDT,BUY,FUTURES,280.2,278.8,0.12491078,5,274.596,288.606,-0.8743754599999936,-2.4982155603140432,-0.8603754597775936,0.0140000002224,0,CLOSED,t,TRENDING,t,2026-09-24 12:38:52.409919+00,2026-09-24 12:41:46.531944+00,PAPER-1790253532,"{""close_reason"": ""stop_loss""}"
4780,UNI/USDT,BUY,FUTURES,8.963,9.001,3.90494254,5,8.78374,9.23189,0.7419390826000128,2.11982595113247,0.7559390825944209,0.013999999994407998,0,CLOSED,t,TRENDING,t,2026-09-24 12:38:54.95891+00,2026-09-24 12:42:45.841328+00,PAPER-1790253534,"{""close_reason"": ""trailing_stop""}"
4781,XPL/USDT,BUY,FUTURES,0.088,0.08844,397.72727273,5,0.08624,0.09064,0.87500000000602,2.5000000000000577,0.889000000006116,0.014000000000095998,0,CLOSED,t,TRENDING,t,2026-09-24 12:38:57.714766+00,2026-09-24 12:45:47.0115+00,PAPER-1790253537,"{""close_reason"": ""trailing_stop""}"
4782,SOL/USDT,BUY,SPOT,113.28,114.18,0.30896893,1,111.0144,116.6784,0.2780720369999983,0.7944915254237239,0.29207203715615826,0.01400000015616,0,CLOSED,t,TRENDING,t,2026-09-24 12:39:00.102402+00,2026-09-24 13:07:00.945368+00,PAPER-1790253540,"{""close_reason"": ""manual""}"
4783,DOGE/USDT,BUY,SPOT,0.09219,0.09307,379.65072134,1,0.0903462,0.0949557,0.3340926347792004,0.9545503850743042,0.3480926347793343,0.014000000000133841,0,CLOSED,t,TRANSITION,t,2026-09-24 12:39:02.877381+00,2026-09-24 13:07:00.931717+00,PAPER-1790253542,"{""close_reason"": ""manual""}"
4784,BNB/USDT,BUY,SPOT,770.42,770.1,0.04542977,1,755.0116,793.5326,-0.014537526399997773,-0.041535785675339554,-0.0005375250386377723,0.01400000136136,0,CLOSED,t,TRANSITION,t,2026-09-24 12:39:05.381904+00,2026-09-24 12:54:09.066296+00,PAPER-1790253545,"{""close_reason"": ""negative_timeout""}"
4785,LINK/USDT,BUY,SPOT,12.25,12.324,2.85714286,1,12.005,12.6175,0.21142857164000098,0.604081632653064,0.225428571654001,0.014000000014000001,0,CLOSED,t,TRANSITION,t,2026-09-24 12:39:43.374968+00,2026-09-24 13:07:00.917683+00,PAPER-1790253583,"{""close_reason"": ""manual""}"
4786,WLD/USDT,BUY,SPOT,0.4105,0.4135,85.26187576,1,0.40229,0.422815,0.25578562727999854,0.730816077953711,0.26978562727979055,0.013999999999792,0,CLOSED,t,TRANSITION,t,2026-09-24 12:54:09.09958+00,2026-09-24 13:07:00.90282+00,PAPER-1790254449,"{""close_reason"": ""manual""}"
4787,ACE/USDT,BUY,SPOT,0.1747,0.1763,200.34344591,1,0.171206,0.179941,0.320549513456002,0.9158557527189526,0.3345495134561928,0.0140000000001908,0,CLOSED,t,TRANSITION,t,2026-09-24 13:07:02.571213+00,2026-09-24 13:33:05.995627+00,PAPER-1790255222,"{""close_reason"": ""manual""}"
4788,XPL/USDT,BUY,SPOT,0.08934,0.09035,391.76180882,1,0.0875532,0.0920202,0.3956794269082022,1.1305126483098338,0.4096794269081937,0.013999999999991523,0,CLOSED,t,TRANSITION,t,2026-09-24 13:07:02.595022+00,2026-09-24 13:33:05.984735+00,PAPER-1790255222,"{""close_reason"": ""manual""}"
4789,BNB/USDT,BUY,SPOT,772.38,777,0.04531448,1,756.9324,795.5514,0.20935289760000347,0.5981511691136587,0.22335289682496348,0.01399999922496,0,CLOSED,t,TRANSITION,t,2026-09-24 13:07:02.616117+00,2026-09-24 13:33:05.974635+00,PAPER-1790255222,"{""close_reason"": ""manual""}"
4790,AVAX/USDT,BUY,FUTURES,10.09,10.264,3.46878097,5,9.8882,10.3927,3.0178394438999736,8.622398414271482,3.0318394438948935,0.013999999994920001,0,CLOSED,t,TRENDING,t,2026-09-24 13:07:07.651516+00,2026-09-24 13:33:05.963624+00,PAPER-1790255227,"{""close_reason"": ""manual""}"
4791,TAO/USDT,BUY,FUTURES,283.5,286.4,0.12345679,5,277.83,292.005,1.790123454999998,5.1146384479717755,1.8041234549859981,0.013999999986000001,0,CLOSED,t,TRENDING,t,2026-09-24 13:07:07.661485+00,2026-09-24 13:33:05.951934+00,PAPER-1790255227,"{""close_reason"": ""manual""}"
4792,UNI/USDT,BUY,FUTURES,9.059,9.19,3.8635611,5,8.87782,9.33077,2.530632520500014,7.230378628987788,2.544632520501974,0.014000000001959998,0,CLOSED,t,TRENDING,t,2026-09-24 13:07:07.675787+00,2026-09-24 13:33:05.939602+00,PAPER-1790255227,"{""close_reason"": ""manual""}"
4793,AAVE/USDT,BUY,SPOT,140.59,141.25,0.24895085,1,137.7782,144.8077,0.16430756099999627,0.46945017426558433,0.17830756100059628,0.0140000000006,0,CLOSED,t,TRANSITION,t,2026-09-24 13:30:33.019139+00,2026-09-24 13:33:05.926557+00,PAPER-1790256633,"{""close_reason"": ""manual""}"
4794,LINK/USDT,BUY,SPOT,12.387,12.466,2.82554291,1,12.13926,12.75861,0.22321788988999508,0.6377653992088339,0.23721788990046308,0.014000000010468,0,CLOSED,t,TRANSITION,t,2026-09-24 13:30:33.034971+00,2026-09-24 13:33:05.913699+00,PAPER-1790256633,"{""close_reason"": ""manual""}"
4795,DOGE/USDT,BUY,SPOT,0.0937,0.09436,373.53255069,1,0.091826,0.096511,0.24653148345539386,0.7043756670223944,0.26053148345525506,0.0139999999998612,0,CLOSED,t,TRANSITION,t,2026-09-24 13:30:33.055862+00,2026-09-24 13:33:05.901183+00,PAPER-1790256633,"{""close_reason"": ""manual""}"
4796,WLD/USDT,BUY,SPOT,0.4224,0.4233,82.85984848,1,0.413952,0.435072,0.07457386363200211,0.21306818181818787,0.08857386363118291,0.0139999999991808,0,CLOSED,t,TRANSITION,t,2026-09-24 13:33:06.015738+00,2026-09-24 13:33:35.077813+00,PAPER-1790256786,"{""close_reason"": ""manual""}"
4797,ACE/USDT,BUY,SPOT,0.1768,0.1776,197.9638009,1,0.173264,0.182104,0.15837104071999944,0.4524886877828038,0.17237104071964743,0.013999999999648,0,CLOSED,t,TRANSITION,t,2026-09-24 13:38:08.015474+00,2026-09-24 13:46:04.465354+00,PAPER-1790257088,"{""close_reason"": ""manual""}"
4798,AVAX/USDT,BUY,FUTURES,10.241,10.236,3.66890912,5,10.03618,10.54823,-0.09172272799997196,-0.2441167854700943,-0.07669340868080396,0.015029319319168,0,CLOSED,t,TRENDING,t,2026-09-24 13:38:08.029026+00,2026-09-24 13:53:11.746568+00,PAPER-1790257088,"{""close_reason"": ""negative_timeout""}"
4799,AAVE/USDT,BUY,SPOT,141.17,141.19,0.24792803,1,138.3466,145.4051,0.004958560600002129,0.014167316001989505,0.01895856059804213,0.01399999999804,0,CLOSED,t,TRANSITION,t,2026-09-24 13:38:08.040283+00,2026-09-24 13:46:42.605505+00,PAPER-1790257088,"{""close_reason"": ""manual""}"
4800,TAO/USDT,BUY,FUTURES,287.3,287.9,0.13078071,5,281.554,295.919,0.39234212999999224,1.0442046641141456,0.40737144919319224,0.015029319193200002,0,CLOSED,t,TRENDING,t,2026-09-24 13:38:08.051057+00,2026-09-24 13:47:49.005913+00,PAPER-1790257088,"{""close_reason"": ""trailing_stop""}"
4801,LINK/USDT,BUY,SPOT,12.465,12.457,2.80786201,1,12.2157,12.83895,-0.022462896079997297,-0.06417970316886512,-0.008462896098137296,0.01399999998186,0,CLOSED,t,TRANSITION,t,2026-09-24 13:38:08.061807+00,2026-09-24 13:53:11.737034+00,PAPER-1790257088,"{""close_reason"": ""negative_timeout""}"
4802,XPL/USDT,BUY,SPOT,0.09012,0.09006,388.37106081,1,0.0883176,0.0928236,-0.023302263648601617,-0.06657789613848664,-0.009302263648522735,0.014000000000078882,0,CLOSED,t,TRANSITION,t,2026-09-24 13:38:08.072322+00,2026-09-24 13:53:11.727193+00,PAPER-1790257088,"{""close_reason"": ""negative_timeout""}"
4803,UNI/USDT,BUY,FUTURES,9.201,9.162,4.08361029,5,9.01698,9.47703,-0.7963040065499952,-2.1193348549070623,-0.7812746872386792,0.015029319311316002,0,CLOSED,t,TRENDING,t,2026-09-24 13:38:08.084703+00,2026-09-24 13:49:50.181984+00,PAPER-1790257088,"{""close_reason"": ""stop_loss""}"
4804,DOGE/USDT,BUY,SPOT,0.09402,0.09381,372.26122102,1,0.0921396,0.0968406,-0.07817485641419913,-0.2233567326100805,-0.06417485641407897,0.014000000000120161,0,CLOSED,t,TRANSITION,t,2026-09-24 13:38:08.095907+00,2026-09-24 13:46:28.508336+00,PAPER-1790257088,"{""close_reason"": ""manual""}"
4805,BNB/USDT,BUY,SPOT,776.1,775.11,0.04509728,1,760.578,799.383,-0.04464630719999968,-0.12756088132972465,-0.03064630759679968,0.0139999996032,0,CLOSED,t,TRANSITION,t,2026-09-24 13:38:08.109195+00,2026-09-24 13:53:11.717651+00,PAPER-1790257088,"{""close_reason"": ""negative_timeout""}"
4806,WLD/USDT,BUY,SPOT,0.424,0.4237,82.54716981,1,0.41552,0.43672,-0.024764150942997568,-0.07075471698112512,-0.010764150943221567,0.013999999999776,0,CLOSED,t,TRANSITION,t,2026-09-24 13:38:51.395655+00,2026-09-24 13:53:56.13537+00,PAPER-1790257131,"{""close_reason"": ""negative_timeout""}"
4807,PUMP/USDT,BUY,FUTURES,0.003833,0.003846,9131.2288025,5,0.00375634,0.00394799,0.5935298721625045,1.6957996347508608,0.6075298721624975,0.013999999999993,0,CLOSED,t,TRENDING,t,2026-09-24 13:53:16.810938+00,2026-09-24 14:00:07.427981+00,PAPER-1790257996,"{""close_reason"": ""trailing_stop""}"
4808,PEPE/USDT,BUY,FUTURES,4.37e-06,4.38e-06,8009153.3180778,5,4.28e-06,4.5e-06,0.40045766590390813,1.1441647597254523,0.41445766590390815,0.013999999999999995,0,CLOSED,t,TRENDING,t,2026-09-24 13:53:16.822007+00,2026-09-24 13:56:41.232199+00,PAPER-1790257996,"{""close_reason"": ""trailing_stop""}"
4809,TAO/USDT,BUY,FUTURES,287.1,287.8,0.12190874,5,281.358,295.713,0.4266805900000001,1.219087425983978,0.44068058970160007,0.013999999701600001,0,CLOSED,t,TRANSITION,t,2026-09-24 13:53:16.831673+00,2026-09-24 14:00:17.55453+00,PAPER-1790257996,"{""close_reason"": ""trailing_stop""}"
4810,INJ/USDT,SELL,FUTURES,8.129,8.094,4.30557264,5,8.29158,7.88513,0.753475212000003,2.152786320580646,0.767475211996227,0.013999999996224,0,CLOSED,t,TRENDING,t,2026-09-24 13:53:16.845709+00,2026-09-24 13:55:13.61803+00,PAPER-SHORT-1790257996,"{""close_reason"": ""trailing_stop""}"
4811,DOT/USDT,SELL,FUTURES,1.148,1.156,30.48780488,5,1.17096,1.11356,-1.219512195200001,-3.4843205574912925,-1.205512195199105,0.014000000000895997,0,CLOSED,t,TRANSITION,t,2026-09-24 13:53:16.855961+00,2026-09-24 14:01:00.927981+00,PAPER-SHORT-1790257996,"{""close_reason"": ""stop_loss""}"
4812,UNI/USDT,BUY,FUTURES,9.163,9.184,3.8197097,5,8.97974,9.43789,0.40106951849997385,1.1459129106187183,0.41506951849241386,0.013999999992440003,0,CLOSED,t,TRENDING,t,2026-09-24 13:54:54.51579+00,2026-09-24 14:01:21.125806+00,PAPER-1790258094,"{""close_reason"": ""trailing_stop""}"
4813,AVAX/USDT,BUY,FUTURES,10.273,10.483,3.40698919,5,10.06754,10.58119,3.5773386495000112,10.220967584931406,3.5913386494795594,0.013999999979548,0,CLOSED,t,TRENDING,t,2026-09-24 13:58:15.472979+00,2026-09-24 14:34:06.324443+00,PAPER-1790258295,"{""close_reason"": ""manual""}"
4814,BNB/USDT,BUY,SPOT,776.57,783.14,0.01287714,1,761.0386,799.8671,0.08460280979999987,0.8460280464092085,0.08860281004391987,0.004000000243920001,0,CLOSED,t,TRANSITION,t,2026-09-24 13:58:15.491599+00,2026-09-24 14:33:39.797194+00,PAPER-1790258295,"{""close_reason"": ""profitable_timeout""}"
4815,WLD/USDT,BUY,FUTURES,0.4269,0.4288,81.98641368,5,0.418362,0.439707,0.7788709299600123,2.2253455141719725,0.7928709299600091,0.0139999999999968,0,CLOSED,t,TRANSITION,t,2026-09-24 13:58:58.814023+00,2026-09-24 14:01:00.904091+00,PAPER-1790258338,"{""close_reason"": ""trailing_stop""}"
4816,INJ/USDT,SELL,FUTURES,8.042,8.095,4.35215121,5,8.20284,7.80074,-1.153320070650018,-3.295200198955535,-1.13932007063769,0.014000000012328,0,CLOSED,t,TRENDING,t,2026-09-24 14:00:17.58581+00,2026-09-24 14:01:21.108743+00,PAPER-SHORT-1790258417,"{""close_reason"": ""stop_loss""}"
4817,PEPE/USDT,BUY,FUTURES,4.39e-06,4.37e-06,8170371.65155474,5,4.3e-06,4.52e-06,-0.8170371651554932,-2.2779043280182765,-0.8026899925353631,0.014347172620130124,0,CLOSED,t,TRENDING,t,2026-09-24 14:01:45.246476+00,2026-09-24 14:02:19.422597+00,PAPER-1790258505,"{""close_reason"": ""stop_loss""}"
4818,TAO/USDT,BUY,FUTURES,295.2,295.2,0.11856369,5,289.296,304.056,0,0,0.014000000515200001,0.014000000515200001,0,CLOSED,t,TRANSITION,t,2026-09-24 14:33:41.789688+00,2026-09-24 14:34:41.500567+00,PAPER-1790260421,"{""close_reason"": ""take_profit""}"
4819,PUMP/USDT,BUY,FUTURES,0.003937,0.003937,9088.99287162,5,0.00385826,0.00405511,0.13633489307426516,0.38100076200142663,0.15064823904849234,0.014313345974227176,0,CLOSED,t,TRENDING,t,2026-09-24 14:33:41.806414+00,2026-09-24 14:40:20.798439+00,PAPER-1790260421,"{""close_reason"": ""take_profit""}"
4820,XLM/USDT,SELL,FUTURES,0.209,0.2067,167.46411483,5,0.21318,0.20273,1.925837320544997,5.5023923444976,1.939837320544785,0.013999999999788,0,CLOSED,t,TRANSITION,t,2026-09-24 14:33:41.818443+00,2026-09-24 14:50:30.035964+00,PAPER-SHORT-1790260421,"{""close_reason"": ""trailing_stop""}"
4821,PEPE/USDT,BUY,FUTURES,4.52e-06,4.5e-06,7916673.65831483,5,4.43e-06,4.66e-06,-0.7916673658314842,-2.212389380530977,-0.777354019857251,0.014313345974233213,0,CLOSED,t,TRENDING,t,2026-09-24 14:33:41.828528+00,2026-09-24 14:39:46.028901+00,PAPER-1790260421,"{""close_reason"": ""stop_loss""}"
4822,TIA/USDT,SELL,FUTURES,0.4925,0.4898,72.65657855,5,0.50235,0.477725,0.9808638104249927,2.7411167512690153,0.9951771563993427,0.01431334597435,0,CLOSED,t,TRENDING,t,2026-09-24 14:33:41.83741+00,2026-09-24 14:39:24.098712+00,PAPER-SHORT-1790260421,"{""close_reason"": ""trailing_stop""}"
4823,WIF/USDT,SELL,FUTURES,0.2418,0.2369,144.74772539,5,0.246636,0.234546,3.5463192720549914,10.132340777502044,3.5603192720547123,0.0139999999997208,0,CLOSED,t,TRANSITION,t,2026-09-24 14:33:41.845317+00,2026-09-24 14:50:30.026147+00,PAPER-SHORT-1790260421,"{""close_reason"": ""trailing_stop""}"
4824,UNI/USDT,BUY,FUTURES,9.354,9.311,3.74171477,5,9.16692,9.63462,-0.8044686755499896,-2.298481932862917,-0.7904686755665575,0.013999999983432,0,CLOSED,t,TRANSITION,t,2026-09-24 14:33:41.854291+00,2026-09-24 14:36:55.733254+00,PAPER-1790260421,"{""close_reason"": ""stop_loss""}"
4825,PAXG/USDT,BUY,SPOT,4256.32,4256.37,0.00234945,1,4171.1936,4384.0096,0.00011747250000151262,0.001174723704999714,0.004117476909601512,0.0040000044095999995,0,CLOSED,t,RANGING,t,2026-09-24 14:33:41.862362+00,2026-09-24 15:51:17.93822+00,PAPER-1790260421,"{""close_reason"": ""profitable_timeout""}"
4826,WLD/USDT,BUY,FUTURES,0.4476,0.4458,79.94496188,5,0.438648,0.461028,-0.7195046569200003,-2.0107238605898137,-0.7051913109450051,0.014313345974995199,0,CLOSED,t,TRENDING,t,2026-09-24 14:33:41.870562+00,2026-09-24 14:34:11.480474+00,PAPER-1790260421,"{""close_reason"": ""stop_loss""}"
4827,DOT/USDT,SELL,FUTURES,1.179,1.165,30.35060639,5,1.20258,1.14363,2.124542447300002,5.937234944868538,2.138855793273526,0.014313345973524001,0,CLOSED,t,TRENDING,t,2026-09-24 14:33:41.878457+00,2026-09-24 14:46:33.435901+00,PAPER-SHORT-1790260421,"{""close_reason"": ""manual""}"
4828,FIL/USDT,SELL,FUTURES,1.0182,1.0077,34.37438617,5,1.038564,0.987654,1.8046552739249921,5.1561579257513035,1.8186552739243098,0.013999999999317602,0,CLOSED,t,TRANSITION,t,2026-09-24 14:33:41.8868+00,2026-09-24 14:46:38.563031+00,PAPER-SHORT-1790260421,"{""close_reason"": ""manual""}"
4829,BCH/USDT,SELL,FUTURES,345.2,345.2,0.1013905,5,352.104,334.844,0.3041714999999827,0.8690614136731836,0.3181715002399827,0.014000000240000001,0,CLOSED,t,TRANSITION,t,2026-09-24 14:33:41.895134+00,2026-09-24 14:36:31.185036+00,PAPER-SHORT-1790260421,"{""close_reason"": ""take_profit""}"
4830,APT/USDT,SELL,FUTURES,0.8471,0.843,42.24219683,5,0.864042,0.821687,0.8659650350149984,2.4200212489670596,0.8802783809888757,0.0143133459738772,0,CLOSED,t,TRENDING,t,2026-09-24 14:33:41.90291+00,2026-09-24 14:40:20.693329+00,PAPER-SHORT-1790260421,"{""close_reason"": ""trailing_stop""}"
4831,SUI/USDT,SELL,FUTURES,1.0207,1.0166,35.05767114,5,1.041114,0.990079,0.7186822583699989,2.0084255902811763,0.7329956043430381,0.0143133459730392,0,CLOSED,t,TRENDING,t,2026-09-24 14:33:41.911852+00,2026-09-24 14:40:20.678392+00,PAPER-SHORT-1790260421,"{""close_reason"": ""trailing_stop""}"
4832,ETC/USDT,SELL,FUTURES,10.41,10.35,3.43740297,5,10.6182,10.0977,1.0312208910000085,2.881844380403482,1.0455342369670884,0.01431334596708,0,CLOSED,t,TRENDING,t,2026-09-24 14:33:41.922254+00,2026-09-24 14:34:32.038908+00,PAPER-SHORT-1790260421,"{""close_reason"": ""trailing_stop""}"
4833,AAVE/USDT,BUY,FUTURES,145.08,144.47,0.24664575,5,142.1784,149.4324,-0.7522695375000121,-2.102288392611007,-0.7379561913360121,0.014313346164000002,0,CLOSED,t,TRENDING,t,2026-09-24 14:33:41.931882+00,2026-09-24 14:41:05.116422+00,PAPER-1790260421,"{""close_reason"": ""stop_loss""}"
4834,INJ/USDT,SELL,FUTURES,8.257,8.312,4.33370049,5,8.42214,8.00929,-1.1917676347499937,-3.3305074482257306,-1.1774542887716217,0.014313345978372,0,CLOSED,t,TRENDING,t,2026-09-24 14:33:41.942669+00,2026-09-24 14:37:04.946806+00,PAPER-SHORT-1790260421,"{""close_reason"": ""stop_loss""}"
4835,SAGA/USDT,SELL,FUTURES,0.04478,0.04478,781.59892809,5,0.0456756,0.04341509,0,0,0.01399999999994808,0.01399999999994808,0,CLOSED,t,TRANSITION,t,2026-09-24 14:33:41.951096+00,2026-09-24 14:35:50.984113+00,PAPER-SHORT-1790260421,"{""close_reason"": ""take_profit""}"
4836,ONDO/USDT,SELL,FUTURES,0.5096,0.5065,70.21853402,5,0.519792,0.494312,1.0883872773100363,3.0416012558870706,1.102700623284673,0.014313345974636803,0,CLOSED,t,TRENDING,t,2026-09-24 14:33:41.959284+00,2026-09-24 14:39:45.976956+00,PAPER-SHORT-1790260421,"{""close_reason"": ""trailing_stop""}"
4837,MUBARAK/USDT,BUY,SPOT,0.04841,0.04731,206.56889073,1,0.0474418,0.0498623,-0.2272257798030005,-2.2722577979756298,-0.22322577980290476,0.00400000000009572,0,CLOSED,t,TRANSITION,t,2026-09-24 14:34:06.421027+00,2026-09-24 14:49:45.184394+00,PAPER-1790260446,"{""close_reason"": ""stop_loss""}"
4838,LTC/USDT,SELL,FUTURES,74.07,74.46,0.47252599,5,75.5514,71.8479,-0.9214256805000014,-2.632644795463755,-0.9074256804682814,0.014000000031719998,0,CLOSED,t,TRENDING,t,2026-09-24 14:34:16.686113+00,2026-09-24 14:36:20.898717+00,PAPER-SHORT-1790260456,"{""close_reason"": ""stop_loss""}"
4839,NEAR/USDT,SELL,FUTURES,4.715,4.747,7.42311771,5,4.8093,4.57355,-1.1876988336000012,-3.3934252386002157,-1.1736988335989411,0.01400000000106,0,CLOSED,t,TRENDING,t,2026-09-24 14:34:36.347244+00,2026-09-24 14:34:41.384758+00,PAPER-SHORT-1790260476,"{""close_reason"": ""stop_loss""}"
4840,ARB/USDT,SELL,FUTURES,0.223,0.2214,156.95067265,5,0.22746,0.21631,1.2556053811999925,3.587443946188319,1.2696053812003725,0.014000000000380002,0,CLOSED,t,TRENDING,t,2026-09-24 14:34:46.808698+00,2026-09-24 14:40:20.646925+00,PAPER-SHORT-1790260486,"{""close_reason"": ""trailing_stop""}"
4841,ZEC/USDT,SELL,FUTURES,1528.56,1521.97,0.02289737,5,1559.1312,1482.7032,0.7544683414999906,2.155623593447401,0.7684683430548707,0.014000001554880001,0,CLOSED,t,TRANSITION,t,2026-09-24 14:34:46.818928+00,2026-09-24 14:40:20.63682+00,PAPER-SHORT-1790260486,"{""close_reason"": ""trailing_stop""}"
4842,XRP/USDT,SELL,FUTURES,1.5255,1.5038,22.94329728,5,1.55601,1.479735,2.489347754880006,7.112422156669961,2.503347754880262,0.014000000000256,0,CLOSED,t,TRENDING,t,2026-09-24 14:35:56.391416+00,2026-09-24 14:50:30.012826+00,PAPER-SHORT-1790260556,"{""close_reason"": ""trailing_stop""}"
4843,BROCCOLI714/USDT,SELL,FUTURES,0.03203,0.03162,1092.72556978,5,0.0326706,0.03048478,2.240087418049003,6.40024976584453,2.2540874180490245,0.01400000000002136,0,CLOSED,t,TRENDING,t,2026-09-24 14:36:26.123107+00,2026-09-24 14:37:50.016651+00,PAPER-SHORT-1790260586,"{""close_reason"": ""trailing_stop""}"
4844,ONE/USDT,BUY,FUTURES,0.002574,0.002556,13597.51359751,5,0.00252252,0.00270322,-1.223776223775878,-3.4965034965034336,-1.2097762237758818,0.013999999999996297,0,CLOSED,t,TRANSITION,t,2026-09-24 14:36:35.36592+00,2026-09-24 14:36:45.459517+00,PAPER-1790260595,"{""close_reason"": ""stop_loss""}"
4845,牛来/USDT,BUY,FUTURES,0.10553,0.10627,331.65924382,5,0.1034194,0.1086959,1.2271392021340097,3.5061120060646545,1.2411392021341396,0.01400000000012984,0,CLOSED,t,TRENDING,t,2026-09-24 14:36:50.667364+00,2026-09-24 14:43:14.788092+00,PAPER-1790260610,"{""close_reason"": ""trailing_stop""}"
4846,ADA/USDT,SELL,FUTURES,0.2499,0.2454,140.05602241,5,0.254898,0.242403,3.151260504225003,9.003601440576238,3.1652605042251065,0.014000000000103601,0,CLOSED,t,TRENDING,t,2026-09-24 14:36:59.897078+00,2026-09-24 14:50:30.002959+00,PAPER-SHORT-1790260619,"{""close_reason"": ""trailing_stop""}"
4847,ENA/USDT,SELL,FUTURES,0.2245,0.2234,155.90200445,5,0.22899,0.217765,0.8574610244750138,2.4498886414254293,0.8714610244746238,0.013999999999610001,0,CLOSED,t,TRENDING,t,2026-09-24 14:37:55.230371+00,2026-09-24 14:42:09.764641+00,PAPER-SHORT-1790260675,"{""close_reason"": ""trailing_stop""}"
4848,HBAR/USDT,SELL,FUTURES,0.09477,0.09397,369.31518413,5,0.0966654,0.0919269,1.4772607365199908,4.220744961485677,1.4912607365199908,0.014000000000000038,0,CLOSED,t,TRENDING,t,2026-09-24 14:37:55.239719+00,2026-09-24 14:46:38.543467+00,PAPER-SHORT-1790260675,"{""close_reason"": ""trailing_stop""}"
4849,WLD/USDT,BUY,FUTURES,0.4426,0.4398,79.07817442,5,0.433748,0.455878,-1.1070944418799826,-3.1631269769543113,-1.0930944418806658,0.0139999999993168,0,CLOSED,t,TRENDING,t,2026-09-24 14:39:28.202421+00,2026-09-24 14:45:32.827546+00,PAPER-1790260768,"{""close_reason"": ""stop_loss""}"
4850,TAO/USDT,BUY,FUTURES,293.4,292.2,0.11929107,5,287.532,302.202,-0.7157464200000022,-2.0449897750511314,-0.7017464200248023,0.013999999975199998,0,CLOSED,t,TRANSITION,t,2026-09-24 14:39:51.203469+00,2026-09-24 14:44:09.272499+00,PAPER-1790260791,"{""close_reason"": ""stop_loss""}"
4851,ETC/USDT,SELL,FUTURES,10.21,10.21,3.42801175,5,10.4142,9.9037,0,0,0.013999999987000002,0.013999999987000002,0,CLOSED,t,TRENDING,t,2026-09-24 14:39:51.222563+00,2026-09-24 14:41:34.732943+00,PAPER-SHORT-1790260791,"{""close_reason"": ""take_profit""}"
4852,NEAR/USDT,SELL,FUTURES,4.695,4.672,7.45473908,5,4.7889,4.55415,0.8572949942000214,2.4494142705005935,0.8712949941922614,0.013999999992240001,0,CLOSED,t,TRENDING,t,2026-09-24 14:40:24.961801+00,2026-09-24 14:41:44.982594+00,PAPER-SHORT-1790260824,"{""close_reason"": ""trailing_stop""}"
4853,USD1/USDT,BUY,FUTURES,0.99953,0.99956,35.01645774,5,0.9795394,1.0295159,0.005252468660990307,0.015007053315030383,0.019252468662935188,0.014000000001944882,0,CLOSED,t,TRANSITION,t,2026-09-24 14:40:24.985419+00,2026-09-24 15:10:28.9695+00,PAPER-1790260824,"{""close_reason"": ""profitable_timeout""}"
4854,RLUSD/USDT,SELL,FUTURES,1.0004,1.0003,34.9860056,5,1.020408,0.970388,0.017493002799998075,0.04998000799679578,0.03149300280089408,0.014000000000896,0,CLOSED,t,TRENDING,t,2026-09-24 14:40:24.994903+00,2026-09-24 15:46:59.483541+00,PAPER-SHORT-1790260824,"{""close_reason"": ""profitable_timeout""}"
4855,SAGA/USDT,SELL,FUTURES,0.04442,0.04378,787.93336335,5,0.0453084,0.04306606,2.5213867627200073,7.203962179198578,2.53538676272001,0.014000000000002804,0,CLOSED,t,TRANSITION,t,2026-09-24 14:40:54.802002+00,2026-09-24 14:50:29.985895+00,PAPER-SHORT-1790260854,"{""close_reason"": ""trailing_stop""}"
4856,LTC/USDT,SELL,FUTURES,73.51,73.16,0.4761257,5,74.9802,71.3047,0.8332199750000203,2.380628485920341,0.8472199750828203,0.0140000000828,0,CLOSED,t,TRENDING,t,2026-09-24 14:41:24.58682+00,2026-09-24 14:43:34.41236+00,PAPER-SHORT-1790260884,"{""close_reason"": ""trailing_stop""}"
4857,BCH/USDT,SELL,FUTURES,343.4,336.7,0.10192196,5,350.268,333.098,3.414385659999994,9.755387303436208,3.428385660425594,0.014000000425600002,0,CLOSED,t,TRANSITION,t,2026-09-24 14:41:34.80577+00,2026-09-24 14:50:29.975946+00,PAPER-SHORT-1790260894,"{""close_reason"": ""trailing_stop""}"
4858,ONE/USDT,BUY,FUTURES,0.00254,0.002526,13779.52755906,5,0.0024892,0.00266751,-0.9645669291342059,-2.755905511811041,-0.9505669291342009,0.01400000000000496,0,CLOSED,t,TRANSITION,t,2026-09-24 14:41:49.761987+00,2026-09-24 14:42:09.704786+00,PAPER-1790260909,"{""close_reason"": ""stop_loss""}"
4859,UNI/USDT,BUY,FUTURES,9.262,9.222,3.77888145,5,9.07676,9.53986,-0.7557762900000149,-2.159360829194601,-0.7417762900040549,0.013999999995960003,0,CLOSED,t,TRANSITION,t,2026-09-24 14:41:59.389095+00,2026-09-24 14:45:12.346308+00,PAPER-1790260919,"{""close_reason"": ""stop_loss""}"
4860,INJ/USDT,SELL,FUTURES,8.315,8.21,4.20926037,5,8.4813,8.06555,2.209861694249972,6.3138905592302255,2.223861694240592,0.013999999990620002,0,CLOSED,t,TRENDING,t,2026-09-24 14:42:09.847576+00,2026-09-24 14:46:28.265059+00,PAPER-SHORT-1790260929,"{""close_reason"": ""manual""}"
4861,BROCCOLI714/USDT,SELL,FUTURES,0.0319,0.0319,1097.17868339,5,0.032538,0.03036105,0,0,0.014000000000056401,0.014000000000056401,0,CLOSED,t,TRENDING,t,2026-09-24 14:42:54.190758+00,2026-09-24 14:44:09.230173+00,PAPER-SHORT-1790260974,"{""close_reason"": ""take_profit""}"
4862,TIA/USDT,SELL,FUTURES,0.4887,0.4799,71.61857991,5,0.498474,0.474039,3.15121751604001,9.003478616738315,3.165217516040817,0.0140000000008068,0,CLOSED,t,TRENDING,t,2026-09-24 14:44:28.646161+00,2026-09-24 14:50:29.965471+00,PAPER-SHORT-1790261068,"{""close_reason"": ""trailing_stop""}"
4863,PEPE/USDT,BUY,FUTURES,4.47e-06,4.45e-06,7829977.62863535,5,4.38e-06,4.6e-06,-0.7829977628635661,-2.237136465324474,-0.7689977628635661,0.014000000000000005,0,CLOSED,t,TRENDING,t,2026-09-24 14:44:47.940153+00,2026-09-24 14:47:02.989782+00,PAPER-1790261087,"{""close_reason"": ""stop_loss""}"
4864,ONDO/USDT,SELL,FUTURES,0.5029,0.5056,69.59634122,5,0.512958,0.487813,-0.9395506064700123,-2.68443030423547,-0.9255506064701972,0.0139999999998152,0,CLOSED,t,TRENDING,t,2026-09-24 14:44:47.961823+00,2026-09-24 14:45:22.58005+00,PAPER-SHORT-1790261087,"{""close_reason"": ""stop_loss""}"
4865,PUMP/USDT,BUY,FUTURES,0.003922,0.003903,8924.01835798,5,0.00384356,0.00403966,-0.847781744008124,-2.4222335543090945,-0.833781744008125,0.013999999999999025,0,CLOSED,t,TRENDING,t,2026-09-24 14:45:22.657834+00,2026-09-24 14:47:12.138993+00,PAPER-1790261122,"{""close_reason"": ""stop_loss""}"
4866,APT/USDT,SELL,FUTURES,0.8344,0.831,41.94630872,5,0.851088,0.809368,0.7130872482400145,2.0373921380633204,0.7270872482384017,0.0139999999983872,0,CLOSED,t,TRENDING,t,2026-09-24 14:45:22.679129+00,2026-09-24 14:48:06.247825+00,PAPER-SHORT-1790261122,"{""close_reason"": ""trailing_stop""}"
4867,SUI/USDT,SELL,FUTURES,1.0083,0.9943,34.7118913,5,1.028466,0.978051,2.429832391000002,6.9423782604383675,2.443832390999118,0.013999999999116,0,CLOSED,t,TRENDING,t,2026-09-24 14:45:22.688839+00,2026-09-24 14:50:29.954954+00,PAPER-SHORT-1790261122,"{""close_reason"": ""trailing_stop""}"
4868,ARB/USDT,SELL,FUTURES,0.219,0.2149,159.8173516,5,0.22338,0.21243,3.276255707799994,9.36073059360729,3.290255707800154,0.01400000000016,0,CLOSED,t,TRENDING,t,2026-09-24 14:45:39.617337+00,2026-09-24 14:50:29.942455+00,PAPER-SHORT-1790261139,"{""close_reason"": ""trailing_stop""}"
4869,AAVE/USDT,BUY,FUTURES,143.65,143.01,0.24364775,5,140.777,147.9595,-0.7796728000000183,-2.22763661677694,-0.7656728002850183,0.013999999715000003,0,CLOSED,t,TRENDING,t,2026-09-24 14:46:33.472068+00,2026-09-24 14:48:26.742764+00,PAPER-1790261193,"{""close_reason"": ""stop_loss""}"
4870,ZEC/USDT,SELL,FUTURES,1515.35,1504.81,0.02309697,5,1545.657,1469.8895,1.2172103189999959,3.47774441548156,1.231210316395796,0.0139999973958,0,CLOSED,t,TRANSITION,t,2026-09-24 14:46:33.484617+00,2026-09-24 14:50:29.929071+00,PAPER-SHORT-1790261193,"{""close_reason"": ""trailing_stop""}"
4871,ETC/USDT,SELL,FUTURES,9.99,9.99,3.5035035,5,10.1898,9.6903,0.17517517499999627,0.5005005005004899,0.18917517498599626,0.013999999986000001,0,CLOSED,t,TRENDING,t,2026-09-24 14:46:38.609872+00,2026-09-24 14:47:22.329+00,PAPER-SHORT-1790261198,"{""close_reason"": ""take_profit""}"
4872,NEAR/USDT,SELL,FUTURES,4.627,4.608,7.56429652,5,4.71954,4.48819,0.7186081694000049,2.0531661984007057,0.7326081693992209,0.013999999999215999,0,CLOSED,t,TRENDING,t,2026-09-24 14:46:47.753523+00,2026-09-24 14:49:01.442515+00,PAPER-SHORT-1790261207,"{""close_reason"": ""trailing_stop""}"
4873,ONE/USDT,BUY,FUTURES,0.002551,0.002532,13720.10976088,5,0.00249998,0.00267906,-1.3034104272836031,-3.724029792238348,-1.2894104272836011,0.01400000000000195,0,CLOSED,t,TRANSITION,t,2026-09-24 14:47:12.202585+00,2026-09-24 14:48:16.515542+00,PAPER-1790261232,"{""close_reason"": ""stop_loss""}"
4874,ENA/USDT,SELL,FUTURES,0.2217,0.216,157.87099684,5,0.226134,0.215049,4.499323409940009,12.85520974289583,4.51332340993978,0.0139999999997712,0,CLOSED,t,TRENDING,t,2026-09-24 14:47:12.214178+00,2026-09-24 14:50:14.626926+00,PAPER-SHORT-1790261232,"{""close_reason"": ""trailing_stop""}"
4875,牛来/USDT,BUY,FUTURES,0.10454,0.10363,334.80007653,5,0.1024492,0.1076762,-1.5233403482114851,-4.352400994834471,-1.5093403482113066,0.01400000000017848,0,CLOSED,t,TRENDING,t,2026-09-24 14:48:16.596129+00,2026-09-24 14:49:01.427911+00,PAPER-1790261296,"{""close_reason"": ""stop_loss""}"
4876,LTC/USDT,SELL,FUTURES,72.4,72.09,0.48342541,5,73.848,70.228,0.7493093855000054,2.1408839779005677,0.7633093853736054,0.013999999873600002,0,CLOSED,t,TRENDING,t,2026-09-24 14:48:35.948532+00,2026-09-24 14:53:42.415669+00,PAPER-SHORT-1790261315,"{""close_reason"": ""trailing_stop""}"
4877,TAO/USDT,BUY,FUTURES,287.8,286.5,0.12161223,5,282.044,296.434,-0.7904794950000129,-2.258512856150141,-0.7764794950824129,0.013999999917600002,0,CLOSED,t,TRANSITION,t,2026-09-24 14:49:10.579336+00,2026-09-24 14:50:04.425943+00,PAPER-1790261350,"{""close_reason"": ""stop_loss""}"
4878,BROCCOLI714/USDT,SELL,FUTURES,0.03176,0.03155,1102.01511335,5,0.0323952,0.0302278,1.157115869017472,3.3060453400502983,1.1711158690174706,0.013999999999998401,0,CLOSED,t,TRENDING,t,2026-09-24 14:49:10.604767+00,2026-09-24 14:51:32.823259+00,PAPER-SHORT-1790261350,"{""close_reason"": ""trailing_stop""}"
4879,UNI/USDT,BUY,FUTURES,9.102,9.062,3.84530872,5,8.91996,9.37506,-0.7690617440000167,-2.19731927049005,-0.7550617440122407,0.013999999987775999,0,CLOSED,t,TRANSITION,t,2026-09-24 14:50:14.695378+00,2026-09-24 14:53:07.965569+00,PAPER-1790261414,"{""close_reason"": ""stop_loss""}"
4880,FET/USDT,BUY,FUTURES,0.2212,0.2245,179.37271031,5,0.216776,0.227836,2.9596497201149905,7.459312839059651,2.975520617523219,0.0158708974082288,0,CLOSED,t,TRENDING,t,2026-09-24 15:35:18.06123+00,2026-09-24 15:43:04.779491+00,PAPER-1790264118,"{""close_reason"": ""manual""}"
4881,UNI/USDT,BUY,FUTURES,9.24,9.277,3.78787879,5,9.0552,9.5172,0.7007575761500011,2.002164502164505,0.7147575761578411,0.014000000007840002,0,CLOSED,t,TRANSITION,t,2026-09-24 15:35:18.072759+00,2026-09-24 15:57:28.758221+00,PAPER-1790264118,"{""close_reason"": ""trailing_stop""}"
4882,XLM/USDT,SELL,FUTURES,0.2092,0.2089,167.3040153,5,0.213384,0.202924,0.25095602294999564,0.7170172084129893,0.26495602295029963,0.014000000000304002,0,CLOSED,t,TRANSITION,t,2026-09-24 15:35:18.083044+00,2026-09-24 16:15:50.562704+00,PAPER-SHORT-1790264118,"{""close_reason"": ""profitable_timeout""}"
4883,WLD/USDT,BUY,FUTURES,0.4392,0.4417,90.33980765,5,0.430416,0.452376,1.1292475956250103,2.846083788706766,1.1451184930329623,0.015870897407951997,0,CLOSED,t,TRENDING,t,2026-09-24 15:35:18.093697+00,2026-09-24 15:39:59.696437+00,PAPER-1790264118,"{""close_reason"": ""trailing_stop""}"
4884,FIL/USDT,SELL,FUTURES,0.9975,1.0011,35.0877193,5,1.01745,0.967575,-0.6315789474000084,-1.8045112781955126,-0.6175789473993084,0.014000000000700001,0,CLOSED,t,TRANSITION,t,2026-09-24 15:35:18.102814+00,2026-09-24 15:37:35.409111+00,PAPER-SHORT-1790264118,"{""close_reason"": ""trade_switch""}"
4885,WIF/USDT,SELL,FUTURES,0.2381,0.239,146.99706006,5,0.242862,0.230957,-0.6614867702699884,-1.8899622007559516,-0.647486770269874,0.0140000000001144,0,CLOSED,t,TRANSITION,t,2026-09-24 15:35:18.110824+00,2026-09-24 15:38:34.558307+00,PAPER-SHORT-1790264118,"{""close_reason"": ""trade_switch""}"
4886,PUMP/USDT,BUY,SPOT,0.003872,0.003877,2582.6446281,1,0.00379456,0.00398816,0.012913223140500165,0.12913223140496033,0.016913223140501445,0.00400000000000128,0,CLOSED,t,TRANSITION,t,2026-09-24 15:35:18.119613+00,2026-09-24 16:15:50.552338+00,PAPER-1790264118,"{""close_reason"": ""profitable_timeout""}"
4887,TIA/USDT,SELL,FUTURES,0.4864,0.4886,81.57328026,5,0.496128,0.471808,-0.8973060828599919,-2.2615131578947163,-0.8814351854526064,0.015870897407385603,0,CLOSED,t,TRENDING,t,2026-09-24 15:35:18.127977+00,2026-09-24 15:37:20.071621+00,PAPER-SHORT-1790264118,"{""close_reason"": ""stop_loss""}"
4888,TAO/USDT,BUY,FUTURES,290.4,290.9,0.12052342,5,284.592,299.112,0.30130854999999085,0.8608815426996985,0.31530855046719086,0.0140000004672,0,CLOSED,t,TRANSITION,t,2026-09-24 15:35:18.13737+00,2026-09-24 16:15:50.541387+00,PAPER-1790264118,"{""close_reason"": ""profitable_timeout""}"
4889,PEPE/USDT,BUY,FUTURES,4.44e-06,4.46e-06,8936316.10827574,5,4.35e-06,4.57e-06,0.8936316108275648,2.2522522522522292,0.9095025082358625,0.015870897408297713,0,CLOSED,t,TRENDING,t,2026-09-24 15:35:18.145867+00,2026-09-24 15:37:40.474708+00,PAPER-1790264118,"{""close_reason"": ""trailing_stop""}"
4890,DOT/USDT,SELL,FUTURES,1.158,1.163,34.26359544,5,1.18116,1.12326,-0.8565898860000197,-2.158894645941328,-0.8407189885922117,0.015870897407808,0,CLOSED,t,TRENDING,t,2026-09-24 15:35:18.154619+00,2026-09-24 15:37:59.88926+00,PAPER-SHORT-1790264118,"{""close_reason"": ""stop_loss""}"
4891,SUI/USDT,SELL,FUTURES,1.007,1.0106,39.40143349,5,1.02714,0.97679,-0.7092258028200094,-1.7874875868917814,-0.6933549054102374,0.015870897409772,0,CLOSED,t,TRENDING,t,2026-09-24 15:35:18.162122+00,2026-09-24 15:37:45.642178+00,PAPER-SHORT-1790264118,"{""close_reason"": ""trade_switch""}"
4892,APT/USDT,SELL,FUTURES,0.8223,0.8254,48.25154265,5,0.838746,0.797631,-0.7478989110749982,-1.8849568284081186,-0.7320280136665602,0.015870897408438,0,CLOSED,t,TRENDING,t,2026-09-24 15:35:18.169761+00,2026-09-24 15:37:49.728805+00,PAPER-SHORT-1790264118,"{""close_reason"": ""trade_switch""}"
4893,AVAX/USDT,BUY,SPOT,10.367,10.38,0.96459921,1,10.15966,10.67801,0.012539789729999367,0.12539789717371796,0.01653978973402737,0.004000000004028001,0,CLOSED,t,TRANSITION,t,2026-09-24 15:35:18.177761+00,2026-09-24 16:15:40.402647+00,PAPER-1790264118,"{""close_reason"": ""profitable_timeout""}"
4894,INJ/USDT,SELL,FUTURES,8.463,8.503,4.68831898,5,8.63226,8.20911,-0.9376637960000216,-2.363228169679837,-0.9217928985889255,0.015870897411096,0,CLOSED,t,TRENDING,t,2026-09-24 15:35:18.185955+00,2026-09-24 15:36:46.541964+00,PAPER-SHORT-1790264118,"{""close_reason"": ""stop_loss""}"
4895,BCH/USDT,SELL,FUTURES,340.8,338.6,0.10269953,5,347.616,330.576,1.129694829999994,3.227699530516415,1.1436948299295941,0.0139999999296,0,CLOSED,t,TRANSITION,t,2026-09-24 15:35:18.194453+00,2026-09-24 16:15:50.532699+00,PAPER-SHORT-1790264118,"{""close_reason"": ""trailing_stop""}"
4896,ONDO/USDT,SELL,FUTURES,0.5122,0.5155,77.46435674,5,0.522444,0.49550417,-1.278161886209988,-3.221397891448623,-1.2622909888010967,0.0158708974088912,0,CLOSED,t,TRENDING,t,2026-09-24 15:35:18.202255+00,2026-09-24 15:36:11.979147+00,PAPER-SHORT-1790264118,"{""close_reason"": ""stop_loss""}"
4897,ARB/USDT,SELL,FUTURES,0.2171,0.2183,161.21602948,5,0.221442,0.210587,-0.967296176880005,-2.7637033625057725,-0.9532961768799618,0.014000000000043198,0,CLOSED,t,TRANSITION,t,2026-09-24 15:35:18.210888+00,2026-09-24 15:37:30.232843+00,PAPER-SHORT-1790264118,"{""close_reason"": ""stop_loss""}"
4898,ETC/USDT,SELL,FUTURES,10.18,10.18,3.43811395,5,10.3836,9.8746,0.17190569749999632,0.491159135559911,0.1859056975043963,0.0140000000044,0,CLOSED,t,TRENDING,t,2026-09-24 15:36:12.075944+00,2026-09-24 15:45:46.262842+00,PAPER-SHORT-1790264172,"{""close_reason"": ""take_profit""}"
4899,ZEC/USDT,SELL,FUTURES,1523.44,1513.62,0.02297432,5,1553.9088,1477.7368,1.1280391120000188,3.2229690699995284,1.1420391112243389,0.013999999224320003,0,CLOSED,t,TRANSITION,t,2026-09-24 15:36:46.622433+00,2026-09-24 16:16:00.803303+00,PAPER-SHORT-1790264206,"{""close_reason"": ""trailing_stop""}"
4900,LTC/USDT,SELL,FUTURES,73.9,74.23,0.47361299,5,75.378,71.683,-0.7814614334999958,-2.232746955345049,-0.7674614335155957,0.013999999984400002,0,CLOSED,t,TRENDING,t,2026-09-24 15:37:20.13002+00,2026-09-24 15:47:40.492536+00,PAPER-SHORT-1790264240,"{""close_reason"": ""stop_loss""}"
4901,ICP/USDT,SELL,FUTURES,3.099,3.127,11.2939658,5,3.16098,3.00603,-1.5811552119999763,-4.517586318167083,-1.5671552119942964,0.014000000005680002,0,CLOSED,t,TRENDING,t,2026-09-24 15:37:30.329791+00,2026-09-24 15:42:39.089634+00,PAPER-SHORT-1790264250,"{""close_reason"": ""stop_loss""}"
4902,FIL/USDT,SELL,FUTURES,1.0011,1.0054,34.9615423,5,1.021122,0.971067,-0.7516731594499947,-2.147637598641479,-0.7376731594513827,0.013999999998612001,0,CLOSED,t,TRANSITION,t,2026-09-24 15:37:35.428371+00,2026-09-24 15:50:33.156555+00,PAPER-SHORT-1790264255,"{""close_reason"": ""stop_loss""}"
4903,SAGA/USDT,SELL,FUTURES,0.04363,0.04326,802.20032088,5,0.0445026,0.0423211,1.484070593628009,4.240201696080704,1.4980705936280068,0.01399999999999776,0,CLOSED,t,TRANSITION,t,2026-09-24 15:37:40.562562+00,2026-09-24 15:43:39.453792+00,PAPER-SHORT-1790264260,"{""close_reason"": ""manual""}"
4904,SUI/USDT,SELL,FUTURES,1.0106,1.0051,34.63289135,5,1.030812,0.980282,0.9524045121249722,2.7211557490598848,0.9664045121242962,0.013999999999324001,0,CLOSED,t,TRENDING,t,2026-09-24 15:37:45.667992+00,2026-09-24 16:15:40.384373+00,PAPER-SHORT-1790264265,"{""close_reason"": ""trailing_stop""}"
4905,APT/USDT,SELL,FUTURES,0.8254,0.829,42.40368306,5,0.841908,0.800638,-0.7632662950799864,-2.1807608432274876,-0.7492662950808968,0.0139999999990896,0,CLOSED,t,TRENDING,t,2026-09-24 15:37:49.753497+00,2026-09-24 15:48:59.448774+00,PAPER-SHORT-1790264269,"{""close_reason"": ""stop_loss""}"
4906,MARSCOIN/USDT,BUY,SPOT,0.1167,0.1171,85.68980291,1,0.114366,0.120201,0.0342759211639996,0.3427592116538092,0.0382759211638384,0.0039999999998388,0,CLOSED,t,TRENDING,t,2026-09-24 15:37:59.95442+00,2026-09-24 16:16:27.864161+00,PAPER-1790264279,"{""close_reason"": ""profitable_timeout""}"
4907,WIF/USDT,SELL,FUTURES,0.239,0.2389,146.44351464,5,0.24378,0.23183,0.07322175731999192,0.20920502092047907,0.08722175731957592,0.013999999999583998,0,CLOSED,t,TRANSITION,t,2026-09-24 15:38:34.577658+00,2026-09-24 16:15:50.516287+00,PAPER-SHORT-1790264314,"{""close_reason"": ""profitable_timeout""}"
4908,OP/USDT,SELL,FUTURES,0.1328,0.1335,263.55421687,5,0.135456,0.128816,-0.9224397590450083,-2.6355421686747222,-0.908439759044874,0.014000000000134401,0,CLOSED,t,TRENDING,t,2026-09-24 15:39:59.754515+00,2026-09-24 15:43:27.21856+00,PAPER-SHORT-1790264399,"{""close_reason"": ""stop_loss""}"
4909,TIA/USDT,SELL,FUTURES,0.4894,0.4924,71.51614221,5,0.499188,0.474718,-1.0727421331500009,-3.0649775234981638,-1.0587421331509712,0.013999999999029601,0,CLOSED,t,TRENDING,t,2026-09-24 15:43:11.399327+00,2026-09-24 16:16:48.069115+00,PAPER-SHORT-1790264591,"{""close_reason"": ""stop_loss""}"
4910,PEPE/USDT,BUY,SPOT,4.45e-06,4.47e-06,2247191.01123596,1,4.36e-06,4.58e-06,0.044943820224721084,0.4494382022472099,0.048943820224721095,0.004000000000000009,0,CLOSED,t,TRENDING,t,2026-09-24 15:43:13.848217+00,2026-09-24 16:16:27.848352+00,PAPER-1790264593,"{""close_reason"": ""profitable_timeout""}"
4911,DOT/USDT,SELL,FUTURES,1.165,1.17,30.04291845,5,1.1883,1.13005,-0.7510729612499838,-2.14592274678107,-0.7370729612522838,0.0139999999977,0,CLOSED,t,TRENDING,t,2026-09-24 15:44:12.460064+00,2026-09-24 15:48:24.16883+00,PAPER-SHORT-1790264652,"{""close_reason"": ""stop_loss""}"
4912,ONDO/USDT,SELL,FUTURES,0.519,0.5127,67.43737958,5,0.52938,0.50193462,2.124277456769991,6.069364161849684,2.138277456770799,0.014000000000808002,0,CLOSED,t,TRENDING,t,2026-09-24 15:44:14.917012+00,2026-09-24 15:49:29.006476+00,PAPER-SHORT-1790264654,"{""close_reason"": ""trailing_stop""}"
4913,WLD/USDT,BUY,FUTURES,0.4407,0.4391,79.41910597,5,0.431886,0.453921,-0.6353528477599955,-1.815293850692068,-0.6213528477596039,0.0140000000003916,0,CLOSED,t,TRENDING,t,2026-09-24 15:46:07.567774+00,2026-09-24 15:58:47.154887+00,PAPER-1790264767,"{""close_reason"": ""trade_switch""}"
4914,ASTER/USDT,BUY,SPOT,0.7099,0.7149,14.08649106,1,0.695702,0.731197,0.07043245530000009,0.7043245527539099,0.07443245530139768,0.0040000000013976,0,CLOSED,t,TRANSITION,t,2026-09-24 15:47:04.485676+00,2026-09-24 16:17:08.433834+00,PAPER-1790264824,"{""close_reason"": ""profitable_timeout""}"
4915,ARB/USDT,SELL,FUTURES,0.218,0.2189,160.55045872,5,0.22236,0.21146,-0.7224770642400096,-2.064220183486266,-0.7084770642396255,0.014000000000384,0,CLOSED,t,TRANSITION,t,2026-09-24 15:48:03.874854+00,2026-09-24 16:17:08.424282+00,PAPER-SHORT-1790264883,"{""close_reason"": ""stop_loss""}"
4916,ICP/USDT,SELL,FUTURES,3.127,3.109,11.19283658,5,3.18954,3.03319,1.0073552921999884,2.8781579788934755,1.0213552921942524,0.013999999994264,0,CLOSED,t,TRENDING,t,2026-09-24 15:48:24.244794+00,2026-09-24 15:58:57.329732+00,PAPER-SHORT-1790264904,"{""close_reason"": ""trailing_stop""}"
4917,INJ/USDT,SELL,FUTURES,8.499,8.526,4.11813154,5,8.66898,8.24403,-0.5559477578999844,-1.588422167313757,-0.5419477579166004,0.013999999983384002,0,CLOSED,t,TRENDING,t,2026-09-24 15:48:59.517707+00,2026-09-24 15:50:38.308563+00,PAPER-SHORT-1790264939,"{""close_reason"": ""trade_switch""}"
4918,AAVE/USDT,BUY,SPOT,143.86,144.93,0.06951203,1,140.9828,148.1758,0.0743778720999986,0.7437786737105379,0.0783778723543186,0.004000000254320001,0,CLOSED,t,TRENDING,t,2026-09-24 15:49:29.097067+00,2026-09-24 16:19:33.986574+00,PAPER-1790264969,"{""close_reason"": ""profitable_timeout""}"
4919,SAGA/USDT,SELL,FUTURES,0.04318,0.04331,810.56044465,5,0.0440436,0.0418846,-0.5268642890224927,-1.5053265400648237,-0.5128642890224979,0.013999999999994803,0,CLOSED,t,TRANSITION,t,2026-09-24 15:50:33.217899+00,2026-09-24 15:52:31.331376+00,PAPER-SHORT-1790265033,"{""close_reason"": ""trade_switch""}"
4920,INJ/USDT,SELL,FUTURES,8.526,8.466,4.10509031,5,8.69652,8.27022,1.2315270930000102,3.5186488388459125,1.2455270929932343,0.013999999993223999,0,CLOSED,t,TRENDING,t,2026-09-24 15:50:38.340531+00,2026-09-24 15:52:56.187211+00,PAPER-SHORT-1790265038,"{""close_reason"": ""trailing_stop""}"
4921,ETC/USDT,SELL,FUTURES,10.07,10.12,3.47567031,5,10.2714,9.7679,-0.8689175774999814,-2.4826216484607215,-0.8549175774913015,0.014000000008680001,0,CLOSED,t,TRENDING,t,2026-09-24 15:51:17.97294+00,2026-09-24 15:52:26.140882+00,PAPER-SHORT-1790265077,"{""close_reason"": ""stop_loss""}"
4922,LINK/USDT,SELL,FUTURES,12.745,12.784,2.74617497,5,12.9999,12.36265,-0.5355041191500203,-1.5300117693213604,-0.5215041191529602,0.013999999997060001,0,CLOSED,t,TRANSITION,t,2026-09-24 15:52:26.222915+00,2026-09-24 15:58:52.255409+00,PAPER-SHORT-1790265146,"{""close_reason"": ""trade_switch""}"
4923,SAGA/USDT,SELL,FUTURES,0.04331,0.04312,808.12745324,5,0.0441762,0.0420107,0.7677210805780108,2.1934888016624643,0.7817210805779405,0.013999999999929761,0,CLOSED,t,TRANSITION,t,2026-09-24 15:52:31.362414+00,2026-09-24 15:53:30.326791+00,PAPER-SHORT-1790265151,"{""close_reason"": ""trailing_stop""}"
4924,LTC/USDT,SELL,FUTURES,73.99,74.25,0.4730369,5,75.4698,71.7703,-0.6149479700000121,-1.7569941884038731,-0.6009479699076121,0.014000000092399998,0,CLOSED,t,TRENDING,t,2026-09-24 15:52:56.28078+00,2026-09-24 15:54:36.94113+00,PAPER-SHORT-1790265176,"{""close_reason"": ""trade_switch""}"
4925,DOT/USDT,SELL,FUTURES,1.171,1.176,29.88898377,5,1.19442,1.13587,-0.7472245942499839,-2.1349274124679303,-0.7332245942521158,0.013999999997868,0,CLOSED,t,TRENDING,t,2026-09-24 15:53:30.40397+00,2026-09-24 16:18:18.613494+00,PAPER-SHORT-1790265210,"{""close_reason"": ""stop_loss""}"
4926,APT/USDT,SELL,FUTURES,0.8293,0.8259,42.20426866,5,0.845886,0.804421,0.7174725672200148,2.0499216206439588,0.73147256721991,0.0139999999998952,0,CLOSED,t,TRENDING,t,2026-09-24 15:54:36.975911+00,2026-09-24 15:58:03.311297+00,PAPER-SHORT-1790265276,"{""close_reason"": ""trailing_stop""}"
4927,FIL/USDT,SELL,FUTURES,0.9986,1.0043,35.0490687,5,1.018572,0.968642,-0.9988984579499871,-2.853995593831327,-0.9848984579484591,0.014000000001528,0,CLOSED,t,TRANSITION,t,2026-09-24 15:57:28.787886+00,2026-09-24 16:16:48.048309+00,PAPER-SHORT-1790265448,"{""close_reason"": ""stop_loss""}"
4928,ETC/USDT,SELL,FUTURES,10,10.05,3.5,5,10.2,9.7,-0.8750000000000125,-2.5000000000000355,-0.8610000000000125,0.014,0,CLOSED,t,TRENDING,t,2026-09-24 15:58:03.411593+00,2026-09-24 16:15:40.325922+00,PAPER-SHORT-1790265483,"{""close_reason"": ""stop_loss""}"
4929,WLD/USDT,BUY,FUTURES,0.4391,0.452273,79.70849465,5,0.430318,0.452273,5.300614894225008,15.14461398314737,5.314614894225334,0.014000000000326,0,CLOSED,t,TRENDING,t,2026-09-24 15:58:47.170589+00,2026-09-24 16:15:40.256272+00,PAPER-1790265527,"{""close_reason"": ""take_profit""}"
4930,LTC/USDT,SELL,FUTURES,74.33,74.77,0.47087313,5,75.8166,72.1001,-1.0359208859999947,-2.9597739808959895,-1.0219208860988347,0.013999999901159998,0,CLOSED,t,TRENDING,t,2026-09-24 15:58:52.288255+00,2026-09-24 16:16:27.823011+00,PAPER-SHORT-1790265532,"{""close_reason"": ""stop_loss""}"
4931,INJ/USDT,SELL,FUTURES,8.503,8.569,4.11619428,5,8.67306,8.24791,-1.3583441124000148,-3.8809831824062524,-1.344344112414879,0.013999999985136001,0,CLOSED,t,TRENDING,t,2026-09-24 15:58:57.428122+00,2026-09-24 16:16:48.038319+00,PAPER-SHORT-1790265537,"{""close_reason"": ""stop_loss""}"
4932,UNI/USDT,BUY,FUTURES,9.217,9.297,3.79733102,5,9.03266,9.49351,1.5189324080000068,4.3398068785939214,1.5329324080045428,0.014000000004536004,0,CLOSED,t,TRANSITION,t,2026-09-24 16:15:40.440623+00,2026-09-24 16:17:38.655394+00,PAPER-1790266540,"{""close_reason"": ""manual""}"
4933,APT/USDT,SELL,FUTURES,0.8269,0.8307,42.32676261,5,0.843438,0.802093,-0.8042084895900053,-2.2977385415407094,-0.7902084895891217,0.0140000000008836,0,CLOSED,t,TRENDING,t,2026-09-24 16:15:40.470231+00,2026-09-24 16:16:15.802869+00,PAPER-SHORT-1790266540,"{""close_reason"": ""stop_loss""}"
4934,ICP/USDT,SELL,FUTURES,3.155,3.168,11.09350238,5,3.2181,3.06035,-0.721077654700019,-2.0602218700475983,-0.707077654696459,0.014000000003559998,0,CLOSED,t,TRENDING,t,2026-09-24 16:15:40.482936+00,2026-09-24 16:16:48.022923+00,PAPER-SHORT-1790266540,"{""close_reason"": ""stop_loss""}"
4935,SAGA/USDT,SELL,FUTURES,0.04291,0.04307,815.66068515,5,0.0437682,0.0416227,-0.6525285481200018,-1.864367280354235,-0.6385285481200872,0.0139999999999146,0,CLOSED,t,TRANSITION,t,2026-09-24 16:15:40.49884+00,2026-09-24 16:25:23.115878+00,PAPER-SHORT-1790266540,"{""close_reason"": ""trade_switch""}"
4936,LINK/USDT,SELL,FUTURES,12.827,12.889,2.72861932,5,13.08354,12.44219,-0.8458719891999916,-2.4167771107819207,-0.8318719891929356,0.014000000007056,0,CLOSED,t,TRANSITION,t,2026-09-24 16:15:50.603269+00,2026-09-24 16:17:08.400248+00,PAPER-SHORT-1790266550,"{""close_reason"": ""stop_loss""}"
4937,牛来/USDT,BUY,FUTURES,0.10368,0.10488,337.57716049,5,0.1016064,0.1067904,2.0254629629400185,5.7870370370370905,2.0394629629398597,0.01399999999984128,0,CLOSED,t,TRANSITION,t,2026-09-24 16:15:50.61407+00,2026-09-24 16:17:38.637708+00,PAPER-1790266550,"{""close_reason"": ""manual""}"
4938,XRP/USDT,SELL,FUTURES,1.5188,1.5252,23.04450882,5,1.549176,1.473236,-0.7374242822399957,-2.10692652093757,-0.7234242822416693,0.0139999999983264,0,CLOSED,t,TRENDING,t,2026-09-24 16:15:50.625315+00,2026-09-24 16:16:48.001386+00,PAPER-SHORT-1790266550,"{""close_reason"": ""stop_loss""}"
4939,PENGU/USDT,BUY,SPOT,0.00992,0.009983,1008.06451613,1,0.0097216,0.0102176,0.06350806451618997,0.63508064516129,0.0675080645161938,0.00400000000000384,0,CLOSED,t,TRANSITION,t,2026-09-24 16:15:50.635037+00,2026-09-24 16:46:18.278801+00,PAPER-1790266550,"{""close_reason"": ""profitable_timeout""}"
4940,NEAR/USDT,SELL,FUTURES,4.591,4.619,7.62361141,5,4.68282,4.45327,-1.0673055973999839,-3.0494445654541034,-1.0533055974066599,0.013999999993324,0,CLOSED,t,TRENDING,t,2026-09-24 16:15:50.645476+00,2026-09-24 16:16:27.787982+00,PAPER-SHORT-1790266550,"{""close_reason"": ""stop_loss""}"
4941,ADA/USDT,SELL,FUTURES,0.2486,0.2496,140.78841512,5,0.253572,0.241142,-0.7039420756000005,-2.0112630732099777,-0.6899420756004677,0.0139999999995328,0,CLOSED,t,TRENDING,t,2026-09-24 16:16:00.846813+00,2026-09-24 16:16:27.775084+00,PAPER-SHORT-1790266560,"{""close_reason"": ""stop_loss""}"
4942,BROCCOLI714/USDT,SELL,FUTURES,0.03309,0.03347,1057.72136597,5,0.0337518,0.03136616,-2.0096705953429916,-5.741915986702907,-1.9956705953430127,0.013999999999978923,0,CLOSED,t,TRENDING,t,2026-09-24 16:16:17.654966+00,2026-09-24 16:16:27.762097+00,PAPER-SHORT-1790266577,"{""close_reason"": ""stop_loss""}"
4943,MUBARAK/USDT,BUY,FUTURES,0.04619,0.04619,757.73977051,5,0.0452662,0.0475757,0,0,0.01399999999994276,0.01399999999994276,0,CLOSED,t,TRANSITION,t,2026-09-24 16:16:27.914412+00,2026-09-24 16:20:43.999961+00,PAPER-1790266587,"{""close_reason"": ""take_profit""}"
4944,RLUSD/USDT,SELL,FUTURES,1.0004,1.0003,34.9860056,5,1.020408,0.970388,0.017493002799998075,0.04998000799679578,0.03149300280089408,0.014000000000896,0,CLOSED,t,TRENDING,t,2026-09-24 16:16:27.925348+00,2026-09-24 20:33:33.084394+00,PAPER-SHORT-1790266587,"{""close_reason"": ""profitable_timeout""}"
4945,ENA/USDT,BUY,SPOT,0.2188,0.2198,45.70383912,1,0.214424,0.225364,0.04570383911999992,0.4570383912248621,0.04970383911978232,0.0039999999997824,0,CLOSED,t,TRENDING,t,2026-09-24 16:16:27.935178+00,2026-09-24 16:46:28.616454+00,PAPER-1790266587,"{""close_reason"": ""profitable_timeout""}"
4946,USD1/USDT,SELL,FUTURES,0.99965,0.9995,35.01225429,5,1.019643,0.9696605,0.026259190717497112,0.07502625919070849,0.04025919071789651,0.014000000000399403,0,CLOSED,t,TRANSITION,t,2026-09-24 16:16:27.946595+00,2026-09-24 20:35:35.665104+00,PAPER-SHORT-1790266587,"{""close_reason"": ""profitable_timeout""}"
4947,WLD/USDT,BUY,FUTURES,0.4526,0.4511,79.44043298,5,0.443548,0.466178,-0.595803247350003,-1.6570923552806094,-0.5814213513633038,0.0143818959866992,0,CLOSED,t,TRENDING,t,2026-09-24 16:20:44.026631+00,2026-09-24 16:21:36.506194+00,PAPER-1790266844,"{""close_reason"": ""trade_switch""}"
4948,AVAX/USDT,BUY,SPOT,10.399,10.444,0.96163093,1,10.19102,10.71097,0.0432733918500021,0.43273391672278283,0.0472733918664301,0.004000000016428,0,CLOSED,t,TRANSITION,t,2026-09-24 16:20:44.038209+00,2026-09-24 16:50:47.514155+00,PAPER-1790266844,"{""close_reason"": ""profitable_timeout""}"
4949,ETC/USDT,SELL,FUTURES,10.1,10.05,3.55987524,5,10.302,9.797,0.889968809999981,2.4752475247524224,0.904350705969581,0.014381895969600001,0,CLOSED,t,TRENDING,t,2026-09-24 16:20:44.048983+00,2026-09-24 16:33:31.794923+00,PAPER-SHORT-1790266844,"{""close_reason"": ""trailing_stop""}"
4950,SUI/USDT,SELL,FUTURES,1.011,1.0156,35.56354102,5,1.03122,0.98067,-0.8179614434600283,-2.2749752720079917,-0.8035795474715403,0.014381895988488,0,CLOSED,t,TRENDING,t,2026-09-24 16:20:44.065102+00,2026-09-24 16:47:15.11165+00,PAPER-SHORT-1790266844,"{""close_reason"": ""stop_loss""}"
4951,WIF/USDT,SELL,FUTURES,0.2388,0.2396,146.56616415,5,0.243576,0.231636,-0.5862646565999964,-1.675041876046891,-0.5722646566003884,0.013999999999608,0,CLOSED,t,TRANSITION,t,2026-09-24 16:20:54.189095+00,2026-09-24 16:24:12.474586+00,PAPER-SHORT-1790266854,"{""close_reason"": ""trade_switch""}"
4952,XLM/USDT,SELL,FUTURES,0.2109,0.2116,165.95542911,5,0.215118,0.204573,-0.5808440018850051,-1.659554291133253,-0.5668440018852855,0.013999999999719601,0,CLOSED,t,TRENDING,t,2026-09-24 16:20:54.197513+00,2026-09-24 16:23:06.949763+00,PAPER-SHORT-1790266854,"{""close_reason"": ""trade_switch""}"
4953,PUMP/USDT,BUY,SPOT,0.003885,0.003904,2574.002574,1,0.0038073,0.00400155,0.04890604890599887,0.4890604890604777,0.05290604890599487,0.003999999999996001,0,CLOSED,t,TRANSITION,t,2026-09-24 16:20:54.206082+00,2026-09-24 16:50:56.764894+00,PAPER-1790266854,"{""close_reason"": ""profitable_timeout""}"
4954,BCH/USDT,SELL,FUTURES,339.3,337.6,0.10315355,5,346.086,329.121,0.8768051749999942,2.505157677571454,0.8908051748059942,0.013999999806,0,CLOSED,t,TRANSITION,t,2026-09-24 16:20:54.215614+00,2026-09-24 16:47:15.097472+00,PAPER-SHORT-1790266854,"{""close_reason"": ""trailing_stop""}"
4955,TAO/USDT,BUY,FUTURES,293.2,294.8,0.11937244,5,287.336,301.996,0.9549795200000257,2.7285129604366354,0.9689795197632257,0.0139999997632,0,CLOSED,t,TRANSITION,t,2026-09-24 16:20:54.232999+00,2026-09-24 16:30:12.413039+00,PAPER-1790266854,"{""close_reason"": ""trailing_stop""}"
4956,ZEC/USDT,SELL,FUTURES,1521.77,1527.61,0.02299953,5,1552.2054,1476.1169,-0.6715862759999907,-1.9188182182589741,-0.6575862780927506,0.013999997907240002,0,CLOSED,t,TRANSITION,t,2026-09-24 16:21:04.406483+00,2026-09-24 16:21:46.450246+00,PAPER-SHORT-1790266864,"{""close_reason"": ""trade_switch""}"
4957,APT/USDT,SELL,FUTURES,0.8289,0.8315,42.22463506,5,0.845478,0.804033,-0.5489202557800099,-1.5683435878875902,-0.5349202557795163,0.0140000000004936,0,CLOSED,t,TRENDING,t,2026-09-24 16:21:21.20512+00,2026-09-24 16:36:03.094743+00,PAPER-SHORT-1790266881,"{""close_reason"": ""trade_switch""}"
4958,PEPE/USDT,BUY,SPOT,4.47e-06,4.48e-06,2237136.46532438,1,4.38e-06,4.6e-06,0.022371364653244137,0.22371364653244186,0.026371364653244127,0.003999999999999991,0,CLOSED,t,TRENDING,t,2026-09-24 16:21:31.394864+00,2026-09-24 16:51:36.758527+00,PAPER-1790266891,"{""close_reason"": ""profitable_timeout""}"
4959,LTC/USDT,SELL,FUTURES,74.39,74.04,0.47049335,5,75.8778,72.1583,0.8233633624999867,2.3524667293990746,0.8373633626225867,0.0140000001226,0,CLOSED,t,TRENDING,t,2026-09-24 16:21:31.407489+00,2026-09-24 16:28:31.414075+00,PAPER-SHORT-1790266891,"{""close_reason"": ""trailing_stop""}"
4960,MARSCOIN/USDT,BUY,SPOT,0.1178,0.1185,84.88964346,1,0.115444,0.121334,0.059422750421998904,0.5942275042444711,0.06342275042183411,0.0039999999998352005,0,CLOSED,t,TRENDING,t,2026-09-24 16:21:31.421485+00,2026-09-24 16:51:31.569626+00,PAPER-1790266891,"{""close_reason"": ""profitable_timeout""}"
4961,NEAR/USDT,SELL,FUTURES,4.651,4.666,7.52526338,5,4.74402,4.51147,-0.5643947535000213,-1.6125564394754428,-0.5503947535078694,0.013999999992151999,0,CLOSED,t,TRENDING,t,2026-09-24 16:21:31.432689+00,2026-09-24 16:23:42.239124+00,PAPER-SHORT-1790266891,"{""close_reason"": ""trade_switch""}"
4962,WLD/USDT,BUY,FUTURES,0.4511,0.4531,77.58811793,5,0.442078,0.464633,0.7758811792999956,2.2168033695411093,0.7898811792992848,0.013999999999289199,0,CLOSED,t,TRENDING,t,2026-09-24 16:21:36.518974+00,2026-09-24 16:25:43.242141+00,PAPER-1790266896,"{""close_reason"": ""trailing_stop""}"
4963,ZEC/USDT,SELL,FUTURES,1527.61,1534.79,0.02291161,5,1558.1622,1481.7817,-0.8225267990000071,-2.3500762629205307,-0.8085267971791671,0.014000001820839998,0,CLOSED,t,TRANSITION,t,2026-09-24 16:21:46.489804+00,2026-09-24 16:28:41.461472+00,PAPER-SHORT-1790266906,"{""close_reason"": ""stop_loss""}"
4964,UNI/USDT,BUY,FUTURES,9.3,9.271,3.76344086,5,9.114,9.579,-0.5456989246999896,-1.5591397849462063,-0.5316989247007896,0.013999999999200003,0,CLOSED,t,TRANSITION,t,2026-09-24 16:23:06.960521+00,2026-09-24 16:25:33.294373+00,PAPER-1790266986,"{""close_reason"": ""trade_switch""}"
4965,XLM/USDT,SELL,FUTURES,0.212,0.2131,165.09433962,5,0.21624,0.20564,-0.9080188679100145,-2.594339622641551,-0.8940188679102385,0.013999999999776,0,CLOSED,t,TRENDING,t,2026-09-24 16:23:42.249825+00,2026-09-24 16:29:27.006872+00,PAPER-SHORT-1790267022,"{""close_reason"": ""stop_loss""}"
4966,TIA/USDT,SELL,FUTURES,0.4955,0.4977,70.63572149,5,0.50541,0.480635,-0.7769929363899927,-2.219979818365267,-0.7629929363906747,0.013999999999317999,0,CLOSED,t,TRENDING,t,2026-09-24 16:24:12.483645+00,2026-09-24 16:24:37.564145+00,PAPER-SHORT-1790267052,"{""close_reason"": ""stop_loss""}"
4967,WIF/USDT,SELL,FUTURES,0.2394,0.2384,146.19883041,5,0.244188,0.232218,0.7309941520500007,2.0885547201336694,0.7449941520500624,0.014000000000061602,0,CLOSED,t,TRANSITION,t,2026-09-24 16:24:37.632834+00,2026-09-24 16:46:37.994034+00,PAPER-SHORT-1790267077,"{""close_reason"": ""trailing_stop""}"
4968,FIL/USDT,SELL,FUTURES,1.0039,1.0086,34.86403028,5,1.023978,0.973783,-0.8193047115799872,-2.34087060464186,-0.8053047115807503,0.013999999999236802,0,CLOSED,t,TRANSITION,t,2026-09-24 16:25:23.142881+00,2026-09-24 16:35:58.127179+00,PAPER-SHORT-1790267123,"{""close_reason"": ""stop_loss""}"
4969,UNI/USDT,BUY,FUTURES,9.271,9.273,3.77521303,5,9.08558,9.54913,0.03775213029997598,0.10786322942502036,0.05175213030042799,0.014000000000452003,0,CLOSED,t,TRANSITION,t,2026-09-24 16:25:33.306998+00,2026-09-24 16:58:25.413609+00,PAPER-1790267133,"{""close_reason"": ""profitable_timeout""}"
4970,DOT/USDT,SELL,FUTURES,1.167,1.161,29.99143102,5,1.19034,1.13199,0.8997429306000011,2.5706940874036017,0.9137429306001371,0.014000000000136001,0,CLOSED,t,TRENDING,t,2026-09-24 16:25:43.324597+00,2026-09-24 16:54:49.483393+00,PAPER-SHORT-1790267143,"{""close_reason"": ""trailing_stop""}"
4971,ASTER/USDT,BUY,SPOT,0.715,0.7102,13.98601399,1,0.7007,0.73645,-0.06713286715199923,-0.6713286713286637,-0.06313286715085924,0.00400000000114,0,CLOSED,t,TRANSITION,t,2026-09-24 16:28:31.489205+00,2026-09-24 17:28:36.346412+00,PAPER-1790267311,"{""close_reason"": ""negative_timeout""}"
4972,ARB/USDT,SELL,FUTURES,0.2184,0.2184,160.25641026,5,0.222768,0.211848,0,0,0.0140000000003136,0.0140000000003136,0,CLOSED,t,TRANSITION,t,2026-09-24 16:28:41.525547+00,2026-09-24 16:31:18.102133+00,PAPER-SHORT-1790267321,"{""close_reason"": ""take_profit""}"
4973,ICP/USDT,SELL,FUTURES,3.185,3.2,10.98901099,5,3.2487,3.08945,-0.8241758242500068,-2.354788069073803,-0.8101758242487468,0.014000000001260001,0,CLOSED,t,TRENDING,t,2026-09-24 16:29:27.079422+00,2026-09-24 16:30:42.720883+00,PAPER-SHORT-1790267367,"{""close_reason"": ""stop_loss""}"
4974,TIA/USDT,SELL,FUTURES,0.4978,0.4978,70.30936119,5,0.507756,0.482866,0.14061872238000403,0.4017677782241979,0.15461872238015684,0.014000000000152802,0,CLOSED,t,TRENDING,t,2026-09-24 16:30:12.465669+00,2026-09-24 16:31:28.266124+00,PAPER-SHORT-1790267412,"{""close_reason"": ""take_profit""}"
4975,INJ/USDT,SELL,FUTURES,8.559,8.605,4.08926276,5,8.73018,8.30223,-0.9405304348000237,-2.6872298165674238,-0.9265304348148877,0.013999999985136001,0,CLOSED,t,TRENDING,t,2026-09-24 16:30:42.796789+00,2026-09-24 16:47:00.773385+00,PAPER-SHORT-1790267442,"{""close_reason"": ""stop_loss""}"
4976,WLD/USDT,BUY,FUTURES,0.4527,0.451,77.31389441,5,0.443646,0.466281,-0.6571681024849825,-1.8776231499889051,-0.6431681024852197,0.013999999999762801,0,CLOSED,t,TRENDING,t,2026-09-24 16:31:18.179502+00,2026-09-24 16:34:37.314264+00,PAPER-1790267478,"{""close_reason"": ""trade_switch""}"
4977,AAVE/USDT,BUY,SPOT,144.99,145.03,0.06897027,1,142.0902,149.3397,0.0027588107999995037,0.02758810952478985,0.006758810578919504,0.00399999977892,0,CLOSED,t,TRENDING,t,2026-09-24 16:31:30.633006+00,2026-09-24 17:01:52.616611+00,PAPER-1790267490,"{""close_reason"": ""profitable_timeout""}"
4978,LTC/USDT,SELL,FUTURES,74.05,74.39,0.47265361,5,75.531,71.8285,-0.8035111370000081,-2.2957461174882066,-0.7895111370718081,0.0139999999282,0,CLOSED,t,TRENDING,t,2026-09-24 16:33:31.853528+00,2026-09-24 16:46:37.970135+00,PAPER-SHORT-1790267611,"{""close_reason"": ""stop_loss""}"
4979,XLM/USDT,SELL,FUTURES,0.2121,0.2128,165.01650165,5,0.216342,0.205737,-0.5775577557749823,-1.6501650165015993,-0.5635577557749962,0.013999999999986003,0,CLOSED,t,TRENDING,t,2026-09-24 16:34:37.323918+00,2026-09-24 16:36:18.324457+00,PAPER-SHORT-1790267677,"{""close_reason"": ""trade_switch""}"
4980,WLD/USDT,BUY,FUTURES,0.452,0.4494,77.43362832,5,0.44296,0.46556,-1.0066371681599957,-2.8761061946902533,-0.9926371681597397,0.014000000000256,0,CLOSED,t,TRENDING,t,2026-09-24 16:35:58.188202+00,2026-09-24 16:46:15.645089+00,PAPER-1790267758,"{""close_reason"": ""stop_loss""}"
4981,TAO/USDT,BUY,FUTURES,294.1,296.2,0.11900714,5,288.218,302.923,1.2495749699999932,3.5702142128527514,1.2635749699495933,0.013999999949600002,0,CLOSED,t,TRANSITION,t,2026-09-24 16:36:03.115686+00,2026-09-24 16:50:17.942967+00,PAPER-1790267763,"{""close_reason"": ""trailing_stop""}"
4982,XLM/USDT,SELL,FUTURES,0.2128,0.2137,164.47368421,5,0.217056,0.206416,-0.7401315789450096,-2.114661654135366,-0.7261315789450544,0.0139999999999552,0,CLOSED,t,TRENDING,t,2026-09-24 16:36:18.342089+00,2026-09-24 16:47:55.222081+00,PAPER-SHORT-1790267778,"{""close_reason"": ""stop_loss""}"
4983,TIA/USDT,SELL,FUTURES,0.4973,0.4999,70.38005228,5,0.507246,0.482381,-0.9149406796399968,-2.6141162276291885,-0.9009406796404592,0.013999999999537603,0,CLOSED,t,TRENDING,t,2026-09-24 16:46:18.416068+00,2026-09-24 16:48:09.503877+00,PAPER-SHORT-1790268378,"{""close_reason"": ""stop_loss""}"
4984,FIL/USDT,SELL,FUTURES,1.0073,1.0116,34.74635163,5,1.027446,0.977081,-0.7470465600449948,-2.134418743174809,-0.7330465600462353,0.0139999999987596,0,CLOSED,t,TRANSITION,t,2026-09-24 16:46:18.427963+00,2026-09-24 16:47:45.02933+00,PAPER-SHORT-1790268378,"{""close_reason"": ""stop_loss""}"
4985,APT/USDT,SELL,FUTURES,0.8322,0.8247,42.05719779,5,0.848844,0.807234,1.577144917125013,4.5061283345350045,1.5911449171253482,0.014000000000335201,0,CLOSED,t,TRENDING,t,2026-09-24 16:46:28.669474+00,2026-09-24 16:57:12.618202+00,PAPER-SHORT-1790268388,"{""close_reason"": ""trailing_stop""}"
4986,ARB/USDT,SELL,FUTURES,0.2186,0.2186,160.10978957,5,0.222972,0.212042,0,0,0.0140000000000008,0.0140000000000008,0,CLOSED,t,TRANSITION,t,2026-09-24 16:46:38.060251+00,2026-09-24 16:51:01.873883+00,PAPER-SHORT-1790268398,"{""close_reason"": ""take_profit""}"
4987,ICP/USDT,SELL,FUTURES,3.171,3.155,11.03752759,5,3.23442,3.07587,0.8830022072000009,2.5228634500157705,0.8970022071951569,0.013999999995156,0,CLOSED,t,TRENDING,t,2026-09-24 16:46:38.07113+00,2026-09-24 16:55:34.392619+00,PAPER-SHORT-1790268398,"{""close_reason"": ""trailing_stop""}"
4988,SAGA/USDT,SELL,FUTURES,0.04262,0.04259,821.2106992,5,0.0434724,0.0413414,0.12318160487998074,0.35194744251519605,0.13718160487994235,0.0139999999999616,0,CLOSED,t,TRANSITION,t,2026-09-24 16:47:00.852125+00,2026-09-24 17:17:10.11472+00,PAPER-SHORT-1790268420,"{""close_reason"": ""profitable_timeout""}"
4989,ZEC/USDT,SELL,FUTURES,1541.42,1546.62,0.02270634,5,1572.2484,1495.1774,-0.5903648399999794,-1.6867563675052284,-0.5763648373588593,0.01400000264112,0,CLOSED,t,TRANSITION,t,2026-09-24 16:47:15.173186+00,2026-09-24 16:58:30.547239+00,PAPER-SHORT-1790268435,"{""close_reason"": ""trade_switch""}"
4990,LINK/USDT,SELL,FUTURES,12.972,12.92,2.69811903,5,13.23144,12.58284,0.7015109477999947,2.0043169904409344,0.7155109478228587,0.014000000022864001,0,CLOSED,t,TRANSITION,t,2026-09-24 16:47:15.18476+00,2026-09-24 16:54:40.333591+00,PAPER-SHORT-1790268435,"{""close_reason"": ""trailing_stop""}"
4991,牛来/USDT,BUY,FUTURES,0.10483,0.10446,333.87389106,5,0.1027334,0.1079749,-0.6176666984610147,-1.7647619956119853,-0.6036666984610868,0.01399999999992792,0,CLOSED,t,TRANSITION,t,2026-09-24 16:47:45.104288+00,2026-09-24 16:53:55.671928+00,PAPER-1790268465,"{""close_reason"": ""trade_switch""}"
4992,XRP/USDT,SELL,FUTURES,1.5342,1.5342,22.81319254,5,1.564884,1.488174,0.148285751510009,0.42367357580500553,0.1622857515079562,0.0139999999979472,0,CLOSED,t,TRENDING,t,2026-09-24 16:47:55.296399+00,2026-09-24 17:20:07.5244+00,PAPER-SHORT-1790268475,"{""close_reason"": ""take_profit""}"
4993,NEAR/USDT,SELL,FUTURES,4.699,4.68,7.44839328,5,4.79298,4.55803,0.7075973616000049,2.021706746116209,0.7215973616090928,0.014000000009088001,0,CLOSED,t,TRENDING,t,2026-09-24 16:48:09.573018+00,2026-09-24 16:51:12.10149+00,PAPER-SHORT-1790268489,"{""close_reason"": ""trailing_stop""}"
4994,ADA/USDT,SELL,FUTURES,0.2493,0.2478,140.39310068,5,0.254286,0.241821,1.0529482551000011,3.0084235860409176,1.0669482550998106,0.0139999999998096,0,CLOSED,t,TRENDING,t,2026-09-24 16:50:18.029548+00,2026-09-24 17:21:35.759048+00,PAPER-SHORT-1790268618,"{""close_reason"": ""trailing_stop""}"
4995,BROCCOLI714/USDT,SELL,FUTURES,0.03308,0.03319,1058.04111245,5,0.0337416,0.03135668,-0.5819226118474947,-1.6626360338573005,-0.5679226118475563,0.0139999999999384,0,CLOSED,t,TRENDING,t,2026-09-24 16:50:47.57593+00,2026-09-24 16:53:21.958443+00,PAPER-SHORT-1790268647,"{""close_reason"": ""trade_switch""}"
4996,MUBARAK/USDT,BUY,FUTURES,0.04592,0.04569,762.19512195,5,0.0450016,0.0472976,-0.876524390242505,-2.5043554006968782,-0.8625243902425274,0.013999999999977602,0,CLOSED,t,TRANSITION,t,2026-09-24 16:50:56.826153+00,2026-09-24 17:17:45.128886+00,PAPER-1790268656,"{""close_reason"": ""stop_loss""}"
4997,WLD/USDT,BUY,FUTURES,0.4485,0.4471,78.03790412,5,0.43953,0.461955,-0.5462653288400048,-1.5607580824972267,-0.5322653288408767,0.013999999999128,0,CLOSED,t,TRENDING,t,2026-09-24 16:51:17.272139+00,2026-09-24 16:54:00.764374+00,PAPER-1790268677,"{""close_reason"": ""trade_switch""}"
4998,PENGU/USDT,BUY,SPOT,0.00999,0.009994,1001.001001,1,0.0097902,0.0102897,0.004004004003999466,0.0400400400400347,0.008004004003995466,0.003999999999996001,0,CLOSED,t,TRANSITION,t,2026-09-24 16:51:22.404476+00,2026-09-24 17:31:48.766185+00,PAPER-1790268682,"{""close_reason"": ""profitable_timeout""}"
4999,WIF/USDT,SELL,FUTURES,0.2384,0.2372,146.81208054,5,0.243168,0.231248,0.8808724832400049,2.5167785234899465,0.8948724832402993,0.014000000000294402,0,CLOSED,t,TRANSITION,t,2026-09-24 16:51:41.897456+00,2026-09-24 17:21:02.424656+00,PAPER-SHORT-1790268701,"{""close_reason"": ""trailing_stop""}"
5000,LTC/USDT,SELL,FUTURES,73.84,74.11,0.47399783,5,75.3168,71.6248,-0.6398970704999906,-1.8282773564463435,-0.6258970705931106,0.01399999990688,0,CLOSED,t,TRENDING,t,2026-09-24 16:51:41.911985+00,2026-09-24 16:52:30.587355+00,PAPER-SHORT-1790268701,"{""close_reason"": ""trade_switch""}"
5001,BCH/USDT,SELL,FUTURES,337.2,337.2,0.10379597,5,343.944,327.084,0.1037959699999941,0.29655990510081354,0.1177959704335941,0.0140000004336,0,CLOSED,t,TRANSITION,t,2026-09-24 16:52:30.606164+00,2026-09-24 17:18:06.612194+00,PAPER-SHORT-1790268750,"{""close_reason"": ""take_profit""}"
5002,XLM/USDT,SELL,FUTURES,0.212,0.2116,165.09433962,5,0.21624,0.20564,0.33018867923998657,0.9433962264150559,0.3441886792397626,0.013999999999776,0,CLOSED,t,TRENDING,t,2026-09-24 16:53:21.96869+00,2026-09-24 17:30:16.279792+00,PAPER-SHORT-1790268801,"{""close_reason"": ""profitable_timeout""}"
5003,TIA/USDT,SELL,FUTURES,0.4954,0.4934,70.64997981,5,0.505308,0.480538,0.7064997981000007,2.0185708518369014,0.7204997980991503,0.013999999999149602,0,CLOSED,t,TRENDING,t,2026-09-24 16:53:55.681517+00,2026-09-24 17:28:16.887446+00,PAPER-SHORT-1790268835,"{""close_reason"": ""trailing_stop""}"
5004,FIL/USDT,SELL,FUTURES,1.004,1.0094,34.86055777,5,1.02408,0.97388,-0.9412350597900123,-2.689243027888482,-0.9272350597895803,0.014000000000431998,0,CLOSED,t,TRANSITION,t,2026-09-24 16:54:00.773231+00,2026-09-24 16:56:38.151286+00,PAPER-SHORT-1790268840,"{""close_reason"": ""stop_loss""}"
5005,WLD/USDT,BUY,FUTURES,0.448,0.4499,78.125,5,0.43904,0.46144,0.7421875000000022,2.1205357142857206,0.7561875000000022,0.014,0,CLOSED,t,TRENDING,t,2026-09-24 16:54:40.387085+00,2026-09-24 17:16:12.924589+00,PAPER-1790268880,"{""close_reason"": ""trailing_stop""}"
5006,LTC/USDT,SELL,FUTURES,73.75,74.14,0.47457627,5,75.225,71.5375,-0.9254237265000014,-2.644067796610173,-0.9114237265350014,0.013999999965,0,CLOSED,t,TRENDING,t,2026-09-24 16:54:49.531562+00,2026-09-24 16:56:57.320885+00,PAPER-SHORT-1790268889,"{""close_reason"": ""stop_loss""}"
5007,TAO/USDT,BUY,FUTURES,293.6,292.6,0.11920981,5,287.728,302.408,-0.5960490499999943,-1.7029972752043432,-0.5820490499135943,0.014000000086400002,0,CLOSED,t,TRANSITION,t,2026-09-24 16:55:34.447357+00,2026-09-24 17:00:48.874252+00,PAPER-1790268934,"{""close_reason"": ""trade_switch""}"
5008,PUMP/USDT,BUY,SPOT,0.003901,0.003913,2563.44527044,1,0.00382298,0.00401803,0.030761343245280712,0.30761343245322426,0.034761343245275286,0.003999999999994576,0,CLOSED,t,TRANSITION,t,2026-09-24 16:56:38.218764+00,2026-09-24 17:26:44.01705+00,PAPER-1790268998,"{""close_reason"": ""profitable_timeout""}"
5009,AVAX/USDT,BUY,SPOT,10.426,10.304,0.95914061,1,10.21748,10.73878,-0.11701515441999981,-1.1701515442163801,-0.1130151544200558,0.003999999999944001,0,CLOSED,t,TRANSITION,t,2026-09-24 16:56:57.39789+00,2026-09-24 17:57:03.419487+00,PAPER-1790269017,"{""close_reason"": ""negative_timeout""}"
5010,PEPE/USDT,BUY,SPOT,4.47e-06,4.43e-06,2237136.46532438,1,4.38e-06,4.6e-06,-0.08948545861297655,-0.8948545861297674,-0.08548545861297656,0.003999999999999991,0,CLOSED,t,TRENDING,t,2026-09-24 16:57:12.667095+00,2026-09-24 17:57:18.687455+00,PAPER-1790269032,"{""close_reason"": ""negative_timeout""}"
5011,ARB/USDT,SELL,FUTURES,0.2183,0.2191,160.32982135,5,0.222666,0.211751,-0.6413192853999962,-1.8323408153916518,-0.6273192853997142,0.014000000000282,0,CLOSED,t,TRANSITION,t,2026-09-24 16:58:25.454185+00,2026-09-24 17:02:01.68974+00,PAPER-SHORT-1790269105,"{""close_reason"": ""trade_switch""}"
5012,INJ/USDT,SELL,FUTURES,8.628,8.571,4.05656004,5,8.80056,8.36916,1.1561196114000076,3.3031988873435547,1.1701196114100556,0.014000000010048001,0,CLOSED,t,TRENDING,t,2026-09-24 16:58:30.57398+00,2026-09-24 17:16:12.887572+00,PAPER-SHORT-1790269110,"{""close_reason"": ""trailing_stop""}"
5013,TAO/USDT,BUY,FUTURES,292.6,295.5,0.11961722,5,286.748,301.378,1.7344496899999828,4.95557074504438,1.7484496894287829,0.013999999428800002,0,CLOSED,t,TRANSITION,t,2026-09-24 17:00:48.896221+00,2026-09-24 17:17:45.089347+00,PAPER-1790269248,"{""close_reason"": ""trailing_stop""}"
5014,FIL/USDT,SELL,FUTURES,1.0139,1.0078,34.52016964,5,1.034178,0.983483,1.052865174019999,3.008186211657952,1.0668651740191974,0.0139999999991984,0,CLOSED,t,TRANSITION,t,2026-09-24 17:01:52.657645+00,2026-09-24 17:21:12.152126+00,PAPER-SHORT-1790269312,"{""close_reason"": ""trailing_stop""}"
5015,DOT/USDT,SELL,FUTURES,1.163,1.168,30.09458298,5,1.18626,1.12811,-0.752364574499984,-2.1496130696474176,-0.738364574497688,0.014000000002296,0,CLOSED,t,TRENDING,t,2026-09-24 17:02:01.717073+00,2026-09-24 17:16:49.76336+00,PAPER-SHORT-1790269321,"{""close_reason"": ""stop_loss""}"
5016,UNI/USDT,BUY,FUTURES,9.285,9.257,3.76952073,5,9.0993,9.56355,-0.5277329022000001,-1.5078082929456116,-0.5137329022087801,0.013999999991220001,0,CLOSED,t,TRANSITION,t,2026-09-24 17:16:12.983053+00,2026-09-24 17:20:32.455588+00,PAPER-1790270172,"{""close_reason"": ""trade_switch""}"
5017,APT/USDT,SELL,FUTURES,0.8277,0.8277,42.28585236,5,0.844254,0.802869,0,0,0.013999999999348799,0.013999999999348799,0,CLOSED,t,TRENDING,t,2026-09-24 17:16:13.015025+00,2026-09-24 17:23:03.326225+00,PAPER-SHORT-1790270173,"{""close_reason"": ""take_profit""}"
5018,LTC/USDT,SELL,FUTURES,74.69,74.29,0.46860356,5,76.1838,72.4493,0.9372071199999799,2.677734636497466,0.9512071199585399,0.01399999995856,0,CLOSED,t,TRENDING,t,2026-09-24 17:16:49.849911+00,2026-09-24 17:21:35.723704+00,PAPER-SHORT-1790270209,"{""close_reason"": ""trailing_stop""}"
5019,ARB/USDT,SELL,FUTURES,0.2187,0.2177,160.03657979,5,0.223074,0.212139,0.8001828989500006,2.2862368541380906,0.8141828989500298,0.014000000000029201,0,CLOSED,t,TRANSITION,t,2026-09-24 17:17:10.173829+00,2026-09-24 17:21:28.112312+00,PAPER-SHORT-1790270230,"{""close_reason"": ""trailing_stop""}"
5020,ICP/USDT,SELL,FUTURES,3.151,3.137,11.10758489,5,3.21402,3.05647,0.7775309422999881,2.2215169787368754,0.791530942295344,0.013999999995355998,0,CLOSED,t,TRENDING,t,2026-09-24 17:17:45.197681+00,2026-09-24 17:21:35.712528+00,PAPER-SHORT-1790270265,"{""close_reason"": ""trailing_stop""}"
5021,AAVE/USDT,BUY,SPOT,144.47,144.69,0.06921852,1,141.5806,148.8041,0.015228074399999356,0.15228075032878152,0.019228074233759357,0.003999999833760001,0,CLOSED,t,TRENDING,t,2026-09-24 17:17:45.20942+00,2026-09-24 18:16:37.556609+00,PAPER-1790270265,"{""close_reason"": ""profitable_timeout""}"
5022,ZEC/USDT,SELL,FUTURES,1551.51,1557.93,0.02255867,5,1582.5402,1504.9647,-0.7241333070000081,-2.0689521820678154,-0.7101333061633281,0.01400000083668,0,CLOSED,t,TRANSITION,t,2026-09-24 17:18:07.532091+00,2026-09-24 17:29:45.690006+00,PAPER-SHORT-1790270287,"{""close_reason"": ""stop_loss""}"
5023,FET/USDT,BUY,FUTURES,0.2215,0.2225,158.01354402,5,0.21707,0.228145,0.7900677200999884,2.2573363431150906,0.8040677201001604,0.014000000000172003,0,CLOSED,t,TRENDING,t,2026-09-24 17:20:07.5572+00,2026-09-24 17:22:23.596504+00,PAPER-1790270407,"{""close_reason"": ""trailing_stop""}"
5024,UNI/USDT,BUY,FUTURES,9.257,9.225,3.78092255,5,9.07186,9.53471,-0.6049476080000084,-1.7284217349033404,-0.5909476079818684,0.01400000001814,0,CLOSED,t,TRANSITION,t,2026-09-24 17:20:32.471659+00,2026-09-24 17:54:03.228644+00,PAPER-1790270432,"{""close_reason"": ""trade_switch""}"
5025,HBAR/USDT,SELL,FUTURES,0.09262,0.09262,377.88814511,5,0.0944724,0.0898414,0.45346577413198147,1.2956164975166824,0.46746577413201673,0.014000000000035278,0,CLOSED,t,TRANSITION,t,2026-09-24 17:21:04.895832+00,2026-09-24 17:47:24.704816+00,PAPER-SHORT-1790270464,"{""close_reason"": ""take_profit""}"
5026,LINK/USDT,SELL,FUTURES,12.917,12.917,2.70960749,5,13.17534,12.52949,0.46063327330000947,1.316095068514388,0.47463327327934146,0.013999999979332,0,CLOSED,t,TRENDING,t,2026-09-24 17:21:12.224496+00,2026-09-24 17:47:21.534645+00,PAPER-SHORT-1790270472,"{""close_reason"": ""take_profit""}"
5027,WLD/USDT,BUY,FUTURES,0.4473,0.4452,78.24726135,5,0.438354,0.460719,-0.8215962441749924,-2.3474178403755652,-0.8075962441742505,0.014000000000742,0,CLOSED,t,TRENDING,t,2026-09-24 17:21:28.176178+00,2026-09-24 17:23:51.047784+00,PAPER-1790270488,"{""close_reason"": ""stop_loss""}"
5028,INJ/USDT,SELL,FUTURES,8.565,8.516,4.08639813,5,8.7363,8.30805,1.0011675418499895,2.8604786923525682,1.0151675418433694,0.013999999993379999,0,CLOSED,t,TRENDING,t,2026-09-24 17:21:35.812436+00,2026-09-24 17:24:10.475892+00,PAPER-SHORT-1790270495,"{""close_reason"": ""trailing_stop""}"
5029,OP/USDT,SELL,FUTURES,0.1348,0.1331,259.64391691,5,0.137496,0.130756,2.2069732937350093,6.305637982195872,2.2209732937347963,0.013999999999787198,0,CLOSED,t,TRENDING,t,2026-09-24 17:21:37.825795+00,2026-09-24 17:47:57.897593+00,PAPER-SHORT-1790270497,"{""close_reason"": ""trailing_stop""}"
5030,牛来/USDT,BUY,FUTURES,0.10412,0.10364,336.15059547,5,0.1020376,0.1072436,-0.8067614291280215,-2.3050326546293354,-0.7927614291278869,0.014000000000134561,0,CLOSED,t,TRANSITION,t,2026-09-24 17:21:37.836521+00,2026-09-24 17:23:48.535274+00,PAPER-1790270497,"{""close_reason"": ""stop_loss""}"
5031,DOT/USDT,SELL,FUTURES,1.164,1.163,30.06872852,5,1.18728,1.12908,0.15034364259998345,0.42955326460476373,0.16434364259889545,0.013999999998912,0,CLOSED,t,TRENDING,t,2026-09-24 17:22:23.663426+00,2026-09-24 17:53:24.942994+00,PAPER-SHORT-1790270543,"{""close_reason"": ""profitable_timeout""}"
5032,TAO/USDT,BUY,FUTURES,293.3,293.3,0.11933174,5,287.434,302.099,0,0,0.013999999736800002,0.013999999736800002,0,CLOSED,t,TRANSITION,t,2026-09-24 17:23:03.382967+00,2026-09-24 17:29:21.413654+00,PAPER-1790270583,"{""close_reason"": ""take_profit""}"
5033,MUBARAK/USDT,BUY,FUTURES,0.04562,0.0454,767.20736519,5,0.0447076,0.0469886,-0.843928101708983,-2.4112231477421697,-0.8299281017089959,0.01399999999998712,0,CLOSED,t,TRANSITION,t,2026-09-24 17:23:53.494381+00,2026-09-24 17:47:18.949474+00,PAPER-1790270633,"{""close_reason"": ""stop_loss""}"
5034,SAGA/USDT,SELL,FUTURES,0.04282,0.04258,817.37505838,5,0.0436764,0.0415354,0.9808500700559886,2.802428771602022,0.9948500700559212,0.013999999999932641,0,CLOSED,t,TRENDING,t,2026-09-24 17:23:53.505404+00,2026-09-24 17:53:08.914239+00,PAPER-SHORT-1790270633,"{""close_reason"": ""trailing_stop""}"
5035,XRP/USDT,SELL,FUTURES,1.5357,1.5428,22.79090968,5,1.566414,1.489629,-0.8090772936399867,-2.3116494106921546,-0.7950772936417563,0.0139999999982304,0,CLOSED,t,TRENDING,t,2026-09-24 17:25:13.551261+00,2026-09-24 17:29:30.890314+00,PAPER-SHORT-1790270713,"{""close_reason"": ""stop_loss""}"
5036,FIL/USDT,SELL,FUTURES,1.0065,1.002,34.7739692,5,1.02663,0.976305,0.7824143069999911,2.235469448584177,0.7964143069999111,0.013999999999920002,0,CLOSED,t,TRENDING,t,2026-09-24 17:26:44.0623+00,2026-09-24 17:47:54.736975+00,PAPER-SHORT-1790270804,"{""close_reason"": ""trailing_stop""}"
5037,FET/USDT,BUY,FUTURES,0.2217,0.2207,157.87099684,5,0.217266,0.228351,-0.7893549841999946,-2.2552999548939856,-0.7753549842002234,0.0139999999997712,0,CLOSED,t,TRENDING,t,2026-09-24 17:28:16.933361+00,2026-09-24 17:28:41.461133+00,PAPER-1790270896,"{""close_reason"": ""stop_loss""}"
5038,ADA/USDT,SELL,FUTURES,0.2477,0.2467,141.29995963,5,0.252654,0.240269,0.7064997981500006,2.0185708518369014,0.7204997981501411,0.014000000000140402,0,CLOSED,t,TRENDING,t,2026-09-24 17:28:36.386399+00,2026-09-24 17:48:03.024033+00,PAPER-SHORT-1790270916,"{""close_reason"": ""trailing_stop""}"
5039,LTC/USDT,SELL,FUTURES,73.92,72.62,0.47348485,5,75.3984,71.7024,3.077651524999993,8.793290043290023,3.091651525044793,0.0140000000448,0,CLOSED,t,TRENDING,t,2026-09-24 17:28:46.495571+00,2026-09-24 17:48:57.396129+00,PAPER-SHORT-1790270926,"{""close_reason"": ""trailing_stop""}"
5040,WLD/USDT,BUY,FUTURES,0.4461,0.4443,78.4577449,5,0.437178,0.459483,-0.7061197041000038,-2.017484868863495,-0.6921197041000478,0.013999999999955999,0,CLOSED,t,TRENDING,t,2026-09-24 17:29:26.443278+00,2026-09-24 17:32:44.740783+00,PAPER-1790270966,"{""close_reason"": ""stop_loss""}"
5041,INJ/USDT,SELL,FUTURES,8.5,8.417,4.11764706,5,8.67,8.245,1.7088235299000039,4.882352941176482,1.7228235299040038,0.014000000004,0,CLOSED,t,TRENDING,t,2026-09-24 17:29:35.878753+00,2026-09-24 17:47:54.719369+00,PAPER-SHORT-1790270975,"{""close_reason"": ""trailing_stop""}"
5042,牛来/USDT,BUY,FUTURES,0.10365,0.10283,337.67486734,5,0.101577,0.1067595,-1.3844669560940088,-3.9556198745779314,-1.3704669560940925,0.0139999999999164,0,CLOSED,t,TRANSITION,t,2026-09-24 17:29:45.749054+00,2026-09-24 17:47:18.883944+00,PAPER-1790270985,"{""close_reason"": ""stop_loss""}"
5043,APT/USDT,SELL,FUTURES,0.8315,0.8315,42.09260373,5,0.84813,0.806555,1.9573060734449947,5.592303066746828,1.9713060734455927,0.014000000000598001,0,CLOSED,t,TRENDING,t,2026-09-24 17:30:16.345324+00,2026-09-24 17:47:18.835789+00,PAPER-SHORT-1790271016,"{""close_reason"": ""take_profit""}"
5044,PUMP/USDT,BUY,SPOT,0.003936,0.003857,2540.6504065,1,0.00385728,0.00405408,-0.20071138211350065,-2.007113821138218,-0.19671138211350706,0.003999999999993601,0,CLOSED,t,TRANSITION,t,2026-09-24 17:31:48.791524+00,2026-09-24 18:05:42.991818+00,PAPER-1790271108,"{""close_reason"": ""stop_loss""}"
5045,TIA/USDT,SELL,FUTURES,0.4922,0.4879,71.10930516,5,0.502044,0.477434,1.5288500609400095,4.36814303128812,1.5428500609399103,0.013999999999900804,0,CLOSED,t,TRENDING,t,2026-09-24 17:33:20.013231+00,2026-09-24 17:47:54.703044+00,PAPER-SHORT-1790271200,"{""close_reason"": ""trailing_stop""}"
5046,FET/USDT,BUY,FUTURES,0.22,0.2192,159.09090909,5,0.2156,0.2266,-0.636363636360004,-1.81818181818183,-0.6223636363600841,0.01399999999992,0,CLOSED,t,TRENDING,t,2026-09-24 17:47:24.757544+00,2026-09-24 17:53:01.459023+00,PAPER-1790272044,"{""close_reason"": ""trade_switch""}"
5047,WLD/USDT,BUY,FUTURES,0.4418,0.4404,79.22136713,5,0.432964,0.455054,-0.5545495699099959,-1.5844273426889877,-0.5405495699107823,0.013999999999213603,0,CLOSED,t,TRENDING,t,2026-09-24 17:47:24.767622+00,2026-09-24 17:52:53.090951+00,PAPER-1790272044,"{""close_reason"": ""trade_switch""}"
5048,XLM/USDT,SELL,FUTURES,0.2102,0.2112,166.50808754,5,0.214404,0.203894,-0.8325404377000006,-2.378686964795435,-0.8185404376996375,0.0140000000003632,0,CLOSED,t,TRENDING,t,2026-09-24 17:47:24.787452+00,2026-09-24 18:11:23.73786+00,PAPER-SHORT-1790272044,"{""close_reason"": ""stop_loss""}"
5049,TAO/USDT,BUY,FUTURES,291.6,293.2,0.12002743,5,285.768,300.348,0.9602194399999697,2.74348422496562,0.9742194394351698,0.013999999435200002,0,CLOSED,t,TRANSITION,t,2026-09-24 17:47:24.798875+00,2026-09-24 17:59:45.724202+00,PAPER-1790272044,"{""close_reason"": ""trailing_stop""}"
5050,ZEC/USDT,SELL,FUTURES,1547.38,1554.92,0.02261888,5,1578.3276,1500.9586,-0.852731775999996,-2.436376326435641,-0.838731774986236,0.014000001013760002,0,CLOSED,t,TRANSITION,t,2026-09-24 17:47:24.817081+00,2026-09-24 17:48:27.703044+00,PAPER-SHORT-1790272044,"{""close_reason"": ""stop_loss""}"
5051,ASTER/USDT,BUY,SPOT,0.7089,0.7106,14.10636197,1,0.694722,0.730167,0.023980815348999852,0.23980815347721673,0.027980815349213053,0.0040000000002132,0,CLOSED,t,TRANSITION,t,2026-09-24 17:47:57.95477+00,2026-09-24 18:18:01.298528+00,PAPER-1790272077,"{""close_reason"": ""profitable_timeout""}"
5052,XRP/USDT,SELL,FUTURES,1.5283,1.5205,22.90126284,5,1.558866,1.482451,0.8931492507600035,2.551855002290136,0.9071492507593523,0.013999999999348802,0,CLOSED,t,TRENDING,t,2026-09-24 17:47:57.964313+00,2026-09-24 18:06:44.617656+00,PAPER-SHORT-1790272077,"{""close_reason"": ""trailing_stop""}"
5053,MUBARAK/USDT,BUY,FUTURES,0.04551,0.04537,769.06174467,5,0.0445998,0.0468753,-0.538343221269004,-1.538123489343013,-0.5243432212690313,0.013999999999972682,0,CLOSED,t,TRANSITION,t,2026-09-24 17:52:20.189176+00,2026-09-24 17:54:09.813736+00,PAPER-1790272340,"{""close_reason"": ""trade_switch""}"
5054,牛来/USDT,BUY,FUTURES,0.10312,0.10255,339.41039566,5,0.1010576,0.1062136,-0.9673196276309929,-2.763770364623719,-0.9533196276308092,0.014000000000183681,0,CLOSED,t,TRANSITION,t,2026-09-24 17:52:20.203516+00,2026-09-24 18:02:14.808998+00,PAPER-1790272340,"{""close_reason"": ""stop_loss""}"
5055,APT/USDT,SELL,FUTURES,0.8179,0.8093,42.79251742,5,0.834258,0.793363,1.8400782490599878,5.257366426213438,1.854078249059115,0.013999999999127202,0,CLOSED,t,TRENDING,t,2026-09-24 17:52:20.217407+00,2026-09-24 18:05:11.979803+00,PAPER-SHORT-1790272340,"{""close_reason"": ""trailing_stop""}"
5056,HBAR/USDT,SELL,FUTURES,0.09238,0.09187,378.86988526,5,0.0942276,0.0896086,0.9661182074130197,2.7603377354406278,0.9801182074131471,0.01400000000012752,0,CLOSED,t,TRANSITION,t,2026-09-24 17:52:28.756163+00,2026-09-24 18:07:08.385651+00,PAPER-SHORT-1790272348,"{""close_reason"": ""trailing_stop""}"
5057,LINK/USDT,SELL,FUTURES,12.886,12.941,2.71612603,5,13.14372,12.49942,-0.7469346582500203,-2.134099022194688,-0.7329346582409882,0.014000000009032,0,CLOSED,t,TRENDING,t,2026-09-24 17:52:28.767291+00,2026-09-24 18:09:01.75163+00,PAPER-SHORT-1790272348,"{""close_reason"": ""stop_loss""}"
5058,WLD/USDT,BUY,FUTURES,0.4404,0.4383,79.47320618,5,0.431592,0.453612,-0.8344686648899882,-2.3841961852860694,-0.8204686648893194,0.014000000000668804,0,CLOSED,t,TRENDING,t,2026-09-24 17:52:53.113557+00,2026-09-24 18:03:14.932536+00,PAPER-1790272373,"{""close_reason"": ""stop_loss""}"
5059,TIA/USDT,SELL,FUTURES,0.485,0.4821,72.16494845,5,0.4947,0.47045,1.0463917525250048,2.9896907216494983,1.0603917525243047,0.0139999999993,0,CLOSED,t,TRENDING,t,2026-09-24 17:53:01.470784+00,2026-09-24 18:04:14.517771+00,PAPER-SHORT-1790272381,"{""close_reason"": ""trailing_stop""}"
5060,FET/USDT,BUY,FUTURES,0.2192,0.2183,159.67153285,5,0.214816,0.225776,-0.7185218978250124,-2.0529197080292327,-0.7045218978247244,0.014000000000288,0,CLOSED,t,TRENDING,t,2026-09-24 17:53:08.96041+00,2026-09-24 18:03:14.915532+00,PAPER-1790272388,"{""close_reason"": ""stop_loss""}"
5061,FIL/USDT,SELL,FUTURES,1.0014,0.994,34.9510685,5,1.021428,0.971358,1.2931895345000126,3.6948272418614305,1.3071895344983726,0.01399999999836,0,CLOSED,t,TRENDING,t,2026-09-24 17:53:24.9926+00,2026-09-24 18:08:14.201116+00,PAPER-SHORT-1790272404,"{""close_reason"": ""trailing_stop""}"
5062,UNI/USDT,BUY,FUTURES,9.225,9.182,3.79403794,5,9.0405,9.50175,-0.8157181570999835,-2.330623306233015,-0.8017181571013835,0.013999999998600002,0,CLOSED,t,TRANSITION,t,2026-09-24 17:54:03.247473+00,2026-09-24 18:03:22.262727+00,PAPER-1790272443,"{""close_reason"": ""stop_loss""}"
5063,ADA/USDT,SELL,FUTURES,0.246,0.2468,142.27642276,5,0.25092,0.23862,-0.5691056910399965,-1.6260162601625918,-0.5551056910404125,0.013999999999584001,0,CLOSED,t,TRENDING,t,2026-09-24 17:54:09.848179+00,2026-09-24 18:18:35.666963+00,PAPER-SHORT-1790272449,"{""close_reason"": ""trade_switch""}"
5064,INJ/USDT,SELL,FUTURES,8.336,8.291,4.19865643,5,8.50272,8.08592,0.9446976967499987,2.6991362763915507,0.9586976967501907,0.014000000000192001,0,CLOSED,t,TRENDING,t,2026-09-24 17:57:03.463523+00,2026-09-24 17:58:40.685189+00,PAPER-SHORT-1790272623,"{""close_reason"": ""trailing_stop""}"
5065,MUBARAK/USDT,BUY,FUTURES,0.04543,0.04543,770.41602465,5,0.0445214,0.0467929,0,0,0.0139999999999398,0.0139999999999398,0,CLOSED,t,TRANSITION,t,2026-09-24 17:57:18.734688+00,2026-09-24 18:04:07.994734+00,PAPER-1790272638,"{""close_reason"": ""take_profit""}"
5066,DOT/USDT,SELL,FUTURES,1.164,1.157,30.06872852,5,1.18728,1.12908,1.052405498199984,3.0068728522336317,1.066405498198896,0.013999999998912,0,CLOSED,t,TRENDING,t,2026-09-24 17:58:44.110402+00,2026-09-24 18:04:37.482779+00,PAPER-SHORT-1790272724,"{""close_reason"": ""trailing_stop""}"
5067,LTC/USDT,SELL,FUTURES,71.72,72.07,0.48800892,5,73.1544,69.5684,-0.8540156099999863,-2.440044617958689,-0.8400156101030263,0.01399999989696,0,CLOSED,t,TRENDING,t,2026-09-24 17:59:45.804638+00,2026-09-24 18:11:15.327601+00,PAPER-SHORT-1790272785,"{""close_reason"": ""stop_loss""}"
5068,AVAX/USDT,BUY,SPOT,10.26,10.382,0.97465887,1,10.0548,10.5678,0.11890838213999937,1.1890838206627619,0.12290838214247937,0.00400000000248,0,CLOSED,t,TRANSITION,t,2026-09-24 18:02:14.85508+00,2026-09-24 18:32:17.7567+00,PAPER-1790272934,"{""close_reason"": ""profitable_timeout""}"
5069,PEPE/USDT,BUY,FUTURES,4.41e-06,4.38e-06,7936507.93650794,5,4.32e-06,4.54e-06,-1.190476190476173,-3.4013605442176353,-1.176476190476173,0.014000000000000005,0,CLOSED,t,TRANSITION,t,2026-09-24 18:03:17.191535+00,2026-09-24 18:06:01.10813+00,PAPER-1790272997,"{""close_reason"": ""stop_loss""}"
5070,ZEC/USDT,SELL,FUTURES,1547.56,1557.77,0.02261625,5,1578.5112,1501.1332,-1.1545595625000042,-3.2987412442813326,-1.1405595609600043,0.01400000154,0,CLOSED,t,TRANSITION,t,2026-09-24 18:03:17.22213+00,2026-09-24 18:09:10.947286+00,PAPER-SHORT-1790272997,"{""close_reason"": ""stop_loss""}"
5071,SAGA/USDT,SELL,FUTURES,0.04261,0.04274,821.40342643,5,0.0434622,0.0413317,-0.5339122271794925,-1.525463506219176,-0.5199122271794195,0.01400000000007292,0,CLOSED,t,TRENDING,t,2026-09-24 18:03:24.780784+00,2026-09-24 18:25:56.272686+00,PAPER-SHORT-1790273004,"{""close_reason"": ""trade_switch""}"
5072,INJ/USDT,SELL,FUTURES,8.09,7.998,4.3263288,5,8.2518,7.8473,1.990111247999992,5.686032138442499,2.004111247996792,0.013999999996800001,0,CLOSED,t,TRENDING,t,2026-09-24 18:04:10.504589+00,2026-09-24 18:05:18.673393+00,PAPER-SHORT-1790273050,"{""close_reason"": ""trailing_stop""}"
5073,OP/USDT,SELL,FUTURES,0.1315,0.1322,266.15969582,5,0.13413,0.127555,-0.9315589353700082,-2.661596958174928,-0.9175589353698762,0.014000000000132002,0,CLOSED,t,TRENDING,t,2026-09-24 18:04:19.682056+00,2026-09-24 18:08:21.927745+00,PAPER-SHORT-1790273059,"{""close_reason"": ""stop_loss""}"
5074,TAO/USDT,BUY,FUTURES,290.3,292.8,0.12056493,5,284.494,299.009,1.5070616250000115,4.305890458146777,1.5210616246716115,0.0139999996716,0,CLOSED,t,TRANSITION,t,2026-09-24 18:04:49.778472+00,2026-09-24 18:11:55.727727+00,PAPER-1790273089,"{""close_reason"": ""manual""}"
5075,牛来/USDT,BUY,FUTURES,0.10248,0.10336,341.53005464,5,0.1004304,0.1055544,1.5027322404160017,4.293520686963315,1.5167322404158046,0.013999999999802882,0,CLOSED,t,TRANSITION,t,2026-09-24 18:07:15.426756+00,2026-09-24 18:31:05.112637+00,PAPER-1790273235,"{""close_reason"": ""manual""}"
5076,FET/USDT,BUY,FUTURES,0.2186,0.2178,160.10978957,5,0.214228,0.225158,-0.6404391582799961,-1.8298261665141702,-0.6264391582799953,0.0140000000000008,0,CLOSED,t,TRENDING,t,2026-09-24 18:08:21.975526+00,2026-09-24 18:35:34.97299+00,PAPER-1790273301,"{""close_reason"": ""trade_switch""}"
5077,WLD/USDT,BUY,FUTURES,0.4404,0.4407,79.47320618,5,0.431592,0.453612,0.11920980926998721,0.34059945504083533,0.133209809270656,0.014000000000668804,0,CLOSED,t,TRENDING,t,2026-09-24 18:08:21.984573+00,2026-09-24 18:38:25.287302+00,PAPER-1790273301,"{""close_reason"": ""profitable_timeout""}"
5078,UNI/USDT,BUY,FUTURES,9.203,9.253,3.80310768,5,9.01894,9.47909,0.950776920000022,2.7165054873411476,0.9647769199916381,0.013999999991616,0,CLOSED,t,TRANSITION,t,2026-09-24 18:08:27.078711+00,2026-09-24 18:18:44.750152+00,PAPER-1790273307,"{""close_reason"": ""manual""}"
5079,MUBARAK/USDT,BUY,FUTURES,0.04567,0.04549,766.36741844,5,0.0447566,0.0470401,-0.6897306765960068,-1.9706590759798748,-0.6757306765959449,0.014000000000061923,0,CLOSED,t,TRANSITION,t,2026-09-24 18:09:11.002765+00,2026-09-24 18:18:01.316195+00,PAPER-1790273351,"{""close_reason"": ""trade_switch""}"
5080,TIA/USDT,SELL,FUTURES,0.4838,0.4858,72.34394378,5,0.493476,0.469286,-0.7234394378000006,-2.0669698222405968,-0.709439437799695,0.014000000000305603,0,CLOSED,t,TRENDING,t,2026-09-24 18:09:16.100254+00,2026-09-24 18:23:59.300129+00,PAPER-SHORT-1790273356,"{""close_reason"": ""stop_loss""}"
5081,DOT/USDT,SELL,FUTURES,1.162,1.173,74.97302162,5,1.18524,1.12714,-4.1235161891000445,-4.7332185886403275,-4.088668728651069,0.034847460448976,0,CLOSED,t,TRENDING,t,2026-09-24 18:23:59.342332+00,2026-09-24 18:59:12.740063+00,PAPER-SHORT-1790274239,"{""close_reason"": ""stop_loss""}"
5082,UNI/USDT,BUY,FUTURES,9.258,9.215,4.55391969,5,9.07284,9.53574,-0.9790927333499835,-2.3223158349535145,-0.9622286579539755,0.016864075396008,0,CLOSED,t,TRANSITION,t,2026-09-24 18:25:56.284495+00,2026-09-24 18:35:04.048523+00,PAPER-1790274356,"{""close_reason"": ""stop_loss""}"
5083,PUMP/USDT,BUY,SPOT,0.003902,0.003908,2562.78831369,1,0.00382396,0.00401906,0.015376729882138847,0.15376729882110585,0.0193767298821462,0.004000000000007352,0,CLOSED,t,TRANSITION,t,2026-09-24 18:31:05.14831+00,2026-09-24 19:01:09.812451+00,PAPER-1790274665,"{""close_reason"": ""profitable_timeout""}"
5084,SAGA/USDT,BUY,FUTURES,0.0429,0.04277,1945.05178961,5,0.042042,0.044187,-1.264283663246462,-1.5151515151514694,-1.2309065745367544,0.033377088709707604,0,CLOSED,t,TRENDING,t,2026-09-24 18:32:17.792498+00,2026-09-24 18:35:29.906987+00,PAPER-1790274737,"{""close_reason"": ""trade_switch""}"
5085,PEPE/USDT,BUY,FUTURES,4.47e-06,4.45e-06,9148876.57937675,5,4.38e-06,4.6e-06,-0.9148876579377115,-2.237136465324474,-0.898529466613786,0.01635819132392563,0,CLOSED,t,TRANSITION,t,2026-09-24 18:35:04.089457+00,2026-09-24 18:35:24.808712+00,PAPER-1790274904,"{""close_reason"": ""stop_loss""}"
5086,BCH/USDT,SELL,FUTURES,336.2,338.2,0.12135802,5,342.924,326.114,-1.2135801999999998,-2.97441998810232,-1.1972599734703997,0.0163202265296,0,CLOSED,t,TRANSITION,t,2026-09-24 18:35:24.856648+00,2026-09-24 18:39:08.631325+00,PAPER-SHORT-1790274924,"{""close_reason"": ""stop_loss""}"
5087,SAGA/USDT,BUY,FUTURES,0.04277,0.04264,1902.47849751,5,0.0419146,0.0440531,-1.2366110233815342,-1.519756838905817,-1.2040634212461332,0.03254760213540108,0,CLOSED,t,TRENDING,t,2026-09-24 18:35:29.926942+00,2026-09-24 18:37:45.976978+00,PAPER-1790274929,"{""close_reason"": ""trade_switch""}"
5088,FET/USDT,BUY,FUTURES,0.2178,0.2207,372.54437262,5,0.213444,0.224334,5.401893402990047,6.657483930211261,5.434349468732702,0.032456065742654396,0,CLOSED,t,TRENDING,t,2026-09-24 18:35:34.989299+00,2026-09-24 18:39:42.984751+00,PAPER-1790274934,"{""close_reason"": ""trailing_stop""}"
5089,SAGA/USDT,BUY,FUTURES,0.04264,0.04293,1844.78060841,5,0.0417872,0.0439192,2.674931882194586,3.4005628517824738,2.7063964602516273,0.031464578057040955,0,CLOSED,t,TRENDING,t,2026-09-24 18:37:45.995146+00,2026-09-24 19:00:14.877841+00,PAPER-1790275065,"{""close_reason"": ""manual""}"
5090,ZRO/USDT,BUY,SPOT,1.452,1.472,6.88705234,1,1.42296,1.49556,0.13774104680000027,1.377410468319562,0.14174104679907226,0.003999999999072,0,CLOSED,t,TRANSITION,t,2026-09-24 18:38:25.324073+00,2026-09-24 19:08:26.724666+00,PAPER-1790275105,"{""close_reason"": ""profitable_timeout""}"
5091,TAO/USDT,BUY,FUTURES,296.1,294.5,0.13128503,5,290.178,304.983,-1.0502802400000169,-2.7017899358325326,-1.0347308410468168,0.0155493989532,0,CLOSED,t,TRANSITION,t,2026-09-24 18:39:08.671359+00,2026-09-24 18:39:53.150284+00,PAPER-1790275148,"{""close_reason"": ""stop_loss""}"
5092,XLM/USDT,SELL,FUTURES,0.2132,0.2144,363.66675913,5,0.217464,0.206804,-2.182000554780012,-2.814258911819903,-2.1509870535614057,0.0310135012186064,0,CLOSED,t,TRENDING,t,2026-09-24 18:39:43.061927+00,2026-09-24 18:59:12.718192+00,PAPER-SHORT-1790275183,"{""close_reason"": ""stop_loss""}"
5093,AVAX/USDT,BUY,FUTURES,10.399,10.351,3.80077755,5,10.19102,10.71097,-0.9121866119999623,-2.307914222521301,-0.8963768977029823,0.01580971429698,0,CLOSED,t,TRANSITION,t,2026-09-24 18:39:53.230815+00,2026-09-24 18:45:30.780072+00,PAPER-1790275193,"{""close_reason"": ""stop_loss""}"
5094,FET/USDT,BUY,FUTURES,0.2216,0.2232,355.35037582,5,0.217168,0.228248,2.8428030065600405,3.6101083032491488,2.8743012638727254,0.0314982573126848,0,CLOSED,t,TRENDING,t,2026-09-24 18:45:30.819996+00,2026-09-24 19:00:19.961669+00,PAPER-1790275530,"{""close_reason"": ""manual""}"
5095,WLD/USDT,BUY,FUTURES,0.4448,0.4433,172.08794965,5,0.435904,0.458144,-1.290659622374939,-1.6861510791366108,-1.2600417343732109,0.030617888001728003,0,CLOSED,t,TRENDING,t,2026-09-24 18:59:12.770597+00,2026-09-24 19:00:25.072323+00,PAPER-1790276352,"{""close_reason"": ""trade_switch""}"
5096,UNI/USDT,BUY,FUTURES,9.276,9.248,4.12595515,5,9.09048,9.55428,-0.5776337210000007,-1.5092712376024164,-0.5623247770114407,0.015308943988560001,0,CLOSED,t,TRANSITION,t,2026-09-24 18:59:12.780455+00,2026-09-24 19:00:54.964182+00,PAPER-1790276352,"{""close_reason"": ""trade_switch""}"
5097,PEPE/USDT,BUY,FUTURES,4.5e-06,4.48e-06,8604972.70871257,5,4.41e-06,4.64e-06,-0.8604972708712411,-2.222222222222181,-0.8450083199955585,0.015488950875682628,0,CLOSED,t,TRANSITION,t,2026-09-24 19:00:14.909747+00,2026-09-24 19:00:19.940587+00,PAPER-1790276414,"{""close_reason"": ""stop_loss""}"
5098,BCH/USDT,SELL,FUTURES,338,337.1,0.11848913,5,344.76,327.86,0.5332010849999864,1.3313609467455283,0.5492208153759864,0.016019730376,0,CLOSED,t,TRANSITION,t,2026-09-24 19:00:19.999691+00,2026-09-24 19:38:50.606997+00,PAPER-SHORT-1790276419,"{""close_reason"": ""profitable_timeout""}"
5099,TAO/USDT,BUY,FUTURES,294.3,293.4,0.13608333,5,288.414,303.129,-0.612374985000026,-1.529051987767649,-0.596355255392426,0.0160197296076,0,CLOSED,t,TRANSITION,t,2026-09-24 19:00:20.012168+00,2026-09-24 19:01:24.982487+00,PAPER-1790276420,"{""close_reason"": ""trade_switch""}"
5100,WLD/USDT,BUY,FUTURES,0.4433,0.4433,185.97540607,5,0.434434,0.456599,0.09298770303497175,0.11279043537104627,0.12596486203930415,0.0329771590043324,0,CLOSED,t,TRENDING,t,2026-09-24 19:00:25.089017+00,2026-09-24 19:07:46.505409+00,PAPER-1790276425,"{""close_reason"": ""take_profit""}"
5101,UNI/USDT,BUY,FUTURES,9.248,9.284,4.42308882,5,9.06304,9.52544,0.7961559876000291,1.9463667820069919,0.8125178777629731,0.016361890162944,0,CLOSED,t,TRANSITION,t,2026-09-24 19:00:54.980018+00,2026-09-24 19:38:50.595515+00,PAPER-1790276454,"{""close_reason"": ""profitable_timeout""}"
5102,AVAX/USDT,BUY,FUTURES,10.411,10.366,3.91535481,5,10.20278,10.72333,-0.880954832250003,-2.1611756795696935,-0.8646497286792391,0.016305103570764003,0,CLOSED,t,TRANSITION,t,2026-09-24 19:01:09.850847+00,2026-09-24 19:04:35.052129+00,PAPER-1790276469,"{""close_reason"": ""stop_loss""}"
5103,TAO/USDT,BUY,FUTURES,293.4,293.4,0.13971736,5,287.532,302.202,0,0,0.016397229369600003,0.016397229369600003,0,CLOSED,t,TRANSITION,t,2026-09-24 19:01:25.003962+00,2026-09-24 19:07:46.491631+00,PAPER-1790276485,"{""close_reason"": ""take_profit""}"
5104,DOT/USDT,SELL,FUTURES,1.164,1.169,70.25581885,5,1.18728,1.12908,-1.7563954712500405,-2.1477663230241046,-1.7236843619934805,0.03271110925656,0,CLOSED,t,TRENDING,t,2026-09-24 19:04:35.093132+00,2026-09-24 19:09:47.203053+00,PAPER-SHORT-1790276675,"{""close_reason"": ""stop_loss""}"
5105,FET/USDT,BUY,FUTURES,0.2237,0.224,355.36230347,5,0.219226,0.230411,0.5330434552050299,0.6705409029951204,0.5648412741195256,0.0317978189144956,0,CLOSED,t,TRENDING,t,2026-09-24 19:07:46.539833+00,2026-09-24 19:38:50.582785+00,PAPER-1790276866,"{""close_reason"": ""profitable_timeout""}"
5106,PUMP/USDT,BUY,SPOT,0.003925,0.003895,2547.77070064,1,0.0038465,0.00404275,-0.07643312101919887,-0.7643312101910715,-0.07243312101919407,0.0040000000000048,0,CLOSED,t,TRANSITION,t,2026-09-24 19:07:46.550767+00,2026-09-24 20:07:48.404223+00,PAPER-1790276866,"{""close_reason"": ""negative_timeout""}"
5107,SAGA/USDT,BUY,FUTURES,0.04277,0.0426,1851.0714383,5,0.0419146,0.0440531,-1.5734107225550198,-1.9873743277998845,-1.5417425923885835,0.0316681301664364,0,CLOSED,t,TRENDING,t,2026-09-24 19:08:26.75869+00,2026-09-24 19:09:57.366908+00,PAPER-1790276906,"{""close_reason"": ""trade_switch""}"
5108,PEPE/USDT,BUY,FUTURES,4.48e-06,4.46e-06,8676039.46427761,5,4.39e-06,4.61e-06,-0.8676039464277795,-2.2321428571429047,-0.852056483707794,0.015547462719985479,0,CLOSED,t,TRANSITION,t,2026-09-24 19:09:47.239966+00,2026-09-24 19:42:44.49483+00,PAPER-1790276987,"{""close_reason"": ""stop_loss""}"
5109,SAGA/USDT,BUY,FUTURES,0.0426,0.04313,1864.6349501,5,0.041748,0.043878,4.941282617765066,6.220657276995389,4.97305599731477,0.031773379549704,0,CLOSED,t,TRENDING,t,2026-09-24 19:09:57.385791+00,2026-09-24 19:40:13.629991+00,PAPER-1790276997,"{""close_reason"": ""manual""}"
5110,DOT/USDT,SELL,FUTURES,1.168,1.167,67.64649924,5,1.19136,1.13296,0.33823249619996276,0.4280821917807748,0.36983694064489075,0.031604444444928,0,CLOSED,t,TRENDING,t,2026-09-24 19:38:52.841304+00,2026-09-24 20:13:22.720524+00,PAPER-SHORT-1790278732,"{""close_reason"": ""profitable_timeout""}"
5111,WLD/USDT,BUY,FUTURES,0.4425,0.4433,178.5561833,5,0.43365,0.455775,0.714224733200018,0.9039548022599098,0.745829177644118,0.0316044444441,0,CLOSED,t,TRENDING,t,2026-09-24 19:38:52.856853+00,2026-09-24 20:13:12.59137+00,PAPER-1790278732,"{""close_reason"": ""profitable_timeout""}"
5112,ZRO/USDT,BUY,SPOT,1.49,1.465,6.7114094,1,1.4602,1.5347,-0.1677852349999992,-1.6778523489932806,-0.1637852349975992,0.0040000000024,0,CLOSED,t,TRANSITION,t,2026-09-24 19:38:52.871199+00,2026-09-24 20:38:57.016625+00,PAPER-1790278732,"{""close_reason"": ""negative_timeout""}"
5113,TAO/USDT,BUY,FUTURES,298.3,302.9,0.12917453,5,292.334,307.249,2.9710141899999685,7.710358699295927,2.9864272949195683,0.015413104919600002,0,CLOSED,t,TRANSITION,t,2026-09-24 19:40:13.673831+00,2026-09-24 19:47:38.064828+00,PAPER-1790278813,"{""close_reason"": ""trailing_stop""}"
5114,XLM/USDT,SELL,FUTURES,0.2131,0.2128,376.97786244,5,0.217362,0.206707,0.5654667936600424,0.7038948850305548,0.5976003866544279,0.032133592994385604,0,CLOSED,t,TRENDING,t,2026-09-24 19:42:44.53201+00,2026-09-24 20:12:47.404939+00,PAPER-SHORT-1790278964,"{""close_reason"": ""profitable_timeout""}"
5115,SAGA/USDT,BUY,FUTURES,0.04287,0.04268,1820.19856085,5,0.0420126,0.0441561,-1.7291886328074453,-2.216001866106765,-1.6979758678859895,0.031212764921455798,0,CLOSED,t,TRENDING,t,2026-09-24 19:47:38.110649+00,2026-09-24 19:56:45.263936+00,PAPER-1790279258,"{""close_reason"": ""stop_loss""}"
5116,SOL/USDT,BUY,FUTURES,117.24,116.88,0.65496411,5,114.8952,120.7572,-1.178935398000003,-1.5353121801433,-1.148220201097443,0.030715196902559996,0,CLOSED,t,TRENDING,t,2026-09-24 19:56:45.312554+00,2026-09-24 20:20:50.012278+00,PAPER-1790279805,"{""close_reason"": ""trade_switch""}"
5117,SAGA/USDT,BUY,FUTURES,0.04262,0.04243,896.32149109,5,0.0417676,0.0438986,-0.8515054165354862,-2.2290004692632204,-0.8362249277553838,0.015280488780102321,0,CLOSED,t,TRANSITION,t,2026-09-24 20:07:48.433632+00,2026-09-24 20:20:04.688422+00,PAPER-1790280468,"{""close_reason"": ""stop_loss""}"
5118,UNI/USDT,BUY,FUTURES,9.325,9.286,4.12699528,5,9.1385,9.60475,-0.8047640795999885,-2.091152815013375,-0.7893703872055885,0.015393692394400001,0,CLOSED,t,TRANSITION,t,2026-09-24 20:12:47.454516+00,2026-09-24 20:14:40.454334+00,PAPER-1790280767,"{""close_reason"": ""stop_loss""}"
5119,PUMP/USDT,BUY,FUTURES,0.003888,0.003865,10183.98213739,5,0.00381024,0.00400464,-1.1711579457998516,-2.957818930041156,-1.1553198167797827,0.01583812902006893,0,CLOSED,t,TRANSITION,t,2026-09-24 20:13:12.62509+00,2026-09-24 20:23:46.000315+00,PAPER-1790280792,"{""close_reason"": ""stop_loss""}"
5120,FET/USDT,BUY,FUTURES,0.2245,0.2234,362.26332198,5,0.22001,0.231235,-1.992448270890028,-2.449888641425424,-1.9599170245762239,0.032531246313804,0,CLOSED,t,TRENDING,t,2026-09-24 20:13:22.765781+00,2026-09-24 20:14:50.556775+00,PAPER-1790280802,"{""close_reason"": ""stop_loss""}"
5121,PEPE/USDT,BUY,SPOT,4.44e-06,4.45e-06,2252252.25225225,1,4.35e-06,4.57e-06,0.022522522522523382,0.22522522522523403,0.02652252252252338,0.003999999999999996,0,CLOSED,t,TRANSITION,t,2026-09-24 20:14:40.499663+00,2026-09-24 20:44:42.434937+00,PAPER-1790280880,"{""close_reason"": ""profitable_timeout""}"
5122,FIL/USDT,SELL,FUTURES,0.9953,0.9993,40.43959468,5,1.015206,0.965441,-0.8087918936000008,-2.0094443886265467,-0.7926920821659992,0.0160998114340016,0,CLOSED,t,TRANSITION,t,2026-09-24 20:14:50.595146+00,2026-09-24 20:18:01.681116+00,PAPER-SHORT-1790280890,"{""close_reason"": ""stop_loss""}"
5123,PAXG/USDT,BUY,SPOT,4262.58,4265.21,0.002346,1,4177.3284,4390.4574,0.006169979999999911,0.061699721764751914,0.01016998507199991,0.004000005072,0,CLOSED,t,TRANSITION,t,2026-09-24 20:18:01.729082+00,2026-09-24 20:48:05.738209+00,PAPER-1790281081,"{""close_reason"": ""profitable_timeout""}"
5124,WLD/USDT,BUY,FUTURES,0.4437,0.4414,183.34189783,5,0.434826,0.457011,-2.1084318250449567,-2.59184133423479,-2.075892305018088,0.0325395200268684,0,CLOSED,t,TRENDING,t,2026-09-24 20:20:04.720738+00,2026-09-24 20:24:32.849889+00,PAPER-1790281204,"{""close_reason"": ""stop_loss""}"
5125,SOL/USDT,BUY,FUTURES,116.88,117.01,0.67562121,5,114.5424,120.3864,0.43915378650007136,0.5561259411362984,0.4707404293099914,0.031586642809920004,0,CLOSED,t,TRENDING,t,2026-09-24 20:20:50.028453+00,2026-09-24 20:50:54.406681+00,PAPER-1790281250,"{""close_reason"": ""profitable_timeout""}"
5126,UNI/USDT,BUY,FUTURES,9.292,9.254,4.22661377,5,9.10616,9.57076,-0.8030566162999988,-2.0447696943607374,-0.7873471382396628,0.015709478060336,0,CLOSED,t,TRANSITION,t,2026-09-24 20:23:46.030086+00,2026-09-24 20:28:19.054553+00,PAPER-1790281426,"{""close_reason"": ""stop_loss""}"
5127,FET/USDT,BUY,FUTURES,0.2236,0.2236,350.01260631,5,0.219128,0.230308,0.35001260630998055,0.4472271914132131,0.38131773381834694,0.0313051275083664,0,CLOSED,t,TRENDING,t,2026-09-24 20:24:32.884848+00,2026-09-24 20:27:08.621643+00,PAPER-1790281472,"{""close_reason"": ""take_profit""}"
5128,SAGA/USDT,BUY,FUTURES,0.04238,0.04239,918.75992078,5,0.0415324,0.0436514,0.04593799603898976,0.11798017932984628,0.061512814216052314,0.01557481817706256,0,CLOSED,t,TRANSITION,t,2026-09-24 20:27:08.66323+00,2026-09-24 20:57:09.649544+00,PAPER-1790281628,"{""close_reason"": ""profitable_timeout""}"
5129,FIL/USDT,SELL,FUTURES,0.9984,1.0021,39.97829505,5,1.018368,0.968448,-0.7395984584250073,-1.852964743589762,-0.7236327265138393,0.015965731911168,0,CLOSED,t,TRANSITION,t,2026-09-24 20:28:19.100734+00,2026-09-24 20:49:11.214013+00,PAPER-SHORT-1790281699,"{""close_reason"": ""trade_switch""}"
5130,PUMP/USDT,BUY,FUTURES,0.003861,0.003879,10306.65124822,5,0.00378378,0.00397683,0.9275986123398127,2.331002331002363,0.9435162045275637,0.01591759218775097,0,CLOSED,t,TRANSITION,t,2026-09-24 20:33:33.114343+00,2026-09-24 21:03:33.780708+00,PAPER-1790282013,"{""close_reason"": ""profitable_timeout""}"
5131,WLD/USDT,BUY,FUTURES,0.4413,0.4396,179.7986779,5,0.432474,0.454539,-1.5282887621500476,-1.9261273510084442,-1.4965506995271396,0.031738062622908,0,CLOSED,t,TRENDING,t,2026-09-24 20:35:35.69845+00,2026-09-24 20:37:26.459901+00,PAPER-1790282135,"{""close_reason"": ""trade_switch""}"
5132,UNI/USDT,BUY,FUTURES,9.255,9.255,4.16656027,5,9.0699,9.53265,0,0,0.015424606119540002,0.015424606119540002,0,CLOSED,t,TRANSITION,t,2026-09-24 20:37:26.471642+00,2026-09-24 21:18:51.851125+00,PAPER-1790282246,"{""close_reason"": ""take_profit""}"
5133,WLD/USDT,BUY,FUTURES,0.4394,0.4405,179.26349634,5,0.430612,0.452582,0.9859492298700284,1.2517068730086844,1.017456581986747,0.0315073521167184,0,CLOSED,t,TRENDING,t,2026-09-24 20:38:57.034822+00,2026-09-24 21:10:10.360567+00,PAPER-1790282337,"{""close_reason"": ""profitable_timeout""}"
5134,BCH/USDT,SELL,FUTURES,336.6,338,0.11479375,5,343.332,326.502,-0.803556249999987,-2.079619726678516,-0.788100419499987,0.015455830500000002,0,CLOSED,t,TRANSITION,t,2026-09-24 20:44:44.379006+00,2026-09-24 20:46:55.208285+00,PAPER-SHORT-1790282684,"{""close_reason"": ""stop_loss""}"
5135,TIA/USDT,SELL,FUTURES,0.4929,0.4948,78.96930464,5,0.502758,0.478113,-0.7502083940800052,-1.927368634611496,-0.7346388059771828,0.015569588102822402,0,CLOSED,t,TRANSITION,t,2026-09-24 20:46:55.256766+00,2026-09-24 21:02:23.255652+00,PAPER-SHORT-1790282815,"{""close_reason"": ""trade_switch""}"
5136,DOT/USDT,SELL,FUTURES,1.164,1.169,66.68891015,5,1.18728,1.12908,-1.6672227537500384,-2.1477663230241046,-1.6361723971841984,0.031050356565839998,0,CLOSED,t,TRENDING,t,2026-09-24 20:48:05.770701+00,2026-09-24 21:02:18.184674+00,PAPER-SHORT-1790282885,"{""close_reason"": ""stop_loss""}"
5137,FIL/USDT,SELL,FUTURES,1.0021,1.0019,38.03880815,5,1.022142,0.972037,0.03803880814999581,0.09979044007582975,0.053286284008841805,0.015247475858846,0,CLOSED,t,TRANSITION,t,2026-09-24 20:49:11.234513+00,2026-09-24 21:24:11.498009+00,PAPER-SHORT-1790282951,"{""close_reason"": ""profitable_timeout""}"
5138,PEPE/USDT,BUY,SPOT,4.47e-06,4.49e-06,2237136.46532438,1,4.38e-06,4.6e-06,0.044742729306488274,0.4474272930648837,0.048742729306488264,0.003999999999999991,0,CLOSED,t,TRANSITION,t,2026-09-24 20:50:54.428565+00,2026-09-24 21:20:54.659255+00,PAPER-1790283054,"{""close_reason"": ""profitable_timeout""}"
5139,SOL/USDT,BUY,FUTURES,116.78,116.93,0.66521956,5,114.4444,120.2834,0.49891467000000433,0.6422332591197177,0.5299884060867244,0.031073736086720004,0,CLOSED,t,TRENDING,t,2026-09-24 20:57:09.673854+00,2026-09-24 21:27:14.098998+00,PAPER-1790283429,"{""close_reason"": ""profitable_timeout""}"
5140,SAGA/USDT,BUY,FUTURES,0.04271,0.04248,886.757157,5,0.0418558,0.0439913,-1.0197707305500108,-2.6925778506204923,-1.0046213712798229,0.015149359270188002,0,CLOSED,t,TRANSITION,t,2026-09-24 21:02:18.217182+00,2026-09-24 21:07:52.364127+00,PAPER-1790283738,"{""close_reason"": ""stop_loss""}"
5141,BCH/USDT,SELL,FUTURES,339.2,340.4,0.11395609,5,345.984,329.024,-0.6837365399999935,-1.7688679245282852,-0.6682749777087935,0.0154615622912,0,CLOSED,t,TRANSITION,t,2026-09-24 21:02:23.266738+00,2026-09-24 21:18:59.350526+00,PAPER-SHORT-1790283743,"{""close_reason"": ""trade_switch""}"
5142,TIA/USDT,SELL,FUTURES,0.4934,0.4956,78.15840426,5,0.503268,0.478598,-0.8597424468599922,-2.229428455614086,-0.8443171041952386,0.015425342664753601,0,CLOSED,t,TRANSITION,t,2026-09-24 21:03:33.812595+00,2026-09-24 21:13:52.220049+00,PAPER-SHORT-1790283813,"{""close_reason"": ""stop_loss""}"
5143,DOT/USDT,SELL,FUTURES,1.167,1.167,66.33443863,5,1.19034,1.13199,0,0,0.030964915952484,0.030964915952484,0,CLOSED,t,TRENDING,t,2026-09-24 21:07:52.402927+00,2026-09-24 21:14:57.82247+00,PAPER-SHORT-1790284072,"{""close_reason"": ""take_profit""}"
5144,PUMP/USDT,BUY,SPOT,0.003875,0.00388,2580.64516129,1,0.0037975,0.00399125,0.012903225806451585,0.129032258064532,0.016903225806451084,0.0039999999999995,0,CLOSED,t,TRANSITION,t,2026-09-24 21:10:10.387989+00,2026-09-24 21:40:17.710781+00,PAPER-1790284210,"{""close_reason"": ""profitable_timeout""}"
5145,SAGA/USDT,BUY,FUTURES,0.04233,0.04189,907.68845028,5,0.0414834,0.0435999,-1.996914590616006,-5.197259626742278,-1.981545609775865,0.015368980840140961,0,CLOSED,t,TRANSITION,t,2026-09-24 21:13:52.259238+00,2026-09-24 21:14:02.328654+00,PAPER-1790284432,"{""close_reason"": ""stop_loss""}"
5146,SUI/USDT,SELL,FUTURES,1.0224,1.0262,37.47567105,5,1.042848,0.991728,-0.7120377499500047,-1.8583724569640188,-0.6967116995173966,0.015326050432608,0,CLOSED,t,TRANSITION,t,2026-09-24 21:14:02.381144+00,2026-09-24 21:20:39.587593+00,PAPER-SHORT-1790284442,"{""close_reason"": ""trade_switch""}"
5147,TUT/USDT,SELL,FUTURES,0.0274,0.02752,1389.2108757,5,0.027948,0.026578,-0.8335265254199904,-2.1897810218977845,-0.8183007742223184,0.015225751197672003,0,CLOSED,t,TRANSITION,t,2026-09-24 21:15:00.342715+00,2026-09-24 21:46:26.915774+00,PAPER-SHORT-1790284500,"{""close_reason"": ""stop_loss""}"
5148,WLD/USDT,BUY,FUTURES,0.4415,0.4417,176.86207002,5,0.43267,0.454745,0.17686207001998586,0.22650056625139747,0.20809591158551785,0.031233841565532005,0,CLOSED,t,TRENDING,t,2026-09-24 21:18:51.871764+00,2026-09-24 21:48:53.14071+00,PAPER-1790284731,"{""close_reason"": ""profitable_timeout""}"
5149,BCH/USDT,SELL,FUTURES,340.4,339.9,0.11177554,5,347.208,330.188,0.27943884999999996,0.7344300822561691,0.2946582075264,0.015219357526400001,0,CLOSED,t,TRANSITION,t,2026-09-24 21:18:59.368368+00,2026-09-24 21:49:03.278359+00,PAPER-SHORT-1790284739,"{""close_reason"": ""profitable_timeout""}"
5150,SAGA/USDT,BUY,FUTURES,0.04749,0.04692,799.63197533,5,0.0465402,0.0489147,-2.2789511296904705,-6.001263423878633,-2.263761320687102,0.01518980900336868,0,CLOSED,t,TRANSITION,t,2026-09-24 21:20:39.596858+00,2026-09-24 21:20:59.715936+00,PAPER-1790284839,"{""close_reason"": ""stop_loss""}"
5151,TIA/USDT,SELL,FUTURES,0.4988,0.4934,75.96339386,5,0.508776,0.483836,2.051011634220006,5.4129911788292056,2.0661678505629535,0.015156216342947202,0,CLOSED,t,TRANSITION,t,2026-09-24 21:20:54.694062+00,2026-09-24 21:51:16.696509+00,PAPER-SHORT-1790284854,"{""close_reason"": ""trailing_stop""}"
5152,DOT/USDT,SELL,FUTURES,1.171,1.176,65.23735852,5,1.19442,1.13587,-1.6309339629999653,-2.1349274124679303,-1.6003767842691974,0.030557178730768006,0,CLOSED,t,TRENDING,t,2026-09-24 21:21:02.245058+00,2026-09-24 21:33:17.82765+00,PAPER-SHORT-1790284862,"{""close_reason"": ""stop_loss""}"
5153,UNI/USDT,BUY,FUTURES,9.243,9.215,3.99712738,5,9.05814,9.52029,-0.5595978332000068,-1.5146597425078623,-0.5448196538506708,0.014778179349336,0,CLOSED,t,TRANSITION,t,2026-09-24 21:24:11.522346+00,2026-09-24 21:25:12.48237+00,PAPER-1790285051,"{""close_reason"": ""trade_switch""}"
5154,UNI/USDT,BUY,FUTURES,9.215,9.215,4.01256455,5,9.0307,9.49145,0.020062822750006412,0.05425935973957241,0.034853135681306414,0.0147903129313,0,CLOSED,t,TRANSITION,t,2026-09-24 21:25:12.503586+00,2026-09-24 21:34:29.275417+00,PAPER-1790285112,"{""close_reason"": ""take_profit""}"
5155,SAGA/USDT,BUY,FUTURES,0.05461,0.05358,675.72576073,5,0.0535178,0.0562483,-3.4799876677594876,-9.430507233107456,-3.4652271142421016,0.014760553517386121,0,CLOSED,t,TRANSITION,t,2026-09-24 21:27:14.123222+00,2026-09-24 21:27:19.148542+00,PAPER-1790285234,"{""close_reason"": ""stop_loss""}"
5156,PEPE/USDT,BUY,SPOT,4.47e-06,4.43e-06,2237136.46532438,1,4.38e-06,4.6e-06,-0.08948545861297655,-0.8948545861297674,-0.08548545861297656,0.003999999999999991,0,CLOSED,t,TRANSITION,t,2026-09-24 21:27:21.70883+00,2026-09-25 00:00:45.073646+00,PAPER-1790285241,"{""close_reason"": ""negative_timeout""}"
5157,SOL/USDT,BUY,FUTURES,116.98,117.05,0.63622523,5,114.6404,120.4894,0.2226788304999374,0.29919644383646915,0.2524490814620974,0.02977025096216,0,CLOSED,t,TRENDING,t,2026-09-24 21:33:20.496739+00,2026-09-25 00:00:45.059909+00,PAPER-1790285600,"{""close_reason"": ""profitable_timeout""}"
5158,SAGA/USDT,BUY,FUTURES,0.05661,0.05606,654.50343424,5,0.0554778,0.0583083,-1.799884444159997,-4.857798975446026,-1.7850638683950666,0.014820575764930562,0,CLOSED,t,TRANSITION,t,2026-09-24 21:34:31.876601+00,2026-09-24 21:34:36.900538+00,PAPER-1790285671,"{""close_reason"": ""stop_loss""}"
5159,FIL/USDT,SELL,FUTURES,1.0033,0.9921,36.92399743,5,1.023366,0.973201,2.0677438560800185,5.58158078341478,2.0825621947286264,0.014818338648607602,0,CLOSED,t,TRANSITION,t,2026-09-24 21:34:40.166645+00,2026-09-25 00:02:48.808692+00,PAPER-SHORT-1790285680,"{""close_reason"": ""trailing_stop""}"
5160,SAGA/USDT,BUY,FUTURES,0.05712,0.0588336,644.56081973,5,0.0559776,0.0588336,5.5754510906645205,15.143557422969245,5.590178016273711,0.01472692560919104,0,CLOSED,t,TRANSITION,t,2026-09-24 21:40:17.742306+00,2026-09-24 21:41:15.766061+00,PAPER-1790286017,"{""close_reason"": ""take_profit""}"
5161,UNI/USDT,BUY,FUTURES,9.197,9.152,4.03894233,5,9.01306,9.47291,-0.908762024250008,-2.446449929324801,-0.893903563206404,0.014858461043604002,0,CLOSED,t,TRANSITION,t,2026-09-24 21:41:18.255296+00,2026-09-25 00:00:45.02561+00,PAPER-1790286078,"{""close_reason"": ""stop_loss""}"
5162,PUMP/USDT,BUY,FUTURES,0.003891,0.00385,9721.02360279,5,0.00381318,0.00400773,-1.992809838571934,-5.268568491390346,-1.9776800374365515,0.015129801135382355,0,CLOSED,t,TRANSITION,t,2026-09-24 21:46:26.931741+00,2026-09-25 00:00:44.9513+00,PAPER-1790286386,"{""close_reason"": ""stop_loss""}"
5163,DOT/USDT,SELL,FUTURES,1.173,1.158,64.31877313,5,1.19646,1.13781,4.82390798475004,6.393861892583173,4.854086353102636,0.030178368352596,0,CLOSED,t,TRENDING,t,2026-09-24 21:48:53.170302+00,2026-09-25 00:03:44.464474+00,PAPER-SHORT-1790286533,"{""close_reason"": ""trailing_stop""}"
5164,OP/USDT,SELL,FUTURES,0.1325,0.1318,285.30835458,5,0.13515,0.128525,0.9985792410300088,2.6415094339622875,1.0137005838227489,0.015121342792740002,0,CLOSED,t,TRANSITION,t,2026-09-24 21:49:03.306435+00,2026-09-25 00:03:44.4518+00,PAPER-SHORT-1790286543,"{""close_reason"": ""profitable_timeout""}"
5165,SUI/USDT,SELL,FUTURES,1.0179,1.0153,74.35047519,5,1.038258,0.987363,0.9665561774699759,1.2771392081736592,0.9968287169483363,0.030272539478360398,0,CLOSED,t,TRENDING,t,2026-09-24 21:51:16.725487+00,2026-09-25 00:01:28.075671+00,PAPER-SHORT-1790286676,"{""close_reason"": ""profitable_timeout""}"
5166,WLD/USDT,BUY,FUTURES,0.4401,0.4376,84.41133476,5,0.431298,0.453303,-1.055141684499998,-2.8402635764598894,-1.0402819131288474,0.014859771371150403,0,CLOSED,t,TRANSITION,t,2026-09-25 00:00:45.213542+00,2026-09-25 01:45:28.225536+00,PAPER-1790294445,"{""close_reason"": ""stop_loss""}"
5167,BCH/USDT,SELL,FUTURES,338,338,0.10990955,5,344.76,327.86,0.054954775000012494,0.14792899408287388,0.0698145461600125,0.01485977116,0,CLOSED,t,TRANSITION,t,2026-09-25 00:00:45.231658+00,2026-09-25 00:06:22.028461+00,PAPER-SHORT-1790294445,"{""close_reason"": ""take_profit""}"
5168,TIA/USDT,SELL,FUTURES,0.4889,0.4909,151.97148058,5,0.498678,0.474233,-1.5197148058000014,-2.045408058907754,-1.4899952630577766,0.0297195427422248,0,CLOSED,t,TRENDING,t,2026-09-25 00:00:45.244578+00,2026-09-25 00:09:26.009833+00,PAPER-SHORT-1790294445,"{""close_reason"": ""stop_loss""}"
5169,PAXG/USDT,BUY,SPOT,4260.66,4285.38,0.00244137,1,4175.4468,4388.4798,0.06035066639999987,0.5801918012702245,0.06451140540167988,0.00416073900168,0,CLOSED,t,RANGING,t,2026-09-25 00:00:45.259931+00,2026-09-25 01:45:28.14966+00,PAPER-1790294445,"{""close_reason"": ""profitable_timeout""}"
5170,APT/USDT,SELL,FUTURES,0.8093,0.8129,45.41854181,5,0.825486,0.785021,-0.8175337525799855,-2.2241443222537605,-0.8028308622252524,0.014702890354733199,0,CLOSED,t,TRANSITION,t,2026-09-25 00:01:28.11318+00,2026-09-25 00:05:42.450562+00,PAPER-SHORT-1790294488,"{""close_reason"": ""stop_loss""}"
5171,XLM/USDT,SELL,FUTURES,0.2185,0.2194,346.41506285,5,0.22287,0.211945,-1.5588677828250206,-2.059496567505748,-1.5285911063319306,0.030276676493090005,0,CLOSED,t,TRENDING,t,2026-09-25 00:02:48.844753+00,2026-09-25 00:04:32.706272+00,PAPER-SHORT-1790294568,"{""close_reason"": ""stop_loss""}"
5172,TUT/USDT,SELL,FUTURES,0.02709,0.02667,1370.81835276,5,0.0276318,0.0262773,2.878718540796001,7.751937984496128,2.8935727284665083,0.014854187670507358,0,CLOSED,t,TRANSITION,t,2026-09-25 00:03:47.929974+00,2026-09-25 01:49:31.659315+00,PAPER-SHORT-1790294627,"{""close_reason"": ""trailing_stop""}"
5173,XPL/USDT,SELL,FUTURES,0.11251,0.11307,660.12744069,5,0.1147602,0.1091028,-1.848356833932016,-2.4886676739845566,-1.8186484585912033,0.02970837534081276,0,CLOSED,t,TRENDING,t,2026-09-25 00:03:47.964661+00,2026-09-25 00:05:47.508727+00,PAPER-SHORT-1790294627,"{""close_reason"": ""stop_loss""}"
5174,ADA/USDT,SELL,FUTURES,0.2487,0.2497,152.41918356,5,0.253674,0.241239,-0.7620959178000009,-2.010454362685969,-0.746933257419452,0.0151626603805488,0,CLOSED,t,TRANSITION,t,2026-09-25 00:04:32.745962+00,2026-09-25 00:12:47.677209+00,PAPER-SHORT-1790294672,"{""close_reason"": ""stop_loss""}"
5175,ICP/USDT,SELL,FUTURES,3.095,3.11,12.48837554,5,3.1569,3.00215,-0.9366281654999802,-2.423263327948252,-0.9211675565814602,0.015460608918520002,0,CLOSED,t,TRANSITION,t,2026-09-25 00:05:42.48678+00,2026-09-25 00:09:38.556067+00,PAPER-SHORT-1790294742,"{""close_reason"": ""stop_loss""}"
5176,PUMP/USDT,BUY,FUTURES,0.00387,0.00387,9947.970835,5,0.0037926,0.0039861,0,0,0.015399458852580001,0.015399458852580001,0,CLOSED,t,TRANSITION,t,2026-09-25 00:05:50.043947+00,2026-09-25 00:09:16.024122+00,PAPER-1790294750,"{""close_reason"": ""take_profit""}"
5177,PEPE/USDT,BUY,SPOT,4.45e-06,4.42e-06,2247191.01123596,1,4.36e-06,4.58e-06,-0.06741573033707829,-0.6741573033707815,-0.06341573033707829,0.004000000000000009,0,CLOSED,t,TRANSITION,t,2026-09-25 00:06:22.053349+00,2026-09-25 01:47:59.606634+00,PAPER-1790294782,"{""close_reason"": ""negative_timeout""}"
5178,FIL/USDT,SELL,FUTURES,0.9945,0.9986,39.04854234,5,1.01439,0.964665,-0.8004951179699985,-2.0613373554549987,-0.7849616078271465,0.015533510142852001,0,CLOSED,t,TRANSITION,t,2026-09-25 00:09:18.602615+00,2026-09-25 00:14:07.732424+00,PAPER-SHORT-1790294958,"{""close_reason"": ""stop_loss""}"
5179,UNI/USDT,BUY,FUTURES,9.18,9.181,4.22892489,5,8.9964,9.4554,0.021144624449971186,0.054466230936744964,0.03667323664605118,0.01552861219608,0,CLOSED,t,TRANSITION,t,2026-09-25 00:09:26.035311+00,2026-09-25 01:45:25.309962+00,PAPER-1790294966,"{""close_reason"": ""profitable_timeout""}"
5180,DOT/USDT,SELL,FUTURES,1.161,1.138,68.06822062,5,1.18422,1.12617,7.827845371300046,9.905254091300659,7.859456252955974,0.03161088165592801,0,CLOSED,t,TRENDING,t,2026-09-25 00:09:40.898142+00,2026-09-25 03:04:01.835528+00,PAPER-SHORT-1790294980,"{""close_reason"": ""trailing_stop""}"
5181,BCH/USDT,SELL,FUTURES,339.2,338.7,0.1131539,5,345.984,329.024,0.28288475,0.7370283018867925,0.298237471152,0.015352721152,0,CLOSED,t,TRANSITION,t,2026-09-25 00:12:50.373902+00,2026-09-25 01:45:25.225658+00,PAPER-SHORT-1790295170,"{""close_reason"": ""profitable_timeout""}"
5182,OP/USDT,SELL,FUTURES,0.1325,0.131,288.83940802,5,0.13515,0.128525,2.166295560150002,5.66037735849057,2.181604048775062,0.015308488625060002,0,CLOSED,t,TRANSITION,t,2026-09-25 00:14:10.948739+00,2026-09-25 01:57:21.996792+00,PAPER-SHORT-1790295250,"{""close_reason"": ""trailing_stop""}"
5183,PUMP/USDT,BUY,FUTURES,0.003913,0.00385,9757.672142,5,0.00383474,0.00403039,-3.0736667247299776,-8.050089445438225,-3.0583940162933194,0.0152727084366584,0,CLOSED,t,TRANSITION,t,2026-09-25 01:45:28.478324+00,2026-09-25 03:00:14.706527+00,PAPER-1790300728,"{""close_reason"": ""stop_loss""}"
5184,FIL/USDT,SELL,FUTURES,0.9878,0.9771,38.65334186,5,1.007556,0.958166,2.067953789510008,5.416076128771028,2.0832264979457316,0.015272708435723202,0,CLOSED,t,TRANSITION,t,2026-09-25 01:45:28.52431+00,2026-09-25 03:01:12.752286+00,PAPER-SHORT-1790300728,"{""close_reason"": ""trailing_stop""}"
5185,TIA/USDT,SELL,FUTURES,0.489,0.4826,156.16266295,5,0.49878,0.47433,4.9972052144000125,6.543967280163616,5.027750631273032,0.03054541687302,0,CLOSED,t,TRENDING,t,2026-09-25 01:45:28.537621+00,2026-09-25 03:01:12.741648+00,PAPER-SHORT-1790300728,"{""close_reason"": ""trailing_stop""}"
5186,SOL/USDT,BUY,SPOT,117.37,116.77,0.08520065,1,115.0226,120.8911,-0.05112039000000089,-0.511203885149536,-0.04712038988380089,0.0040000001162,0,CLOSED,t,TRANSITION,t,2026-09-25 01:45:28.599119+00,2026-09-25 03:02:24.034272+00,PAPER-1790300728,"{""close_reason"": ""negative_timeout""}"
5187,SUI/USDT,SELL,FUTURES,1.022,1.022,72.74361446,5,1.04244,0.99134,0.14548722891998397,0.1956947162426399,0.17522481851123198,0.029737589591248004,0,CLOSED,t,TRENDING,t,2026-09-25 01:48:01.948516+00,2026-09-25 01:54:12.229546+00,PAPER-SHORT-1790300881,"{""close_reason"": ""take_profit""}"
5188,APT/USDT,SELL,FUTURES,0.8034,0.795,45.49507947,5,0.819468,0.779298,1.9107933377399915,5.227781926811029,1.9254136364784706,0.014620298738479202,0,CLOSED,t,TRANSITION,t,2026-09-25 01:49:31.693365+00,2026-09-25 03:01:12.726819+00,PAPER-SHORT-1790300971,"{""close_reason"": ""trailing_stop""}"
5189,WLD/USDT,BUY,FUTURES,0.4359,0.4297,84.71487949,5,0.427182,0.448977,-2.626161264189999,-7.111722872218396,-2.6113903778021226,0.0147708863878764,0,CLOSED,t,TRANSITION,t,2026-09-25 01:54:12.339007+00,2026-09-25 03:00:14.608974+00,PAPER-1790301252,"{""close_reason"": ""stop_loss""}"
5190,PEPE/USDT,BUY,SPOT,4.43e-06,4.38e-06,2257336.34311512,1,4.34e-06,4.56e-06,-0.11286681715575543,-1.1286681715575564,-0.10886681715575544,0.003999999999999993,0,CLOSED,t,TRANSITION,t,2026-09-25 01:57:22.030663+00,2026-09-25 03:00:12.205117+00,PAPER-1790301442,"{""close_reason"": ""negative_timeout""}"
5191,UNI/USDT,BUY,FUTURES,9.08,9.117,4.1668885,5,8.8984,9.3524,0.770874372500026,2.0374449339207734,0.786008511532026,0.015134139032,0,CLOSED,t,TRANSITION,t,2026-09-25 03:00:17.211164+00,2026-09-25 04:15:17.110606+00,PAPER-1790305217,"{""close_reason"": ""profitable_timeout""}"
5192,BCH/USDT,SELL,FUTURES,337.5,338.9,0.11210473,5,344.25,327.375,-0.7847331099999871,-2.07407407407404,-0.7695989714499871,0.01513413855,0,CLOSED,t,TRANSITION,t,2026-09-25 03:00:17.223719+00,2026-09-25 03:03:26.458872+00,PAPER-SHORT-1790305217,"{""close_reason"": ""stop_loss""}"
5193,OP/USDT,SELL,FUTURES,0.1305,0.1311,289.92603493,5,0.13311,0.126585,-0.8697781047899845,-2.2988505747126027,-0.8546439657666385,0.015134139023346002,0,CLOSED,t,TRANSITION,t,2026-09-25 03:00:17.237886+00,2026-09-25 03:05:42.918803+00,PAPER-SHORT-1790305217,"{""close_reason"": ""stop_loss""}"
5194,SUI/USDT,SELL,FUTURES,1.0093,1.0134,74.08890565,5,1.029486,0.979021,-1.5188225658249974,-2.0311106707619104,-1.4889113928359794,0.029911172989018003,0,CLOSED,t,TRENDING,t,2026-09-25 03:01:12.780833+00,2026-09-25 03:05:27.791925+00,PAPER-SHORT-1790305272,"{""close_reason"": ""stop_loss""}"
5195,XLM/USDT,SELL,FUTURES,0.2192,0.2204,341.14020289,5,0.223584,0.212624,-2.0468412173400115,-2.7372262773722777,-2.0169300443506164,0.029911172989395204,0,CLOSED,t,TRENDING,t,2026-09-25 03:01:12.789885+00,2026-09-25 03:04:11.936079+00,PAPER-SHORT-1790305272,"{""close_reason"": ""stop_loss""}"
5196,TUT/USDT,SELL,FUTURES,0.026,0.02612,1438.03716296,5,0.02652,0.02522,-0.8628222977760147,-2.3076923076923475,-0.8478667112812307,0.014955586494783998,0,CLOSED,t,TRANSITION,t,2026-09-25 03:01:15.069652+00,2026-09-25 03:03:16.267477+00,PAPER-SHORT-1790305275,"{""close_reason"": ""stop_loss""}"
5197,ONDO/USDT,SELL,FUTURES,0.5311,0.5333,141.63647872,5,0.541722,0.515167,-1.5580012659199858,-2.071173037092807,-1.527912012380709,0.030089253539276804,0,CLOSED,t,TRENDING,t,2026-09-25 03:02:24.069632+00,2026-09-25 03:04:22.04326+00,PAPER-SHORT-1790305344,"{""close_reason"": ""stop_loss""}"
5198,XPL/USDT,SELL,FUTURES,0.11322,0.11322,653.07083491,5,0.1154844,0.1097913,0.06530708349102,0.08832361773540949,0.09488335546242409,0.029576271971404083,0,CLOSED,t,TRENDING,t,2026-09-25 03:03:16.314671+00,2026-09-25 03:07:10.154147+00,PAPER-SHORT-1790305396,"{""close_reason"": ""take_profit""}"
5199,ADA/USDT,SELL,FUTURES,0.2472,0.2482,145.40297217,5,0.252144,0.239784,-0.7270148608500006,-2.0226537216828495,-0.712637414961831,0.014377445888169601,0,CLOSED,t,TRANSITION,t,2026-09-25 03:03:26.492222+00,2026-09-25 03:06:14.584988+00,PAPER-SHORT-1790305406,"{""close_reason"": ""stop_loss""}"
5200,ICP/USDT,SELL,FUTURES,3.069,3.069,11.69420814,5,3.13038,2.97693,0.05847104069999356,0.16291951775820948,0.07282685061265756,0.014355809912664,0,CLOSED,t,TRANSITION,t,2026-09-25 03:04:01.864926+00,2026-09-25 03:09:36.615089+00,PAPER-SHORT-1790305441,"{""close_reason"": ""take_profit""}"
5201,ARB/USDT,SELL,FUTURES,0.2163,0.2175,175.49956479,5,0.220626,0.209811,-1.052997388740006,-2.773925104022207,-1.037813166394375,0.015184222345630799,0,CLOSED,t,TRANSITION,t,2026-09-25 03:04:11.972704+00,2026-09-25 04:15:17.101336+00,PAPER-SHORT-1790305451,"{""close_reason"": ""stop_loss""}"
5202,LTC/USDT,SELL,FUTURES,71.05,71.05,0.54357313,5,72.471,68.9185,0.02717865649997528,0.07037297677685367,0.042627004854575275,0.015448348354599998,0,CLOSED,t,TRANSITION,t,2026-09-25 03:04:22.082497+00,2026-09-25 03:13:10.950546+00,PAPER-SHORT-1790305462,"{""close_reason"": ""take_profit""}"
5203,PUMP/USDT,BUY,FUTURES,0.003879,0.003921,10140.82825578,5,0.00380142,0.00399537,2.129573933713791,5.413766434648082,2.145308442835459,0.01573450912166825,0,CLOSED,t,TRANSITION,t,2026-09-25 03:05:27.813524+00,2026-09-25 03:13:00.854989+00,PAPER-1790305527,"{""close_reason"": ""trailing_stop""}"
5204,WLD/USDT,BUY,FUTURES,0.4331,0.4318,92.420939,5,0.424438,0.446093,-0.600736103499974,-1.5008081274531793,-0.584725100027614,0.01601100347236,0,CLOSED,t,TRANSITION,t,2026-09-25 03:05:42.943071+00,2026-09-25 03:10:32.172489+00,PAPER-1790305542,"{""close_reason"": ""trade_switch""}"
5205,PEPE/USDT,BUY,SPOT,4.41e-06,4.42e-06,2267573.69614512,1,4.32e-06,4.54e-06,0.022675736961450487,0.22675736961450532,0.02667573696145048,0.003999999999999992,0,CLOSED,t,TRANSITION,t,2026-09-25 03:06:14.610625+00,2026-09-25 04:16:50.147175+00,PAPER-1790305574,"{""close_reason"": ""profitable_timeout""}"
5206,FIL/USDT,SELL,FUTURES,0.9815,0.9811,40.15930039,5,1.00113,0.952055,0.08031860078001345,0.20376974019361535,0.09608514211312745,0.015766541333114,0,CLOSED,t,TRANSITION,t,2026-09-25 03:07:10.179799+00,2026-09-25 04:15:17.051179+00,PAPER-SHORT-1790305630,"{""close_reason"": ""profitable_timeout""}"
5207,BCH/USDT,SELL,FUTURES,339.9,333.3,0.11848718,5,346.698,329.703,3.9100769399999797,9.70873786407762,3.9261864569927796,0.0161095169928,0,CLOSED,t,TRANSITION,t,2026-09-25 03:09:36.642778+00,2026-09-25 05:42:25.403693+00,PAPER-SHORT-1790305776,"{""close_reason"": ""manual""}"
5208,TIA/USDT,SELL,FUTURES,0.4843,0.4833,165.8491794,5,0.493986,0.469771,0.8292458970000007,1.0324179227751402,0.8613742000333687,0.03212830303336801,0,CLOSED,t,TRENDING,t,2026-09-25 03:10:32.183067+00,2026-09-25 04:15:52.532631+00,PAPER-SHORT-1790305832,"{""close_reason"": ""profitable_timeout""}"
5209,WLD/USDT,BUY,FUTURES,0.4313,0.4316,90.59110631,5,0.422674,0.444239,0.1358866594649714,0.3477857639693216,0.15151543712557258,0.015628777660601202,0,CLOSED,t,TRANSITION,t,2026-09-25 03:13:00.882684+00,2026-09-25 04:15:14.114593+00,PAPER-1790305980,"{""close_reason"": ""profitable_timeout""}"
5210,DOT/USDT,SELL,FUTURES,1.136,1.138,69.26198486,5,1.15872,1.10192,-0.6926198486000007,-0.880281690140846,-0.6611472026796167,0.031472645920384,0,CLOSED,t,TRENDING,t,2026-09-25 03:13:10.984171+00,2026-09-25 04:16:50.13833+00,PAPER-SHORT-1790305990,"{""close_reason"": ""negative_timeout""}"
5211,PUMP/USDT,BUY,FUTURES,0.003894,0.003936,9844.22796084,5,0.00381612,0.00401082,2.067287871776406,5.392912172573205,2.0826212412482104,0.015333369471804383,0,CLOSED,t,TRANSITION,t,2026-09-25 04:15:17.229356+00,2026-09-25 05:50:38.950383+00,PAPER-1790309717,"{""close_reason"": ""trailing_stop""}"
5212,SOL/USDT,BUY,SPOT,116.45,116.57,0.08587377,1,114.121,119.9435,0.010304852399998472,0.10304851867752873,0.014304852606598473,0.0040000002066,0,CLOSED,t,TRANSITION,t,2026-09-25 04:15:17.244032+00,2026-09-25 05:41:35.271045+00,PAPER-1790309717,"{""close_reason"": ""profitable_timeout""}"
5213,PAXG/USDT,BUY,SPOT,4263.82,4267.3,0.00251731,1,4178.5436,4391.7346,0.008760238800002252,0.081616953811392,0.013053581489682251,0.00429334268968,0,CLOSED,t,RANGING,t,2026-09-25 04:15:17.252944+00,2026-09-25 05:41:32.66528+00,PAPER-1790309717,"{""close_reason"": ""profitable_timeout""}"
5214,OP/USDT,SELL,FUTURES,0.1304,0.131,293.967973,5,0.133008,0.126488,-0.8819039190000253,-2.3006134969325815,-0.8665705495283453,0.015333369471679998,0,CLOSED,t,TRANSITION,t,2026-09-25 04:15:17.260174+00,2026-09-25 04:20:00.0033+00,PAPER-SHORT-1790309717,"{""close_reason"": ""stop_loss""}"
5215,SUI/USDT,SELL,FUTURES,1.0138,1.0135,74.29882704,5,1.034076,0.983386,0.11144824055998774,0.14795817715524115,0.14157790090124855,0.030129660341260803,0,CLOSED,t,TRENDING,t,2026-09-25 04:15:54.648632+00,2026-09-25 05:41:44.250026+00,PAPER-SHORT-1790309754,"{""close_reason"": ""profitable_timeout""}"
5216,APT/USDT,SELL,FUTURES,0.7972,0.8023,47.5201792,5,0.813144,0.773284,-1.2117645695999983,-3.1986954340190628,-1.1966113348567022,0.015153234743296001,0,CLOSED,t,TRANSITION,t,2026-09-25 04:16:50.169178+00,2026-09-25 04:34:28.26515+00,PAPER-SHORT-1790309810,"{""close_reason"": ""stop_loss""}"
5217,TUT/USDT,SELL,FUTURES,0.02608,0.02619,1452.57234874,5,0.0266016,0.0252976,-0.798914791807018,-2.10889570552152,-0.7837615570649623,0.015153234742055679,0,CLOSED,t,TRANSITION,t,2026-09-25 04:16:52.620894+00,2026-09-25 04:17:53.515829+00,PAPER-SHORT-1790309812,"{""close_reason"": ""stop_loss""}"
5218,XPL/USDT,SELL,FUTURES,0.11589,0.11729,675.02203083,5,0.1182078,0.11238044,-4.725154215809994,-6.040210544481829,-4.693862894548838,0.03129132126115548,0,CLOSED,t,TRENDING,t,2026-09-25 04:17:53.560196+00,2026-09-25 04:19:14.447586+00,PAPER-SHORT-1790309873,"{""close_reason"": ""stop_loss""}"
5219,ADA/USDT,SELL,FUTURES,0.2481,0.2479,153.1651056,5,0.253062,0.240657,0.15316510559998311,0.4030632809350624,0.16836521067972712,0.015200105079744002,0,CLOSED,t,TRANSITION,t,2026-09-25 04:19:14.493194+00,2026-09-25 05:41:44.240114+00,PAPER-SHORT-1790309954,"{""close_reason"": ""profitable_timeout""}"
5220,LTC/USDT,SELL,FUTURES,70.81,71.14,0.54252946,5,72.2262,68.6857,-0.8951736089999954,-2.3301793531986887,-0.8798070045749554,0.015366604425040002,0,CLOSED,t,TRANSITION,t,2026-09-25 04:20:00.045515+00,2026-09-25 04:34:53.787239+00,PAPER-SHORT-1790310000,"{""close_reason"": ""stop_loss""}"
5221,UNI/USDT,BUY,FUTURES,9.149,9.138,4.18634323,5,8.96602,9.42347,-0.23024887764998692,-0.6011585965678967,-0.21492853596547892,0.015320341684508,0,CLOSED,t,TRANSITION,t,2026-09-25 04:34:28.30644+00,2026-09-25 05:42:25.391063+00,PAPER-1790310868,"{""close_reason"": ""negative_timeout""}"
5222,WLD/USDT,BUY,FUTURES,0.4346,0.4347,87.74984128,5,0.425908,0.447638,0.043874920639998434,0.11504832029451961,0.059129353048113634,0.0152544324081152,0,CLOSED,t,TRANSITION,t,2026-09-25 04:34:53.828168+00,2026-09-25 05:41:49.323843+00,PAPER-1790310893,"{""close_reason"": ""profitable_timeout""}"
5223,OP/USDT,SELL,FUTURES,0.1316,0.1322,288.96563487,5,0.134232,0.127652,-0.8668969046100247,-2.279635258358728,-0.8516857535904678,0.015211151019556798,0,CLOSED,t,TRANSITION,t,2026-09-25 05:41:39.195058+00,2026-09-25 06:04:09.669564+00,PAPER-SHORT-1790314899,"{""close_reason"": ""stop_loss""}"
5224,HBAR/USDT,SELL,FUTURES,0.09237,0.09205,411.69078217,5,0.0942174,0.0895989,0.6587052514719731,1.732164122550541,0.6739164024915902,0.01521115101961716,0,CLOSED,t,TRANSITION,t,2026-09-25 05:41:39.207253+00,2026-09-25 06:11:43.273863+00,PAPER-SHORT-1790314899,"{""close_reason"": ""profitable_timeout""}"
5225,TIA/USDT,SELL,FUTURES,0.4849,0.4843,79.84263983,5,0.494598,0.470353,0.2395279194899958,0.6186842647968545,0.2550141979114226,0.0154862784214268,0,CLOSED,t,TRANSITION,t,2026-09-25 05:41:44.279416+00,2026-09-25 06:11:48.354133+00,PAPER-SHORT-1790314904,"{""close_reason"": ""profitable_timeout""}"
5226,FIL/USDT,SELL,FUTURES,0.9908,0.9859,39.07518778,5,1.010616,0.961076,0.9573421006100031,2.4727492935002098,0.9728283790309727,0.0154862784209696,0,CLOSED,t,TRANSITION,t,2026-09-25 05:41:44.291338+00,2026-09-25 06:11:48.343445+00,PAPER-SHORT-1790314904,"{""close_reason"": ""profitable_timeout""}"
5227,AVAX/USDT,BUY,FUTURES,10.214,10.169,3.88061315,5,10.00972,10.52042,-0.8731379587500061,-2.202858821225784,-0.8572833256643662,0.015854633085640002,0,CLOSED,t,TRANSITION,t,2026-09-25 05:41:49.364+00,2026-09-25 06:10:43.112804+00,PAPER-1790314909,"{""close_reason"": ""stop_loss""}"
5228,ARB/USDT,SELL,FUTURES,0.217,0.2162,182.49154579,5,0.22134,0.21049,0.7299661831599955,1.8433179723502193,0.7458064493345675,0.015840266174572,0,CLOSED,t,TRANSITION,t,2026-09-25 05:42:25.432782+00,2026-09-25 06:17:46.080609+00,PAPER-SHORT-1790314945,"{""close_reason"": ""profitable_timeout""}"
5229,ONDO/USDT,SELL,FUTURES,0.5315,0.5339,149.01473353,5,0.54213,0.515555,-1.7881768023600515,-2.25776105362189,-1.7564962700115736,0.031680532348478,0,CLOSED,t,TRENDING,t,2026-09-25 05:42:25.442823+00,2026-09-25 05:50:28.82405+00,PAPER-SHORT-1790314945,"{""close_reason"": ""stop_loss""}"
5230,UNI/USDT,BUY,FUTURES,9.149,9.12,4.26875191,5,8.96602,9.42347,-0.6189690269499923,-1.584872663679071,-0.6033471024601563,0.015621924489836,0,CLOSED,t,TRANSITION,t,2026-09-25 05:50:28.862872+00,2026-09-25 06:07:00.12064+00,PAPER-1790315428,"{""close_reason"": ""trade_switch""}"
5231,WLD/USDT,BUY,FUTURES,0.4353,0.4337,91.50017497,5,0.426594,0.448359,-0.732001399760025,-1.8378130025270556,-0.7160693892942486,0.0159320104657764,0,CLOSED,t,TRANSITION,t,2026-09-25 05:50:38.971751+00,2026-09-25 06:12:33.59932+00,PAPER-1790315438,"{""close_reason"": ""trade_switch""}"
5232,PUMP/USDT,BUY,FUTURES,0.003921,0.003908,10213.4897329,5,0.00384258,0.00403863,-0.6638768326385032,-1.6577403723539996,-0.6478579953414229,0.016018837297080358,0,CLOSED,t,TRANSITION,t,2026-09-25 06:04:09.689443+00,2026-09-25 06:10:07.998792+00,PAPER-1790316249,"{""close_reason"": ""trade_switch""}"
5233,UNI/USDT,BUY,FUTURES,9.12,9.092,4.37333664,5,8.9376,9.3936,-0.6122671295999687,-1.5350877192981671,-0.5963131975372487,0.015953932062719996,0,CLOSED,t,TRANSITION,t,2026-09-25 06:07:00.135615+00,2026-09-25 06:11:58.483866+00,PAPER-1790316420,"{""close_reason"": ""trade_switch""}"
5234,OP/USDT,SELL,FUTURES,0.132,0.1324,301.38460406,5,0.13464,0.12804,-0.6027692081199755,-1.5151515151514534,-0.5868561010256075,0.015913107094368002,0,CLOSED,t,TRANSITION,t,2026-09-25 06:10:08.011148+00,2026-09-25 06:14:50.790474+00,PAPER-SHORT-1790316608,"{""close_reason"": ""trade_switch""}"
5235,PUMP/USDT,BUY,FUTURES,0.003909,0.003875,10156.66574953,5,0.00383082,0.00402627,-1.7266331774201142,-4.348938347403464,-1.7107522148541492,0.01588096256596511,0,CLOSED,t,TRANSITION,t,2026-09-25 06:10:43.139008+00,2026-09-25 06:36:34.676534+00,PAPER-1790316643,"{""close_reason"": ""stop_loss""}"
5236,SUI/USDT,SELL,FUTURES,1.013,1.0165,39.07962523,5,1.03326,0.98261,-0.6838934415250114,-1.7275419545903548,-0.6680583773818154,0.015835064143196,0,CLOSED,t,TRANSITION,t,2026-09-25 06:11:43.308101+00,2026-09-25 06:20:04.898745+00,PAPER-SHORT-1790316703,"{""close_reason"": ""trade_switch""}"
5237,BCH/USDT,SELL,FUTURES,332.3,333.4,0.11925193,5,338.946,322.331,-0.6558856149999797,-1.6551309058079535,-0.6400346484643796,0.0158509665356,0,CLOSED,t,TRANSITION,t,2026-09-25 06:11:48.386643+00,2026-09-25 06:17:51.146745+00,PAPER-SHORT-1790316708,"{""close_reason"": ""trade_switch""}"
5238,ONDO/USDT,SELL,FUTURES,0.5348,0.5366,148.19527298,5,0.545496,0.518756,-1.3337574568199353,-1.6828721017201875,-1.3020555240240537,0.0317019327958816,0,CLOSED,t,TRENDING,t,2026-09-25 06:11:48.397478+00,2026-09-25 06:14:45.72335+00,PAPER-SHORT-1790316708,"{""close_reason"": ""trade_switch""}"
5239,UNI/USDT,BUY,FUTURES,9.092,9.094,4.25996277,5,8.91016,9.36476,0.04259962769995536,0.10998680158369467,0.05809226030189136,0.015492632601936002,0,CLOSED,t,TRANSITION,t,2026-09-25 06:11:58.498393+00,2026-09-25 06:51:15.090149+00,PAPER-1790316718,"{""close_reason"": ""profitable_timeout""}"
5240,WLD/USDT,BUY,FUTURES,0.4337,0.4387,89.18596866,5,0.425026,0.446711,2.2296492164999835,5.764353239566478,2.2451211983431203,0.015471981843136801,0,CLOSED,t,TRANSITION,t,2026-09-25 06:12:33.616234+00,2026-09-25 06:22:24.920289+00,PAPER-1790316753,"{""close_reason"": ""trailing_stop""}"
5241,ONDO/USDT,SELL,FUTURES,0.5366,0.5385,143.91833038,5,0.547332,0.520502,-1.3672241386100092,-1.7704062616474217,-1.336333508177246,0.0308906304327632,0,CLOSED,t,TRENDING,t,2026-09-25 06:14:45.748204+00,2026-09-25 06:19:39.826245+00,PAPER-SHORT-1790316885,"{""close_reason"": ""trade_switch""}"
5242,OP/USDT,SELL,FUTURES,0.1324,0.1331,290.70994413,5,0.135048,0.128428,-1.017484804455009,-2.643504531722078,-1.0020888058138844,0.0153959986411248,0,CLOSED,t,TRANSITION,t,2026-09-25 06:14:50.809659+00,2026-09-25 06:19:59.813331+00,PAPER-SHORT-1790316890,"{""close_reason"": ""stop_loss""}"
5243,HBAR/USDT,SELL,FUTURES,0.09224,0.09256,416.77447632,5,0.0940848,0.0894728,-0.6668391621120019,-1.734605377276674,-0.6514618510336991,0.015377311078302723,0,CLOSED,t,TRANSITION,t,2026-09-25 06:17:46.105029+00,2026-09-25 06:20:34.470187+00,PAPER-SHORT-1790317066,"{""close_reason"": ""trade_switch""}"
5244,TIA/USDT,SELL,FUTURES,0.4849,0.4864,79.52134646,5,0.494598,0.470353,-0.5964100984500006,-1.5467106619921647,-0.5809861380906189,0.015423960359381601,0,CLOSED,t,TRANSITION,t,2026-09-25 06:17:51.157219+00,2026-09-25 06:20:19.866781+00,PAPER-SHORT-1790317071,"{""close_reason"": ""trade_switch""}"
5245,FIL/USDT,SELL,FUTURES,0.9881,0.9913,38.96463684,5,1.007862,0.958457,-0.6234341894399962,-1.6192693047262323,-0.6080338063753545,0.0154003830646416,0,CLOSED,t,TRANSITION,t,2026-09-25 06:19:39.838007+00,2026-09-25 06:20:39.600386+00,PAPER-SHORT-1790317179,"{""close_reason"": ""trade_switch""}"
5246,AVAX/USDT,BUY,FUTURES,10.207,10.171,3.84961282,5,10.00286,10.51321,-0.6929303076000317,-1.7634956402469704,-0.6772131083785358,0.015717199221496,0,CLOSED,t,TRANSITION,t,2026-09-25 06:19:59.853076+00,2026-09-25 06:27:47.749867+00,PAPER-1790317199,"{""close_reason"": ""trade_switch""}"
5247,SUI/USDT,SELL,FUTURES,1.0165,1.02,38.50713919,5,1.03683,0.986005,-0.6738749358250112,-1.721593703885912,-0.6582179330303572,0.015657002794654,0,CLOSED,t,TRANSITION,t,2026-09-25 06:20:04.921229+00,2026-09-25 06:21:19.741868+00,PAPER-SHORT-1790317204,"{""close_reason"": ""trade_switch""}"
5248,TIA/USDT,SELL,FUTURES,0.4864,0.4879,80.31352825,5,0.496128,0.471808,-0.6023514618750005,-1.5419407894736856,-0.5867256618186806,0.01562580005632,0,CLOSED,t,TRANSITION,t,2026-09-25 06:20:19.888026+00,2026-09-25 06:31:55.897259+00,PAPER-SHORT-1790317219,"{""close_reason"": ""trade_switch""}"
5249,HBAR/USDT,SELL,FUTURES,0.09256,0.09193,421.06392199,5,0.0944112,0.0897832,1.3263513542685115,3.4031979256698657,1.3419408249162692,0.01558947064775776,0,CLOSED,t,TRANSITION,t,2026-09-25 06:20:34.489698+00,2026-09-25 06:38:37.593993+00,PAPER-SHORT-1790317234,"{""close_reason"": ""manual""}"
5250,FIL/USDT,SELL,FUTURES,0.9913,0.9957,39.21463978,5,1.011126,0.961561,-0.8627220751600139,-2.2193079794209982,-0.8471726861944483,0.015549388965565599,0,CLOSED,t,TRANSITION,t,2026-09-25 06:20:39.624941+00,2026-09-25 06:27:37.629518+00,PAPER-SHORT-1790317239,"{""close_reason"": ""stop_loss""}"
5251,SUI/USDT,SELL,FUTURES,1.02,1.0131,38.0221636,5,1.0404,0.9894,1.3117646442000244,3.3823529411765336,1.3272776869488243,0.015513042748800002,0,CLOSED,t,TRANSITION,t,2026-09-25 06:21:19.766242+00,2026-09-25 06:38:37.582875+00,PAPER-SHORT-1790317279,"{""close_reason"": ""manual""}"
5252,ASTER/USDT,BUY,SPOT,0.7132,0.7146,14.02131239,1,0.698936,0.734596,0.01962983734600079,0.19629837352777013,0.02362983734461999,0.003999999998619199,0,CLOSED,t,TRANSITION,t,2026-09-25 06:22:24.958466+00,2026-09-25 06:52:25.377777+00,PAPER-1790317344,"{""close_reason"": ""profitable_timeout""}"
5253,WLD/USDT,BUY,FUTURES,0.4372,0.4354,88.51098989,5,0.428456,0.450316,-0.7965989090099952,-2.0585544373284415,-0.781120107098032,0.0154788019119632,0,CLOSED,t,TRANSITION,t,2026-09-25 06:27:37.664593+00,2026-09-25 06:39:32.726622+00,PAPER-1790317657,"{""close_reason"": ""stop_loss""}"
5254,OP/USDT,SELL,FUTURES,0.1326,0.1316,291.02688994,5,0.135252,0.128622,1.4551344497000012,3.7707390648567154,1.4705705159424187,0.0154360662424176,0,CLOSED,t,TRANSITION,t,2026-09-25 06:27:47.761744+00,2026-09-25 06:38:32.696871+00,PAPER-SHORT-1790317667,"{""close_reason"": ""manual""}"
5255,TIA/USDT,SELL,FUTURES,0.4879,0.4847,78.94493318,5,0.497658,0.473263,1.2631189308799926,3.2793605246976645,1.2785258240394015,0.015406893159408802,0,CLOSED,t,TRANSITION,t,2026-09-25 06:31:56.302073+00,2026-09-25 06:38:27.61131+00,PAPER-SHORT-1790317916,"{""close_reason"": ""manual""}"
5256,AVAX/USDT,BUY,FUTURES,10.141,10.18,3.79173326,5,9.93818,10.44523,0.7393879856999976,1.922887289221964,0.7547687724958616,0.015380786795864,0,CLOSED,t,TRANSITION,t,2026-09-25 06:36:34.697491+00,2026-09-25 07:06:39.637663+00,PAPER-1790318194,"{""close_reason"": ""profitable_timeout""}"
5257,BCH/USDT,SELL,FUTURES,332.7,332.1,0.11500904,5,339.354,322.719,0.3450271199999804,0.9017132551848,0.3603325230431804,0.0153054030432,0,CLOSED,t,TRANSITION,t,2026-09-25 06:38:27.668998+00,2026-09-25 07:08:29.932703+00,PAPER-SHORT-1790318307,"{""close_reason"": ""profitable_timeout""}"
5258,FIL/USDT,SELL,FUTURES,0.9896,0.9936,38.82877667,5,1.009392,0.959912,-0.7765755334000007,-2.021018593371061,-0.7612055504429479,0.015369982957052802,0,CLOSED,t,TRANSITION,t,2026-09-25 06:38:32.738645+00,2026-09-25 06:51:35.107913+00,PAPER-SHORT-1790318312,"{""close_reason"": ""stop_loss""}"
5259,ETC/USDT,SELL,FUTURES,9.48,9.52,4.07262926,5,9.6696,9.1956,-0.8145258519999825,-2.1097046413501657,-0.7990824418460625,0.015443410153920003,0,CLOSED,t,TRANSITION,t,2026-09-25 06:38:37.62784+00,2026-09-25 06:40:58.067829+00,PAPER-SHORT-1790318317,"{""close_reason"": ""stop_loss""}"
5260,ONDO/USDT,SELL,FUTURES,0.54,0.5424,142.99453836,5,0.5508,0.5238,-1.7159344603199695,-2.222222222222183,-1.6850476400342096,0.03088682028576,0,CLOSED,t,TRENDING,t,2026-09-25 06:38:37.638628+00,2026-09-25 06:41:23.093997+00,PAPER-SHORT-1790318317,"{""close_reason"": ""stop_loss""}"
5261,XRP/USDT,SELL,FUTURES,1.5246,1.5308,24.91089977,5,1.555092,1.478862,-0.7722378928699978,-2.0333202151383913,-0.757046229754261,0.0151916631157368,0,CLOSED,t,TRANSITION,t,2026-09-25 06:39:32.762356+00,2026-09-25 06:54:37.87333+00,PAPER-SHORT-1790318372,"{""close_reason"": ""stop_loss""}"
5262,NEAR/USDT,SELL,FUTURES,4.487,4.505,8.44522025,5,4.57674,4.35239,-0.7600698224999914,-2.0057945174949627,-0.7449123411952915,0.015157481304700004,0,CLOSED,t,TRANSITION,t,2026-09-25 06:40:58.107801+00,2026-09-25 06:43:45.899272+00,PAPER-SHORT-1790318458,"{""close_reason"": ""stop_loss""}"
5263,APT/USDT,SELL,FUTURES,0.803,0.8065,47.08138558,5,0.81906,0.77891,-0.8239242476499876,-2.179327521793242,-0.8088017066016916,0.015122541048296004,0,CLOSED,t,TRANSITION,t,2026-09-25 06:41:23.136132+00,2026-09-25 07:06:29.526997+00,PAPER-SHORT-1790318483,"{""close_reason"": ""stop_loss""}"
5264,PUMP/USDT,BUY,SPOT,0.003878,0.003879,2578.64878804,1,0.00380044,0.00399434,0.0025786487880413056,0.02578648788036375,0.006578648788048954,0.0040000000000076485,0,CLOSED,t,TRANSITION,t,2026-09-25 06:43:45.936117+00,2026-09-25 07:18:12.028983+00,PAPER-1790318625,"{""close_reason"": ""profitable_timeout""}"
5265,WLD/USDT,BUY,SPOT,0.4362,0.4392,22.92526364,1,0.427476,0.449286,0.0687757909200002,0.687757909215958,0.07277579091990741,0.0039999999999072,0,CLOSED,t,TRANSITION,t,2026-09-25 06:51:15.111306+00,2026-09-25 07:21:19.766843+00,PAPER-1790319075,"{""close_reason"": ""profitable_timeout""}"
5266,OP/USDT,SELL,FUTURES,0.1326,0.1332,285.77524646,5,0.135252,0.128622,-0.8573257393800247,-2.262443438914092,-0.8421682203077863,0.015157519072238402,0,CLOSED,t,TRANSITION,t,2026-09-25 06:51:35.133925+00,2026-09-25 07:20:04.468988+00,PAPER-SHORT-1790319095,"{""close_reason"": ""stop_loss""}"
5267,TIA/USDT,SELL,FUTURES,0.4847,0.4867,77.99994186,5,0.494394,0.470159,-0.7799994186000007,-2.063131834124202,-0.7648767898721839,0.015122628727816804,0,CLOSED,t,TRANSITION,t,2026-09-25 06:52:25.406112+00,2026-09-25 07:20:39.6488+00,PAPER-SHORT-1790319145,"{""close_reason"": ""stop_loss""}"
5268,HBAR/USDT,SELL,FUTURES,0.09198,0.09226,414.34518309,5,0.0938196,0.0892206,-0.5800832563259763,-1.5220700152206381,-0.5648386683497291,0.015244587976247281,0,CLOSED,t,TRANSITION,t,2026-09-25 06:54:37.910868+00,2026-09-25 07:07:14.796601+00,PAPER-SHORT-1790319277,"{""close_reason"": ""trade_switch""}"
5269,UNI/USDT,BUY,FUTURES,9.106,9.068,4.17397442,5,8.92388,9.37918,-0.793055139800016,-2.0865363496596068,-0.7778518553726079,0.015203284427408002,0,CLOSED,t,TRANSITION,t,2026-09-25 07:06:29.551997+00,2026-09-25 07:08:57.19722+00,PAPER-1790319989,"{""close_reason"": ""stop_loss""}"
5270,FIL/USDT,SELL,FUTURES,0.9989,0.9989,37.93855451,5,1.018878,0.968933,0.1896927725500002,0.5005506056662333,0.2048515013900158,0.015158728840015602,0,CLOSED,t,TRANSITION,t,2026-09-25 07:06:39.670967+00,2026-09-25 07:27:08.135019+00,PAPER-SHORT-1790319999,"{""close_reason"": ""take_profit""}"
5271,HBAR/USDT,SELL,FUTURES,0.09226,0.09181,411.87187718,5,0.0941052,0.0894922,0.9267117236549838,2.4387600260133975,0.9419114434104345,0.015199719755450722,0,CLOSED,t,TRANSITION,t,2026-09-25 07:07:14.820567+00,2026-09-25 07:37:16.511505+00,PAPER-SHORT-1790320034,"{""close_reason"": ""profitable_timeout""}"
5272,SUI/USDT,SELL,FUTURES,1.0139,1.0181,37.40605776,5,1.034178,0.983483,-0.7855272129599965,-2.071210178518582,-0.7703568121748509,0.015170400785145604,0,CLOSED,t,TRANSITION,t,2026-09-25 07:08:29.964597+00,2026-09-25 07:20:04.452005+00,PAPER-SHORT-1790320109,"{""close_reason"": ""stop_loss""}"
5273,ETC/USDT,SELL,FUTURES,9.49,9.49,4.00145837,5,9.6798,9.2053,0,0,0.01518953597252,0.01518953597252,0,CLOSED,t,TRANSITION,t,2026-09-25 07:08:57.235984+00,2026-09-25 07:25:07.698382+00,PAPER-SHORT-1790320137,"{""close_reason"": ""take_profit""}"
5274,UNI/USDT,BUY,FUTURES,9.086,9.086,4.16814617,5,8.90428,9.35858,0.08336292339997793,0.22011886418660254,0.09851163384022593,0.015148710440248002,0,CLOSED,t,TRANSITION,t,2026-09-25 07:18:12.047976+00,2026-09-25 07:46:57.662627+00,PAPER-1790320692,"{""close_reason"": ""take_profit""}"
5275,AVAX/USDT,BUY,FUTURES,10.214,10.17,3.73731254,5,10.00972,10.52042,-0.8222087588000194,-2.1539064029763577,-0.8069395946865954,0.015269164113424001,0,CLOSED,t,TRANSITION,t,2026-09-25 07:20:04.492273+00,2026-09-25 07:32:11.215514+00,PAPER-1790320804,"{""close_reason"": ""stop_loss""}"
5276,BCH/USDT,SELL,FUTURES,333.1,331.4,0.11459895,5,339.762,323.107,0.9740910750000262,2.551786250375331,0.9893602390980263,0.015269164098000002,0,CLOSED,t,TRANSITION,t,2026-09-25 07:20:04.50415+00,2026-09-25 07:50:39.099711+00,PAPER-SHORT-1790320804,"{""close_reason"": ""profitable_timeout""}"
5277,ONDO/USDT,SELL,FUTURES,0.5518,0.5542,137.54137827,5,0.562836,0.535246,-1.6504965392400472,-2.174700978615503,-1.6201384062282929,0.0303581330117544,0,CLOSED,t,TRENDING,t,2026-09-25 07:20:39.677272+00,2026-09-25 07:21:34.895341+00,PAPER-SHORT-1790320839,"{""close_reason"": ""stop_loss""}"
5278,XRP/USDT,SELL,FUTURES,1.536,1.5299,24.01865565,5,1.56672,1.48992,0.7325689973249994,1.9856770833333315,0.7473260593563593,0.01475706203136,0,CLOSED,t,TRANSITION,t,2026-09-25 07:21:19.800517+00,2026-09-25 07:51:29.501498+00,PAPER-SHORT-1790320879,"{""close_reason"": ""profitable_timeout""}"
5279,NEAR/USDT,SELL,FUTURES,4.511,4.511,8.25240248,5,4.60122,4.37567,0,0,0.014890635034912001,0.014890635034912001,0,CLOSED,t,TRANSITION,t,2026-09-25 07:21:34.940476+00,2026-09-25 07:34:16.897643+00,PAPER-SHORT-1790320894,"{""close_reason"": ""take_profit""}"
5280,PUMP/USDT,BUY,SPOT,0.003885,0.003907,2574.002574,1,0.0038073,0.00400155,0.056628056627999745,0.5662805662805637,0.060628056627995745,0.003999999999996001,0,CLOSED,t,TRANSITION,t,2026-09-25 07:25:07.724707+00,2026-09-25 07:55:13.09927+00,PAPER-1790321107,"{""close_reason"": ""profitable_timeout""}"
5281,WLD/USDT,BUY,SPOT,0.4386,0.4396,22.7998176,1,0.429828,0.451758,0.022799817600000695,0.22799817601459882,0.026799817599744695,0.003999999999744,0,CLOSED,t,TRANSITION,t,2026-09-25 07:27:08.157093+00,2026-09-25 07:57:17.879513+00,PAPER-1790321228,"{""close_reason"": ""profitable_timeout""}"
5282,ETH/USDT,BUY,SPOT,2677.89,2678.03,0.00390784,1,2624.3322,2758.2267,0.0005470976000002473,0.005227996669021628,0.004733003863040247,0.00418590626304,0,CLOSED,t,RANGING,t,2026-09-25 07:32:13.793428+00,2026-09-25 08:04:31.570718+00,PAPER-1790321533,"{""close_reason"": ""profitable_timeout""}"
5283,ARB/USDT,BUY,SPOT,0.2158,0.217,46.33920297,1,0.211484,0.222274,0.055607043564001035,0.5560704355885182,0.05960704356437144,0.004000000000370401,0,CLOSED,t,TRANSITION,t,2026-09-25 07:34:16.934103+00,2026-09-25 08:04:19.183452+00,PAPER-1790321656,"{""close_reason"": ""profitable_timeout""}"
5284,TUT/USDT,SELL,FUTURES,0.02591,0.02591,2824.66373464,5,0.0264282,0.0251327,0.14123318673199423,0.1929756850636741,0.1705080016778032,0.02927481494580896,0,CLOSED,t,TRENDING,t,2026-09-25 07:37:18.870901+00,2026-09-25 07:42:10.949374+00,PAPER-SHORT-1790321838,"{""close_reason"": ""take_profit""}"
5285,TRUMP/USDT,SELL,FUTURES,2.051,2.06,17.46693414,5,2.09202,1.98947,-0.786012036299991,-2.1940516821062643,-0.771682163531535,0.014329872768456,0,CLOSED,t,TRANSITION,t,2026-09-25 07:42:13.42058+00,2026-09-25 07:47:02.716278+00,PAPER-SHORT-1790322133,"{""close_reason"": ""stop_loss""}"
5286,BTC/USDT,SELL,FUTURES,83946,84589.73,0.00061295,5,85624.92,81427.62,-1.9728715174999873,-3.834191027565315,-1.9522896372199874,0.020581880280000003,0,CLOSED,t,RANGING,t,2026-09-25 07:46:57.689957+00,2026-09-25 09:20:19.902829+00,PAPER-SHORT-1790322417,"{""close_reason"": ""stop_loss""}"
5287,TUT/USDT,SELL,FUTURES,0.02602,0.02602,2859.74223594,5,0.0265404,0.0252394,0,0,0.029764197191663525,0.029764197191663525,0,CLOSED,t,TRENDING,t,2026-09-25 07:47:16.540161+00,2026-09-25 08:07:48.146098+00,PAPER-SHORT-1790322436,"{""close_reason"": ""take_profit""}"
5288,TRUMP/USDT,SELL,FUTURES,2.058,2.067,18.18682643,5,2.09916,1.99626,-0.818407189350031,-2.186588921282882,-0.803435793832855,0.014971395517175998,0,CLOSED,t,TRANSITION,t,2026-09-25 07:52:11.162721+00,2026-09-25 07:57:32.910979+00,PAPER-SHORT-1790322731,"{""close_reason"": ""stop_loss""}"
5289,BCH/USDT,SELL,FUTURES,331,332.4,0.22808146,5,337.62,321.07,-1.5965702199999745,-2.1148036253776095,-1.5663722346959745,0.030197985304000002,0,CLOSED,t,TRENDING,t,2026-09-25 07:55:43.914263+00,2026-09-25 08:00:33.790701+00,PAPER-SHORT-1790322943,"{""close_reason"": ""stop_loss""}"
5290,LSK/USDT,BUY,SPOT,0.3509,0.351,43.24953887,1,0.343882,0.361427,0.00432495388699987,0.028498147620403813,0.01039545916279307,0.0060705052757932,0,CLOSED,t,TRENDING,t,2026-09-25 08:00:40.415342+00,2026-09-25 09:21:57.000985+00,PAPER-1790323240,"{""close_reason"": ""profitable_timeout""}"
5291,DASH/USDT,BUY,SPOT,63.09,63.86,0.15850372,1,61.8282,64.9827,0.12204786439999837,1.2204786812489932,0.12604786427791836,0.00399999987792,0,CLOSED,t,TRANSITION,t,2026-09-25 08:00:40.425634+00,2026-09-25 09:20:19.83446+00,PAPER-1790323240,"{""close_reason"": ""profitable_timeout""}"
5292,TRUMP/USDT,SELL,FUTURES,2.075,2.069,17.57938262,5,2.1165,2.01275,0.5273814786000199,1.445783132530175,0.54197236617462,0.014590887574600002,0,CLOSED,t,TRANSITION,t,2026-09-25 08:02:37.451744+00,2026-09-25 09:20:19.773096+00,PAPER-SHORT-1790323357,"{""close_reason"": ""profitable_timeout""}"
5293,BCH/USDT,SELL,FUTURES,332.9,336.7,0.2290631,5,339.558,322.913,-4.352198900000014,-5.707419645539219,-4.321696857604014,0.030502042395999997,0,CLOSED,t,TRENDING,t,2026-09-25 08:05:42.218344+00,2026-09-25 09:20:19.708655+00,PAPER-SHORT-1790323542,"{""close_reason"": ""stop_loss""}"
5294,ARB/USDT,BUY,SPOT,0.2189,0.2229,45.68296026,1,0.214522,0.225467,0.18273184103999981,1.827318410232981,0.18673184104036541,0.004000000000365601,0,CLOSED,t,TRANSITION,t,2026-09-25 09:20:19.947846+00,2026-09-25 09:50:36.963148+00,PAPER-1790328019,"{""close_reason"": ""profitable_timeout""}"
5295,LDO/USDT,SELL,FUTURES,0.4494,0.4514,169.44327962,5,0.458388,0.435918,-1.6944327962000014,-2.2251891410769935,-1.6639736722555103,0.0304591239444912,0,CLOSED,t,TRENDING,t,2026-09-25 09:20:24.420389+00,2026-09-25 09:29:06.7726+00,PAPER-SHORT-1790328024,"{""close_reason"": ""stop_loss""}"
5296,TUT/USDT,SELL,FUTURES,0.026,0.02611,1464.38095886,5,0.02652,0.02522,-0.8054095273730177,-2.1153846153846625,-0.7901799654008738,0.015229561972143998,0,CLOSED,t,TRANSITION,t,2026-09-25 09:20:27.678541+00,2026-09-25 09:26:37.273587+00,PAPER-SHORT-1790328027,"{""close_reason"": ""stop_loss""}"
5297,ZEC/USDT,BUY,SPOT,1581.08,1587.37,0.00632479,1,1549.4584,1628.5124,0.03978292909999931,0.39782933184910885,0.04378292868927931,0.00399999958928,0,CLOSED,t,TRANSITION,t,2026-09-25 09:20:27.693076+00,2026-09-25 09:50:34.572107+00,PAPER-1790328027,"{""close_reason"": ""profitable_timeout""}"
5298,ONE/USDT,BUY,SPOT,0.00249,,4016.06425703,1,0.0024402,0.00261263,,,,0,0,CLOSED,t,TRANSITION,t,2026-09-25 09:20:27.703127+00,2026-09-25 11:53:15.887174+00,PAPER-1790328027,"{""entry_indicators"": {""adx"": 19.99, ""rsi"": 48.86, ""bb_pct"": 0.4242, ""regime"": ""TRANSITION"", ""atr_pct"": 3.2832, ""confidence"": 0.4959, ""funding_rate"": 0.0, ""predicted_change_pct"": 3.3703}}"
5299,XRP/USDT,SELL,FUTURES,1.5491,1.5553,24.57808078,5,1.580082,1.502627,-0.7619205041799979,-2.001161965011937,-0.7466909422054787,0.0152295619745192,0,CLOSED,t,TRANSITION,t,2026-09-25 09:20:27.718471+00,2026-09-25 09:26:44.913267+00,PAPER-SHORT-1790328027,"{""close_reason"": ""stop_loss""}"
5300,DOT/USDT,BUY,SPOT,1.165,1.174,8.58369099,1,1.1417,1.19995,0.0772532189099989,0.7725321888411907,0.0812532189113389,0.00400000000134,0,CLOSED,t,TRANSITION,t,2026-09-25 09:20:27.729521+00,2026-09-25 09:50:29.268988+00,PAPER-1790328027,"{""close_reason"": ""profitable_timeout""}"
5301,LSK/USDT,BUY,SPOT,0.353,,42.49646322,1,0.34594,0.36359,,,,0,0,CLOSED,t,TRENDING,t,2026-09-25 09:29:06.795042+00,2026-09-25 11:53:15.887174+00,PAPER-1790328546,"{""entry_indicators"": {""adx"": 30.62, ""rsi"": 39.62, ""bb_pct"": 0.5715, ""regime"": ""TRENDING"", ""atr_pct"": 1.7121, ""confidence"": 0.5054, ""funding_rate"": 0.0, ""predicted_change_pct"": 6.4617}}"
5302,DASH/USDT,BUY,SPOT,63.85,,0.15661707,1,62.573,65.7655,,,,0,0,CLOSED,t,TRANSITION,t,2026-09-25 09:29:06.808285+00,2026-09-25 11:53:15.887174+00,PAPER-1790328546,"{""entry_indicators"": {""adx"": 12.65, ""rsi"": 60.78, ""bb_pct"": 0.9643, ""regime"": ""TRANSITION"", ""atr_pct"": 0.7555, ""confidence"": 0.513, ""funding_rate"": 0.0, ""predicted_change_pct"": 0.5726}}"
5303,INJ/USDT,BUY,SPOT,8.131,,1.22986103,1,7.96838,8.37493,,,,0,0,CLOSED,t,TRANSITION,t,2026-09-25 09:29:06.824657+00,2026-09-25 11:53:15.887174+00,PAPER-1790328546,"{""entry_indicators"": {""adx"": 16.7, ""rsi"": 55.86, ""bb_pct"": 0.68, ""regime"": ""TRANSITION"", ""atr_pct"": 0.7989, ""confidence"": 0.5207, ""funding_rate"": 0.0, ""predicted_change_pct"": 0.132}}"
5304,LDO/USDT,SELL,FUTURES,0.453,0.4549,153.70961384,5,0.46206,0.43941,-1.4602413314800093,-2.097130242825621,-1.4323891494522014,0.027852182027808,0,CLOSED,t,TRENDING,t,2026-09-25 09:34:12.663019+00,2026-09-25 09:43:16.310742+00,PAPER-SHORT-1790328852,"{""close_reason"": ""stop_loss""}"
5305,ETH/USDT,BUY,SPOT,2705.67,,0.00369594,1,2651.5566,2786.8401,,,,0,0,CLOSED,t,TRANSITION,t,2026-09-25 09:43:19.51448+00,2026-09-25 11:53:15.887174+00,PAPER-1790329399,"{""entry_indicators"": {""adx"": 17.61, ""rsi"": 68.89, ""bb_pct"": 1.107, ""regime"": ""TRANSITION"", ""atr_pct"": 0.3313, ""confidence"": 0.7047, ""funding_rate"": 0.0, ""predicted_change_pct"": 3.0458}}"
5306,ARB/USDT,BUY,SPOT,0.22261124999999998,0.2221,44.94382022,1,0.21805,0.229175,-0.02297752808747404,-0.22966045067353003,-0.01897552808789425,0.00400199999957979,0,CLOSED,t,TRANSITION,t,2026-09-25 09:56:20.476379+00,2026-09-25 10:02:07.962908+00,PAPER-1790330180,"{""close_reason"": ""manual""}"
5307,LSK/USDT,BUY,SPOT,0.35167574999999995,0.3522,28.44950213,1,0.34447,0.362045,0.01491465149165452,0.14907197894653557,0.01891665149113226,0.004001999999477738,0,CLOSED,t,TRANSITION,t,2026-09-25 09:56:20.490591+00,2026-09-25 10:02:04.741504+00,PAPER-1790330180,"{""close_reason"": ""manual""}"
5308,ONE/USDT,BUY,SPOT,0.0024802394999999997,0.002487,4033.8846309,1,0.00242942,0.00257859,0.02727107704720152,0.27257448323037003,0.03127307704720196,0.00400200000000044,0,CLOSED,t,TRANSITION,t,2026-09-25 09:56:20.502608+00,2026-09-25 10:02:01.913867+00,PAPER-1790330180,"{""close_reason"": ""manual""}"
5309,ZEC/USDT,BUY,SPOT,1582.020615,1582.65,0.01044353,1,1549.6054,1628.6669,0.006573001129052578,0.03978361558836241,0.013181753030400957,0.00660875190134838,0,CLOSED,t,TRENDING,t,2026-09-25 09:56:20.512834+00,2026-09-25 10:01:59.361464+00,PAPER-1790330180,"{""close_reason"": ""manual""}"
5310,TUT/USDT,BUY,SPOT,0.025902944999999997,0.02584,386.24951719,1,0.0253722,0.0266667,-0.024312475859523362,-0.24300325696555714,-0.020310475859503713,0.0040020000000196496,0,CLOSED,t,TRANSITION,t,2026-09-25 09:56:20.524188+00,2026-09-25 10:01:56.638852+00,PAPER-1790330180,"{""close_reason"": ""manual""}"
5311,DASH/USDT,BUY,SPOT,63.65180999999999,63.45,0.15718328,1,62.3476,65.5286,-0.03172115773679843,-0.3170530421679918,-0.027719157627303707,0.00400200010949472,0,CLOSED,t,TRANSITION,t,2026-09-25 09:56:20.533847+00,2026-09-25 10:01:53.331028+00,PAPER-1790330180,"{""close_reason"": ""manual""}"
5312,DOT/USDT,BUY,SPOT,1.1705849999999998,1.168,8.54700855,1,1.1466,1.2051,-0.022094017101748423,-0.22082975606212418,-0.018092017100347725,0.004002000001400699,0,CLOSED,t,TRANSITION,t,2026-09-25 10:02:10.51503+00,2026-09-25 10:02:34.644663+00,PAPER-1790330530,"{""close_reason"": ""manual""}"
5313,ARB/USDT,BUY,SPOT,0.22171079999999999,0.223,45.12635379,1,0.217168,0.228248,0.05817689530606858,0.581478213961617,0.06217889530601415,0.0040019999999455725,0,CLOSED,t,TRANSITION,t,2026-09-25 10:34:26.502634+00,2026-09-25 11:25:17.263147+00,PAPER-1790332466,"{""close_reason"": ""profitable_timeout""}"
5314,LSK/USDT,BUY,SPOT,0.35257619999999995,0.3494,28.37684449,1,0.345352,0.362972,-0.09013053346913674,-0.9008549073930561,-0.08612853346982668,0.004001999999310055,0,CLOSED,t,TRANSITION,t,2026-09-25 10:34:28.877011+00,2026-09-25 11:34:43.688796+00,PAPER-1790332468,"{""close_reason"": ""negative_timeout""}"
5315,DASH/USDT,BUY,SPOT,63.49173,63.8,0.15757958,1,62.1908,65.3638,0.04857705712659933,0.48552780023476405,0.052579057185348686,0.00400200005874936,0,CLOSED,t,TRANSITION,t,2026-09-25 10:34:32.103837+00,2026-09-25 11:25:17.249165+00,PAPER-1790332472,"{""close_reason"": ""profitable_timeout""}"
5316,DOT/USDT,BUY,SPOT,1.1685839999999998,1.179,8.56164384,1,1.14464,1.20304,0.08917808223744177,0.8913351543406556,0.09318008223949079,0.004002000002049024,0,CLOSED,t,TRANSITION,t,2026-09-25 10:34:34.599682+00,2026-09-25 11:25:17.221943+00,PAPER-1790332474,"{""close_reason"": ""profitable_timeout""}"
5317,ONE/USDT,BUY,SPOT,0.0025182585,0.002473,3972.98371077,1,0.00246666,0.00261014,-0.1798112832738844,-1.797214225624577,-0.17580928327388118,0.004002000000003237,0,CLOSED,t,TRANSITION,t,2026-09-25 10:39:17.826176+00,2026-09-25 11:39:21.606781+00,PAPER-1790332757,"{""close_reason"": ""negative_timeout""}"
5318,ZEC/USDT,BUY,SPOT,1593.47634,1607.12,0.00910681,1,1560.8264,1640.4604,0.12425021932460005,0.856219804305347,0.13005481383175022,0.00580459450715016,0,CLOSED,t,TRENDING,t,2026-09-25 10:39:17.837251+00,2026-09-25 11:25:17.158108+00,PAPER-1790332757,"{""close_reason"": ""profitable_timeout""}"
5319,TUT/USDT,BUY,SPOT,0.026002994999999997,0.02613,384.76337053,1,0.0254702,0.0267697,0.048866871874163414,0.48842450648474145,0.05286887187419331,0.004002000000029895,0,CLOSED,t,TRANSITION,t,2026-09-25 10:39:17.846679+00,2026-09-25 11:25:17.113377+00,PAPER-1790332757,"{""close_reason"": ""profitable_timeout""}"
5320,ARB/USDT,BUY,SPOT,0.22341165,0.2263,44.7828034,1,0.218834,0.229999,0.12934841020038992,1.2928376832631594,0.13335041020007776,0.004001999999687844,0,CLOSED,t,TRANSITION,t,2026-09-25 11:30:19.414105+00,2026-09-25 11:41:34.445091+00,PAPER-1790335819,"{""close_reason"": ""manual""}"
5321,ZEC/USDT,BUY,SPOT,1606.993095,1610.16,0.00966263,1,1574.0662,1654.3757,0.030600631260151872,0.19707023072181862,0.036811743135967814,0.006211111875815941,0,CLOSED,t,TRENDING,t,2026-09-25 11:30:19.432541+00,2026-09-25 11:41:34.432773+00,PAPER-1790335819,"{""close_reason"": ""manual""}"
5322,TUT/USDT,BUY,SPOT,0.026193089999999995,,381.97097021,1,0.0256564,0.0269654,,,,0,0,CLOSED,t,TRANSITION,t,2026-09-25 11:30:19.444436+00,2026-09-25 11:53:15.887174+00,PAPER-1790335819,"{""entry_indicators"": {""adx"": 23.94, ""rsi"": 44.28, ""bb_pct"": 0.4635, ""regime"": ""TRANSITION"", ""atr_pct"": 0.7755, ""confidence"": 0.467, ""funding_rate"": 0.0, ""predicted_change_pct"": 0.659}}"
5323,DASH/USDT,BUY,SPOT,63.961965,64.69,0.15642109,1,62.6514,65.8479,0.11388002825815075,1.1382311347063911,0.11788202837168749,0.00400200011353674,0,CLOSED,t,TRANSITION,t,2026-09-25 11:30:19.455691+00,2026-09-25 11:41:39.516057+00,PAPER-1790335819,"{""close_reason"": ""manual""}"
5324,DOT/USDT,BUY,SPOT,1.188594,1.195,8.41750842,1,1.16424,1.22364,0.05392255893852039,0.5389561111700081,0.05792455893970498,0.004002000001184593,0,CLOSED,t,TRANSITION,t,2026-09-25 11:30:19.470829+00,2026-09-25 11:41:47.091419+00,PAPER-1790335819,"{""close_reason"": ""manual""}"
5325,ETH/USDT,SELL,FUTURES,2722.90437,,0.02337354,5,2780.1426,2643.8611,,,,0,0,CLOSED,t,TRENDING,t,2026-09-25 11:34:15.864001+00,2026-09-25 11:53:15.887174+00,PAPER-SHORT-1790336055,"{""entry_indicators"": {""adx"": 26.1, ""rsi"": 63.85, ""bb_pct"": 0.8241, ""regime"": ""TRENDING"", ""atr_pct"": 0.3974, ""confidence"": 0.92, ""funding_rate"": 0.0, ""predicted_change_pct"": -2.0302}}"
5326,VIRTUAL/USDT,SELL,FUTURES,0.7940052,0.8115066959999999,76.14377683,5,0.810696,0.770956,-1.254392579497436,-2.0747974950290264,-1.230209157597172,0.024183421900263805,0,CLOSED,t,TRENDING,t,2026-09-25 11:34:46.148656+00,2026-09-25 11:37:59.060345+00,PAPER-SHORT-1790336086,"{""close_reason"": ""stop_loss""}"
5327,PHA/USDT,SELL,FUTURES,0.06273719999999999,0.064120056,954.88196252,5,0.064056,0.05987975,-2.68703784253129,-4.4853770968420825,-2.6630751942676865,0.023962648263603895,0,CLOSED,t,TRENDING,t,2026-09-25 11:38:18.508679+00,2026-09-25 11:39:18.289115+00,PAPER-SHORT-1790336298,"{""close_reason"": ""stop_loss""}"
5328,NEAR/USDT,BUY,SPOT,5.014505999999999,,2.32554974,1,4.91176,5.16236,,,,0,0,CLOSED,t,TRENDING,t,2026-09-25 11:39:23.865842+00,2026-09-25 11:53:15.887174+00,PAPER-1790336363,"{""entry_indicators"": {""adx"": 49.2, ""rsi"": 79.08, ""bb_pct"": 0.8135, ""regime"": ""TRENDING"", ""atr_pct"": 1.3018, ""confidence"": 0.4932, ""funding_rate"": 0.0, ""predicted_change_pct"": 0.5083}}"
5329,LDO/USDT,SELL,FUTURES,0.4541454,0.4556,76.99076111,5,0.463692,0.440962,-0.5599538055530408,-1.6014694853234537,-0.5459678055527986,0.013986000000242157,0,CLOSED,t,TRANSITION,t,2026-09-25 11:39:32.058955+00,2026-09-25 11:41:19.762553+00,PAPER-SHORT-1790336372,"{""close_reason"": ""trade_switch""}"
5330,LSK/USDT,BUY,SPOT,0.34827405,,28.72737719,1,0.341138,0.358543,,,,0,0,CLOSED,t,TRANSITION,t,2026-09-25 11:41:19.777495+00,2026-09-25 11:53:15.887174+00,PAPER-1790336479,"{""entry_indicators"": {""adx"": 22.8, ""rsi"": 40.58, ""bb_pct"": 0.3621, ""regime"": ""TRANSITION"", ""atr_pct"": 1.2589, ""confidence"": 0.5054, ""funding_rate"": 0.0, ""predicted_change_pct"": 6.4617}}"
5331,LDO/USDT,SELL,FUTURES,0.45444510000000005,0.464461998,76.93998681,5,0.463998,0.441253,-0.7520499010743165,-2.1508648679454634,-0.7380639010743688,0.013985999999947651,0,CLOSED,t,TRANSITION,t,2026-09-25 11:41:42.03744+00,2026-09-25 11:44:15.052062+00,PAPER-SHORT-1790336502,"{""close_reason"": ""stop_loss""}"
5332,XRP/USDT,SELL,FUTURES,1.5822162000000002,1.5882,22.09874984,5,1.615476,1.536286,-0.661172496462946,-1.890955231023381,-0.6471864964643078,0.013985999998638164,0,CLOSED,t,TRANSITION,t,2026-09-25 11:41:42.053166+00,2026-09-25 11:47:24.186462+00,PAPER-SHORT-1790336502,"{""close_reason"": ""trade_switch""}"
5333,VIRTUAL/USDT,SELL,FUTURES,0.7977015,,80.62410685,5,0.81447,0.774545,,,,0,0,CLOSED,t,TRENDING,t,2026-09-25 11:42:59.709517+00,2026-09-25 11:53:15.887174+00,PAPER-SHORT-1790336579,"{""entry_indicators"": {""adx"": 36.74, ""rsi"": 67.8, ""bb_pct"": 0.8651, ""regime"": ""TRENDING"", ""atr_pct"": 0.9163, ""confidence"": 0.92, ""funding_rate"": 0.0, ""predicted_change_pct"": -3.0515}}"
5334,PHA/USDT,SELL,FUTURES,0.064935,0.06636629999999999,952.54727823,5,0.0663,0.06197745,-2.690946060999731,-4.35050435050432,-2.6662045979949847,0.02474146300474602,0,CLOSED,t,TRENDING,t,2026-09-25 11:44:24.992856+00,2026-09-25 11:44:29.806804+00,PAPER-SHORT-1790336664,"{""close_reason"": ""stop_loss""}"
5335,ONE/USDT,BUY,SPOT,0.0024962475,,4008.01603206,1,0.0024451,0.00257103,,,,0,0,CLOSED,t,TRANSITION,t,2026-09-25 11:44:25.003938+00,2026-09-25 11:53:15.887174+00,PAPER-1790336665,"{""entry_indicators"": {""adx"": 17.53, ""rsi"": 47.32, ""bb_pct"": 0.3968, ""regime"": ""TRANSITION"", ""atr_pct"": 2.0316, ""confidence"": 0.4959, ""funding_rate"": 0.0, ""predicted_change_pct"": 6.464}}"
5336,ARB/USDT,BUY,SPOT,0.2253126,,44.40497336,1,0.220696,0.231956,,,,0,0,CLOSED,t,TRANSITION,t,2026-09-25 11:46:37.464563+00,2026-09-25 11:53:15.887174+00,PAPER-1790336797,"{""entry_indicators"": {""adx"": 23.01, ""rsi"": 60.69, ""bb_pct"": 0.7441, ""regime"": ""TRANSITION"", ""atr_pct"": 0.832, ""confidence"": 0.5616, ""funding_rate"": 0.0, ""predicted_change_pct"": 1.6813}}"
5337,ZEC/USDT,BUY,SPOT,1609.8945449999999,,0.00685549,1,1576.9082,1657.3627,,,,0,0,CLOSED,t,TRENDING,t,2026-09-25 11:47:24.210062+00,2026-09-25 11:53:15.887174+00,PAPER-1790336844,"{""entry_indicators"": {""adx"": 43.72, ""rsi"": 65.49, ""bb_pct"": 0.7633, ""regime"": ""TRENDING"", ""atr_pct"": 0.7475, ""confidence"": 0.5143, ""funding_rate"": 0.0, ""predicted_change_pct"": 1.0356}}"
5338,VIRTUAL/USDT,SELL,FUTURES,0.7943049,0.811813002,94.32775751,5,0.811002,0.771247,-1.5540969688560025,-2.0742034954083723,-1.5241269688575205,0.029969999998481916,0,CLOSED,t,TRENDING,t,2026-09-25 11:54:17.155799+00,2026-09-25 12:01:53.081211+00,PAPER-SHORT-1790337257,"{""close_reason"": ""stop_loss""}"
5339,PHA/USDT,SELL,FUTURES,0.0620379,0.06340534199999999,1207.7294686,5,0.063342,0.05896302,-2.7904589372003,-3.724336252516607,-2.760488937200276,0.029970000000023977,0,CLOSED,t,TRENDING,t,2026-09-25 11:54:19.708345+00,2026-09-25 11:55:00.557034+00,PAPER-SHORT-1790337259,"{""close_reason"": ""stop_loss""}"
5340,LSK/USDT,BUY,SPOT,0.348174,0.34052965,28.73563218,1,0.34104,0.35844,-0.21477011491331968,-2.146627835507531,-0.21076811491386396,0.004001999999455727,0,CLOSED,t,TRANSITION,t,2026-09-25 11:54:22.437938+00,2026-09-25 12:14:06.082535+00,PAPER-1790337262,"{""close_reason"": ""stop_loss""}"
5341,SEI/USDT,SELL,FUTURES,0.06741252,0.06763,1111.44042679,5,0.0688296,0.0654556,-1.208580320091402,-1.6130534802733387,-1.1786103200914864,0.029969999999915765,0,CLOSED,t,TRENDING,t,2026-09-25 11:54:25.03575+00,2026-09-25 12:00:02.763963+00,PAPER-SHORT-1790337265,"{""close_reason"": ""trade_switch""}"
5342,LDO/USDT,SELL,FUTURES,0.4591404,0.4609,163.18537859,5,0.468792,0.445812,-1.4357049608347972,-1.9161894705845666,-1.4057349608348115,0.029969999999985612,0,CLOSED,t,TRENDING,t,2026-09-25 11:54:28.390972+00,2026-09-25 12:01:43.136778+00,PAPER-SHORT-1790337268,"{""close_reason"": ""trade_switch""}"
5343,ARB/USDT,BUY,SPOT,0.22471229999999998,0.2228,66.78539626,1,0.220108,0.231338,-0.12771371326799646,-0.8509992554924573,-0.12171071326799807,0.0060029999999983985,0,CLOSED,t,TRENDING,t,2026-09-25 11:54:30.712752+00,2026-09-25 12:16:43.516393+00,PAPER-1790337270,"{""close_reason"": ""negative_timeout""}"
5344,ZEC/USDT,BUY,SPOT,1600.5198599999999,1583.12,0.00937664,1,1567.7256,1647.7116,-0.16315222327039994,-1.0871380252663654,-0.15714922385437177,0.00600299941602816,0,CLOSED,t,TRENDING,t,2026-09-25 11:54:33.761654+00,2026-09-25 12:15:36.788195+00,PAPER-1790337273,"{""close_reason"": ""negative_timeout""}"
5345,TRUMP/USDT,SELL,FUTURES,2.098899,2.106,17.8486435,5,2.14302,2.03797,-0.6337160874675022,-1.6916011680409646,-0.6187310874700996,0.0149849999974026,0,CLOSED,t,TRANSITION,t,2026-09-25 11:54:36.230686+00,2026-09-25 12:00:37.942894+00,PAPER-SHORT-1790337276,"{""close_reason"": ""trade_switch""}"
5346,DASH/USDT,BUY,SPOT,63.821895,63.27,0.15676438,1,62.5142,65.7037,-0.08651747750009933,-0.8647424210766474,-0.0825154775800593,0.00400199992004004,0,CLOSED,t,TRANSITION,t,2026-09-25 11:59:47.833864+00,2026-09-25 12:16:13.488765+00,PAPER-1790337587,"{""close_reason"": ""negative_timeout""}"
5347,PHA/USDT,SELL,FUTURES,0.0630369,0.064426362,748.40084308,5,0.064362,0.05991251,-1.3587217306117068,-2.8800591399639823,-1.339850982969647,0.018870747642059864,0,CLOSED,t,TRENDING,t,2026-09-25 12:00:02.776201+00,2026-09-25 12:00:32.849972+00,PAPER-SHORT-1790337602,"{""close_reason"": ""stop_loss""}"
5348,SEI/USDT,SELL,FUTURES,0.06764229000000001,0.06666,711.93062458,5,0.0690642,0.0656787,3.496611666093479,7.260916210849829,3.515874313200568,0.0192626471070886,0,CLOSED,t,TRENDING,t,2026-09-25 12:00:32.897633+00,2026-09-25 12:16:13.476983+00,PAPER-SHORT-1790337632,"{""close_reason"": ""trailing_stop""}"
5349,NEAR/USDT,BUY,SPOT,5.0355165,5.006,1.98688655,1,4.93234,5.18399,-0.05864593685307425,-0.5861662850275562,-0.05464393685061302,0.00400200000246123,0,CLOSED,t,TRENDING,t,2026-09-25 12:00:37.967498+00,2026-09-25 12:15:57.52371+00,PAPER-1790337637,"{""close_reason"": ""negative_timeout""}"
5350,LDO/USDT,SELL,FUTURES,0.4604391,0.4521,99.75989339,5,0.470118,0.447073,4.15953863484274,9.055594974449377,4.177911977054174,0.01837334221143502,0,CLOSED,t,TRENDING,t,2026-09-25 12:01:43.156193+00,2026-09-25 12:17:28.466954+00,PAPER-SHORT-1790337703,"{""close_reason"": ""trailing_stop""}"
5351,PHA/USDT,SELL,FUTURES,0.06433559999999999,0.06575368799999999,754.55310728,5,0.065688,0.06114684,-0.9975192078242046,-2.0548498809369296,-0.9781013570687153,0.019417850755489265,0,CLOSED,t,TRENDING,t,2026-09-25 12:05:37.019636+00,2026-09-25 12:07:25.016892+00,PAPER-SHORT-1790337937,"{""close_reason"": ""stop_loss""}"
5352,ETH/USDT,SELL,FUTURES,2720.48679,2691.57,0.016951,5,2777.6742,2641.5137,2.45084253644998,5.314635253200359,2.4692885250808962,0.018445988630916,0,CLOSED,t,TRENDING,t,2026-09-25 12:07:44.602457+00,2026-09-25 12:17:48.438988+00,PAPER-SHORT-1790338064,"{""close_reason"": ""manual""}"
5353,VIRTUAL/USDT,SELL,FUTURES,0.7897095,0.7926,56.80587477,5,0.80631,0.766785,-0.8209869051134301,-1.8301033481299251,-0.8030428495287584,0.017944055584671725,0,CLOSED,t,TRENDING,t,2026-09-25 12:14:06.102895+00,2026-09-25 12:14:21.291611+00,PAPER-SHORT-1790338446,"{""close_reason"": ""trade_switch""}"
5354,PHA/USDT,SELL,FUTURES,0.0674325,0.0703703,668.17308922,5,0.06885,0.06418623,-9.579931666691733,-21.262002743484185,-9.561909033956201,0.018022632735531063,0,CLOSED,t,TRENDING,t,2026-09-25 12:14:21.303465+00,2026-09-25 12:15:28.192161+00,PAPER-SHORT-1790338461,"{""close_reason"": ""stop_loss""}"
5355,VIRTUAL/USDT,SELL,FUTURES,0.7833159000000001,0.7886,45.18861152,1,0.791941,0.760577,-0.2387811421328276,-0.6745809704615855,-0.22462235897181193,0.014158783161015669,0,CLOSED,t,TRENDING,t,2026-09-25 12:22:31.38674+00,2026-09-25 12:30:34.525376+00,PAPER-SHORT-1790338951,"{""close_reason"": ""negative_timeout""}"
5356,ETH/USDT,SELL,FUTURES,2714.65263,2713.53,0.01302447,1,2744.5437,2635.8489,0.014621660756097976,0.04135446235711729,0.028764425452040415,0.014142764695942441,0,CLOSED,t,TRENDING,t,2026-09-25 12:30:39.565066+00,2026-09-25 13:00:42.615909+00,PAPER-SHORT-1790339439,"{""close_reason"": ""profitable_timeout""}"
5357,VIRTUAL/USDT,SELL,FUTURES,0.7896096,0.793793,72.77047683,5,0.806208,0.766688,-1.5221400638530915,-2.6490306095568927,-1.4991559570124733,0.022984106840618232,0,CLOSED,t,TRENDING,t,2026-09-25 12:57:49.860425+00,2026-09-25 13:08:25.388242+00,PAPER-SHORT-1790341069,"{""close_reason"": ""stop_loss""}"
5358,ETH/USDT,SELL,FUTURES,2718.26901,,0.0233259,5,2775.4098,2639.3603,,,,0,0,CLOSED,t,TRENDING,t,2026-09-25 13:05:44.903242+00,2026-09-25 13:18:46.227868+00,PAPER-SHORT-1790341544,"{""entry_indicators"": {""adx"": 25.78, ""rsi"": 47.54, ""bb_pct"": 0.4112, ""regime"": ""TRENDING"", ""atr_pct"": 0.4442, ""confidence"": 0.92, ""funding_rate"": 0.0, ""predicted_change_pct"": -2.3187}}"
5359,VIRTUAL/USDT,SELL,FUTURES,0.7896096,0.7936928999999999,79.3398539,5,0.806208,0.766688,-1.6198421271493106,-2.5856448553816347,-1.5947831230284957,0.025059004120814975,0,CLOSED,t,TRENDING,t,2026-09-25 13:13:27.671047+00,2026-09-25 13:16:05.194432+00,PAPER-SHORT-1790342007,"{""close_reason"": ""stop_loss""}"
5360,XRP/USDT,SELL,FUTURES,1.595403,,38.95863902,5,1.62894,1.54909,,,,0,0,CLOSED,t,TRENDING,t,2026-09-25 13:18:25.693205+00,2026-09-25 13:18:46.227868+00,PAPER-SHORT-1790342305,"{""entry_indicators"": {""adx"": 27.71, ""rsi"": 64.34, ""bb_pct"": 0.8135, ""regime"": ""TRENDING"", ""atr_pct"": 0.8513, ""confidence"": 0.791, ""funding_rate"": 0.0, ""predicted_change_pct"": -0.1386}}"
5361,ETH/USDT,SELL,FUTURES,2709.71757,2682.39,0.02765048,5,2766.6786,2631.0571,3.7781021386679896,5.0425126039980475,3.808072135257963,0.029969996589973444,0,CLOSED,t,TRENDING,t,2026-09-25 13:19:06.11477+00,2026-09-25 13:47:10.194392+00,PAPER-SHORT-1790342346,"{""close_reason"": ""manual""}"
5362,VIRTUAL/USDT,SELL,FUTURES,0.7878113999999999,0.7843,95.10524981,5,0.804372,0.764942,1.6697628709141425,2.2285790736208835,1.699732870914209,0.029970000000066336,0,CLOSED,t,TRENDING,t,2026-09-25 13:19:06.127524+00,2026-09-25 13:41:07.970689+00,PAPER-SHORT-1790342346,"{""close_reason"": ""manual""}"
5363,XRP/USDT,SELL,FUTURES,1.5957027,1.6049032999999997,46.95423527,5,1.629246,1.549381,-2.1600356851257585,-2.8829305108024768,-2.130065685127049,0.02996999999870969,0,CLOSED,t,TRENDING,t,2026-09-25 13:19:06.143086+00,2026-09-25 13:36:06.548952+00,PAPER-SHORT-1790342346,"{""close_reason"": ""stop_loss""}"
5364,SEI/USDT,SELL,FUTURES,0.06912081,0.06829,921.21365699,5,0.0705738,0.0671143,3.8267675918193156,6.009839873114922,3.852237605481,0.025470013661684388,0,CLOSED,t,TRENDING,t,2026-09-25 13:21:33.026228+00,2026-09-25 13:31:54.834655+00,PAPER-SHORT-1790342493,"{""close_reason"": ""trailing_stop""}"
5365,BTC/USDT,SELL,FUTURES,84177.738,83852.11,0.00041537,5,85947.24,81734.14,0.6762805117999936,1.9341693405921467,0.6902664746132176,0.013985962813223998,0,CLOSED,t,TRANSITION,t,2026-09-25 13:21:33.040658+00,2026-09-25 13:51:34.678892+00,PAPER-SHORT-1790342493,"{""close_reason"": ""profitable_timeout""}"
5366,SEI/USDT,SELL,FUTURES,0.0687312,0.06912905999999999,958.88056547,5,0.070176,0.066736,-1.9075011088894036,-2.894318737341891,-1.881139104120831,0.02636200476857267,0,CLOSED,t,TRENDING,t,2026-09-25 13:36:57.710244+00,2026-09-25 13:38:06.889058+00,PAPER-SHORT-1790343417,"{""close_reason"": ""stop_loss""}"
5367,XRP/USDT,SELL,FUTURES,1.5945039,1.5769,40.9760047,5,1.628022,1.548217,3.6066874456916738,5.520180916459381,3.632822005411901,0.026134559720227334,0,CLOSED,t,TRENDING,t,2026-09-25 13:41:08.006872+00,2026-09-25 13:47:10.179803+00,PAPER-SHORT-1790343668,"{""close_reason"": ""manual""}"
5368,SOL/USDT,SELL,FUTURES,119.75013,118.55,0.4417623,5,122.2674,116.2739,2.6508609454950034,5.010975770965766,2.672021382636643,0.0211604371416396,0,CLOSED,t,TRENDING,t,2026-09-25 13:41:28.180853+00,2026-09-25 13:47:30.350478+00,PAPER-SHORT-1790343688,"{""close_reason"": ""manual""}"
5369,SEI/USDT,SELL,FUTURES,0.06877116,0.06798,738.43363459,5,0.0702168,0.0667748,2.9210957717111183,5.752120510981631,2.9414089467646267,0.02031317505350817,0,CLOSED,t,TRENDING,t,2026-09-25 13:43:14.381971+00,2026-09-25 13:47:05.122481+00,PAPER-SHORT-1790343794,"{""close_reason"": ""manual""}"
5370,SEI/USDT,SELL,FUTURES,0.06807186000000001,0.06718,915.85487831,5,0.0695028,0.0660958,4.0840716588478205,6.550871387971535,4.109009236870475,0.024937578022654148,0,CLOSED,t,TRENDING,t,2026-09-25 13:52:12.696974+00,2026-09-25 14:06:11.542512+00,PAPER-SHORT-1790344332,"{""close_reason"": ""trailing_stop""}"
5371,XRP/USDT,SELL,FUTURES,1.5814169999999999,1.5905889999999998,39.42283728,5,1.61466,1.53551,-1.807931317660792,-2.8999308847697853,-1.7829937396356617,0.024937578025130306,0,CLOSED,t,TRENDING,t,2026-09-25 13:52:12.718059+00,2026-09-25 13:54:27.697392+00,PAPER-SHORT-1790344332,"{""close_reason"": ""stop_loss""}"
5372,SOL/USDT,SELL,FUTURES,119.05083,119.77965999999998,0.4817392,5,121.5534,115.5949,-1.7555299056799365,-3.061003438615143,-1.732589325038522,0.0229405806414144,0,CLOSED,t,TRENDING,t,2026-09-25 13:52:35.399998+00,2026-09-25 13:54:25.355+00,PAPER-SHORT-1790344355,"{""close_reason"": ""stop_loss""}"
5373,PHA/USDT,SELL,FUTURES,0.0757242,0.0763763,779.1695162,5,0.077316,0.071252,-2.540482207570056,-4.305756944279297,-2.5168814122586034,0.02360079531145282,0,CLOSED,t,TRENDING,t,2026-09-25 13:55:36.202873+00,2026-09-25 13:57:02.6114+00,PAPER-SHORT-1790344536,"{""close_reason"": ""stop_loss""}"
5374,VIRTUAL/USDT,SELL,FUTURES,0.7814178,0.7621,75.50632745,5,0.797844,0.758734,7.2930806620680695,12.36073711144029,7.316681457380893,0.023600795312823445,0,CLOSED,t,TRENDING,t,2026-09-25 13:55:38.893977+00,2026-09-25 14:05:51.721303+00,PAPER-SHORT-1790344538,"{""close_reason"": ""trailing_stop""}"
5375,LDO/USDT,SELL,FUTURES,0.4501494,0.4449,77.67421216,5,0.459612,0.437082,2.0387150465635044,5.830730864019768,2.052701046563223,0.013985999999718682,0,CLOSED,t,TRANSITION,t,2026-09-25 13:55:41.251787+00,2026-09-25 14:04:09.2897+00,PAPER-SHORT-1790344541,"{""close_reason"": ""trailing_stop""}"
5376,TRUMP/USDT,SELL,FUTURES,2.10789,2.073,16.58767773,5,2.1522,2.0467,2.8937203799984883,8.276048560408718,2.907706380002604,0.013986000004115878,0,CLOSED,t,TRANSITION,t,2026-09-25 13:55:43.971325+00,2026-09-25 14:05:26.512638+00,PAPER-SHORT-1790344543,"{""close_reason"": ""trailing_stop""}"
5377,ZRO/USDT,SELL,FUTURES,1.571427,1.547,22.2504768,5,1.60446,1.52581,2.717561983967997,7.77223504496231,2.7315479839705548,0.013986000002557442,0,CLOSED,t,TRANSITION,t,2026-09-25 13:55:46.304596+00,2026-09-25 14:05:24.15799+00,PAPER-SHORT-1790344546,"{""close_reason"": ""trailing_stop""}"
5378,HBAR/USDT,SELL,FUTURES,0.09444546,0.09316,370.21366617,5,0.0964308,0.0917038,2.3794742965744193,6.80530329356217,2.3934602965743044,0.013985999999884834,0,CLOSED,t,TRANSITION,t,2026-09-25 13:55:48.970364+00,2026-09-25 14:06:09.177848+00,PAPER-SHORT-1790344548,"{""close_reason"": ""trailing_stop""}"
5379,BTC/USDT,SELL,FUTURES,83916,83999.99,0.00041667,5,85680,81480,-0.1749805665000109,-0.500440917107615,-0.1609944546120109,0.013986111888,0,CLOSED,t,RANGING,t,2026-09-25 13:56:37.477245+00,2026-09-25 14:59:34.285924+00,PAPER-SHORT-1790344597,"{""close_reason"": ""negative_timeout""}"
5380,ETH/USDT,SELL,FUTURES,2692.18512,2695.38,0.01298759,5,2748.7776,2614.0336,-0.20746895769600077,-0.5933618710439964,-0.19348295907893645,0.013985998617064321,0,CLOSED,t,TRANSITION,t,2026-09-25 13:59:41.5688+00,2026-09-25 14:34:44.24346+00,PAPER-SHORT-1790344781,"{""close_reason"": ""negative_timeout""}"
5381,XRP/USDT,SELL,FUTURES,1.5808176,1.583,31.03991948,5,1.614048,1.534928,-0.3387076013657472,-0.6902757155537481,-0.3190802209591204,0.01962738040662674,0,CLOSED,t,TRENDING,t,2026-09-25 13:59:44.242586+00,2026-09-25 14:34:21.594817+00,PAPER-SHORT-1790344784,"{""close_reason"": ""negative_timeout""}"
5382,PHA/USDT,SELL,FUTURES,0.0745254,0.07507499999999999,613.26418245,5,0.076092,0.070124,-1.6852499733725494,-3.6873334460464715,-1.6669684699714458,0.018281503401103696,0,CLOSED,t,TRENDING,t,2026-09-25 14:02:10.99131+00,2026-09-25 14:03:23.320587+00,PAPER-SHORT-1790344930,"{""close_reason"": ""stop_loss""}"
5383,SEI/USDT,SELL,FUTURES,0.066933,0.06742735999999999,893.78303992,5,0.06834,0.06499,-2.20925291807419,-3.692946678021195,-2.185323485989804,0.023929432084386144,0,CLOSED,t,TRENDING,t,2026-09-25 14:11:16.106846+00,2026-09-25 14:11:59.534953+00,PAPER-SHORT-1790345476,"{""close_reason"": ""stop_loss""}"
5384,SEI/USDT,SELL,FUTURES,0.06727266,0.06639,881.73322008,5,0.0686868,0.0653198,3.8913532201790355,6.560317371128134,3.9150798358290944,0.023726615650058805,0,CLOSED,t,TRENDING,t,2026-09-25 14:17:07.517107+00,2026-09-25 14:42:33.124206+00,PAPER-SHORT-1790345827,"{""close_reason"": ""trailing_stop""}"
5385,XRP/USDT,SELL,FUTURES,1.5915069,1.5745,37.76296193,5,1.624962,1.545307,3.2111545862365727,5.343017991313746,3.2351945920269856,0.02404000579041293,0,CLOSED,t,TRENDING,t,2026-09-25 14:39:23.872204+00,2026-09-25 14:53:32.974417+00,PAPER-SHORT-1790347163,"{""close_reason"": ""trailing_stop""}"
5386,ETH/USDT,SELL,FUTURES,2694.01329,2697.31,0.01297878,5,2750.6442,2615.8087,-0.21393636906900493,-0.6118585257610358,-0.19995036674581046,0.01398600232319448,0,CLOSED,t,TRANSITION,t,2026-09-25 14:39:46.338597+00,2026-09-25 15:12:53.08503+00,PAPER-SHORT-1790347186,"{""close_reason"": ""negative_timeout""}"
5387,SEI/USDT,SELL,FUTURES,0.06630363,0.06672666,895.68351911,5,0.0676974,0.0643789,-1.894504995445476,-3.1900968318023533,-1.870750167986209,0.02375482745926695,0,CLOSED,t,TRENDING,t,2026-09-25 14:47:38.153712+00,2026-09-25 14:47:58.262579+00,PAPER-SHORT-1790347658,"{""close_reason"": ""stop_loss""}"
5388,SEI/USDT,SELL,FUTURES,0.06639354,0.06679672999999998,887.77501741,5,0.0677892,0.0644662,-1.789710046347618,-3.03636468246748,-1.7661330358958536,0.023577010451764614,0,CLOSED,t,TRENDING,t,2026-09-25 14:53:04.439319+00,2026-09-25 14:54:18.378701+00,PAPER-SHORT-1790347984,"{""close_reason"": ""stop_loss""}"
5389,XRP/USDT,SELL,FUTURES,1.5826158000000001,1.5905889999999998,38.86218436,5,1.615884,1.536674,-1.549279841695698,-2.518994186712808,-1.5246782788994386,0.02460156279625956,0,CLOSED,t,TRENDING,t,2026-09-25 14:58:33.48088+00,2026-09-25 14:59:55.256696+00,PAPER-SHORT-1790348313,"{""close_reason"": ""stop_loss""}"
5390,SEI/USDT,SELL,FUTURES,0.06735258,0.06637,876.60035413,5,0.0687684,0.0653974,4.306649879805263,7.2943011240252185,4.33026639799709,0.02361651819182766,0,CLOSED,t,TRENDING,t,2026-09-25 14:59:18.882715+00,2026-09-25 15:21:58.506485+00,PAPER-SHORT-1790348358,"{""close_reason"": ""manual""}"
5391,VIRTUAL/USDT,SELL,FUTURES,0.7789202999999999,0.7689,74.46450247,5,0.795294,0.756309,3.730783270500657,6.432172842330513,3.7539840355419702,0.023200765041313253,0,CLOSED,t,TRENDING,t,2026-09-25 14:59:45.15732+00,2026-09-25 15:40:58.74624+00,PAPER-SHORT-1790348385,"{""close_reason"": ""trailing_stop""}"
5392,LDO/USDT,SELL,FUTURES,0.4539456,0.456456,77.02464789,5,0.463488,0.440768,-0.9668133803152678,-2.7650890326946316,-0.9528273803147819,0.013986000000485914,0,CLOSED,t,TRANSITION,t,2026-09-25 14:59:45.168864+00,2026-09-25 15:02:09.220887+00,PAPER-SHORT-1790348385,"{""close_reason"": ""stop_loss""}"
5393,BTC/USDT,SELL,FUTURES,83714.21199,83823.51,0.00068723,5,85473.9702,81284.0697,-0.3755643570614952,-0.6528043888954883,-0.35255198989914016,0.02301236716235508,0,CLOSED,t,TRENDING,t,2026-09-25 15:04:38.050737+00,2026-09-25 16:00:05.664031+00,PAPER-SHORT-1790348678,"{""close_reason"": ""negative_timeout""}"
5394,XRP/USDT,SELL,FUTURES,1.5817166999999999,1.5896880999999998,34.91602089,5,1.614966,1.535801,-1.3916478446127234,-2.5198570641632485,-1.3695569432770187,0.022090901335704745,0,CLOSED,t,TRENDING,t,2026-09-25 15:05:00.561416+00,2026-09-25 15:09:19.911918+00,PAPER-SHORT-1790348700,"{""close_reason"": ""stop_loss""}"
5395,LDO/USDT,SELL,FUTURES,0.4541454,0.45665619999999996,76.99076111,5,0.463692,0.440962,-0.9665420149749322,-2.7643129270933713,-0.95255601497469,0.013986000000242157,0,CLOSED,t,TRANSITION,t,2026-09-25 15:07:12.468508+00,2026-09-25 15:11:21.92034+00,PAPER-SHORT-1790348832,"{""close_reason"": ""stop_loss""}"
5396,LDO/USDT,SELL,FUTURES,0.4568427,0.4592587999999999,76.53619068,5,0.466446,0.443581,-0.92459545150971,-2.6443456358172313,-0.9106094515105236,0.013985999999186417,0,CLOSED,t,TRANSITION,t,2026-09-25 15:16:29.033511+00,2026-09-25 15:23:30.744353+00,PAPER-SHORT-1790349389,"{""close_reason"": ""stop_loss""}"
5397,ETH/USDT,SELL,FUTURES,2694.97233,,0.01297416,5,2751.6234,2616.7399,,,,0,0,CLOSED,t,TRANSITION,t,2026-09-25 15:17:54.18314+00,2026-09-26 08:07:59.59538+00,PAPER-SHORT-1790349474,"{""entry_indicators"": {""adx"": 22.24, ""rsi"": 47.18, ""bb_pct"": 0.2824, ""regime"": ""TRANSITION"", ""atr_pct"": 0.5546, ""confidence"": 1.0, ""funding_rate"": 0.0, ""predicted_change_pct"": -2.3994}}"
5398,SEI/USDT,SELL,FUTURES,0.06645348,0.06694687999999999,865.49817622,5,0.0678504,0.0645244,-2.135184000734702,-3.712371421331066,-2.112177854437313,0.0230061462973889,0,CLOSED,t,TRENDING,t,2026-09-25 15:26:59.227917+00,2026-09-25 15:32:09.257136+00,PAPER-SHORT-1790350019,"{""close_reason"": ""stop_loss""}"
5399,LDO/USDT,SELL,FUTURES,0.45654300000000003,0.4589585,76.58643326,5,0.46614,0.44329,-0.9249726476976344,-2.645424417853257,-0.9109866476977063,0.013985999999928075,0,CLOSED,t,TRANSITION,t,2026-09-25 15:28:31.296227+00,2026-09-25 15:32:09.241694+00,PAPER-SHORT-1790350111,"{""close_reason"": ""stop_loss""}"
5400,SEI/USDT,SELL,FUTURES,0.06685308,0.06728722,849.64725504,5,0.0682584,0.0649124,-1.844329296515326,-3.246970820192574,-1.821608682150138,0.02272061436518781,0,CLOSED,t,TRENDING,t,2026-09-25 15:37:09.710146+00,2026-09-25 16:01:02.254039+00,PAPER-SHORT-1790350629,"{""close_reason"": ""stop_loss""}"
5401,LDO/USDT,SELL,FUTURES,0.45854100000000003,0.4538,76.25272331,5,0.46818,0.44523,1.8075708060635693,5.169657675104354,1.8215568060632856,0.013985999999716284,0,CLOSED,t,TRANSITION,t,2026-09-25 15:37:09.720911+00,2026-09-25 15:51:26.021584+00,PAPER-SHORT-1790350629,"{""close_reason"": ""trailing_stop""}"
5402,VIRTUAL/USDT,SELL,FUTURES,0.7654337999999999,0.7696689,73.3399432,5,0.781524,0.743214,-1.553009967231617,-2.766470464199548,-1.530555218665473,0.02245474856614406,0,CLOSED,t,TRENDING,t,2026-09-25 15:46:06.137149+00,2026-09-25 15:47:13.188814+00,PAPER-SHORT-1790351166,"{""close_reason"": ""stop_loss""}"
5403,VIRTUAL/USDT,SELL,FUTURES,0.7605387,0.7646639,75.58809021,5,0.776526,0.738461,-1.5590799486714375,-2.7120250422496186,-1.5360848815259192,0.022995067145518456,0,CLOSED,t,TRENDING,t,2026-09-25 15:52:17.510202+00,2026-09-25 15:55:15.489048+00,PAPER-SHORT-1790351537,"{""close_reason"": ""stop_loss""}"
5404,LDO/USDT,SELL,FUTURES,0.45614340000000003,0.4598593999999999,76.65352606,5,0.465732,0.442902,-1.4242225141947567,-4.073280463994312,-1.4102365141951578,0.013985999999598804,0,CLOSED,t,TRANSITION,t,2026-09-25 15:56:26.862541+00,2026-09-25 15:56:52.340736+00,PAPER-SHORT-1790351786,"{""close_reason"": ""stop_loss""}"
5405,VIRTUAL/USDT,SELL,FUTURES,0.7695297,0.7735728,76.60668685,5,0.785706,0.747191,-1.548642478016162,-2.626994123813523,-1.5250620297162922,0.02358044829986978,0,CLOSED,t,TRENDING,t,2026-09-25 16:00:16.53426+00,2026-09-25 16:01:37.617849+00,PAPER-SHORT-1790352016,"{""close_reason"": ""stop_loss""}"
5406,SEI/USDT,SELL,FUTURES,0.06792200999999999,0.06828822,889.52189595,5,0.0693498,0.0659503,-1.628759067579273,-2.695812447246524,-1.604591821534499,0.02416724604477394,0,CLOSED,t,TRENDING,t,2026-09-25 16:06:03.418141+00,2026-09-25 16:09:48.36305+00,PAPER-SHORT-1790352363,"{""close_reason"": ""stop_loss""}"
5407,VIRTUAL/USDT,SELL,FUTURES,0.7721271000000001,0.7760752999999999,75.11584377,5,0.788358,0.749713,-1.482861871863512,-2.5567034235683774,-1.4596622804178387,0.02319959144567327,0,CLOSED,t,TRENDING,t,2026-09-25 16:06:38.77318+00,2026-09-25 16:31:12.81459+00,PAPER-SHORT-1790352398,"{""close_reason"": ""stop_loss""}"
5408,SEI/USDT,SELL,FUTURES,0.06828165,0.06903896999999999,845.06595242,5,0.069717,0.0662995,-3.1999267354335377,-5.545560190768617,-3.176845736397514,0.02308099903602364,0,CLOSED,t,TRENDING,t,2026-09-25 16:14:49.446447+00,2026-09-25 16:30:54.405299+00,PAPER-SHORT-1790352889,"{""close_reason"": ""stop_loss""}"
5409,PHA/USDT,SELL,FUTURES,0.07582409999999999,0.07687679999999998,730.53414683,5,0.077418,0.071346,-3.8451664818396676,-6.941724333028613,-3.8230096441586063,0.022156837681061043,0,CLOSED,t,TRENDING,t,2026-09-25 16:31:02.4742+00,2026-09-25 16:31:57.495067+00,PAPER-SHORT-1790353862,"{""close_reason"": ""stop_loss""}"
5410,LDO/USDT,SELL,FUTURES,0.4656339,0.4685681,75.09118215,5,0.475422,0.452117,-1.1016627333226494,-3.1507585680509926,-1.0876767333226034,0.013986000000045955,0,CLOSED,t,TRANSITION,t,2026-09-25 16:31:02.485518+00,2026-09-25 16:31:47.399215+00,PAPER-SHORT-1790353862,"{""close_reason"": ""stop_loss""}"
5411,TRUMP/USDT,SELL,FUTURES,2.115882,2.118,16.52502361,5,2.16036,2.05446,-0.175000000029887,-0.5005005005004632,-0.16101400002749738,0.013986000002389611,0,CLOSED,t,TRANSITION,t,2026-09-25 16:31:02.495602+00,2026-09-25 20:23:23.969143+00,PAPER-SHORT-1790353862,"{""close_reason"": ""negative_timeout""}"
5412,BCH/USDT,SELL,FUTURES,338.4612,341.74139999999994,0.16365862,5,345.576,328.636,-2.6841650266199366,-4.845754845754731,-2.662008189453719,0.022156837166217604,0,CLOSED,t,TRENDING,t,2026-09-25 16:31:02.504553+00,2026-09-25 20:22:30.223863+00,PAPER-SHORT-1790353862,"{""close_reason"": ""stop_loss""}"
5413,XRP/USDT,SELL,FUTURES,1.5753230999999999,1.556,22.19544676,5,1.608438,1.529593,2.144424186440759,6.133059307008136,2.1584101864390983,0.013985999998339263,0,CLOSED,t,TRANSITION,t,2026-09-25 16:31:02.513+00,2026-09-26 04:34:22.464477+00,PAPER-SHORT-1790353862,"{""close_reason"": ""trailing_stop""}"
5414,SOL/USDT,SELL,FUTURES,121.16871,121.78165999999999,0.2885646,5,123.7158,117.6513,-0.8843783578499764,-2.5293246086385817,-0.87039235771651,0.013986000133466403,0,CLOSED,t,TRANSITION,t,2026-09-25 16:31:02.524017+00,2026-09-25 16:37:13.29453+00,PAPER-SHORT-1790353862,"{""close_reason"": ""stop_loss""}"
5415,ZRO/USDT,SELL,FUTURES,1.55844,1.5675659999999998,22.43589744,5,1.5912,1.5132,-1.0237500001871715,-2.927927927927846,-1.0097640001846142,0.013986000002557442,0,CLOSED,t,TRANSITION,t,2026-09-25 16:31:02.534577+00,2026-09-25 16:32:43.346867+00,PAPER-SHORT-1790353862,"{""close_reason"": ""stop_loss""}"
5416,PAXG/USDT,SELL,FUTURES,4275.46026,4284.01,0.00817807,5,4365.3348,4151.3478,-0.3496018610090157,-0.9998619423491475,-0.3356158556936164,0.013986005315399282,0,CLOSED,t,TRANSITION,t,2026-09-25 16:35:34.7606+00,2026-09-25 20:22:30.201637+00,PAPER-SHORT-1790354134,"{""close_reason"": ""negative_timeout""}"
5417,SEI/USDT,SELL,FUTURES,0.068931,0.06944937999999999,722.79247582,5,0.07038,0.066333,-1.8734058180778037,-3.760136948542636,-1.8534766948175043,0.019929123260299372,0,CLOSED,t,TRENDING,t,2026-09-25 16:35:58.633323+00,2026-09-25 16:42:10.541992+00,PAPER-SHORT-1790354158,"{""close_reason"": ""stop_loss""}"
5418,VIRTUAL/USDT,SELL,FUTURES,0.7727265,0.7767759999999999,61.89500023,5,0.78897,0.74971168,-1.2532190171569029,-2.6202673261496328,-1.234087854398812,0.01913116275809084,0,CLOSED,t,TRENDING,t,2026-09-25 16:36:27.903671+00,2026-09-25 16:42:10.531068+00,PAPER-SHORT-1790354187,"{""close_reason"": ""stop_loss""}"
5419,PHA/USDT,SELL,FUTURES,0.08021969999999999,0.08078069999999998,572.33923005,5,0.081906,0.075482,-1.6054115402902271,-3.4966473322637217,-1.5870463877570904,0.01836515253313679,0,CLOSED,t,TRENDING,t,2026-09-25 16:37:26.636163+00,2026-09-25 16:37:37.243642+00,PAPER-SHORT-1790354246,"{""close_reason"": ""stop_loss""}"
5420,LDO/USDT,SELL,FUTURES,0.46972980000000003,0.4623,74.43641004,5,0.479604,0.45294317,2.765238196575976,7.908589150613866,2.779224196576299,0.013986000000322879,0,CLOSED,t,TRANSITION,t,2026-09-25 16:38:29.051685+00,2026-09-25 16:46:17.397533+00,PAPER-SHORT-1790354309,"{""close_reason"": ""trailing_stop""}"
5421,ZRO/USDT,SELL,FUTURES,1.543455,1.5774758999999998,22.65372168,5,1.5759,1.47927809,-3.8534999995155372,-11.021021021020957,-3.8395139995172953,0.01398599999824176,0,CLOSED,t,TRANSITION,t,2026-09-25 16:38:31.620542+00,2026-09-25 20:22:30.18948+00,PAPER-SHORT-1790354311,"{""close_reason"": ""stop_loss""}"
5422,SOL/USDT,SELL,FUTURES,121.54833,121.74,0.38751804,5,124.1034,118.0199,-0.3713779136339763,-0.788451803492437,-0.35253704539122704,0.018840868242749283,0,CLOSED,t,TRENDING,t,2026-09-25 16:42:15.63342+00,2026-09-25 20:22:30.173691+00,PAPER-SHORT-1790354535,"{""close_reason"": ""negative_timeout""}"
5423,VIRTUAL/USDT,SELL,FUTURES,0.7726265999999999,0.7875867999999999,61.00821532,5,0.788868,0.74961475,-4.563475514151314,-9.681390726128235,-4.54462088616141,0.018854627989903804,0,CLOSED,t,TRENDING,t,2026-09-25 16:47:13.312406+00,2026-09-25 20:22:26.791218+00,PAPER-SHORT-1790354833,"{""close_reason"": ""stop_loss""}"
5424,SEI/USDT,SELL,FUTURES,0.06911082,0.0706341636,682.04327443,5,0.0705636,0.06650605,-5.194931285129888,-11.021021021020953,-5.176076657141351,0.018854627988536935,0,CLOSED,t,TRENDING,t,2026-09-25 16:47:13.322969+00,2026-09-25 20:22:22.620053+00,PAPER-SHORT-1790354833,"{""close_reason"": ""stop_loss""}"
5425,SEI/USDT,SELL,FUTURES,0.07433559,0.07472464999999999,695.77694027,5,0.0758982,0.0715339,-1.3534948819071713,-2.616916069408898,-1.3328064861618252,0.020688395745346085,0,CLOSED,t,TRENDING,t,2026-09-25 20:27:26.634048+00,2026-09-25 20:28:07.037764+00,PAPER-SHORT-1790368046,"{""close_reason"": ""stop_loss""}"
5426,VIRTUAL/USDT,SELL,FUTURES,0.7887105,0.796796,62.95096247,5,0.80529,0.76521961,-2.5449500352559147,-5.125771750217582,-2.525090001221837,0.01986003403407797,0,CLOSED,t,TRENDING,t,2026-09-25 20:27:31.683211+00,2026-09-25 23:31:11.545519+00,PAPER-SHORT-1790368051,"{""close_reason"": ""stop_loss""}"
5427,SOL/USDT,SELL,FUTURES,122.12775,122.28,0.40654221,5,124.695,118.5825,-0.30948025736249013,-0.6233227092122597,-0.28962022320755915,0.019860034154931004,0,CLOSED,t,TRENDING,t,2026-09-25 20:27:31.69905+00,2026-09-26 02:14:36.750002+00,PAPER-SHORT-1790368051,"{""close_reason"": ""negative_timeout""}"
5428,PAXG/USDT,SELL,FUTURES,4279.716,4284.07,0.00816993,5,4369.68,4155.48,-0.17785937609997388,-0.5086786132537018,-0.16387338404402188,0.013985992055952003,0,CLOSED,t,TRANSITION,t,2026-09-25 20:27:31.709565+00,2026-09-26 02:00:13.280441+00,PAPER-SHORT-1790368051,"{""close_reason"": ""negative_timeout""}"
5429,SEI/USDT,SELL,FUTURES,0.07457535,0.07506499,617.04519566,5,0.076143,0.07176462,-1.5106500480148106,-3.282854187073876,-1.4922435034419455,0.018406544572865193,0,CLOSED,t,TRENDING,t,2026-09-25 23:31:11.985144+00,2026-09-26 00:45:11.15328+00,PAPER-SHORT-1790379071,"{""close_reason"": ""stop_loss""}"
5430,VIRTUAL/USDT,SELL,FUTURES,0.7940052,0.7983975999999999,57.43225034,5,0.810696,0.77035662,-1.2613270819670694,-2.765976847506769,-1.2430864798000048,0.018240602167064707,0,CLOSED,t,TRENDING,t,2026-09-25 23:36:15.693962+00,2026-09-25 23:44:03.547508+00,PAPER-SHORT-1790379375,"{""close_reason"": ""stop_loss""}"
5431,VIRTUAL/USDT,SELL,FUTURES,0.794205,0.7852,57.03603721,5,0.8109,0.77055046,2.568047575380261,5.6691912037824235,2.586166897753208,0.018119322372947222,0,CLOSED,t,TRENDING,t,2026-09-26 00:45:16.883175+00,2026-09-26 02:03:33.423214+00,PAPER-SHORT-1790383516,"{""close_reason"": ""trailing_stop""}"
5432,SEI/USDT,SELL,FUTURES,0.07519473,0.0758758,598.10294899,5,0.0767754,0.07236066,-2.036749877343073,-4.528708328362852,-2.0187602014384702,0.01798967590460273,0,CLOSED,t,TRENDING,t,2026-09-26 00:50:15.702545+00,2026-09-26 00:55:31.966878+00,PAPER-SHORT-1790383815,"{""close_reason"": ""stop_loss""}"
5433,SEI/USDT,SELL,FUTURES,0.07547445000000001,0.07588581,589.8578075,5,0.077061,0.07262983,-1.2132195384659574,-2.725160633830293,-1.19541186102625,0.017807677439707355,0,CLOSED,t,TRENDING,t,2026-09-26 01:00:33.040972+00,2026-09-26 02:00:13.215099+00,PAPER-SHORT-1790384433,"{""close_reason"": ""stop_loss""}"
5434,SEI/USDT,SELL,FUTURES,0.07587405,0.07347,630.39484936,5,0.077469,0.07301437,7.577503688019553,15.842372985230158,7.596635932147587,0.019132244128033243,0,CLOSED,t,TRENDING,t,2026-09-26 02:05:17.82253+00,2026-09-26 03:17:19.307845+00,PAPER-SHORT-1790388317,"{""close_reason"": ""trailing_stop""}"
5435,PAXG/USDT,SELL,FUTURES,4279.08663,4284.09,0.00817114,5,4369.0374,4154.8689,-0.20441618370901465,-0.5846306037511046,-0.19043017733867137,0.013986006370343279,0,CLOSED,t,TRANSITION,t,2026-09-26 02:05:17.847299+00,2026-09-26 03:15:15.123937+00,PAPER-SHORT-1790388317,"{""close_reason"": ""negative_timeout""}"
5436,VIRTUAL/USDT,SELL,FUTURES,0.7857135,0.7896888999999999,56.6561222,5,0.80223,0.76231187,-1.1261537409693894,-2.529802529802506,-1.1083475489413135,0.01780619202807588,0,CLOSED,t,TRENDING,t,2026-09-26 02:08:34.744502+00,2026-09-26 02:14:29.983601+00,PAPER-SHORT-1790388514,"{""close_reason"": ""stop_loss""}"
5437,AERO/USDT,SELL,FUTURES,0.8547444000000001,0.8606597999999999,49.9951609,5,0.872712,0.82252372,-1.4787068739392482,-3.4603327029693274,-1.4616136404166986,0.017093233522549586,0,CLOSED,t,TRENDING,t,2026-09-26 02:09:33.529963+00,2026-09-26 02:11:29.444817+00,PAPER-SHORT-1790388573,"{""close_reason"": ""stop_loss""}"
5438,JTO/USDT,SELL,FUTURES,0.5670324,0.5710704999999999,75.3626844,5,0.578952,0.54953204,-1.521610279378175,-3.56073127390951,-1.5045170458558652,0.017093233522309827,0,CLOSED,t,TRENDING,t,2026-09-26 02:09:36.132565+00,2026-09-26 03:15:15.077126+00,PAPER-SHORT-1790388576,"{""close_reason"": ""stop_loss""}"
5439,LDO/USDT,SELL,FUTURES,0.4861134,0.4866,87.9076442,5,0.496332,0.46690402,-0.2138792983386016,-0.5005005005005043,-0.1967860648153807,0.01709323352322091,0,CLOSED,t,TRENDING,t,2026-09-26 02:09:36.145702+00,2026-09-26 04:32:58.472466+00,PAPER-SHORT-1790388576,"{""close_reason"": ""negative_timeout""}"
5440,AERO/USDT,SELL,FUTURES,0.8874117,0.8918909999999999,47.71672033,5,0.906066,0.85395959,-1.06868752687081,-2.523800396140739,-1.051749776508222,0.016937750362587947,0,CLOSED,t,TRENDING,t,2026-09-26 03:15:18.671668+00,2026-09-26 03:25:15.581948+00,PAPER-SHORT-1790392518,"{""close_reason"": ""stop_loss""}"
5441,JTO/USDT,SELL,FUTURES,0.570429,0.5738732999999999,81.95490415,5,0.58242,0.55282381,-1.411386381819207,-3.0190435619507037,-1.3926866002114549,0.018699781607752142,0,CLOSED,t,TRENDING,t,2026-09-26 03:20:18.004371+00,2026-09-26 03:26:10.400089+00,PAPER-SHORT-1790392818,"{""close_reason"": ""stop_loss""}"
5442,AERO/USDT,SELL,FUTURES,0.8938053,0.8947,53.53453869,5,0.912594,0.86011217,-0.2394867588297219,-0.500500500500515,-0.22034697706405107,0.019139781765670823,0,CLOSED,t,TRENDING,t,2026-09-26 03:30:22.427552+00,2026-09-26 05:34:50.794665+00,PAPER-SHORT-1790393422,"{""close_reason"": ""negative_timeout""}"
5443,JTO/USDT,SELL,FUTURES,0.5762231999999999,0.577,79.71488495,5,0.588336,0.55843918,-0.3096126131458087,-0.6740443633647708,-0.2912391867084003,0.018373426437408334,0,CLOSED,t,TRENDING,t,2026-09-26 04:30:20.937738+00,2026-09-26 05:41:23.300594+00,PAPER-SHORT-1790397020,"{""close_reason"": ""negative_timeout""}"
5444,LDO/USDT,SELL,FUTURES,0.4879116,0.4911907,97.36635299,5,0.498168,0.46863117,-1.5963700404475347,-3.360342324306267,-1.5773675712181285,0.019002469229406273,0,CLOSED,t,TRENDING,t,2026-09-26 04:38:04.654564+00,2026-09-26 04:39:02.004127+00,PAPER-SHORT-1790397484,"{""close_reason"": ""stop_loss""}"
5445,LDO/USDT,SELL,FUTURES,0.4922073,0.4927,95.76174541,5,0.502554,0.47275712,-0.23590905981754104,-0.5005005005005133,-0.21705520775692363,0.0188538520606174,0,CLOSED,t,TRENDING,t,2026-09-26 04:44:04.422549+00,2026-09-26 05:29:39.902938+00,PAPER-SHORT-1790397844,"{""close_reason"": ""negative_timeout""}"
5446,PHA/USDT,SELL,FUTURES,0.0847152,0.08518509999999999,534.11150931,5,0.086496,0.079712,-1.2548949911237954,-2.7734102026553757,-1.236796045790396,0.018098945333399407,0,CLOSED,t,TRENDING,t,2026-09-26 05:29:29.788913+00,2026-09-26 05:30:22.120028+00,PAPER-SHORT-1790400569,"{""close_reason"": ""stop_loss""}"
5447,VIRTUAL/USDT,SELL,FUTURES,0.7727265,0.7769761999999999,58.55546993,5,0.78897,0.750295,-1.2442159028075794,-2.7498086321615167,-1.2261169574736337,0.01809894533394566,0,CLOSED,t,TRENDING,t,2026-09-26 05:29:32.468594+00,2026-09-26 05:41:09.159397+00,PAPER-SHORT-1790400572,"{""close_reason"": ""stop_loss""}"
5448,SEI/USDT,SELL,FUTURES,0.07388604,0.07269,612.39394253,5,0.0754392,0.07127851,3.662238255117892,8.093815827726019,3.6803372004513037,0.018098945333411713,0,CLOSED,t,TRENDING,t,2026-09-26 05:29:35.653287+00,2026-09-26 06:44:21.418875+00,PAPER-SHORT-1790400575,"{""close_reason"": ""trailing_stop""}"
5449,XLM/USDT,SELL,FUTURES,0.2175822,0.21871849999999998,207.95526166,5,0.222156,0.211266,-1.1814978191212682,-2.611197055641452,-1.1633988737878447,0.01809894533342338,0,CLOSED,t,TRENDING,t,2026-09-26 05:29:35.672864+00,2026-09-26 05:41:39.046952+00,PAPER-SHORT-1790400575,"{""close_reason"": ""stop_loss""}"
5450,XRP/USDT,SELL,FUTURES,1.5501483,1.5524,29.18905458,5,1.582734,1.505149,-0.32862497098892535,-0.7262853496017019,-0.31052602565460763,0.01809894533431769,0,CLOSED,t,TRENDING,t,2026-09-26 05:29:35.686656+00,2026-09-26 07:38:48.787959+00,PAPER-SHORT-1790400575,"{""close_reason"": ""negative_timeout""}"
5451,ZRO/USDT,SELL,FUTURES,1.585413,1.5945929999999997,28.53979583,5,1.61874,1.52433112,-1.3099766285969634,-2.8951446720822096,-1.2918776832664722,0.018098945330491115,0,CLOSED,t,TRENDING,t,2026-09-26 05:29:35.695919+00,2026-09-26 05:47:26.865004+00,PAPER-SHORT-1790400575,"{""close_reason"": ""stop_loss""}"
5452,LDO/USDT,SELL,FUTURES,0.4898097,0.49359309999999995,76.9135336,5,0.500106,0.47045426,-1.454973315111176,-3.862112163152278,-1.4399041171837534,0.01506919792742237,0,CLOSED,t,TRENDING,t,2026-09-26 05:34:50.821374+00,2026-09-26 05:35:03.238546+00,PAPER-SHORT-1790400890,"{""close_reason"": ""stop_loss""}"
5453,AERO/USDT,SELL,FUTURES,0.8964027,0.9012002999999998,43.67890306,5,0.915246,0.86261166,-1.0477695266032463,-2.676029422936726,-1.0321079719488373,0.015661554654408907,0,CLOSED,t,TRENDING,t,2026-09-26 05:39:59.280545+00,2026-09-26 05:41:46.46979+00,PAPER-SHORT-1790401199,"{""close_reason"": ""stop_loss""}"
5454,LDO/USDT,SELL,FUTURES,0.4922073,0.49489439999999996,76.36247602,5,0.502554,0.47275712,-1.0259680465666878,-2.7296425713311665,-1.0109335793094403,0.01503446725724758,0,CLOSED,t,TRENDING,t,2026-09-26 05:41:12.534094+00,2026-09-26 06:38:26.159715+00,PAPER-SHORT-1790401272,"{""close_reason"": ""stop_loss""}"
5455,JTO/USDT,SELL,FUTURES,0.5762231999999999,0.5826820999999999,73.16057221,5,0.588336,0.55843918,-2.3626840992358216,-5.604512279269505,-2.3458213716227507,0.016862727613070908,0,CLOSED,t,TRENDING,t,2026-09-26 05:46:28.687695+00,2026-09-26 06:38:26.091352+00,PAPER-SHORT-1790401588,"{""close_reason"": ""stop_loss""}"
5456,AERO/USDT,SELL,FUTURES,0.894105,0.8985976999999999,45.26186899,5,0.9129,0.86040057,-1.0167399940568436,-2.5124006688251965,-1.000552448707522,0.016187545349321583,0,CLOSED,t,TRENDING,t,2026-09-26 05:46:54.708488+00,2026-09-26 05:57:22.996315+00,PAPER-SHORT-1790401614,"{""close_reason"": ""stop_loss""}"
5457,AERO/USDT,SELL,FUTURES,0.9009981,0.9068058999999999,46.30351675,5,0.919938,0.86741052,-1.3446078229032312,-3.2229812693278257,-1.3279200706572039,0.01668775224602727,0,CLOSED,t,TRENDING,t,2026-09-26 06:38:28.609092+00,2026-09-26 06:44:31.381361+00,PAPER-SHORT-1790404708,"{""close_reason"": ""stop_loss""}"
5458,JTO/USDT,SELL,FUTURES,0.5800194,0.5814,73.23792184,5,0.592212,0.56229299,-0.5055613744615439,-1.1901326059094448,-0.48856960826839047,0.016991766193153478,0,CLOSED,t,TRENDING,t,2026-09-26 06:43:30.098092+00,2026-09-26 07:31:38.882217+00,PAPER-SHORT-1790405010,"{""close_reason"": ""negative_timeout""}"
5459,LDO/USDT,SELL,FUTURES,0.4973022,0.4982,85.41972162,5,0.507756,0.4790981,-0.3834491303521581,-0.9026704486728077,-0.36645736415815267,0.016991766194005428,0,CLOSED,t,TRENDING,t,2026-09-26 06:43:30.110497+00,2026-09-26 08:02:04.783671+00,PAPER-SHORT-1790405010,"{""close_reason"": ""negative_timeout""}"
5460,SEI/USDT,SELL,FUTURES,0.07254738000000001,0.07263,591.82695527,5,0.0740724,0.0699507,-0.2444837152220121,-0.5694209770221308,-0.2273095172147258,0.01717419800728628,0,CLOSED,t,TRENDING,t,2026-09-26 06:49:28.371995+00,2026-09-26 07:36:19.436511+00,PAPER-SHORT-1790405368,"{""close_reason"": ""negative_timeout""}"
5461,AERO/USDT,SELL,FUTURES,0.9088902000000001,0.9138128999999999,45.34800929,5,0.927996,0.87500842,-1.1161732266593776,-2.7080828905404823,-1.0996866821661015,0.016486544493275985,0,CLOSED,t,TRENDING,t,2026-09-26 06:49:38.612992+00,2026-09-26 06:52:14.480223+00,PAPER-SHORT-1790405378,"{""close_reason"": ""stop_loss""}"
5462,AERO/USDT,SELL,FUTURES,0.9038952,0.9089079999999999,45.30063837,5,0.922896,0.87019962,-1.1354152001056639,-2.772887830359055,-1.1190363882738323,0.01637881183183153,0,CLOSED,t,TRENDING,t,2026-09-26 06:57:25.016411+00,2026-09-26 06:59:07.559967+00,PAPER-SHORT-1790405845,"{""close_reason"": ""stop_loss""}"
5463,AERO/USDT,SELL,FUTURES,0.8869122,0.8938929999999999,45.86047923,5,0.905556,0.85384972,-1.6007141670438967,-3.935451558790091,-1.5844444796331232,0.016269687410773444,0,CLOSED,t,TRENDING,t,2026-09-26 07:31:28.916168+00,2026-09-26 07:33:33.178971+00,PAPER-SHORT-1790407888,"{""close_reason"": ""stop_loss""}"
5464,JTO/USDT,SELL,FUTURES,0.5794199999999999,0.5828823,75.0436014,5,0.5916,0.5617119,-1.299117305636111,-2.9877291084187894,-1.2817246002268357,0.0173927054092752,0,CLOSED,t,TRENDING,t,2026-09-26 07:36:42.932706+00,2026-09-26 07:45:35.632293+00,PAPER-SHORT-1790408202,"{""close_reason"": ""stop_loss""}"
5465,AERO/USDT,SELL,FUTURES,0.8858133,0.8905896999999999,47.12139363,5,0.904434,0.85279178,-1.1253531226716371,-2.696053446025197,-1.1086568197948414,0.016696302876795712,0,CLOSED,t,TRENDING,t,2026-09-26 07:38:38.602912+00,2026-09-26 07:41:42.334226+00,PAPER-SHORT-1790408318,"{""close_reason"": ""stop_loss""}"
5466,SEI/USDT,SELL,FUTURES,0.07255737,0.07292284999999998,575.58956054,5,0.0740826,0.06996034,-1.05183236293076,-2.5185587625349948,-1.0351270570458646,0.016705305884895272,0,CLOSED,t,TRENDING,t,2026-09-26 07:41:24.640293+00,2026-09-26 07:44:54.60215+00,PAPER-SHORT-1790408484,"{""close_reason"": ""stop_loss""}"
5467,AERO/USDT,SELL,FUTURES,0.883116,0.8882873999999998,50.20676572,5,0.90168,0.85019503,-1.2981963412219966,-2.9279279279278296,-1.280460981975763,0.01773535924623341,0,CLOSED,t,TRENDING,t,2026-09-26 07:46:48.501655+00,2026-09-26 07:47:03.56339+00,PAPER-SHORT-1790408808,"{""close_reason"": ""stop_loss""}"
5468,ASTER/USDT,SELL,FUTURES,0.7333659,0.7341,47.67742814,1,0.741441,0.712077,-0.03499999999757208,-0.10010010010009461,-0.021013999998541505,0.01398599999903057,0,CLOSED,t,TRANSITION,t,2026-09-26 08:41:13.167241+00,2026-09-26 15:15:28.890062+00,PAPER-SHORT-1790412073,"{""close_reason"": ""negative_timeout""}"
5469,RLUSD/USDT,BUY,FUTURES,1.0013002999999998,1.0002,34.98950315,5,0.980294,1.030309,-0.1924947515796871,-0.5494355689296126,-0.17848075157930873,0.014014000000378375,0,CLOSED,t,TRENDING,t,2026-09-26 08:49:01.332059+00,2026-09-26 09:22:01.701305+00,PAPER-1790412541,"{""close_reason"": ""negative_timeout""}"
5470,USD1/USDT,BUY,FUTURES,1.00060961,0.99963,35.01365533,5,0.9796178,1.0295983,-0.17149863448908445,-0.4895065918864572,-0.15748463448731417,0.014014000001770287,0,CLOSED,t,TRANSITION,t,2026-09-26 08:49:01.346312+00,2026-09-26 13:18:25.888036+00,PAPER-1790412541,"{""close_reason"": ""negative_timeout""}"
5471,AAVE/USDT,BUY,FUTURES,154.59444,153.48636,0.22662523,5,151.3512,159.0732,-1.2555944242919983,-3.5838287586539286,-1.2415804240833097,0.014014000208688482,0,CLOSED,t,TRENDING,t,2026-09-26 08:57:09.557616+00,2026-09-26 09:14:09.966258+00,PAPER-1790413029,"{""close_reason"": ""stop_loss""}"
5472,PHA/USDT,SELL,FUTURES,0.0764235,0.07697689999999999,457.51633987,5,0.07803,0.07191,-1.2659477124202483,-3.620614078130298,-1.2519617124202262,0.01398600000002198,0,CLOSED,t,TRENDING,t,2026-09-26 08:57:09.569395+00,2026-09-26 08:58:47.545401+00,PAPER-SHORT-1790413029,"{""close_reason"": ""stop_loss""}"
5473,TIA/USDT,SELL,FUTURES,0.4884111,0.489,71.58928206,5,0.498678,0.474233,-0.2107946410256712,-0.6028732762216126,-0.19680864102601725,0.013985999999653947,0,CLOSED,t,TRANSITION,t,2026-09-26 08:57:09.580203+00,2026-09-26 10:11:28.955631+00,PAPER-SHORT-1790413029,"{""close_reason"": ""negative_timeout""}"
5474,JUP/USDT,BUY,FUTURES,0.34474439999999995,0.3429567,101.62601626,5,0.337512,0.35517334,-0.9083841463399768,-2.5927904847764527,-0.8943701463399992,0.014013999999977577,0,CLOSED,t,TRENDING,t,2026-09-26 08:57:09.600675+00,2026-09-26 08:58:47.528097+00,PAPER-1790413029,"{""close_reason"": ""stop_loss""}"
5475,DASH/USDT,BUY,FUTURES,63.54347999999999,63.19674,0.55135476,5,62.2104,65.3844,-0.9558837474119664,-2.728368040277207,-0.9418697473459804,0.01401400006598592,0,CLOSED,t,TRANSITION,t,2026-09-26 08:57:09.611733+00,2026-09-26 09:10:49.406103+00,PAPER-1790413029,"{""close_reason"": ""stop_loss""}"
5476,TAO/USDT,BUY,FUTURES,312.9126,316.2,0.11196417,5,306.348,321.978,1.8403550622899925,5.252904485150145,1.8543690621066093,0.014013999816616801,0,CLOSED,t,TRENDING,t,2026-09-26 08:57:09.624257+00,2026-09-26 09:13:34.597458+00,PAPER-1790413029,"{""close_reason"": ""trailing_stop""}"
5477,JUP/USDT,BUY,FUTURES,0.34184149999999996,0.3393603,102.48901903,5,0.33467,0.35218263,-1.2714787700861583,-3.629167318771942,-1.2574647700866608,0.014013999999497498,0,CLOSED,t,TRENDING,t,2026-09-26 09:13:39.660754+00,2026-09-26 09:14:09.949641+00,PAPER-1790414019,"{""close_reason"": ""stop_loss""}"
5478,DASH/USDT,BUY,FUTURES,63.07300999999999,63.96,0.55546739,5,61.7498,64.9003,2.4634701012805227,7.031454500110335,2.47748410137818,0.014014000097657558,0,CLOSED,t,TRANSITION,t,2026-09-26 09:15:50.842659+00,2026-09-26 10:15:24.996927+00,PAPER-1790414150,"{""close_reason"": ""trailing_stop""}"
5479,AAVE/USDT,BUY,FUTURES,153.29313999999997,152.49735,0.22854904,5,150.0772,157.7342,-0.9093852027079449,-2.5956477895878183,-0.8953712027137106,0.014013999994234238,0,CLOSED,t,TRENDING,t,2026-09-26 09:22:06.794485+00,2026-09-26 09:31:15.376316+00,PAPER-1790414526,"{""close_reason"": ""stop_loss""}"
5480,TAO/USDT,BUY,FUTURES,317.71739999999994,315.9837,0.11027095,5,311.052,326.922,-0.9558837300749663,-2.728368040277207,-0.9418697302631543,0.014013999811812,0,CLOSED,t,TRENDING,t,2026-09-26 09:22:06.821512+00,2026-09-26 09:23:32.704728+00,PAPER-1790414526,"{""close_reason"": ""stop_loss""}"
5481,RLUSD/USDT,BUY,FUTURES,1.0012001999999998,1.0002,34.9930014,5,0.980196,1.030206,-0.1750000000013551,-0.49950049950037156,-0.160986000001243,0.014014000000112109,0,CLOSED,t,TRENDING,t,2026-09-26 09:31:20.48339+00,2026-09-26 13:18:25.874192+00,PAPER-1790415080,"{""close_reason"": ""negative_timeout""}"
5482,TAO/USDT,BUY,FUTURES,314.31399999999996,312.28740000000005,0.11146497,5,307.72,323.42,-1.1294745410099605,-3.223846217476678,-1.1154605407777285,0.014014000232232,0,CLOSED,t,TRENDING,t,2026-09-26 09:31:20.500752+00,2026-09-26 09:48:31.738919+00,PAPER-1790415080,"{""close_reason"": ""stop_loss""}"
5483,ZRO/USDT,BUY,SPOT,1.5557774999999998,1.658,6.43086817,1,1.5239,1.61268861,0.6573794215078255,6.570508957739785,0.6613814215095664,0.00400200000174087,0,CLOSED,t,TRENDING,t,2026-09-26 09:41:45.766334+00,2026-09-27 07:47:45.923115+00,PAPER-1790415705,"{""close_reason"": ""manual""}"
5484,ZEC/USDT,BUY,SPOT,1523.8115249999998,1663.14,0.00656577,1,1492.589,1568.7415,0.9147987213007509,9.14341916399406,0.9188007196993506,0.004001998398599701,0,CLOSED,t,TRANSITION,t,2026-09-26 09:41:45.778213+00,2026-09-27 07:47:45.908709+00,PAPER-1790415705,"{""close_reason"": ""manual""}"
5485,PROM/USDT,BUY,FUTURES,6.397390999999999,6.373,5.60254273,2,6.26318,6.70018767,-0.27330323945484675,-0.7625295999571957,-0.25896657687963975,0.01433666257520697,0,CLOSED,t,TRENDING,t,2026-09-26 13:18:25.924767+00,2026-09-26 13:52:05.479672+00,PAPER-1790428705,"{""close_reason"": ""negative_timeout""}"
5486,PUMP/USDT,BUY,SPOT,0.0043941959999999995,0.004365,3991.63801049,1,0.00430416,0.00452376,-0.11653986335426347,-0.6644218874169328,-0.10952384744260622,0.007016015911657246,0,CLOSED,t,TRENDING,t,2026-09-26 13:20:29.333937+00,2026-09-26 13:35:36.736679+00,PAPER-1790428829,"{""close_reason"": ""negative_timeout""}"
5487,PUMP/USDT,BUY,SPOT,0.004370184,0.004365,4011.02002256,1,0.00428064,0.00449904,-0.02079312779695148,-0.11862200767748243,-0.013781569586442936,0.007011558210508541,0,CLOSED,t,TRENDING,t,2026-09-26 13:40:36.776435+00,2026-09-26 20:39:48.790315+00,PAPER-1790430036,"{""close_reason"": ""negative_timeout""}"
5488,PROM/USDT,BUY,FUTURES,6.398391999999999,6.3266670000000005,5.48254401,2,6.26416,6.70123605,-0.7864709382344844,-2.241969544848099,-0.7724391519411917,0.014031786293292766,0,CLOSED,t,TRENDING,t,2026-09-26 13:57:09.217659+00,2026-09-26 14:04:48.91333+00,PAPER-1790431029,"{""close_reason"": ""stop_loss""}"
5489,ETH/USDT,BUY,SPOT,2691.66516,2688.9,0.00526681,1,2636.5136,2771.0296,-0.014563572339599979,-0.10273045998039354,-0.008892976747064138,0.00567059559253584,0,CLOSED,t,RANGING,t,2026-09-26 17:48:10.59752+00,2026-09-26 18:08:09.849976+00,PAPER-1790444890,"{""close_reason"": ""negative_timeout""}"
5490,PROM/USDT,BUY,FUTURES,6.291284999999999,6.282,6.08032748,2,6.1593,6.56219286,-0.11291168130358942,-0.29517022357115064,-0.09761045207558469,0.015301229228004719,0,CLOSED,t,TRENDING,t,2026-09-26 18:04:51.887053+00,2026-09-26 18:19:53.449314+00,PAPER-1790445891,"{""close_reason"": ""negative_timeout""}"
5491,ETH/USDT,BUY,SPOT,2690.3845199999996,2687.67,0.00487,1,2635.2592,2769.7112,-0.01321971239999808,-0.10089710150427145,-0.00797884335503808,0.00524086904496,0,CLOSED,t,RANGING,t,2026-09-26 18:13:13.380641+00,2026-09-26 18:34:48.022204+00,PAPER-1790446393,"{""close_reason"": ""negative_timeout""}"
5492,WIF/USDT,SELL,FUTURES,0.24465510000000001,0.2448,142.9154757,2,0.249798,0.237553,-0.04141690485785302,-0.11845246634954724,-0.02743090485828059,0.013985999999572429,0,CLOSED,t,TRANSITION,t,2026-09-26 20:20:20.002378+00,2026-09-26 23:47:27.050769+00,PAPER-SHORT-1790454020,"{""close_reason"": ""negative_timeout""}"
5493,ASTER/USDT,SELL,FUTURES,0.7329663000000001,0.7345,47.70342102,2,0.748374,0.711689,-0.14632547363674525,-0.4184912730639788,-0.1323394736357966,0.013986000000948653,0,CLOSED,t,TRANSITION,t,2026-09-26 20:20:20.017417+00,2026-09-26 20:35:24.002467+00,PAPER-SHORT-1790454020,"{""close_reason"": ""negative_timeout""}"
5494,ETHFI/USDT,SELL,FUTURES,0.7275716999999999,0.7301,55.47033958,2,0.742866,0.706451,-0.2804913191202323,-0.6949967955048386,-0.2643478594131131,0.016143459707119154,0,CLOSED,t,TRENDING,t,2026-09-26 23:37:07.871926+00,2026-09-26 23:52:09.309407+00,PAPER-SHORT-1790465827,"{""close_reason"": ""negative_timeout""}"
5495,WIF/USDT,SELL,FUTURES,0.2451546,0.2454,142.62428688,2,0.250308,0.238038,-0.07000000000070593,-0.2002002002002057,-0.056014000000565264,0.01398600000014066,0,CLOSED,t,TRANSITION,t,2026-09-26 23:52:31.961137+00,2026-09-27 06:10:18.907084+00,PAPER-SHORT-1790466751,"{""close_reason"": ""negative_timeout""}"
5496,ETHFI/USDT,SELL,FUTURES,0.730269,0.7308,55.14913486,2,0.74562,0.70907,-0.05856838122132652,-0.1454258636201343,-0.04245889979529559,0.016109481426030935,0,CLOSED,t,TRENDING,t,2026-09-26 23:57:53.893751+00,2026-09-27 05:22:25.036212+00,PAPER-SHORT-1790467073,"{""close_reason"": ""negative_timeout""}"
5497,ETH/USDT,BUY,SPOT,2695.80723,2692.54,0.00481779,1,2640.5708,2775.2938,-0.015740828021698926,-0.12119672221517774,-0.010545694775850246,0.00519513324584868,0,CLOSED,t,RANGING,t,2026-09-27 00:37:48.079702+00,2026-09-27 01:01:06.32041+00,PAPER-1790469468,"{""close_reason"": ""negative_timeout""}"
5498,PUMP/USDT,BUY,SPOT,0.004396197,0.004381,4219.88239194,1,0.00430612,0.00452582,-0.06412955271031102,-0.3456851455928778,-0.05670897898559124,0.007420573724719782,0,CLOSED,t,TRENDING,t,2026-09-27 01:10:23.637412+00,2026-09-27 01:25:29.788319+00,PAPER-1790471423,"{""close_reason"": ""negative_timeout""}"
5499,BNB/USDT,BUY,SPOT,772.9262699999999,772.15,0.01294431,1,757.0892,795.7162,-0.010048279523699868,-0.10043260659260422,-0.006046280625290389,0.004001998898409479,0,CLOSED,t,TRANSITION,t,2026-09-27 02:39:31.290444+00,2026-09-27 03:20:38.261246+00,PAPER-1790476771,"{""close_reason"": ""negative_timeout""}"
5500,BNB/USDT,BUY,SPOT,772.1959049999999,771.37,0.01295656,1,756.3738,794.9643,-0.010700887686798855,-0.1069553716423699,-0.006698886656844135,0.00400200102995472,0,CLOSED,t,TRANSITION,t,2026-09-27 03:25:38.661303+00,2026-09-27 04:03:51.343462+00,PAPER-1790479538,"{""close_reason"": ""negative_timeout""}"
5501,SUI/USDT,SELL,FUTURES,1.1549439,1.1596,32.05841929,2,1.179222,1.121417,-0.2985344121123414,-0.8062902449201304,-0.28372414179129024,0.014810270321051132,0,CLOSED,t,TRENDING,t,2026-09-27 04:44:15.172327+00,2026-09-27 04:59:16.681154+00,PAPER-SHORT-1790484255,"{""close_reason"": ""negative_timeout""}"
5502,SUI/USDT,SELL,FUTURES,1.1597391000000001,1.1727716,31.87063895,2,1.184118,1.126073,-0.830708204231736,-2.247488249727853,-0.8159235537788168,0.014784650452919181,0,CLOSED,t,TRENDING,t,2026-09-27 05:04:19.864912+00,2026-09-27 05:18:55.868108+00,PAPER-SHORT-1790485459,"{""close_reason"": ""stop_loss""}"
5503,DOT/USDT,SELL,FUTURES,1.233765,1.235,28.34008097,2,1.2597,1.19795,-0.0699999999959055,-0.20020020020021595,-0.056013999996724684,0.01398599999918082,0,CLOSED,t,TRANSITION,t,2026-09-27 05:22:35.099787+00,2026-09-27 05:38:18.997611+00,PAPER-SHORT-1790486555,"{""close_reason"": ""negative_timeout""}"
5504,ASTER/USDT,SELL,FUTURES,0.7296696,0.7346,47.91894852,2,0.745008,0.708488,-0.47251916756601614,-1.3514061706832794,-0.45853316756641255,0.013985999999603599,0,CLOSED,t,TRANSITION,t,2026-09-27 05:22:35.113867+00,2026-09-27 05:37:40.132709+00,PAPER-SHORT-1790486555,"{""close_reason"": ""negative_timeout""}"
5505,BNB/USDT,BUY,SPOT,779.2794449999999,778.45,0.01481369,1,763.3122,802.2567,-0.012287141102048293,-0.10643742823216451,-0.007669539453407473,0.00461760164864082,0,CLOSED,t,TRANSITION,t,2026-09-27 08:03:56.115672+00,2026-09-27 08:19:47.918833+00,PAPER-1790496236,"{""close_reason"": ""negative_timeout""}"
5506,ZEC/USDT,BUY,SPOT,1662.6208949999998,1652.4,0.0138852,1,1628.5542,1711.6437,-0.14191917125399592,-0.6147459731040916,-0.13268484179349432,0.009234329460501598,0,CLOSED,t,TRENDING,t,2026-09-27 09:04:19.605379+00,2026-09-27 09:19:23.102122+00,PAPER-1790499859,"{""close_reason"": ""negative_timeout""}"
5507,ZEC/USDT,BUY,SPOT,1652.1856799999998,1649.44,0.01396458,1,1618.3328,1700.9008,-0.038342268014395754,-0.16618471115181777,-0.029113436373109994,0.00922883164128576,0,CLOSED,t,TRENDING,t,2026-09-27 09:24:25.88023+00,2026-09-27 13:01:17.500657+00,PAPER-1790501065,"{""close_reason"": ""negative_timeout""}"
5508,DOT/USDT,SELL,FUTURES,1.245753,1.247,28.06736167,2,1.27194,1.20959,-0.07000000000497991,-0.2002002002001999,-0.056014000003984904,0.013986000000995006,0,CLOSED,t,TRANSITION,t,2026-09-27 11:03:16.988385+00,2026-09-27 11:26:58.381714+00,PAPER-SHORT-1790506996,"{""close_reason"": ""negative_timeout""}"
5509,DASH/USDT,BUY,FUTURES,68.71865,67.94199,0.50983248,2,67.277,71.03949163,-0.7919329878335891,-2.260405290266876,-0.7779189879328883,0.014013999900700801,0,CLOSED,t,TRENDING,t,2026-09-27 12:00:07.016094+00,2026-09-27 12:19:15.133487+00,PAPER-1790510407,"{""close_reason"": ""stop_loss""}"
5510,TAO/USDT,BUY,FUTURES,330.7303999999999,330,0.1059322,2,323.792,340.312,-0.154745757759984,-0.44168906154373744,-0.140731758208432,0.014013999551552,0,CLOSED,t,TRANSITION,t,2026-09-27 12:00:07.030253+00,2026-09-27 13:01:17.490434+00,PAPER-1790510407,"{""close_reason"": ""negative_timeout""}"
5511,USD1/USDT,BUY,FUTURES,1.0007397399999998,0.9997,35.00910237,2,0.9797452,1.0297322,-0.07280072819635032,-0.2077942862546367,-0.05878672819499545,0.014014000001354871,0,CLOSED,t,TRANSITION,t,2026-09-27 12:00:07.042025+00,2026-09-27 12:50:13.93877+00,PAPER-1790510407,"{""close_reason"": ""negative_timeout""}"
5512,RLUSD/USDT,BUY,FUTURES,1.0012001999999998,1.0002,34.9930014,5,0.980196,1.030206,-0.1750000000013551,-0.49950049950037156,-0.160986000001243,0.014014000000112109,0,CLOSED,t,TRENDING,t,2026-09-27 12:50:19.019986+00,2026-09-27 13:01:17.478742+00,PAPER-1790513419,"{""close_reason"": ""negative_timeout""}"
5513,TIA/USDT,BUY,FUTURES,0.49899849999999996,0.49650299999999997,70.2106319,5,0.48853,0.513455,-0.876053159532239,-2.5005085185626497,-0.8620391595313781,0.014014000000860859,0,CLOSED,t,TRANSITION,t,2026-09-27 12:57:07.717022+00,2026-09-27 12:59:06.57192+00,PAPER-1790513827,"{""close_reason"": ""stop_loss""}"
5514,PYTH/USDT,BUY,FUTURES,0.08635626999999998,0.08587404,405.70302539,5,0.0845446,0.09095924,-0.9782108496690765,-2.792096045834247,-0.9641968496689182,0.014014000000158277,0,CLOSED,t,TRENDING,t,2026-09-27 12:57:07.728632+00,2026-09-27 12:59:45.924592+00,PAPER-1790513827,"{""close_reason"": ""stop_loss""}"
5515,ATOM/USDT,BUY,FUTURES,1.8868849999999997,1.877121,18.56763926,5,1.8473,1.94155,-0.9064721486731614,-2.587333091311761,-0.8924581486711194,0.014014000002042039,0,CLOSED,t,TRENDING,t,2026-09-27 12:57:07.740017+00,2026-09-27 13:00:30.165308+00,PAPER-1790513827,"{""close_reason"": ""stop_loss""}"
5516,ZRO/USDT,BUY,FUTURES,1.6306289999999999,1.621377,21.48557397,5,1.59642,1.69589644,-0.9939226518521845,-2.8369420634613562,-0.9799086518533336,0.014013999998850852,0,CLOSED,t,TRANSITION,t,2026-09-27 12:57:07.750528+00,2026-09-27 12:59:56.336407+00,PAPER-1790513827,"{""close_reason"": ""stop_loss""}"
5517,OP/USDT,BUY,FUTURES,0.1438437,0.14305679999999998,243.56297843,5,0.140826,0.148011,-0.9582985386328349,-2.735260564070585,-0.9442845386326784,0.014014000000156554,0,CLOSED,t,TRANSITION,t,2026-09-27 12:57:07.760824+00,2026-09-27 13:00:19.864273+00,PAPER-1790513827,"{""close_reason"": ""stop_loss""}"
5518,GRAM/USDT,BUY,FUTURES,1.616615,1.60839,21.67182663,5,1.5827,1.67598566,-0.8912538701587465,-2.543895732750212,-0.8772398701557634,0.01401400000298298,0,CLOSED,t,TRENDING,t,2026-09-27 12:57:07.77036+00,2026-09-27 12:59:45.904006+00,PAPER-1790513827,"{""close_reason"": ""stop_loss""}"
5519,SUI/USDT,BUY,FUTURES,1.2601588999999997,1.2535451999999998,27.80204941,5,1.233722,1.30362747,-0.9193720709145855,-2.6241531921093464,-0.905358070913685,0.014014000000900495,0,CLOSED,t,TRENDING,t,2026-09-27 12:57:07.779828+00,2026-09-27 13:00:30.154171+00,PAPER-1790513827,"{""close_reason"": ""stop_loss""}"
5520,ZEN/USDT,BUY,FUTURES,7.867859999999999,7.826166,4.45292621,5,7.7028,8.0958,-0.9283015269986854,-2.649640435899936,-0.9142875269944412,0.01401400000424424,0,CLOSED,t,TRANSITION,t,2026-09-27 12:57:07.792293+00,2026-09-27 13:00:09.546041+00,PAPER-1790513827,"{""close_reason"": ""stop_loss""}"
5521,DOGE/USDT,BUY,FUTURES,0.09874865,0.09824166,354.78966042,5,0.096677,0.1016095,-0.8993740496816781,-2.5670730688470145,-0.8853600496815047,0.014014000000173374,0,CLOSED,t,TRANSITION,t,2026-09-27 12:57:07.801798+00,2026-09-27 12:59:17.019194+00,PAPER-1790513827,"{""close_reason"": ""stop_loss""}"
5522,ETC/USDT,BUY,FUTURES,9.489479999999999,9.43056,3.69198312,5,9.2904,9.7644,-1.0876582271519804,-3.1044904462625422,-1.0736442271609492,0.01401399999103104,0,CLOSED,t,TRANSITION,t,2026-09-27 12:57:07.811296+00,2026-09-27 13:04:11.031557+00,PAPER-1790513827,"{""close_reason"": ""stop_loss""}"
5523,ETHFI/USDT,BUY,FUTURES,0.7335327999999999,0.7296696,47.76200873,5,0.718144,0.75581004,-0.9225709606286425,-2.633283746820758,-0.908556960629706,0.014013999998936535,0,CLOSED,t,TRANSITION,t,2026-09-27 12:57:07.820976+00,2026-09-27 12:59:17.004991+00,PAPER-1790513827,"{""close_reason"": ""stop_loss""}"
5524,LSK/USDT,BUY,FUTURES,0.33243209999999995,0.3302694,105.38994279,5,0.325458,0.34466204,-1.1396341463596495,-3.2528447162593066,-1.1256201463594258,0.014014000000223823,0,CLOSED,t,TRANSITION,t,2026-09-27 12:57:07.830835+00,2026-09-27 13:01:11.737675+00,PAPER-1790513827,"{""close_reason"": ""stop_loss""}"
5525,KMNO/USDT,BUY,FUTURES,0.04606601999999999,0.045814139999999996,760.53889613,5,0.0450996,0.04828562,-0.9578226857861,-2.733902342767991,-0.943808685786139,0.014013999999960999,0,CLOSED,t,TRENDING,t,2026-09-27 12:57:07.840104+00,2026-09-27 13:01:11.72286+00,PAPER-1790513827,"{""close_reason"": ""stop_loss""}"
5526,ADA/USDT,BUY,FUTURES,0.25715689999999997,0.255744,136.23978202,5,0.251762,0.264607,-0.9624659400802558,-2.747155530339551,-0.9484519400798802,0.014014000000375575,0,CLOSED,t,TRANSITION,t,2026-09-27 12:57:07.849768+00,2026-09-27 13:00:09.524481+00,PAPER-1790513827,"{""close_reason"": ""stop_loss""}"
5527,LINK/USDT,BUY,FUTURES,14.249234999999997,14.176809,2.45872849,5,13.9503,14.66205,-0.890379348083665,-2.5413995909253084,-0.876365348061583,0.014014000022082055,0,CLOSED,t,TRENDING,t,2026-09-27 12:57:07.859807+00,2026-09-27 12:59:16.981626+00,PAPER-1790513827,"{""close_reason"": ""stop_loss""}"
5528,APT/USDT,BUY,FUTURES,0.8515506999999999,0.8466525,41.14258846,5,0.833686,0.876221,-1.0076231339738357,-2.8760471924924036,-0.9936091339726658,0.014014000001169967,0,CLOSED,t,TRANSITION,t,2026-09-27 12:57:07.869321+00,2026-09-27 13:00:09.514325+00,PAPER-1790513827,"{""close_reason"": ""stop_loss""}"
5529,FIL/USDT,BUY,FUTURES,1.1352341,1.1286702,30.86147606,5,1.111418,1.17248926,-1.0128582135511632,-2.8909896205548957,-0.9988442135513049,0.014013999999858258,0,CLOSED,t,TRANSITION,t,2026-09-27 12:57:07.879655+00,2026-09-27 12:59:35.479086+00,PAPER-1790513827,"{""close_reason"": ""stop_loss""}"
5530,HBAR/USDT,BUY,FUTURES,0.09494485,0.09444546,369.00369004,5,0.092953,0.0976955,-0.9213837638453765,-2.629895144391714,-0.9073697638452587,0.014014000000117717,0,CLOSED,t,TRANSITION,t,2026-09-27 12:57:07.889628+00,2026-09-27 12:59:56.288437+00,PAPER-1790513827,"{""close_reason"": ""stop_loss""}"
5531,AVAX/USDT,BUY,FUTURES,10.960949999999999,10.898091,3.19634703,5,10.731,11.29091239,-1.0045958897938219,-2.8674065660366232,-0.9905818898024304,0.014013999991391399,0,CLOSED,t,TRANSITION,t,2026-09-27 12:57:07.899772+00,2026-09-27 12:59:56.275146+00,PAPER-1790513827,"{""close_reason"": ""stop_loss""}"
5532,INJ/USDT,BUY,FUTURES,7.802794999999999,7.760231999999999,4.49005773,5,7.6391,8.02885,-0.9555516358099425,-2.72742011035787,-0.9415376358078004,0.014014000002142138,0,CLOSED,t,TRANSITION,t,2026-09-27 12:57:07.909287+00,2026-09-27 13:00:09.503075+00,PAPER-1790513827,"{""close_reason"": ""stop_loss""}"
5533,FET/USDT,BUY,FUTURES,0.24334309999999998,0.2419578,143.97367339,5,0.238238,0.25094765,-0.9972336487358154,-2.84639260369407,-0.9832196487353714,0.014014000000444043,0,CLOSED,t,TRANSITION,t,2026-09-27 12:57:07.919189+00,2026-09-27 13:00:19.840233+00,PAPER-1790513827,"{""close_reason"": ""stop_loss""}"
5534,DOGE/USDT,SELL,FUTURES,0.09745245,,358.79036392,5,0.099501,0.0946235,,,,0,0,CLOSED,t,TRANSITION,t,2026-09-27 13:04:46.286322+00,2026-09-27 13:25:50.915233+00,PAPER-SHORT-1790514286,"{""entry_indicators"": {""adx"": 15.85, ""rsi"": 52.96, ""bb_pct"": 0.7138, ""regime"": ""TRANSITION"", ""atr_pct"": 0.7518, ""confidence"": 0.7084, ""funding_rate"": 0.0, ""predicted_change_pct"": -0.7549}}"
5535,XPL/USDT,SELL,FUTURES,0.11060928,0.10947,316.11271676,5,0.1129344,0.1073984,1.800704479751674,5.150019962158719,1.814690479751541,0.013985999999867015,0,CLOSED,t,TRANSITION,t,2026-09-27 13:04:48.516175+00,2026-09-27 13:13:27.392294+00,PAPER-SHORT-1790514288,"{""close_reason"": ""trailing_stop""}"
5536,RARE/USDT,SELL,FUTURES,0.01956042,0.01927,1787.53830439,5,0.0199716,0.0184052,2.595684371804715,7.4236647270355025,2.609670371804697,0.013985999999982497,0,CLOSED,t,TRENDING,t,2026-09-27 13:04:51.618707+00,2026-09-27 13:12:59.403229+00,PAPER-SHORT-1790514291,"{""close_reason"": ""trailing_stop""}"
5537,PYTH/USDT,SELL,FUTURES,0.08549442,0.0856,408.97405936,5,0.0872916,0.08235438,-0.2158974059361318,-0.6174671984440272,-0.20191140593612028,0.01398600000001151,0,CLOSED,t,TRENDING,t,2026-09-27 13:05:09.08948+00,2026-09-27 13:13:09.476438+00,PAPER-SHORT-1790514309,"{""close_reason"": ""negative_timeout""}"
5538,GRAM/USDT,SELL,FUTURES,1.599399,,21.86133666,5,1.63302,1.55297,,,,0,0,CLOSED,t,TRENDING,t,2026-09-27 13:05:11.304711+00,2026-09-27 13:25:50.915233+00,PAPER-SHORT-1790514311,"{""entry_indicators"": {""adx"": 64.44, ""rsi"": 63.21, ""bb_pct"": 0.7367, ""regime"": ""TRENDING"", ""atr_pct"": 1.6781, ""confidence"": 0.874, ""funding_rate"": 0.0, ""predicted_change_pct"": -2.7633}}"
5539,ZEN/USDT,BUY,FUTURES,7.815807999999999,7.7752170000000005,4.48258197,5,7.65184,8.04224,-0.9097624237213082,-2.5967244845317428,-0.8957484237125956,0.014014000008712703,0,CLOSED,t,TRANSITION,t,2026-09-27 13:05:13.627315+00,2026-09-27 13:12:48.711614+00,PAPER-1790514313,"{""close_reason"": ""stop_loss""}"
5540,AVAX/USDT,SELL,FUTURES,10.847142,10.858,3.22342973,5,11.07516,10.53226,-0.17500000004171126,-0.5005005005005327,-0.1610140000383786,0.013986000003332664,0,CLOSED,t,TRANSITION,t,2026-09-27 13:05:15.803805+00,2026-09-27 13:17:55.134653+00,PAPER-SHORT-1790514315,"{""close_reason"": ""negative_timeout""}"
5541,ATOM/USDT,SELL,FUTURES,1.863135,,18.76675603,1,1.88365,1.80905,,,,0,0,CLOSED,t,TRENDING,t,2026-09-27 13:17:55.156885+00,2026-09-27 13:25:50.915233+00,PAPER-SHORT-1790515075,"{""entry_indicators"": {""adx"": 26.93, ""rsi"": 55.49, ""bb_pct"": 0.658, ""regime"": ""TRENDING"", ""atr_pct"": 1.2007, ""confidence"": 0.874, ""funding_rate"": 0.0, ""predicted_change_pct"": -2.3383}}"
5542,PYTH/USDT,SELL,FUTURES,0.08548443,0.08524,502.55628641,5,0.0872814,0.08234475,0.6141991654359911,1.429675556121763,0.6313834605106613,0.017184295074670237,0,CLOSED,t,TRENDING,t,2026-09-27 13:19:44.668816+00,2026-09-27 13:20:46.160122+00,PAPER-SHORT-1790515184,"{""close_reason"": ""manual""}"
5543,KMNO/USDT,SELL,FUTURES,0.0455544,,943.06450501,5,0.046512,0.04410987,,,,0,0,CLOSED,t,TRENDING,t,2026-09-27 13:19:44.686245+00,2026-09-27 13:25:50.915233+00,PAPER-SHORT-1790515184,"{""entry_indicators"": {""adx"": 30.71, ""rsi"": 42.1, ""bb_pct"": 0.1448, ""regime"": ""TRENDING"", ""atr_pct"": 2.1786, ""confidence"": 0.6926, ""funding_rate"": 0.0, ""predicted_change_pct"": -1.6448}}"
5544,TIA/USDT,SELL,FUTURES,0.4950045,0.49749699999999997,70.63572149,5,0.50541,0.480635,-0.8802976790691084,-2.5176538799141754,-0.8663116790697897,0.013985999999318682,0,CLOSED,t,TRANSITION,t,2026-09-27 13:57:14.162315+00,2026-09-27 14:00:27.188032+00,PAPER-SHORT-1790517434,"{""close_reason"": ""stop_loss""}"
5545,ASTER/USDT,SELL,FUTURES,0.7308684,0.7346339,47.84034992,5,0.746232,0.709652,-0.9007141881187946,-2.5760451539565654,-0.8867281881182063,0.013986000000588212,0,CLOSED,t,TRANSITION,t,2026-09-27 13:57:14.217758+00,2026-09-27 14:08:17.351554+00,PAPER-SHORT-1790517434,"{""close_reason"": ""stop_loss""}"
5546,DOT/USDT,SELL,FUTURES,1.234764,1.24124,28.3171521,5,1.26072,1.19892,-0.9169093849979896,-2.6223634637873823,-0.9029233849997478,0.01398599999824176,0,CLOSED,t,TRANSITION,t,2026-09-27 13:57:14.229213+00,2026-09-27 14:00:04.056412+00,PAPER-SHORT-1790517434,"{""close_reason"": ""stop_loss""}"
5547,OP/USDT,SELL,FUTURES,0.14305679999999998,0.1438437,244.41340782,5,0.146064,0.138904,-0.9616445530677986,-2.7503061720939064,-0.947658553067869,0.01398599999992967,0,CLOSED,t,TRANSITION,t,2026-09-27 13:57:14.240049+00,2026-09-27 13:59:53.941935+00,PAPER-SHORT-1790517434,"{""close_reason"": ""stop_loss""}"
5548,ZRO/USDT,SELL,FUTURES,1.6163820000000002,1.491,21.631644,5,1.65036,1.56946,13.561093940040012,38.784767462146974,13.575079940036815,0.013985999996803201,0,CLOSED,t,TRANSITION,t,2026-09-27 13:57:14.249842+00,2026-09-28 06:28:20.755421+00,PAPER-SHORT-1790517434,"{""close_reason"": ""trailing_stop""}"
5549,ETH/USDT,BUY,FUTURES,2710.37767,2650.8630834,0.01292624,5,2653.5166,2788.9001,-3.8464991494619016,-10.979020979020927,-3.832485152560677,0.01401399690122432,0,CLOSED,t,TRANSITION,t,2026-09-27 13:57:14.260494+00,2026-09-28 06:28:05.425316+00,PAPER-1790517434,"{""close_reason"": ""stop_loss""}"
5550,ZEN/USDT,BUY,FUTURES,7.821813999999999,7.65006228,4.47914001,5,7.65772,8.04842,-3.846500004191567,-10.979020979020927,-3.8324860041762956,0.014014000015271253,0,CLOSED,t,TRANSITION,t,2026-09-27 13:57:14.268609+00,2026-09-28 06:28:02.836113+00,PAPER-1790517434,"{""close_reason"": ""stop_loss""}"
5551,DOGE/USDT,SELL,FUTURES,0.09756234,0.09807797999999998,358.38623797,5,0.0996132,0.0947302,-0.9239913987342251,-2.6426180429865864,-0.9100053987341651,0.01398600000006002,0,CLOSED,t,TRANSITION,t,2026-09-27 13:57:14.276969+00,2026-09-27 14:01:05.380079+00,PAPER-SHORT-1790517434,"{""close_reason"": ""stop_loss""}"
5552,ZEC/USDT,BUY,FUTURES,1652.37072,1644.07428,0.03634778,5,1617.7056,1700.2416,-1.5077858795159746,-2.5104656901690503,-1.483761876552374,0.02402400296360064,0,CLOSED,t,TRENDING,t,2026-09-27 13:57:14.285489+00,2026-09-27 14:16:53.754174+00,PAPER-1790517434,"{""close_reason"": ""stop_loss""}"
5553,BNB/USDT,BUY,FUTURES,780.7799999999999,763.6356,0.04487179,5,764.4,803.4,-3.8464995823799812,-10.979020979020927,-3.832485583901501,0.01401399847848,0,CLOSED,t,TRANSITION,t,2026-09-27 13:57:14.294107+00,2026-09-28 06:28:02.822363+00,PAPER-1790517434,"{""close_reason"": ""stop_loss""}"
5554,PYTH/USDT,BUY,FUTURES,0.08413404999999999,0.0834165,535.06012808,5,0.082369,0.08880193,-1.9196619745189645,-4.264325799126389,-1.9016552642914089,0.01800671022755565,0,CLOSED,t,TRENDING,t,2026-09-27 13:59:53.969802+00,2026-09-27 14:02:06.671123+00,PAPER-1790517593,"{""close_reason"": ""stop_loss""}"
5555,ATOM/USDT,BUY,FUTURES,1.863862,1.854144,23.81165427,5,1.82476,1.91786,-1.1570082809792768,-2.6069526606583016,-1.1392556259588804,0.017752655020396295,0,CLOSED,t,TRENDING,t,2026-09-27 14:00:04.083575+00,2026-09-27 14:02:16.808556+00,PAPER-1790517604,"{""close_reason"": ""stop_loss""}"
5556,SUI/USDT,BUY,FUTURES,1.2578565999999998,1.2508479,34.80590211,5,1.231468,1.30130108,-1.2197206305917625,-2.7859694022354664,-1.2022082971165555,0.01751233347520697,0,CLOSED,t,TRENDING,t,2026-09-27 14:00:27.213931+00,2026-09-27 14:02:06.651404+00,PAPER-1790517627,"{""close_reason"": ""stop_loss""}"
5557,GRAM/USDT,BUY,FUTURES,1.6016,1.593405,26.98013385,5,1.568,1.66041117,-1.105510984503734,-2.558379120879084,-1.0882264315540702,0.017284552949664002,0,CLOSED,t,TRENDING,t,2026-09-27 14:01:05.421466+00,2026-09-27 14:02:16.798974+00,PAPER-1790517665,"{""close_reason"": ""stop_loss""}"
5558,PUMP/USDT,BUY,FUTURES,0.004655650999999999,0.004704,9162.226191,5,0.00455798,0.00479053,2.214922370543296,5.192506912567119,2.2319848215546383,0.017062451011342135,0,CLOSED,t,TRENDING,t,2026-09-27 14:02:06.713813+00,2026-09-27 14:11:57.439969+00,PAPER-1790517726,"{""close_reason"": ""trailing_stop""}"
5559,KMNO/USDT,BUY,FUTURES,0.04568563999999999,0.0454545,933.68786184,5,0.0447272,0.04787716,-1.0790630619284445,-2.5296789100469064,-1.0620006109170876,0.01706245101135679,0,CLOSED,t,TRENDING,t,2026-09-27 14:02:06.730482+00,2026-09-27 14:03:47.048378+00,PAPER-1790517726,"{""close_reason"": ""stop_loss""}"
5560,ETC/USDT,BUY,FUTURES,9.529519999999998,9.48051,3.67647059,5,9.3296,9.8056,-0.9009191180794415,-2.5714831387098624,-0.8869051180727148,0.014014000006726719,0,CLOSED,t,TRANSITION,t,2026-09-27 14:08:22.457458+00,2026-09-27 14:11:34.231555+00,PAPER-1790518102,"{""close_reason"": ""stop_loss""}"
5561,ETHFI/USDT,BUY,FUTURES,0.7304297,0.714390894,47.96491709,5,0.715106,0.75519558,-3.846500000062954,-10.979020979020927,-3.8324860000627243,0.014014000000229428,0,CLOSED,t,TRANSITION,t,2026-09-27 14:08:22.467155+00,2026-09-28 06:28:02.808746+00,PAPER-1790518102,"{""close_reason"": ""stop_loss""}"
5562,ADA/USDT,BUY,FUTURES,0.25655629999999996,0.250922826,136.55872025,5,0.251174,0.263989,-3.8465000000082235,-10.979020979020927,-3.8324860000081933,0.014014000000030027,0,CLOSED,t,TRANSITION,t,2026-09-27 14:08:22.476722+00,2026-09-28 06:28:02.780508+00,PAPER-1790518102,"{""close_reason"": ""stop_loss""}"
5563,APT/USDT,BUY,FUTURES,0.8456447999999999,0.8342649,41.42992424,5,0.827904,0.870144,-2.357341974293852,-6.7285342498409895,-2.343327974294672,0.01401399999917998,0,CLOSED,t,TRANSITION,t,2026-09-27 14:08:22.487144+00,2026-09-28 06:28:02.737668+00,PAPER-1790518102,"{""close_reason"": ""stop_loss""}"
5564,HBAR/USDT,SELL,FUTURES,0.09395595,0.096026931,372.14247741,5,0.095931,0.0912285,-3.8535000000451953,-11.021021021021017,-3.8395140000450314,0.013986000000164037,0,CLOSED,t,TRANSITION,t,2026-09-27 14:16:58.844166+00,2026-09-28 06:28:02.689676+00,PAPER-SHORT-1790518618,"{""close_reason"": ""stop_loss""}"
5565,PYTH/USDT,SELL,FUTURES,0.0815184,0.08208199999999999,562.63357978,5,0.08415525,0.07865163,-1.5855014278199937,-3.4568882608097287,-1.5671554321360186,0.018345995683975182,0,CLOSED,t,TRENDING,t,2026-09-28 06:28:10.678444+00,2026-09-28 06:31:49.88298+00,PAPER-SHORT-1790576890,"{""close_reason"": ""stop_loss""}"
5566,GRAM/USDT,SELL,FUTURES,1.593405,1.598,22.70307985,1,1.64380024,1.53869204,-0.10432065191075289,-0.28837615044512394,-0.0898505715313972,0.014470080379355703,0,CLOSED,t,TRENDING,t,2026-09-28 06:35:29.127538+00,2026-09-28 06:43:29.175733+00,PAPER-SHORT-1790577329,"{""close_reason"": ""negative_timeout""}"
5567,XAUT/USDT,BUY,FUTURES,4163.83968,4159.34,0.00869992,1,4118.0832,4284.4704,-0.039146856025597705,-0.10806564002963093,-0.024656827182067464,0.01449002884353024,0,CLOSED,t,TRENDING,t,2026-09-28 07:51:12.773335+00,2026-09-28 07:59:13.592333+00,PAPER-1790581872,"{""close_reason"": ""negative_timeout""}"
5568,XAUT/USDT,BUY,FUTURES,4163.41926,4154.33,0.00869745,1,4117.6674,4284.0378,-0.07905338438699777,-0.21831238778483586,-0.06456893204984297,0.0144844523371548,0,CLOSED,t,TRENDING,t,2026-09-28 08:16:55.21091+00,2026-09-28 08:24:56.853731+00,PAPER-1790583415,"{""close_reason"": ""negative_timeout""}"
5569,XPL/USDT,SELL,FUTURES,0.10054935000000001,0.10068,359.22258578,1,0.1037282,0.09709823,-0.04693243083215558,-0.12993619550996208,-0.03248459182995628,0.014447839002199297,0,CLOSED,t,TRENDING,t,2026-09-28 10:05:51.464303+00,2026-09-28 10:26:15.523059+00,PAPER-SHORT-1790589951,"{""close_reason"": ""negative_timeout""}"
5570,XPL/USDT,SELL,FUTURES,0.10026963,0.10075,360.07613471,1,0.10343964,0.09682811,-0.1729697728306455,-0.4790782612841074,-0.15852789251096475,0.014441880319680744,0,CLOSED,t,TRENDING,t,2026-09-28 10:31:19.505807+00,2026-09-28 10:39:24.424831+00,PAPER-SHORT-1790591479,"{""close_reason"": ""negative_timeout""}"
5571,CRV/USDT,BUY,FUTURES,0.3990987,0.3982,90.56744524,1,0.38645023,0.41283435,-0.08139296303718599,-0.22518239222527603,-0.06693482317414391,0.014458139863042075,0,CLOSED,t,TRENDING,t,2026-09-29 07:15:39.948906+00,2026-09-29 07:23:43.307634+00,PAPER-1790666139,"{""close_reason"": ""negative_timeout""}"
5572,CRV/USDT,BUY,FUTURES,0.3982978999999999,0.3942,90.70050328,1,0.38567481,0.41200599,-0.3716815923911071,-1.0288530268424578,-0.35723126439696024,0.014450327994146844,0,CLOSED,t,TRENDING,t,2026-09-29 07:28:46.855425+00,2026-09-29 07:47:40.115478+00,PAPER-1790666926,"{""close_reason"": ""negative_timeout""}"
5573,CRV/USDT,BUY,FUTURES,0.39669629999999995,0.3943,90.91994398,1,0.392337,0.41025113,-0.21787146175927177,-0.6040641165546479,-0.20344441961004248,0.014427042149229309,0,CLOSED,t,TRENDING,t,2026-09-29 07:52:45.625003+00,2026-09-29 08:05:23.111078+00,PAPER-1790668365,"{""close_reason"": ""negative_timeout""}"
5606,CRV/USDT,BUY,FUTURES,0.39589549999999996,0.3952,91.00862358,1,0.391545,0.40942297,-0.06329649769988593,-0.17567767251710498,-0.04888453588527958,0.014411961814606356,0,CLOSED,t,TRENDING,t,2026-09-29 08:10:27.779407+00,2026-09-29 10:18:14.012791+00,PAPER-1790669427,"{""close_reason"": ""manual""}"
5607,CRV/USDT,BUY,FUTURES,0.39639599999999997,0.394,90.85060013,1,0.39204,0.40948756,-0.21767803791147639,-0.6044460589915035,-0.2032729121158238,0.014405125795652592,0,CLOSED,t,TRENDING,t,2026-09-29 10:23:16.512445+00,2026-09-29 10:31:18.878447+00,PAPER-1790677396,"{""close_reason"": ""negative_timeout""}"
5608,CRV/USDT,BUY,FUTURES,0.39209169999999993,,137.62782759,2,0.383866,0.4050411,,,,0,0,CLOSED,t,TRENDING,t,2026-09-29 11:42:52.223238+00,2026-09-29 11:43:45.923001+00,PAPER-1790682172,"{""entry_indicators"": {""adx"": 41.87, ""rsi"": 72.47, ""bb_pct"": 0.7735, ""regime"": ""TRENDING"", ""atr_pct"": 2.2706, ""confidence"": 0.7058, ""funding_rate"": 0.0, ""predicted_change_pct"": 16.6483}}"
5609,ZRO/USDT,SELL,FUTURES,1.587411,,33.92625555,2,1.62078,1.5310663,,,,0,0,CLOSED,t,TRANSITION,t,2026-09-29 11:42:52.280788+00,2026-09-29 11:43:45.923001+00,PAPER-SHORT-1790682172,"{""entry_indicators"": {""adx"": 18.61, ""rsi"": 54.2, ""bb_pct"": 0.8078, ""regime"": ""TRANSITION"", ""atr_pct"": 2.4306, ""confidence"": 0.9433, ""funding_rate"": 0.0, ""predicted_change_pct"": -3.9748}}"
5610,ALGO/USDT,SELL,FUTURES,0.1323675,,406.85901938,2,0.13515,0.12681738,,,,0,0,CLOSED,t,TRANSITION,t,2026-09-29 11:42:52.295025+00,2026-09-29 11:43:45.923001+00,PAPER-SHORT-1790682172,"{""entry_indicators"": {""adx"": 15.6, ""rsi"": 52.44, ""bb_pct"": 0.331, ""regime"": ""TRANSITION"", ""atr_pct"": 2.8592, ""confidence"": 0.874, ""funding_rate"": 0.0, ""predicted_change_pct"": -4.4401}}"
5611,CRV/USDT,BUY,FUTURES,0.39209169999999993,0.3997,153.1784529,2,0.383866,0.4050411,2.330855246398162,3.8808778660706533,2.3548792463985344,0.02402400000037237,0,CLOSED,t,TRENDING,t,2026-09-29 11:44:03.860946+00,2026-09-29 12:24:15.373801+00,PAPER-1790682243,"{""close_reason"": ""manual""}"
5612,ZRO/USDT,SELL,FUTURES,1.585413,1.603602,37.80718336,2,1.61874,1.52913922,-1.3753497162700807,-2.294544071481691,-1.3513737162731496,0.023975999996931074,0,CLOSED,t,TRANSITION,t,2026-09-29 11:44:03.871888+00,2026-09-29 11:58:48.487116+00,PAPER-SHORT-1790682243,"{""close_reason"": ""stop_loss""}"
5613,ALGO/USDT,SELL,FUTURES,0.13226759999999999,0.13373359999999998,453.17220544,2,0.135048,0.12672167,-1.3287009063500757,-2.2167182288028138,-1.3047249063499733,0.023976000000102297,0,CLOSED,t,TRANSITION,t,2026-09-29 11:44:03.882817+00,2026-09-29 11:50:47.231335+00,PAPER-SHORT-1790682243,"{""close_reason"": ""stop_loss""}"
5614,LTC/USDT,SELL,FUTURES,68.94099,67.43,0.86943921,2,70.3902,66.9397,2.627427903835787,4.383429944942748,2.6514039037886743,0.02397599995288716,0,CLOSED,t,TRENDING,t,2026-09-29 11:44:03.894348+00,2026-09-29 15:29:30.583335+00,PAPER-SHORT-1790682243,"{""close_reason"": ""manual""}"
5615,ALGO/USDT,SELL,FUTURES,0.1327671,0.1288,313.73543882,2,0.135558,0.12720023,2.489239718685645,5.976028699881223,2.5059012164373886,0.016661497751743533,0,CLOSED,t,TRANSITION,t,2026-09-29 11:58:48.514459+00,2026-09-29 15:14:23.76325+00,PAPER-SHORT-1790683128,"{""close_reason"": ""trailing_stop""}"
5616,ZRO/USDT,SELL,FUTURES,1.620378,1.638637,26.64626863,2,1.65444,1.56286315,-0.9730684378303295,-2.253671674140207,-0.9557976268422727,0.01727081098805686,0,CLOSED,t,TRANSITION,t,2026-09-29 12:24:15.395308+00,2026-09-29 13:04:07.691479+00,PAPER-SHORT-1790684655,"{""close_reason"": ""stop_loss""}"
5617,TIA/USDT,SELL,FUTURES,0.4636359,0.4648,78.85529506,2,0.473382,0.450177,-0.1835908979586922,-0.5021612864750125,-0.16896683968072876,0.014624058277963464,0,CLOSED,t,TRENDING,t,2026-09-29 12:26:48.758723+00,2026-09-29 14:31:54.637281+00,PAPER-SHORT-1790684808,"{""close_reason"": ""negative_timeout""}"
5618,CRV/USDT,BUY,FUTURES,0.39609569999999994,0.4044,113.71409037,2,0.387786,0.40928993,1.8886318413191947,4.19307758200862,1.906648506209182,0.01801666488998736,0,CLOSED,t,TRENDING,t,2026-09-29 13:04:15.013824+00,2026-09-29 14:41:13.680674+00,PAPER-1790687055,"{""close_reason"": ""manual""}"
5619,DOT/USDT,SELL,FUTURES,1.21878,1.188,36.78831945,2,1.2444,1.1834,2.264688945342003,5.050952591936204,2.2826236925337113,0.017934747191708404,0,CLOSED,t,TRANSITION,t,2026-09-29 14:41:13.713628+00,2026-09-29 15:29:30.571269+00,PAPER-SHORT-1790692873,"{""close_reason"": ""manual""}"
5620,CRV/USDT,BUY,FUTURES,0.41311269999999994,0.40759199999999995,109.65422578,2,0.404446,0.42697296,-1.2107361685272862,-2.6727331306928948,-1.192616347215932,0.018119821311354162,0,CLOSED,t,TRENDING,t,2026-09-29 15:14:23.803191+00,2026-09-29 15:18:31.002662+00,PAPER-1790694863,"{""close_reason"": ""stop_loss""}"
5621,ZRO/USDT,SELL,FUTURES,1.714284,1.669,26.44457024,2,1.75032,1.65250261,2.3950318374963135,5.283138616471936,2.413165238956037,0.018133401459723263,0,CLOSED,t,TRANSITION,t,2026-09-29 15:18:39.12213+00,2026-09-29 15:29:30.559908+00,PAPER-SHORT-1790695119,"{""close_reason"": ""manual""}"
5622,CRV/USDT,BUY,FUTURES,0.40150109999999994,0.3969027,112.46139105,2,0.393078,0.41497178,-1.0342849212086263,-2.29060393607885,-1.0162235723229842,0.01806134888564206,0,CLOSED,t,TRENDING,t,2026-09-29 15:29:30.604949+00,2026-09-29 15:55:20.62217+00,PAPER-1790695770,"{""close_reason"": ""stop_loss""}"
5623,ALGO/USDT,SELL,FUTURES,0.1285713,0.13002989999999998,350.49156138,2,0.131274,0.12389531,-1.0224539828577197,-2.268935602268899,-1.0044287205834572,0.01802526227426256,0,CLOSED,t,TRANSITION,t,2026-09-29 15:29:30.616226+00,2026-09-29 16:26:52.788029+00,PAPER-SHORT-1790695770,"{""close_reason"": ""stop_loss""}"
5624,TIA/USDT,SELL,FUTURES,0.447552,0.45265219999999995,100.68808917,2,0.45696,0.43456,-1.0270587847696568,-2.279154154154129,-1.0090335224959721,0.01802526227368474,0,CLOSED,t,TRENDING,t,2026-09-29 15:29:30.627811+00,2026-09-29 15:40:13.115168+00,PAPER-SHORT-1790695770,"{""close_reason"": ""stop_loss""}"
5625,ZRO/USDT,SELL,FUTURES,1.661337,1.604,28.86424622,2,1.69626,1.60146378,3.3099785710322784,6.902512855609665,3.329159867121237,0.019181296088958456,0,CLOSED,t,TRANSITION,t,2026-09-29 15:34:35.204876+00,2026-09-29 16:56:08.470816+00,PAPER-SHORT-1790696075,"{""close_reason"": ""manual""}"
5626,LTC/USDT,SELL,FUTURES,67.59234,67.82,0.70180085,2,69.0132,65.6302,-0.3195439630220002,-0.6736266269225187,-0.30056941835580464,0.018974544666195598,0,CLOSED,t,TRENDING,t,2026-09-29 15:40:21.396183+00,2026-09-29 16:58:32.385409+00,PAPER-SHORT-1790696421,"{""close_reason"": ""negative_timeout""}"
5627,ALGO/USDT,SELL,FUTURES,0.124875,0.1270269,491.36643044,2,0.1275,0.12047038,-2.11474284332767,-3.4464864864864837,-2.090199090127192,0.024543753200478,0,CLOSED,t,TRANSITION,t,2026-09-29 22:55:34.601208+00,2026-09-30 01:28:51.005936+00,PAPER-SHORT-1790722534,"{""close_reason"": ""stop_loss""}"
5628,CRV/USDT,SELL,FUTURES,0.37882079999999996,0.38658619999999994,161.97469358,2,0.386784,0.36569812,-2.515596571052257,-4.099774880365587,-2.491052817851565,0.024543753200692183,0,CLOSED,t,TRENDING,t,2026-09-29 22:55:37.728493+00,2026-09-30 01:28:59.466543+00,PAPER-SHORT-1790722537,"{""close_reason"": ""stop_loss""}"
5629,ALGO/USDT,SELL,FUTURES,0.12647339999999999,0.1248,477.44112402,2,0.129132,0.1220124,1.597899953870128,2.6462481438784624,1.6220533947719804,0.024153440901852428,0,CLOSED,t,TRANSITION,t,2026-09-30 01:33:55.533869+00,2026-09-30 03:46:44.081275+00,PAPER-SHORT-1790732035,"{""close_reason"": ""manual""}"
5630,CRV/USDT,SELL,FUTURES,0.385614,0.39008969999999993,140.93485852,2,0.39372,0.372256,-1.2615642925559043,-2.3213368809223294,-1.2398257107425719,0.021738581813332516,0,CLOSED,t,TRENDING,t,2026-09-30 01:34:00.575594+00,2026-09-30 01:43:01.569505+00,PAPER-SHORT-1790732040,"{""close_reason"": ""stop_loss""}"
5631,CRV/USDT,SELL,FUTURES,0.3902094,0.3843,138.55918959,2,0.398412,0.37669221,1.6376033499262945,3.028835286899808,1.6592301892200545,0.021626839293760056,0,CLOSED,t,TRENDING,t,2026-09-30 01:48:05.535384+00,2026-09-30 03:46:39.029891+00,PAPER-SHORT-1790732885,"{""close_reason"": ""manual""}"
5632,ASTER/USDT,SELL,FUTURES,0.7473519,0.7494,65.1118624,2,0.763062,0.725657,-0.2667112107628796,-0.5480952145836512,-0.2472466211320082,0.019464589630871425,0,CLOSED,t,TRANSITION,t,2026-09-30 02:22:36.386557+00,2026-09-30 03:46:20.733296+00,PAPER-SHORT-1790734956,"{""close_reason"": ""negative_timeout""}"
5633,LTC/USDT,SELL,FUTURES,66.95298,67.13,0.65413524,2,68.3604,65.0094,-0.2315900403695985,-0.5287890098394391,-0.2140715189131924,0.017518521456406082,0,CLOSED,t,TRENDING,t,2026-09-30 03:46:23.071014+00,2026-09-30 04:46:26.560757+00,PAPER-SHORT-1790739983,"{""close_reason"": ""negative_timeout""}"
5634,DOT/USDT,SELL,FUTURES,1.2057930000000001,1.219218,36.65837724,2,1.23114,1.17079,-0.9842774288939852,-2.2267503626243967,-0.9665964630270446,0.017680965866940533,0,CLOSED,t,TRANSITION,t,2026-09-30 03:46:39.060028+00,2026-09-30 04:25:37.987531+00,PAPER-SHORT-1790739999,"{""close_reason"": ""stop_loss""}"
5635,ASTER/USDT,SELL,FUTURES,0.7490502,0.7564,69.177047,2,0.764796,0.727306,-1.0168749200811948,-1.9624318904126752,-0.996148087724891,0.02072683235630376,0,CLOSED,t,TRENDING,t,2026-09-30 04:15:03.048105+00,2026-09-30 05:20:01.489446+00,PAPER-SHORT-1790741703,"{""close_reason"": ""negative_timeout""}"
5636,DOT/USDT,SELL,FUTURES,1.210788,1.214,41.98647032,2,1.23624,1.17564,-0.26972108533567934,-0.530563566867196,-0.24938639956535447,0.020334685770324865,0,CLOSED,t,TRANSITION,t,2026-09-30 04:44:25.151355+00,2026-09-30 05:46:48.388689+00,PAPER-SHORT-1790743465,"{""close_reason"": ""negative_timeout""}"
5637,LTC/USDT,SELL,FUTURES,66.97296,67.15,0.74749891,2,68.3808,65.0288,-0.2646744140528077,-0.5286909821516181,-0.24464952821301827,0.020024885839789442,0,CLOSED,t,TRENDING,t,2026-09-30 05:20:01.605755+00,2026-09-30 09:25:09.456354+00,PAPER-SHORT-1790745601,"{""close_reason"": ""negative_timeout""}"
5638,ASTER/USDT,SELL,FUTURES,0.7569423000000001,0.7477,66.06534837,2,0.772854,0.734969,1.2211915384801066,2.4420091201139202,1.2411946011783022,0.02000306269819562,0,CLOSED,t,TRENDING,t,2026-09-30 05:25:03.150041+00,2026-09-30 06:42:19.063051+00,PAPER-SHORT-1790745903,"{""close_reason"": ""manual""}"
5639,DOT/USDT,SELL,FUTURES,1.209789,1.192,41.33647869,2,1.23522,1.17467,1.4706692388328244,2.940843403271158,1.490672605719983,0.020003366887158563,0,CLOSED,t,TRANSITION,t,2026-09-30 05:51:52.85872+00,2026-09-30 06:42:13.994025+00,PAPER-SHORT-1790747512,"{""close_reason"": ""manual""}"
5640,ZRO/USDT,SELL,FUTURES,1.8181800000000001,1.769,24.75474357,2,1.8564,1.73943156,2.4348765775452113,5.4098054098054345,2.4528800094108525,0.01800343186564104,0,CLOSED,t,TRENDING,t,2026-09-30 06:42:14.025729+00,2026-09-30 08:14:45.619758+00,PAPER-SHORT-1790750534,"{""close_reason"": ""trailing_stop""}"
5641,ALGO/USDT,SELL,FUTURES,0.1232766,0.1237,284.73324299,2,0.125868,0.119698,-0.24111211016393447,-0.6869105734583925,-0.22707173172282205,0.014040378441112415,0,CLOSED,t,TRANSITION,t,2026-09-30 06:42:14.038813+00,2026-09-30 07:44:37.174335+00,PAPER-SHORT-1790750534,"{""close_reason"": ""negative_timeout""}"
5642,CRV/USDT,SELL,FUTURES,0.3901095,0.39449409999999996,100.06119942,2,0.39831,0.37760834,-0.8774566699538562,-2.2478816845013827,-0.8618427401638016,0.015613929790054597,0,CLOSED,t,TRENDING,t,2026-09-30 06:42:19.102858+00,2026-09-30 07:20:32.311506+00,PAPER-SHORT-1790750539,"{""close_reason"": ""stop_loss""}"
5643,ASTER/USDT,SELL,FUTURES,0.7526465999999999,0.7609601999999999,57.90900139,2,0.768468,0.730798,-0.9628645479117989,-2.209164301014559,-0.9454305427095674,0.01743400520223151,0,CLOSED,t,TRENDING,t,2026-09-30 07:20:32.343524+00,2026-09-30 07:34:50.862312+00,PAPER-SHORT-1790752832,"{""close_reason"": ""stop_loss""}"
5644,ASTER/USDT,SELL,FUTURES,0.7604388,0.7692684999999999,61.90920426,2,0.776424,0.738364,-1.0932794017090368,-2.3222644609927694,-1.074448137310465,0.018831264398571718,0,CLOSED,t,TRENDING,t,2026-09-30 07:39:54.337945+00,2026-09-30 08:18:44.030445+00,PAPER-SHORT-1790753994,"{""close_reason"": ""stop_loss""}"
5645,ALGO/USDT,SELL,FUTURES,0.1232766,0.1236,334.57709807,2,0.125868,0.119698,-0.21640446703167698,-0.5246737823723261,-0.1999062561965025,0.016498210835174464,0,CLOSED,t,TRANSITION,t,2026-09-30 07:49:38.463835+00,2026-09-30 09:05:10.394497+00,PAPER-SHORT-1790754578,"{""close_reason"": ""negative_timeout""}"
5646,CRV/USDT,SELL,FUTURES,0.3920076,0.39649609999999996,119.03789341,2,0.400248,0.38034929,-1.0686031691415583,-2.2900066223205626,-1.0499376655796744,0.018665503561883966,0,CLOSED,t,TRENDING,t,2026-09-30 08:14:52.323376+00,2026-09-30 08:21:08.373083+00,PAPER-SHORT-1790756092,"{""close_reason"": ""stop_loss""}"
5647,DOT/USDT,SELL,FUTURES,1.2067919999999999,1.220219,38.50134109,2,1.23216,1.17176,-1.033915013630866,-2.2252384835166423,-1.0153297694641925,0.018585244166673308,0,CLOSED,t,TRANSITION,t,2026-09-30 08:18:49.096087+00,2026-09-30 08:49:28.793525+00,PAPER-SHORT-1790756329,"{""close_reason"": ""stop_loss""}"
5648,ZRO/USDT,SELL,FUTURES,1.7652329999999998,1.7867849999999996,26.19833119,2,1.80234,1.69213947,-1.1292528676137492,-2.441830625192232,-1.1107544041091424,0.018498463504606908,0,CLOSED,t,TRENDING,t,2026-09-30 08:21:15.995353+00,2026-09-30 08:48:29.909386+00,PAPER-SHORT-1790756475,"{""close_reason"": ""stop_loss""}"
5649,ASTER/USDT,SELL,FUTURES,0.7666326,0.7686,59.9995041,2,0.782748,0.744378,-0.2360860487326743,-0.5132575890980772,-0.21768701840191684,0.018399030330757463,0,CLOSED,t,TRENDING,t,2026-09-30 08:48:34.980178+00,2026-09-30 09:50:21.932892+00,PAPER-SHORT-1790758114,"{""close_reason"": ""negative_timeout""}"
5650,CRV/USDT,SELL,FUTURES,0.39750209999999997,0.40190149999999997,115.25473976,2,0.405858,0.38568038,-1.0141034042002874,-2.2135228971117376,-0.995777803764466,0.018325600435821397,0,CLOSED,t,TRENDING,t,2026-09-30 08:49:33.86003+00,2026-09-30 09:13:15.614655+00,PAPER-SHORT-1790758173,"{""close_reason"": ""stop_loss""}"
5651,ZRO/USDT,SELL,FUTURES,1.759239,1.7787769999999996,22.41449788,2,1.79622,1.68639367,-0.8758689191588626,-2.221187683992864,-0.8600959356244973,0.015772983534365327,0,CLOSED,t,TRENDING,t,2026-09-30 09:05:15.460444+00,2026-09-30 09:33:01.566149+00,PAPER-SHORT-1790759115,"{""close_reason"": ""stop_loss""}"
5652,LTC/USDT,SELL,FUTURES,67.05288,67.24,0.75504273,2,68.4624,65.1064,-0.28256719127518953,-0.5581266606296197,-0.26231607544736457,0.02025111582782496,0,CLOSED,t,TRENDING,t,2026-09-30 09:30:13.41914+00,2026-09-30 10:31:16.12774+00,PAPER-SHORT-1790760613,"{""close_reason"": ""negative_timeout""}"
5653,ZRO/USDT,SELL,FUTURES,1.760238,1.767,28.01524283,2,1.79724,1.68624168,-0.37887814403291636,-0.7683051950929289,-0.35915274602947894,0.019725398003437415,0,CLOSED,t,TRENDING,t,2026-09-30 09:38:06.075986+00,2026-09-30 10:38:10.921572+00,PAPER-SHORT-1790761086,"{""close_reason"": ""negative_timeout""}"
5654,ASTER/USDT,SELL,FUTURES,0.7668324,0.769,63.78087284,2,0.782952,0.744572,-0.2765028399359741,-0.5653386580953146,-0.25693914401837725,0.019563695917596807,0,CLOSED,t,TRENDING,t,2026-09-30 09:55:25.517049+00,2026-09-30 12:35:30.947935+00,PAPER-SHORT-1790762125,"{""close_reason"": ""negative_timeout""}"
5655,LTC/USDT,SELL,FUTURES,67.26267,67.62,0.72843523,2,68.6766,65.3101,-0.5205835214718068,-1.0624912748780404,-0.5009849220750611,0.01959859939674564,0,CLOSED,t,TRENDING,t,2026-09-30 10:36:16.379803+00,2026-09-30 11:36:22.658268+00,PAPER-SHORT-1790764576,"{""close_reason"": ""negative_timeout""}"
5656,ZRO/USDT,SELL,FUTURES,1.7552429999999999,1.7757739999999997,27.87378696,2,1.79214,1.68529917,-1.1445534401515118,-2.3393911840126815,-1.1249833323734992,0.019570107778012512,0,CLOSED,t,TRENDING,t,2026-09-30 10:43:11.957267+00,2026-09-30 11:29:38.97384+00,PAPER-SHORT-1790764991,"{""close_reason"": ""stop_loss""}"
5657,ZRO/USDT,SELL,FUTURES,1.7792189999999999,1.786,27.35585475,2,1.81662,1.71105904,-0.3710001021195081,-0.7622445578650126,-0.351531279506532,0.019468822612976097,0,CLOSED,t,TRENDING,t,2026-09-30 11:34:45.374261+00,2026-09-30 12:34:48.411863+00,PAPER-SHORT-1790768085,"{""close_reason"": ""negative_timeout""}"
5658,ZRO/USDT,SELL,FUTURES,1.78821,1.8218199999999998,32.51659385,2,1.8258,1.722097,-2.1857654385969805,-3.759066328898697,-2.162506839281577,0.023258599315403403,0,CLOSED,t,TRENDING,t,2026-09-30 12:39:49.463131+00,2026-09-30 13:22:08.087779+00,PAPER-SHORT-1790771989,"{""close_reason"": ""stop_loss""}"
5659,ASTER/USDT,SELL,FUTURES,0.7694297999999999,0.7784776999999998,68.01532257,2,0.785604,0.747094,-1.2307916741621903,-2.3518454834995697,-1.209858467745402,0.020933206416788232,0,CLOSED,t,TRENDING,t,2026-09-30 12:40:34.536264+00,2026-09-30 13:06:43.812485+00,PAPER-SHORT-1790772034,"{""close_reason"": ""stop_loss""}"
5660,ASTER/USDT,SELL,FUTURES,0.7781211,,66.90590334,2,0.794478,0.755533,,,,0,0,CLOSED,t,TRENDING,t,2026-09-30 13:11:46.449558+00,2026-09-30 14:23:01.618598+00,PAPER-SHORT-1790773906,"{""entry_indicators"": {""adx"": 36.49, ""rsi"": 61.66, ""bb_pct"": 0.719, ""regime"": ""TRENDING"", ""atr_pct"": 1.2882, ""confidence"": 0.7058, ""funding_rate"": 0.0, ""predicted_change_pct"": -2.8243}}"
5661,ZRO/USDT,SELL,FUTURES,1.830168,1.803,28.5266183,2,1.86864,1.76250375,1.5500223319488047,2.968907772401231,1.5709057335331544,0.02088340158434976,0,CLOSED,t,TRENDING,t,2026-09-30 13:27:12.469813+00,2026-09-30 13:58:51.830551+00,PAPER-SHORT-1790774832,"{""close_reason"": ""manual""}"
5662,ZRO/USDT,SELL,FUTURES,1.7982,,29.19220446,2,1.836,1.73073252,,,,0,0,CLOSED,t,TRENDING,t,2026-09-30 14:03:58.430567+00,2026-09-30 14:23:01.618598+00,PAPER-SHORT-1790777038,"{""entry_indicators"": {""adx"": 29.1, ""rsi"": 63.62, ""bb_pct"": 0.7328, ""regime"": ""TRENDING"", ""atr_pct"": 2.5655, ""confidence"": 0.7902, ""funding_rate"": 0.0, ""predicted_change_pct"": -6.0831}}"
5663,ZRO/USDT,SELL,FUTURES,1.677321,1.7142925799999997,35.73555688,2,1.71258,1.604,-2.6424000000669174,-4.408408408408369,-2.61842400006631,0.023976000000607393,0,CLOSED,t,TRANSITION,t,2026-09-30 20:26:26.483069+00,2026-10-01 01:49:07.541663+00,PAPER-SHORT-1790799986,"{""close_reason"": ""stop_loss""}"
5664,DOT/USDT,SELL,FUTURES,1.2357630000000002,1.239,48.50444624,2,1.26174,1.204,-0.3140177849577536,-0.52388686180116,-0.29004178495820115,0.023975999999552453,0,CLOSED,t,TRANSITION,t,2026-09-30 20:26:28.620537+00,2026-10-01 03:00:59.821839+00,PAPER-SHORT-1790799988,"{""close_reason"": ""negative_timeout""}"
5665,ASTER/USDT,SELL,FUTURES,0.7645347,0.7667,78.40062721,2,0.780606,0.761,-0.3395217561956317,-0.5664360296530783,-0.315545756194108,0.023976000001523674,0,CLOSED,t,TRENDING,t,2026-09-30 20:26:31.051399+00,2026-10-01 05:53:37.006273+00,PAPER-SHORT-1790799991,"{""close_reason"": ""negative_timeout""}"
5666,NIGHT/USDT,SELL,FUTURES,0.03761235,0.03844140299999999,1593.62549801,2,0.038403,0.03728,-2.642400000003335,-4.408408408408351,-2.6184240000033046,0.023976000000030574,0,CLOSED,t,TRENDING,t,2026-09-30 20:26:33.56404+00,2026-10-01 01:49:07.457246+00,PAPER-SHORT-1790799993,"{""close_reason"": ""stop_loss""}"
5667,ARB/USDT,SELL,FUTURES,0.2025972,0.2044,231.27205004,2,0.206856,0.1998,-0.8338745036242209,-1.779688959176132,-0.8151324757136753,0.018742027910545557,0,CLOSED,t,TRANSITION,t,2026-10-01 01:49:12.69526+00,2026-10-01 02:59:45.287555+00,PAPER-SHORT-1790819352,"{""close_reason"": ""negative_timeout""}"
5668,ZRO/USDT,SELL,FUTURES,1.690308,1.7127109999999999,24.94841393,2,1.72584,1.604,-1.1178386345475775,-2.650759506551463,-1.1009704330863013,0.016868201461276176,0,CLOSED,t,TRANSITION,t,2026-10-01 02:59:47.933893+00,2026-10-01 03:12:35.301885+00,PAPER-SHORT-1790823587,"{""close_reason"": ""stop_loss""}"
5669,NIGHT/USDT,SELL,FUTURES,0.03996999,0.04042037999999999,1061.98829482,2,0.0408102,0.03728,-0.9566178162079487,-2.2536407940056775,-0.9396387515983198,0.016979064609628978,0,CLOSED,t,TRENDING,t,2026-10-01 03:00:59.857114+00,2026-10-01 03:13:34.198246+00,PAPER-SHORT-1790823659,"{""close_reason"": ""stop_loss""}"
5670,ZRO/USDT,SELL,FUTURES,1.701297,1.7217199999999997,30.6261693,2,1.73706,1.604,-1.2509565112277778,-2.4008741565993046,-1.230114827247145,0.020841683980632842,0,CLOSED,t,TRANSITION,t,2026-10-01 04:15:14.147432+00,2026-10-01 05:05:17.746009+00,PAPER-SHORT-1790828114,"{""close_reason"": ""stop_loss""}"
5671,NIGHT/USDT,SELL,FUTURES,0.04043952,0.04092087999999999,1288.44778468,2,0.0412896,0.03728,-1.2404144512671123,-2.38064151107626,-1.2195727672841032,0.020841683983009025,0,CLOSED,t,TRENDING,t,2026-10-01 04:15:20.454123+00,2026-10-01 04:16:33.97185+00,PAPER-SHORT-1790828120,"{""close_reason"": ""stop_loss""}"
5672,TRUMP/USDT,BUY,FUTURES,2.143141,2.136,21.79712559,2,2.09818,2.20784989,-0.3113065476763731,-0.6664050568767843,-0.29262082226274183,0.018685725413631275,0,CLOSED,t,TRANSITION,t,2026-10-01 04:19:06.115419+00,2026-10-01 05:23:41.264015+00,PAPER-1790828346,"{""close_reason"": ""negative_timeout""}"
5673,APT/USDT,SELL,FUTURES,0.7861131,0.7724,53.36443944,2,0.802638,0.7723,1.4635837889693315,3.4888364028026078,1.4803639829365078,0.016780193967176265,0,CLOSED,t,TRANSITION,t,2026-10-01 05:05:17.774484+00,2026-10-01 07:31:07.137489+00,PAPER-SHORT-1790831117,"{""close_reason"": ""take_profit""}"
5674,TRUMP/USDT,BUY,FUTURES,2.1411389999999995,2.133,22.12215963,2,2.09622,2.20578744,-0.36010451445711583,-0.7602495681036547,-0.3411578669579084,0.018946647499207422,0,CLOSED,t,TRANSITION,t,2026-10-01 05:28:41.82286+00,2026-10-01 07:04:00.89875+00,PAPER-1790832521,"{""close_reason"": ""negative_timeout""}"
5675,ASTER/USDT,SELL,FUTURES,0.7673319,0.7712655450499999,63.11214384,2,0.77049505,0.761,-0.49652154442219976,-1.0252786440912816,-0.47715035992387156,0.0193711844983282,0,CLOSED,t,TRANSITION,t,2026-10-01 06:00:30.583591+00,2026-10-01 06:17:26.435899+00,PAPER-SHORT-1790834430,"{""close_reason"": ""stop_loss""}"
5676,NIGHT/USDT,SELL,FUTURES,0.04028967,0.0407407,911.827532,2,0.0411366,0.03728,-0.8225231435159166,-2.2389361838903032,-0.8078282513714388,0.014694892144477778,0,CLOSED,t,TRENDING,t,2026-10-01 06:01:27.089859+00,2026-10-01 06:22:32.62108+00,PAPER-SHORT-1790834487,"{""close_reason"": ""stop_loss""}"
5677,ASTER/USDT,SELL,FUTURES,0.768231,,62.63654035,2,0.77049668,0.761,,,,0,0,CLOSED,t,TRANSITION,t,2026-10-01 06:27:12.546822+00,2026-10-01 07:46:11.739117+00,PAPER-SHORT-1790836032,"{""entry_indicators"": {""adx"": 20.24, ""rsi"": 60.28, ""bb_pct"": 0.686, ""regime"": ""TRANSITION"", ""atr_pct"": 1.2108, ""research"": {""arm"": true, ""setup"": ""15m sweep of hour low then reclaim"", ""pred_side"": ""bull"", ""confidence"": 0.85, ""hour_start"": ""2026-10-01T06:00:00+00:00""}, ""rr_ratio"": 5.35, ""confidence"": 0.7058, ""funding_rate"": 0.0, ""zone_based_sl"": true, ""structure_trend"": ""DOWN"", ""structure_confirmed"": false, ""predicted_change_pct"": -1.6867}}"
5678,NIGHT/USDT,SELL,FUTURES,0.04038957,0.0408408,889.69654737,2,0.0412386,0.03728,-0.8029155461395245,-2.234388729565563,-0.7885417617480209,0.014373784391503571,0,CLOSED,t,TRENDING,t,2026-10-01 06:27:35.52487+00,2026-10-01 06:36:20.687537+00,PAPER-SHORT-1790836055,"{""close_reason"": ""stop_loss""}"
5679,DOT/USDT,SELL,FUTURES,1.2557429999999998,1.235,38.03891627,2,1.26050382,1.234,1.5780824803771998,3.303701473948051,1.5971893215106552,0.01910684113345544,0,CLOSED,t,TRANSITION,t,2026-10-01 07:17:28.476308+00,2026-10-01 07:26:34.889253+00,PAPER-SHORT-1790839048,"{""close_reason"": ""take_profit""}"
5680,ZEC/USDT,BUY,SPOT,1413.5564249999998,1405.7725035293001,0.01213881,1,1406.4757414,1431.49,-0.09448754378774354,-0.5506622397970173,-0.08762398664080184,0.006863557146941699,0,CLOSED,t,TRANSITION,t,2026-10-01 07:25:06.427358+00,2026-10-01 07:27:45.557097+00,PAPER-1790839506,"{""close_reason"": ""stop_loss""}"
5681,ZEC/USDT,BUY,SPOT,1413.5064,1405.7726076772,0.01860069,1,1406.4758456,1431.49,-0.1438538735207794,-0.5471352887259529,-0.13333699577701302,0.0105168777437664,0,CLOSED,t,TRANSITION,t,2026-10-01 07:32:45.843493+00,2026-10-01 07:40:47.9791+00,PAPER-1790839965,"{""close_reason"": ""stop_loss""}"
5682,BE/USDT,SELL,FUTURES,284.92479,287.16,0.21037131,2,290.9142,279.96,-0.9404481116502218,-1.5689824672679777,-0.9164721111207118,0.023976000529509957,0,CLOSED,t,TRANSITION,t,2026-10-01 08:27:14.81565+00,2026-10-01 09:27:17.720301+00,PAPER-SHORT-1790843234,"{""close_reason"": ""negative_timeout""}"
5683,AXTI/USDT,BUY,FUTURES,79.85977999999999,78.98094,0.67687647,2,78.1844,80.45,-1.18973223378958,-2.20095772865887,-1.1681101513970293,0.021622082392550635,0,CLOSED,t,TRENDING,t,2026-10-01 09:27:17.761682+00,2026-10-01 10:02:38.177142+00,PAPER-1790846837,"{""close_reason"": ""stop_loss""}"
5684,AXTI/USDT,BUY,FUTURES,79.27919999999999,78.3216,0.75141475,2,77.616,80.45,-1.4391095291999787,-2.415766052129653,-1.4152809051006987,0.023828624099279997,0,CLOSED,t,TRENDING,t,2026-10-01 11:38:05.689407+00,2026-10-01 12:03:46.90763+00,PAPER-1790854685,"{""close_reason"": ""stop_loss""}"
5685,CRWV/USDT,BUY,FUTURES,88.15806999999998,87.69220558443,0.57127892,2,87.77998557,88.85,-0.5322770403865013,-1.056884334173791,-0.5121319015789475,0.020145138807553756,0,CLOSED,t,TRENDING,t,2026-10-01 12:48:23.15229+00,2026-10-01 12:57:18.347215+00,PAPER-1790858903,"{""close_reason"": ""stop_loss""}"
5686,SPX/USDT,BUY,FUTURES,0.4341336999999999,0.438,144.68003874,5,0.42843621,0.4514,2.796882168902408,4.452890895132233,2.822006361116144,0.025124192213735807,0,CLOSED,t,TRANSITION,t,2026-10-01 13:24:49.458023+00,2026-10-01 13:33:47.045889+00,PAPER-1790861089,"{""close_reason"": ""manual""}"
5687,CRWV/USDT,BUY,FUTURES,88.10801999999998,87.69476213532,0.7128804,5,87.78254468,88.85,-1.473017159381047,-2.3451773441281465,-1.4478929671647238,0.025124192216323196,0,CLOSED,t,TRENDING,t,2026-10-01 13:24:49.472112+00,2026-10-01 13:27:15.538941+00,PAPER-1790861089,"{""close_reason"": ""stop_loss""}"
5688,AAOI/USDT,BUY,FUTURES,100.11000999999999,99.5004,0.62741459,5,98.0098,101.32,-1.9123910410494533,-3.044700524952426,-1.887266848697835,0.025124192351618356,0,CLOSED,t,TRANSITION,t,2026-10-01 13:24:49.511245+00,2026-10-01 13:27:56.465372+00,PAPER-1790861089,"{""close_reason"": ""stop_loss""}"
5689,US/USDT,BUY,FUTURES,0.019219199999999995,0.019258,3268.11108342,5,0.018816,0.025076,0.6340135501836044,1.0094072594074577,0.6591377423973906,0.02512419221378626,0,CLOSED,t,TRENDING,t,2026-10-01 13:24:49.605179+00,2026-10-01 13:34:22.855063+00,PAPER-1790861089,"{""close_reason"": ""take_profit""}"
5690,IBM/USDT,SELL,FUTURES,231.32844,233.39315999999997,0.27097829,5,236.1912,220.5,-2.7974714746439537,-4.462745696119262,-2.7723974806041265,0.025073994039827043,0,CLOSED,t,TRENDING,t,2026-10-01 13:24:49.617513+00,2026-10-01 13:33:47.033729+00,PAPER-SHORT-1790861089,"{""close_reason"": ""stop_loss""}"
5691,KORU/USDT,BUY,FUTURES,20.490469999999995,20.35962,3.60629517,5,20.0606,20.61,-2.359418614972412,-3.192947745952024,-2.3298607417756,0.029557873196811954,0,CLOSED,t,TRANSITION,t,2026-10-01 13:24:49.692814+00,2026-10-01 13:25:25.508511+00,PAPER-1790861089,"{""close_reason"": ""stop_loss""}"
5692,KORU/USDT,BUY,FUTURES,20.50048,20.62,3.05970707,5,20.0704,20.61,1.8284809450320259,2.9150536963037377,1.8535711304697833,0.02509018543775744,0,CLOSED,t,TRANSITION,t,2026-10-01 13:30:30.009744+00,2026-10-01 13:32:30.028571+00,PAPER-1790861430,"{""close_reason"": ""take_profit""}"
5693,ESPORTS/USDT,BUY,FUTURES,0.011161149999999998,0.0110889,4537.41854581,5,0.01102672,0.01147,-1.6391424496738087,-3.2366736402609786,-1.6188853260727818,0.02025712360102691,0,CLOSED,t,TRANSITION,t,2026-10-01 13:32:19.877218+00,2026-10-01 13:42:27.224986+00,PAPER-1790861539,"{""close_reason"": ""stop_loss""}"
5694,AXTI/USDT,BUY,FUTURES,79.52945,78.66126,0.64716911,5,77.861,80.45,-2.8093287480545093,-5.45829249416413,-2.7887411467043934,0.020587601350115798,0,CLOSED,t,TRENDING,t,2026-10-01 13:32:55.712968+00,2026-10-01 13:34:22.840968+00,PAPER-1790861575,"{""close_reason"": ""stop_loss""}"
5695,AAOI/USDT,BUY,FUTURES,100.52041999999999,99.97991999999999,0.49019894,5,98.4116,101.32,-1.3247626353499953,-2.6885084642503387,-1.3050526340170534,0.019710001332941922,0,CLOSED,t,TRANSITION,t,2026-10-01 13:33:00.846543+00,2026-10-01 13:34:12.647089+00,PAPER-1790861580,"{""close_reason"": ""stop_loss""}"
5696,CRWV/USDT,BUY,FUTURES,88.05796999999998,87.69481743996,0.53572129,5,87.78260004,88.85,-0.972742789657086,-2.062008470329113,-0.9538729779438135,0.018869811713272518,0,CLOSED,t,TRENDING,t,2026-10-01 13:33:11.15223+00,2026-10-01 13:36:04.73206+00,PAPER-1790861591,"{""close_reason"": ""stop_loss""}"
5697,KORU/USDT,BUY,FUTURES,20.470449999999996,20.34963,3.34116881,5,20.041,20.61,-2.0184000781208984,-2.951083146682021,-1.9910419864942326,0.027358091626665797,0,CLOSED,t,TRANSITION,t,2026-10-01 13:37:33.025519+00,2026-10-01 13:43:02.971023+00,PAPER-1790861853,"{""close_reason"": ""stop_loss""}"
5698,IBM/USDT,SELL,FUTURES,231.56820000000002,230.14,0.23798644,5,236.436,220.5,1.6994611680400382,3.0837567507110912,1.7215052046541215,0.0220440366140832,0,CLOSED,t,TRENDING,t,2026-10-01 13:38:49.666755+00,2026-10-01 13:47:06.57649+00,PAPER-SHORT-1790861929,"{""close_reason"": ""manual""}"
5699,AAOI/USDT,BUY,FUTURES,99.77968,99.87,0.52987954,5,97.6864,101.32,0.23929360026400137,0.4525971620674696,0.26044208463990026,0.02114848437589888,0,CLOSED,t,TRANSITION,t,2026-10-01 13:39:15.230255+00,2026-10-01 13:41:33.734989+00,PAPER-1790861955,"{""close_reason"": ""take_profit""}"
5700,AXTI/USDT,BUY,FUTURES,79.26919,79.34,0.63855123,5,77.6062,80.45,0.22607906298153096,0.4466426363131104,0.24632603849177245,0.02024697551024148,0,CLOSED,t,TRENDING,t,2026-10-01 13:39:25.431811+00,2026-10-01 13:41:33.722618+00,PAPER-1790861965,"{""close_reason"": ""take_profit""}"
5701,US/USDT,BUY,FUTURES,0.019228209,0.019318,2632.45729942,5,0.01882482,0.025076,1.1818548668610793,2.3348768468243186,1.2021018425158088,0.020246975654729334,0,CLOSED,t,TRENDING,t,2026-10-01 13:39:25.495149+00,2026-10-01 13:47:01.458426+00,PAPER-1790861965,"{""close_reason"": ""manual""}"
5702,CRWV/USDT,BUY,FUTURES,87.99790999999999,87.69488380352999,0.52617205,5,87.78266647,88.85,-0.7972195750016065,-1.7217806449607576,-0.7786987587214402,0.018520816280166198,0,CLOSED,t,TRENDING,t,2026-10-01 13:41:33.783471+00,2026-10-01 13:41:59.399839+00,PAPER-1790862093,"{""close_reason"": ""stop_loss""}"
5703,ORCL/USDT,BUY,FUTURES,137.58744999999996,136.38335644368001,0.3969003,5,136.51987632,139.93,-2.389525468657279,-4.375739052943972,-2.3676820685847852,0.021843400072493992,0,CLOSED,t,TRANSITION,t,2026-10-01 13:46:10.275257+00,2026-10-01 13:59:23.051201+00,PAPER-1790862370,"{""close_reason"": ""stop_loss""}"
5704,ESPORTS/USDT,BUY,FUTURES,0.011131119999999998,0.01114,5145.19010755,5,0.01102681,0.01147,0.22844644077528245,0.3988816938458317,0.25135513217926325,0.022908691403980778,0,CLOSED,t,TRANSITION,t,2026-10-01 13:47:32.282499+00,2026-10-01 14:06:24.530945+00,PAPER-1790862452,"{""close_reason"": ""take_profit""}"
5705,CRWV/USDT,BUY,FUTURES,86.57648999999998,86.16798445130999,0.63331712,5,86.25423869,87.16,-1.2935677880018028,-2.359217546761161,-1.2716356386791994,0.021932149322603515,0,CLOSED,t,TRENDING,t,2026-10-01 13:48:41.693877+00,2026-10-01 13:49:48.334447+00,PAPER-1790862521,"{""close_reason"": ""stop_loss""}"
5706,KORU/USDT,BUY,FUTURES,20.290269999999996,20.31,2.70229884,5,19.56055,20.61,0.26658178056601683,0.48619362876889394,0.28851392979973156,0.021932149233714716,0,CLOSED,t,TRANSITION,t,2026-10-01 13:48:41.752841+00,2026-10-01 13:50:49.819292+00,PAPER-1790862521,"{""close_reason"": ""take_profit""}"
5707,AXTI/USDT,BUY,FUTURES,79.33926,80.13,0.6573112,5,76.4859,80.45,2.5988112914400023,4.983283181617781,2.619671525119087,0.020860233679084798,0,CLOSED,t,TRENDING,t,2026-10-01 13:49:58.576882+00,2026-10-01 13:50:24.195285+00,PAPER-1790862598,"{""close_reason"": ""manual""}"
5708,AAOI/USDT,BUY,FUTURES,99.87978,100.53,0.49987626,5,96.2877,101.32,1.6251477088859914,3.2550131768411816,1.6451187212364005,0.01997101235040912,0,CLOSED,t,TRANSITION,t,2026-10-01 13:50:14.028736+00,2026-10-01 13:54:01.513383+00,PAPER-1790862614,"{""close_reason"": ""take_profit""}"
5709,US/USDT,BUY,FUTURES,0.019366347,0.019375,2728.26107353,5,0.01866985,0.025076,0.11803821534627316,0.22340299902712246,0.13917279560890297,0.021134580262629796,0,CLOSED,t,TRENDING,t,2026-10-01 13:52:01.490643+00,2026-10-01 13:52:59.970833+00,PAPER-1790862721,"{""close_reason"": ""take_profit""}"
5710,IBM/USDT,SELL,FUTURES,229.07070000000002,229.03,0.22038215,5,237.3255,220.5,0.04484776752501684,0.08883720178969917,0.06504100487221884,0.020193237347202003,0,CLOSED,t,TRENDING,t,2026-10-01 13:52:06.59158+00,2026-10-01 13:53:46.13986+00,PAPER-SHORT-1790862726,"{""close_reason"": ""take_profit""}"
5711,AXTI/USDT,BUY,FUTURES,81.49140999999999,81.82,0.67682793,5,78.56065,83.8523,1.1119944475934889,2.0161020652360584,1.1340567125307215,0.022062264937232515,0,CLOSED,t,TRENDING,t,2026-10-01 13:55:25.397816+00,2026-10-01 14:36:50.652714+00,PAPER-1790862925,"{""close_reason"": ""take_profit""}"
5712,KORU/USDT,BUY,FUTURES,20.41039,20.17,2.5871387,5,19.67635,20.61,-3.1096113604649656,-5.8889124607613414,-3.0884895565245283,0.021121803940437202,0,CLOSED,t,TRANSITION,t,2026-10-01 13:55:51.060267+00,2026-10-01 14:55:57.31895+00,PAPER-1790862951,"{""close_reason"": ""negative_timeout""}"
5713,US/USDT,BUY,FUTURES,0.019117098,0.019163,2644.41711332,5,0.01842957,0.025076,0.606920171678077,1.2005483259017735,0.6271416041213632,0.020221432443286218,0,CLOSED,t,TRENDING,t,2026-10-01 13:58:04.134619+00,2026-10-01 14:06:14.138531+00,PAPER-1790863084,"{""close_reason"": ""take_profit""}"
5714,IBM/USDT,SELL,FUTURES,229.1706,229.15,0.21076833,5,237.429,220.5,0.02170913799000182,0.04494468313126057,0.04102989984884102,0.019320761858839203,0,CLOSED,t,TRENDING,t,2026-10-01 13:58:47.137979+00,2026-10-01 14:23:04.006828+00,PAPER-SHORT-1790863127,"{""close_reason"": ""take_profit""}"
5715,AAOI/USDT,BUY,FUTURES,101.09098999999999,101.71,0.45839506,5,97.45535,101.32,1.4187556304530013,3.061647729436623,1.4372914746236052,0.01853584417060376,0,CLOSED,t,TRANSITION,t,2026-10-01 13:59:02.458231+00,2026-10-01 13:59:43.527188+00,PAPER-1790863142,"{""close_reason"": ""take_profit""}"
5716,LIT/USDT,BUY,FUTURES,3.8713675,3.8729,14.68902829,5,3.84479746,3.9288,0.11255467927213626,0.19792747653124554,0.1353013299635309,0.02274665069139463,0,CLOSED,t,TRANSITION,t,2026-10-01 14:01:10.780733+00,2026-10-01 14:04:22.331382+00,PAPER-1790863270,"{""close_reason"": ""take_profit""}"
5717,SPX/USDT,BUY,FUTURES,0.4352348,0.4357,105.48914229,5,0.42843325,0.4514,0.24536774496651398,0.5344241774783987,0.2637327632652179,0.018365018298703878,0,CLOSED,t,TRANSITION,t,2026-10-01 14:02:02.032188+00,2026-10-01 14:07:15.577494+00,PAPER-1790863322,"{""close_reason"": ""take_profit""}"
5718,ORCL/USDT,BUY,FUTURES,136.17603999999997,136.22,0.34024528,5,134.82131374,139.93,0.07478591254402939,0.16140871771574972,0.09331921448766586,0.018533301943636477,0,CLOSED,t,TRANSITION,t,2026-10-01 14:04:27.485841+00,2026-10-01 14:08:54.326157+00,PAPER-1790863467,"{""close_reason"": ""take_profit""}"
5719,AAOI/USDT,BUY,FUTURES,101.14103999999999,101.26,0.51597347,5,97.5036,101.32,0.30690101995605285,0.5880896617239673,0.32777545730333635,0.02087443734728352,0,CLOSED,t,TRANSITION,t,2026-10-01 14:04:48.059619+00,2026-10-01 14:06:24.499202+00,PAPER-1790863488,"{""close_reason"": ""take_profit""}"
5720,VVV/USDT,BUY,FUTURES,27.263236,27.07437159693,1.86890742,5,27.10147307,27.572,-1.7648504213569718,-3.463719476844207,-1.7444694357355273,0.02038098562144445,0,CLOSED,t,TRANSITION,t,2026-10-01 14:07:56.631906+00,2026-10-01 14:40:37.520992+00,PAPER-1790863676,"{""close_reason"": ""stop_loss""}"
5721,US/USDT,BUY,FUTURES,0.019127107999999997,0.01917,2651.43534722,5,0.01843922,0.025076,0.5686268245648511,1.1212358920126286,0.5889125406613689,0.020285716096517775,0,CLOSED,t,TRENDING,t,2026-10-01 14:11:17.356625+00,2026-10-01 14:18:46.406939+00,PAPER-1790863877,"{""close_reason"": ""take_profit""}"
5722,AAOI/USDT,BUY,FUTURES,103.49338999999999,103.52,0.55192456,5,99.77135,106.4917,0.07343356270802465,0.1285589350199512,0.09628178020348802,0.022848217495463362,0,CLOSED,t,TRANSITION,t,2026-10-01 14:11:27.526509+00,2026-10-01 14:14:24.821756+00,PAPER-1790863887,"{""close_reason"": ""take_profit""}"
5723,ESPORTS/USDT,BUY,FUTURES,0.011141129999999997,0.01115,4357.94775964,5,0.01102678,0.01147,0.19327498314009328,0.3980745220638626,0.21269596814943648,0.019420985009343195,0,CLOSED,t,TRANSITION,t,2026-10-01 14:11:27.550917+00,2026-10-01 14:26:40.553287+00,PAPER-1790863887,"{""close_reason"": ""take_profit""}"
5724,SPX/USDT,BUY,FUTURES,0.43543499999999996,0.4317,98.78029185,5,0.42843272,0.4514,-1.8447219502987513,-4.2888146336422235,-1.8275169917460694,0.0172049585526819,0,CLOSED,t,TRANSITION,t,2026-10-01 14:12:54.747253+00,2026-10-01 15:12:56.127867+00,PAPER-1790863974,"{""close_reason"": ""negative_timeout""}"
5725,ORCL/USDT,BUY,FUTURES,136.33619999999996,136.16,0.29594632,5,134.82115063,139.93,-0.26072870791994557,-0.6461966814388376,-0.24458942925083196,0.016139278669113594,0,CLOSED,t,TRANSITION,t,2026-10-01 14:14:24.885931+00,2026-10-01 15:15:17.155104+00,PAPER-1790864064,"{""close_reason"": ""negative_timeout""}"
5726,AAOI/USDT,BUY,FUTURES,103.52341999999999,103.54,0.4099742,5,99.8003,106.5226,0.033986861180062104,0.08007849817959212,0.050963633698367705,0.016976772518305597,0,CLOSED,t,TRANSITION,t,2026-10-01 14:19:25.841834+00,2026-10-01 14:20:16.944264+00,PAPER-1790864365,"{""close_reason"": ""take_profit""}"
5727,US/USDT,BUY,FUTURES,0.021071049999999997,0.02113,1786.46923496,5,0.02031325,0.025076,0.5265618070044613,1.3988386910002149,0.5416189200337829,0.015057113029321563,0,CLOSED,t,TRENDING,t,2026-10-01 14:23:50.566153+00,2026-10-01 14:24:35.13751+00,PAPER-1790864630,"{""close_reason"": ""take_profit""}"
5728,AAOI/USDT,BUY,FUTURES,103.103,103.32,0.43012545,5,99.395,106.09,0.46668611324999254,1.0523457125398705,0.4844250029585325,0.01773888970854,0,CLOSED,t,TRANSITION,t,2026-10-01 14:25:22.009552+00,2026-10-01 14:31:45.145392+00,PAPER-1790864722,"{""close_reason"": ""take_profit""}"
5729,IBM/USDT,SELL,FUTURES,229.33044,229.13,0.16460054,5,237.5946,220.5,0.16496266118801198,0.43701132741038345,0.18006182689298703,0.01509916570497504,0,CLOSED,t,TRENDING,t,2026-10-01 14:28:09.471711+00,2026-10-01 14:38:18.977223+00,PAPER-SHORT-1790864889,"{""close_reason"": ""take_profit""}"
5730,US/USDT,BUY,FUTURES,0.022376353999999998,0.023444,1632.80410492,5,0.02157161,0.025076,8.716283857007108,23.8565675176573,8.730898338072844,0.014614481065737223,0,CLOSED,t,TRENDING,t,2026-10-01 14:29:40.594501+00,2026-10-01 14:30:52.620774+00,PAPER-1790864980,"{""close_reason"": ""trailing_stop""}"
5731,ESPORTS/USDT,BUY,FUTURES,0.011161149999999998,0.01101569328,3403.03576811,5,0.01102672,0.01147,-2.474972104359773,-6.516206663291779,-2.4597793872944766,0.015192717065296367,0,CLOSED,t,TRANSITION,t,2026-10-01 14:31:45.218819+00,2026-10-01 15:10:23.014859+00,PAPER-1790865105,"{""close_reason"": ""stop_loss""}"
5732,US/USDT,BUY,FUTURES,0.025961935999999998,0.02500321176,1732.60124256,5,0.02502824,0.026375,-8.305434047481928,-18.464035964035897,-8.287441374452783,0.017992673029145277,0,CLOSED,t,TRENDING,t,2026-10-01 14:35:53.685619+00,2026-10-01 14:36:50.621773+00,PAPER-1790865353,"{""close_reason"": ""stop_loss""}"
5733,AAOI/USDT,BUY,FUTURES,104.64453999999999,104.67,0.41260647,5,100.8811,107.6762,0.052524803631013535,0.12164992076990622,0.06979560933268306,0.01727080570166952,0,CLOSED,t,TRANSITION,t,2026-10-01 14:36:50.694741+00,2026-10-01 14:38:45.181867+00,PAPER-1790865410,"{""close_reason"": ""take_profit""}"
5734,AXTI/USDT,BUY,FUTURES,81.94185999999999,82.06,0.59476143,5,78.9949,84.3158,0.35132557670102316,0.7208769730148168,0.37081991983320706,0.01949434313218392,0,CLOSED,t,TRENDING,t,2026-10-01 14:41:56.072819+00,2026-10-01 14:45:09.131177+00,PAPER-1790865716,"{""close_reason"": ""take_profit""}"
5735,US/USDT,BUY,FUTURES,0.026552525999999996,0.02557199241,1835.45090023,5,0.02559759,0.026531,-8.998606302356233,-18.464035964035897,-8.979111959256201,0.019494343100032188,0,CLOSED,t,TRENDING,t,2026-10-01 14:41:56.113734+00,2026-10-01 14:42:21.517973+00,PAPER-1790865716,"{""close_reason"": ""stop_loss""}"
5736,IBM/USDT,SELL,FUTURES,228.70107000000002,226.35,0.16663434,5,236.94255,220.5,1.9588449887190178,5.14005028485442,1.9740887694617153,0.015243780742697522,0,CLOSED,t,TRENDING,t,2026-10-01 14:43:19.040501+00,2026-10-01 17:01:37.404652+00,PAPER-SHORT-1790865799,"{""close_reason"": ""manual""}"
5737,AAOI/USDT,BUY,FUTURES,104.03393,105.07,0.4171279,5,100.29245,107.0479,2.1608685167649666,4.979481213484793,2.1782266986648255,0.017358181899858802,0,CLOSED,t,TRANSITION,t,2026-10-01 14:43:45.279737+00,2026-10-01 17:01:37.393185+00,PAPER-1790865825,"{""close_reason"": ""manual""}"
5738,US/USDT,BUY,FUTURES,0.026524497999999997,0.026675,1644.64510754,5,0.02557057,0.026531,1.2376118898749617,2.8370376698553246,1.2550612442212234,0.017449354346261804,0,CLOSED,t,TRENDING,t,2026-10-01 14:47:21.616473+00,2026-10-01 14:47:26.657912+00,PAPER-1790866041,"{""close_reason"": ""take_profit""}"
5739,AXTI/USDT,BUY,FUTURES,83.33324999999999,81.37,0.52584338,5,80.33625,85.7475,-5.161810078924963,-11.779511779511697,-5.144281983786408,0.017528095138554,0,CLOSED,t,TRENDING,t,2026-10-01 14:50:09.520973+00,2026-10-01 15:13:01.949019+00,PAPER-1790866209,"{""close_reason"": ""negative_timeout""}"
5740,LIT/USDT,BUY,FUTURES,3.8709670999999997,3.8665,10.86606148,5,3.84479881,3.9288,-0.24269891618652256,-0.5770005123525435,-0.22587404958825963,0.016824866598262923,0,CLOSED,t,TRANSITION,t,2026-10-01 14:50:53.708604+00,2026-10-01 15:24:10.503414+00,PAPER-1790866253,"{""close_reason"": ""negative_timeout""}"
5741,US/USDT,BUY,FUTURES,0.026929902999999998,0.027203,1499.24895846,5,0.02596139,0.030129,2.0472019640427677,5.0705158499828595,2.0633518156524393,0.016149851609671532,0,CLOSED,t,TRENDING,t,2026-10-01 14:55:57.37427+00,2026-10-01 14:56:18.373168+00,PAPER-1790866557,"{""close_reason"": ""take_profit""}"
5742,CBRS/USDT,SELL,FUTURES,173.22660000000002,173.56,0.24296636,5,179.469,168.198,-0.4050249221199796,-0.962323338332517,-0.38818962753710917,0.016835294582870402,0,CLOSED,t,TRENDING,t,2026-10-01 14:57:30.441712+00,2026-10-01 15:25:01.904595+00,PAPER-SHORT-1790866650,"{""close_reason"": ""negative_timeout""}"
5743,US/USDT,BUY,FUTURES,0.029187157999999998,0.030159,1387.04541479,5,0.02813747,0.030129,6.73994495000172,16.648452034966898,6.756138515471581,0.016193565469860505,0,CLOSED,t,TRENDING,t,2026-10-01 15:10:23.073776+00,2026-10-01 15:13:07.58343+00,PAPER-1790867423,"{""close_reason"": ""take_profit""}"
5744,BE/USDT,SELL,FUTURES,274.15557,,0.24309546,5,277.72316,262.05,,,,0,0,CLOSED,t,TRANSITION,t,2026-10-01 18:16:21.117469+00,2026-10-01 18:21:36.190385+00,PAPER-SHORT-1790878581,"{""entry_indicators"": {""adx"": 18.55, ""rsi"": 33.72, ""bb_pct"": 0.0066, ""regime"": ""TRANSITION"", ""atr_pct"": 1.2524, ""research"": {""arm"": true, ""setup"": ""15m sweep of hour high then reject"", ""pred_side"": ""bear"", ""confidence"": 0.85, ""hour_start"": ""2026-10-01T18:00:00+00:00""}, ""rr_ratio"": 3.76, ""confidence"": 0.5709, ""funding_rate"": 0.0, ""zone_based_sl"": false, ""structure_trend"": ""DOWN"", ""structure_confirmed"": true, ""predicted_change_pct"": -1.7473}}"
5745,US/USDT,BUY,FUTURES,0.028567538999999996,0.02816833347,2337.59720884,5,0.02819653,0.03025134,-4.665908663407412,-6.987047956773518,-4.63919690363548,0.026711759771931135,0,CLOSED,t,TRENDING,t,2026-10-01 18:16:21.208964+00,2026-10-01 18:17:33.359308+00,PAPER-1790878581,"{""close_reason"": ""stop_loss""}"
5746,AAOI/USDT,BUY,FUTURES,105.95584999999998,,0.63025684,5,104.5798,109.0255,,,,0,0,CLOSED,t,TRANSITION,t,2026-10-01 18:16:21.254262+00,2026-10-01 18:21:36.190385+00,PAPER-1790878581,"{""entry_indicators"": {""adx"": 23.84, ""rsi"": 74.4, ""bb_pct"": 0.9761, ""regime"": ""TRANSITION"", ""atr_pct"": 1.3528, ""research"": {""arm"": true, ""setup"": ""15m sweep of hour low then reclaim"", ""pred_side"": ""bull"", ""confidence"": 0.85, ""hour_start"": ""2026-10-01T18:00:00+00:00""}, ""rr_ratio"": 2.5, ""confidence"": 0.6205, ""funding_rate"": 0.0, ""zone_based_sl"": false, ""structure_trend"": ""UP"", ""structure_confirmed"": true, ""predicted_change_pct"": 1.4198}}"
5747,AXTI/USDT,BUY,FUTURES,80.54045999999998,,0.59880765,5,79.49448,80.9,,,,0,0,CLOSED,t,TRENDING,t,2026-10-01 18:17:33.432106+00,2026-10-01 18:21:36.190385+00,PAPER-1790878653,"{""entry_indicators"": {""adx"": 33.54, ""rsi"": 52.38, ""bb_pct"": 0.559, ""regime"": ""TRENDING"", ""atr_pct"": 1.688, ""research"": {""arm"": true, ""setup"": ""15m sweep of hour high then reject"", ""pred_side"": ""bear"", ""confidence"": 0.85, ""hour_start"": ""2026-10-01T18:00:00+00:00""}, ""rr_ratio"": 0.46, ""confidence"": 0.4877, ""funding_rate"": 0.0, ""zone_based_sl"": false, ""structure_trend"": ""UP"", ""structure_confirmed"": false, ""predicted_change_pct"": 2.4808}}"
5748,NFLX/USDT,BUY,FUTURES,68.57851,,0.70325593,5,68.00367152,70.06,,,,0,0,CLOSED,t,TRENDING,t,2026-10-01 18:17:33.477946+00,2026-10-01 18:21:36.190385+00,PAPER-1790878653,"{""entry_indicators"": {""adx"": 44.49, ""rsi"": 33.85, ""bb_pct"": 0.1877, ""regime"": ""TRENDING"", ""atr_pct"": 0.5481, ""research"": {""arm"": true, ""setup"": ""15m sweep of hour high then reject"", ""pred_side"": ""bear"", ""confidence"": 0.85, ""hour_start"": ""2026-10-01T18:00:00+00:00""}, ""rr_ratio"": 3.06, ""confidence"": 0.735, ""funding_rate"": 0.0, ""zone_based_sl"": true, ""structure_trend"": ""RANGE"", ""structure_confirmed"": false, ""predicted_change_pct"": 0.2176}}"
5749,VVV/USDT,BUY,FUTURES,27.563536,27.583,2.05848444,5,27.205568,27.572,0.200331705700785,0.35307516423144225,0.22302734968773696,0.02269564398695194,0,CLOSED,t,TRANSITION,t,2026-10-01 18:17:33.490977+00,2026-10-01 18:18:34.466655+00,PAPER-1790878653,"{""close_reason"": ""take_profit""}"
5750,BE/USDT,SELL,FUTURES,273.82590000000005,277.6665892,0.27362277,5,277.3892,262.05,-5.254500088065323,-7.013013013012882,-5.224530087563026,0.029970000502297207,0,CLOSED,t,TRANSITION,t,2026-10-01 18:21:49.546356+00,2026-10-02 01:13:50.774746+00,PAPER-SHORT-1790878909,"{""close_reason"": ""stop_loss""}"
5751,AXTI/USDT,BUY,FUTURES,80.65056999999999,80.95,0.79123743,5,79.60316,80.9,1.1846011183245746,1.8563414988884697,1.2101266182185086,0.025525499893934038,0,CLOSED,t,TRENDING,t,2026-10-01 18:21:49.558875+00,2026-10-01 18:35:36.769118+00,PAPER-1790878909,"{""close_reason"": ""take_profit""}"
5752,US/USDT,BUY,FUTURES,0.024825800999999998,0.02447888661,3024.07161002,5,0.02450339,0.02628906,-5.24546978953198,-6.986972746619468,-5.2154397895319375,0.030030000000042453,0,CLOSED,t,TRENDING,t,2026-10-01 18:21:49.575155+00,2026-10-01 18:21:54.665968+00,PAPER-1790878909,"{""close_reason"": ""stop_loss""}"
5753,AAOI/USDT,BUY,FUTURES,106.45634999999999,108.23,0.70521862,5,105.0738,109.5405,6.2540550268151005,8.330409599803247,6.284085026909995,0.030030000094894798,0,CLOSED,t,TRANSITION,t,2026-10-01 18:21:49.588858+00,2026-10-02 06:45:15.447126+00,PAPER-1790878909,"{""close_reason"": ""manual""}"
5754,VVV/USDT,BUY,FUTURES,27.572544999999998,27.583,2.72281721,5,27.21446,27.572,0.1423352696527452,0.18959076864322189,0.17236526967254498,0.03003000001979978,0,CLOSED,t,TRANSITION,t,2026-10-01 18:21:49.634944+00,2026-10-01 18:23:56.764395+00,PAPER-1790878909,"{""close_reason"": ""take_profit""}"
5755,TSM/USDT,SELL,FUTURES,458.63091,460.43956379420996,0.10943756,5,459.97958421,456.02,-0.9896732906154161,-1.971796661295668,-0.9695967115230243,0.02007657909239184,0,CLOSED,t,TRANSITION,t,2026-10-01 18:23:31.312741+00,2026-10-01 18:35:11.425809+00,PAPER-SHORT-1790879011,"{""close_reason"": ""stop_loss""}"
5756,US/USDT,BUY,FUTURES,0.023968945,0.024257,2517.48720657,5,0.02365766,0.0253817,3.625873886442638,6.00892112689988,3.65001049139963,0.024136604956991988,0,CLOSED,t,TRENDING,t,2026-10-01 18:27:00.926614+00,2026-10-01 18:27:21.285219+00,PAPER-1790879220,"{""close_reason"": ""take_profit""}"
5757,VVV/USDT,BUY,FUTURES,27.554526999999997,27.556,2.21961098,5,27.196676,27.572,0.016347434867777604,0.026728820277099885,0.040811567138940186,0.024464132271162585,0,CLOSED,t,TRANSITION,t,2026-10-01 18:28:57.805333+00,2026-10-01 18:35:21.607423+00,PAPER-1790879337,"{""close_reason"": ""take_profit""}"
5758,US/USDT,BUY,FUTURES,0.024006983,0.024066,2419.84318033,5,0.0236952,0.02542198,0.7140594248677067,1.229163198057881,0.737296678504846,0.0232372536371393,0,CLOSED,t,TRENDING,t,2026-10-01 18:32:23.769296+00,2026-10-01 18:33:29.737985+00,PAPER-1790879543,"{""close_reason"": ""take_profit""}"
5759,AXTI/USDT,BUY,FUTURES,81.88179999999998,83.5,0.69314235,5,80.8184,84.254,5.608214753850024,9.881316727282542,5.630917051159717,0.022702297309691997,0,CLOSED,t,TRENDING,t,2026-10-02 01:13:52.020833+00,2026-10-02 12:56:29.009866+00,PAPER-1790903632,"{""close_reason"": ""manual""}"
5760,US/USDT,BUY,FUTURES,0.028214185999999995,0.028221,2366.59184656,5,0.02784777,0.02987716,0.08062978421236362,0.1207548571489081,0.10733836923033455,0.026708585017970916,0,CLOSED,t,TRENDING,t,2026-10-02 01:13:52.129021+00,2026-10-02 01:21:29.145143+00,PAPER-1790903632,"{""close_reason"": ""take_profit""}"
5761,NFLX/USDT,BUY,FUTURES,68.17810999999999,68.04,0.83246284,5,68.0040004,68.51,-0.5748572141619437,-1.0128617528410988,-0.5521549169313708,0.02270229723057296,0,CLOSED,t,TRENDING,t,2026-10-02 01:13:52.480208+00,2026-10-02 08:29:57.289914+00,PAPER-1790903632,"{""close_reason"": ""negative_timeout""}"
5762,VVV/USDT,BUY,FUTURES,26.306279999999997,26.322,2.53823279,5,25.96444825,27.572,0.19950509729404856,0.2987879700209195,0.22621368228561703,0.026708584991568477,0,CLOSED,t,TRANSITION,t,2026-10-02 01:13:52.563419+00,2026-10-02 01:24:54.693381+00,PAPER-1790903632,"{""close_reason"": ""take_profit""}"
5763,BE/USDT,SELL,FUTURES,278.73098999999996,279.62,0.20314058,5,282.35812,262.05,-0.9029700351290422,-1.5947455286547823,-0.8803214051400124,0.022648629989029678,0,CLOSED,t,TRANSITION,t,2026-10-02 01:18:54.533854+00,2026-10-02 06:44:32.879885+00,PAPER-SHORT-1790903934,"{""close_reason"": ""negative_timeout""}"
5764,US/USDT,BUY,FUTURES,0.028188159999999997,0.029094,2145.18277795,5,0.02782208,0.0298496,9.71596183789116,16.06773907910275,9.7401493400408,0.024187502149639627,0,CLOSED,t,TRENDING,t,2026-10-02 01:26:31.048647+00,2026-10-02 06:44:53.316394+00,PAPER-1790904391,"{""close_reason"": ""trailing_stop""}"
5765,QQQ/USDT,SELL,FUTURES,744.67458,746.73,0.06542893,5,747.19359212,739.58,-0.6724196565030087,-1.380079336130976,-0.652930352115969,0.01948930438703976,0,CLOSED,t,TRANSITION,t,2026-10-02 06:44:27.628039+00,2026-10-02 07:44:27.890623+00,PAPER-SHORT-1790923467,"{""close_reason"": ""negative_timeout""}"
5766,TSM/USDT,SELL,FUTURES,458.43111,460.4394462367699,0.10628262,5,459.97946677,456.02,-1.0672561854242453,-2.190444968677993,-1.047766881640122,0.01948930378412328,0,CLOSED,t,TRANSITION,t,2026-10-02 06:44:27.811605+00,2026-10-02 07:19:37.812138+00,PAPER-SHORT-1790923467,"{""close_reason"": ""stop_loss""}"
5767,XPT/USDT,SELL,FUTURES,1735.7924699999999,1738.94,0.03217646,5,1739.81965034,1716.94,-0.5063818657190302,-0.906655045000912,-0.4840412029273277,0.02234066279170248,0,CLOSED,t,TRANSITION,t,2026-10-02 06:44:27.83788+00,2026-10-02 08:29:57.276846+00,PAPER-SHORT-1790923467,"{""close_reason"": ""negative_timeout""}"
5768,VVV/USDT,BUY,FUTURES,28.426397999999995,28.487,1.56328734,5,28.057224,29.24994,0.47369169689344587,1.0659458155761747,0.4914671481395264,0.017775451246080525,0,CLOSED,t,TRANSITION,t,2026-10-02 06:44:53.400626+00,2026-10-02 06:49:39.898223+00,PAPER-1790923493,"{""close_reason"": ""take_profit""}"
5769,BE/USDT,SELL,FUTURES,278.89083,280.59,0.21701667,5,282.52004,262.05,-1.8437410758194794,-3.046299514401354,-1.819531492131425,0.02420958368805444,0,CLOSED,t,TRANSITION,t,2026-10-02 06:49:34.811798+00,2026-10-02 07:49:35.73762+00,PAPER-SHORT-1790923774,"{""close_reason"": ""negative_timeout""}"
5770,US/USDT,BUY,FUTURES,0.030777746999999998,0.0311,1654.06879708,5,0.03037804,0.03259182,2.6651431603271374,5.235162274873528,2.6855065647099865,0.020363404382849032,0,CLOSED,t,TRENDING,t,2026-10-02 06:49:55.287284+00,2026-10-02 06:51:47.844073+00,PAPER-1790923795,"{""close_reason"": ""take_profit""}"
5771,AAOI/USDT,BUY,FUTURES,108.07797,110.08,0.53053642,5,106.67436,111.2091,5.310749144663013,9.261970779058881,5.333684864376879,0.02293571971386696,0,CLOSED,t,TRANSITION,t,2026-10-02 06:50:21.737357+00,2026-10-02 12:56:19.832889+00,PAPER-1790923821,"{""close_reason"": ""manual""}"
5772,VVV/USDT,BUY,FUTURES,28.399370999999995,28.447,2.02853577,5,28.030548,29.22213,0.4830856509466628,0.8385573046670869,0.506129306914263,0.023043655967600267,0,CLOSED,t,TRANSITION,t,2026-10-02 06:54:41.052411+00,2026-10-02 07:41:51.940729+00,PAPER-1790924081,"{""close_reason"": ""take_profit""}"
5773,US/USDT,BUY,FUTURES,0.029662632999999997,0.02972,1255.3415814,5,0.0292774,0.03141098,0.36007590250087984,0.9669910287465333,0.37497059714836295,0.01489469464748313,0,CLOSED,t,TRENDING,t,2026-10-02 07:19:37.918358+00,2026-10-02 07:24:50.71539+00,PAPER-1790925577,"{""close_reason"": ""take_profit""}"
5774,RAYSOL/USDT,SELL,FUTURES,1.9353627,1.9469,29.32242761,5,1.9605476,1.8676,-1.691508220324277,-2.980655770621208,-1.6688084072563394,0.022699813067937658,0,CLOSED,t,TRANSITION,t,2026-10-02 07:26:32.508479+00,2026-10-02 08:29:57.258935+00,PAPER-SHORT-1790925992,"{""close_reason"": ""negative_timeout""}"
5775,IBM/USDT,BUY,FUTURES,227.15693,226.66,0.20054297,5,224.68963381,232.8,-0.4982790904104855,-1.0938033015325255,-0.48005720025117266,0.018221890159312838,0,CLOSED,t,TRANSITION,t,2026-10-02 07:42:06.103208+00,2026-10-02 12:54:19.780869+00,PAPER-1790926926,"{""close_reason"": ""negative_timeout""}"
5776,USELESS/USDT,SELL,FUTURES,0.25091883,0.25084,150.6649898,5,0.25418404,0.23588,0.05938460572965056,0.15708267091787054,0.07450647891468173,0.015121873185031172,0,CLOSED,t,TRANSITION,t,2026-10-02 07:44:32.081078+00,2026-10-02 07:47:35.077725+00,PAPER-SHORT-1790927072,"{""close_reason"": ""take_profit""}"
5777,COHR/USDT,BUY,FUTURES,321.54122,320.57,0.12396408,5,317.54982724,330.8566,-0.6019819688880065,-1.510257378509683,-0.5860381442802555,0.01594382460775104,0,CLOSED,t,TRENDING,t,2026-10-02 07:47:39.385437+00,2026-10-02 12:54:29.705545+00,PAPER-1790927259,"{""close_reason"": ""negative_timeout""}"
5778,QQQ/USDT,SELL,FUTURES,746.02323,747.8348718040198,0.04987318,5,747.08778402,739.58,-0.4517616889370247,-1.214199324610719,-0.4368790686034361,0.014882620333588562,0,CLOSED,t,TRANSITION,t,2026-10-02 07:49:38.102181+00,2026-10-02 07:50:33.804718+00,PAPER-SHORT-1790927378,"{""close_reason"": ""stop_loss""}"
5779,COIN/USDT,BUY,FUTURES,194.9948,195.02,0.23445851,5,192.4624,200.644,0.029541772260022713,0.06461710773830731,0.047829048366321916,0.0182872761062992,0,CLOSED,t,TRENDING,t,2026-10-02 08:29:52.221251+00,2026-10-02 08:38:04.481839+00,PAPER-1790929792,"{""close_reason"": ""take_profit""}"
5780,AAPL/USDT,SELL,FUTURES,331.07859,332.0971488834999,0.13228368,5,331.7653835,330.43,-0.6736935870302946,-1.5382433571133467,-0.6561750693285301,0.01751851770176448,0,CLOSED,t,TRANSITION,t,2026-10-02 08:29:59.737988+00,2026-10-02 12:54:29.692436+00,PAPER-SHORT-1790929799,"{""close_reason"": ""stop_loss""}"
5781,USELESS/USDT,SELL,FUTURES,0.2532465,0.25089,172.93938253,5,0.26042473,0.23588,2.0376582746597105,4.652581575658466,2.055176791994864,0.017518517335153458,0,CLOSED,t,TRANSITION,t,2026-10-02 08:30:01.897949+00,2026-10-02 12:54:29.679163+00,PAPER-SHORT-1790929801,"{""close_reason"": ""take_profit""}"
5782,QQQ/USDT,SELL,FUTURES,747.6516,751.28,0.05266396,5,751.85841217,739.58,-0.9554295623199849,-2.4265312881026015,-0.9396798447374505,0.015749717582534403,0,CLOSED,t,TRANSITION,t,2026-10-02 08:31:01.500086+00,2026-10-02 12:54:29.6693+00,PAPER-SHORT-1790929861,"{""close_reason"": ""negative_timeout""}"
5783,WDC/USDT,BUY,FUTURES,463.90343999999993,458.9572537296,0.09664885,5,459.4166704,477.3432,-2.390216074599717,-5.331051511926644,-2.3722817810048995,0.0179342935948176,0,CLOSED,t,TRANSITION,t,2026-10-02 08:38:07.460932+00,2026-10-02 12:54:29.65664+00,PAPER-1790930287,"{""close_reason"": ""stop_loss""}"
5784,RAYSOL/USDT,SELL,FUTURES,1.9524456,1.9515,28.63998325,5,1.9778528,1.8676,0.1354098408059828,0.2421578352810137,0.1577770445181973,0.02236720371221448,0,CLOSED,t,TRANSITION,t,2026-10-02 12:54:24.638976+00,2026-10-02 13:27:22.778014+00,PAPER-SHORT-1790945664,"{""close_reason"": ""take_profit""}"
5785,XPT/USDT,SELL,FUTURES,1735.29297,1734.99,0.02704309,5,1757.87436,1722.2,0.04096622488649449,0.08729649841201145,0.05973729847212541,0.018771073585630918,0,CLOSED,t,TRANSITION,t,2026-10-02 12:54:34.469562+00,2026-10-02 13:09:32.636681+00,PAPER-SHORT-1790945674,"{""close_reason"": ""take_profit""}"
5786,COIN/USDT,BUY,FUTURES,195.92572999999996,196.19,0.28234965,5,193.38124,201.6019,0.37308271002757776,0.6744137178921195,0.39521053454417554,0.022127824516597797,0,CLOSED,t,TRENDING,t,2026-10-02 12:54:34.530357+00,2026-10-02 13:30:21.927052+00,PAPER-1790945674,"{""close_reason"": ""take_profit""}"
5787,COHR/USDT,BUY,FUTURES,321.68136,317.34234000000004,0.21184343,5,317.5496354,331.0008,-4.595964398192954,-6.744282603132423,-4.568705965125168,0.02725843306778592,0,CLOSED,t,TRENDING,t,2026-10-02 12:59:30.973119+00,2026-10-02 13:27:12.399616+00,PAPER-1790945970,"{""close_reason"": ""stop_loss""}"
5788,USELESS/USDT,SELL,FUTURES,0.25093881,0.25092,271.02195518,5,0.25420428,0.23588,0.025489614884727438,0.03747925639727817,0.05269358565142446,0.02720397076669702,0,CLOSED,t,TRANSITION,t,2026-10-02 12:59:31.00804+00,2026-10-02 13:03:11.828541+00,PAPER-SHORT-1790945971,"{""close_reason"": ""take_profit""}"
5789,QQQ/USDT,SELL,FUTURES,751.6076400000001,752.4,0.06920636,5,761.38832,739.58,-0.27418175704797126,-0.5271101288964525,-0.2533753454829351,0.02080641156503616,0,CLOSED,t,TRANSITION,t,2026-10-02 12:59:38.972062+00,2026-10-02 14:00:25.36289+00,PAPER-SHORT-1790945978,"{""close_reason"": ""negative_timeout""}"
5790,WDC/USDT,BUY,FUTURES,427.18675999999994,427.2,0.12200792,5,421.63888,460.92,0.008076924304010137,0.015496734964370873,0.028924991519665814,0.02084806721565568,0,CLOSED,t,TRANSITION,t,2026-10-02 12:59:38.994721+00,2026-10-02 13:01:44.069797+00,PAPER-1790945978,"{""close_reason"": ""take_profit""}"
5791,AAOI/USDT,BUY,FUTURES,109.97986999999999,110.02,0.45378595,5,108.55156,113.1661,0.09105215086751413,0.18244247788257173,0.11101507878304473,0.0199629279155306,0,CLOSED,t,TRENDING,t,2026-10-02 13:01:23.901235+00,2026-10-02 13:18:45.508336+00,PAPER-1790946083,"{""close_reason"": ""take_profit""}"
5792,XPD/USDT,BUY,FUTURES,1201.87067,1185.32349,0.04361632,5,1186.26196,1207.41,-3.6086354898879964,-6.883927036841653,-3.587667019591463,0.020968470296533762,0,CLOSED,t,TRENDING,t,2026-10-02 13:02:11.519811+00,2026-10-02 13:15:38.269861+00,PAPER-1790946131,"{""close_reason"": ""stop_loss""}"
5793,QCOM/USDT,SELL,FUTURES,186.75306,187.98,0.25810783,5,188.76201579,182.28,-1.5834141047009802,-3.284926094383634,-1.5641331338759963,0.01928097082498392,0,CLOSED,t,TRANSITION,t,2026-10-02 13:03:43.715265+00,2026-10-02 14:03:47.998489+00,PAPER-SHORT-1790946223,"{""close_reason"": ""negative_timeout""}"
5794,WDC/USDT,BUY,FUTURES,424.79436999999996,425.4,0.10590478,5,419.27756,460.92,0.32069555955701035,0.7128507847220522,0.3386906612770458,0.01799510172003544,0,CLOSED,t,TRANSITION,t,2026-10-02 13:09:35.364049+00,2026-10-02 13:13:18.725047+00,PAPER-1790946575,"{""close_reason"": ""take_profit""}"
5795,USELESS/USDT,SELL,FUTURES,0.24979995,0.24974,212.71490554,5,0.2530506,0.23588,0.06376129293561825,0.11999602081586297,0.08501576204287693,0.02125446910725869,0,CLOSED,t,TRANSITION,t,2026-10-02 13:13:23.12245+00,2026-10-02 13:25:17.15881+00,PAPER-SHORT-1790946803,"{""close_reason"": ""take_profit""}"
5796,BMNR/USDT,SELL,FUTURES,27.63234,27.62,1.78334619,5,27.80487764,27.01,0.11003245992298431,0.22328908807575185,0.12974367122689814,0.01971121130391384,0,CLOSED,t,TRENDING,t,2026-10-02 13:15:38.382991+00,2026-10-02 13:27:12.375749+00,PAPER-SHORT-1790946938,"{""close_reason"": ""take_profit""}"
5797,SNXX/USDT,BUY,FUTURES,17.647629999999996,17.65,2.092403,5,17.41844,17.79,0.024794975550022746,0.06714782664873908,0.03956535713197874,0.014770381581955996,0,CLOSED,t,TRANSITION,t,2026-10-02 13:18:45.604823+00,2026-10-02 13:25:06.859978+00,PAPER-1790947125,"{""close_reason"": ""take_profit""}"
5798,SPY/USDT,SELL,FUTURES,770.6286,772.52,0.06249009,5,780.6568,761.53,-0.5909687811299925,-1.2271799930601952,-0.5717061209017629,0.019262660228229603,0,CLOSED,t,TRANSITION,t,2026-10-02 13:25:12.134866+00,2026-10-02 14:25:12.74678+00,PAPER-SHORT-1790947512,"{""close_reason"": ""negative_timeout""}"
5799,HOOD/USDT,BUY,FUTURES,114.57445999999999,114.74,0.42201938,5,113.08648,116.29,0.34930544082600967,0.7224123072454569,0.3686464978552236,0.019341057029213918,0,CLOSED,t,TRENDING,t,2026-10-02 13:25:21.750015+00,2026-10-02 13:30:21.902769+00,PAPER-1790947521,"{""close_reason"": ""take_profit""}"
5800,AAOI/USDT,BUY,FUTURES,110.17005999999999,108.63054072,0.48470142,5,108.73928,113.3618,-3.7310359056668574,-6.98701298701293,-3.7096760718574635,0.021359833809394078,0,CLOSED,t,TRENDING,t,2026-10-02 13:27:17.719824+00,2026-10-02 13:30:21.891936+00,PAPER-1790947637,"{""close_reason"": ""stop_loss""}"
5801,XPT/USDT,SELL,FUTURES,1722.05622,1722.14,0.02630516,5,1744.46536,1722.2,-0.011019231524021138,-0.024325570509004843,0.007100354234416942,0.01811958575843808,0,CLOSED,t,TRANSITION,t,2026-10-02 13:27:17.738919+00,2026-10-02 13:44:53.961467+00,PAPER-SHORT-1790947637,"{""close_reason"": ""take_profit""}"
5802,AXTI/USDT,BUY,FUTURES,82.59250999999999,82.88,0.67565441,5,81.6872039,84.9853,0.9712194316545067,1.7404120543134116,0.9935410291002944,0.02232159744578764,0,CLOSED,t,TRENDING,t,2026-10-02 13:28:01.357851+00,2026-10-02 13:30:49.211967+00,PAPER-1790947681,"{""close_reason"": ""take_profit""}"
5803,ORCL/USDT,BUY,FUTURES,142.92278,143.65,0.37086753,5,141.06664,147.0634,1.3485114258330462,2.54410108731451,1.3697135931927795,0.02120216735973336,0,CLOSED,t,TRANSITION,t,2026-10-02 13:30:21.955747+00,2026-10-02 13:32:34.446337+00,PAPER-1790947821,"{""close_reason"": ""take_profit""}"
5804,SNXX/USDT,BUY,FUTURES,16.94693,16.72326,2.65857034,5,16.72684,17.79,-2.973212139738988,-6.599130343961979,-2.9551902975581656,0.018021842180822478,0,CLOSED,t,TRANSITION,t,2026-10-02 13:30:21.993228+00,2026-10-02 13:31:29.655066+00,PAPER-1790947821,"{""close_reason"": ""stop_loss""}"
5805,BMNR/USDT,SELL,FUTURES,27.94203,28.053293808539998,1.80322441,5,28.02526854,27.01,-1.0031680775444598,-1.99097575480376,-0.9830137773200789,0.020154300224380924,0,CLOSED,t,TRENDING,t,2026-10-02 13:32:14.934722+00,2026-10-02 13:32:24.363906+00,PAPER-SHORT-1790947934,"{""close_reason"": ""stop_loss""}"
5806,RAYSOL/USDT,SELL,FUTURES,1.9644336,1.9643,24.55782626,5,1.9899968,1.8676,0.01640462794168823,0.03400471260521786,0.03570151556093076,0.019296887619242534,0,CLOSED,t,TRANSITION,t,2026-10-02 13:32:29.404693+00,2026-10-02 13:41:22.334928+00,PAPER-SHORT-1790947949,"{""close_reason"": ""take_profit""}"
5807,HK1810/USDT,BUY,FUTURES,24.21419,,2.4602178,5,23.8315364,25.14,,,,0,0,CLOSED,t,TRENDING,t,2026-10-02 13:34:58.479007+00,2026-10-02 15:45:11.833359+00,PAPER-1790948098,"{""entry_indicators"": {""adx"": 58.4, ""rsi"": 27.49, ""bb_pct"": 0.3488, ""regime"": ""TRENDING"", ""atr_pct"": 0.5088, ""research"": {""arm"": true, ""setup"": ""15m holding above hour open and EMA21"", ""pred_side"": ""bull"", ""confidence"": 0.85, ""hour_start"": ""2026-10-02T13:00:00+00:00""}, ""rr_ratio"": 2.65, ""confidence"": 0.5486, ""funding_rate"": 0.0, ""zone_based_sl"": true, ""structure_trend"": ""RANGE"", ""structure_confirmed"": false, ""predicted_change_pct"": 0.5414}}"
5808,HOOD/USDT,BUY,FUTURES,118.47835999999998,116.93956306031998,0.47759465,5,116.93968,121.9108,-3.6746059291377033,-6.494,-3.651972076786994,0.0226338523507096,0,CLOSED,t,TRENDING,t,2026-10-02 13:35:23.808562+00,2026-10-02 13:49:57.624806+00,PAPER-1790948123,"{""close_reason"": ""stop_loss""}"
5809,SNXX/USDT,BUY,FUTURES,16.55654,16.97,2.75932469,5,16.38603617,17.79,5.704351931637017,12.48630450565158,5.722625879478207,0.01827394784118904,0,CLOSED,t,TRANSITION,t,2026-10-02 13:36:30.009908+00,2026-10-02 14:12:36.36128+00,PAPER-1790948190,"{""close_reason"": ""manual""}"
5810,BMNR/USDT,SELL,FUTURES,27.972,27.09,1.56049072,5,28.336,27.01,6.881764075200011,15.765765765765792,6.899224093767947,0.017460018567936,0,CLOSED,t,TRENDING,t,2026-10-02 13:41:22.406068+00,2026-10-02 14:12:31.206851+00,PAPER-SHORT-1790948482,"{""close_reason"": ""manual""}"
5811,BTW/USDT,BUY,FUTURES,1.4083069,1.4093,31.15599506,5,1.39512917,1.4593,0.15470509347046554,0.3525864994342598,0.1722559745982111,0.017550881127745565,0,CLOSED,t,TRANSITION,t,2026-10-02 13:44:54.006718+00,2026-10-02 13:46:49.612993+00,PAPER-1790948694,"{""close_reason"": ""take_profit""}"
5812,ORCL/USDT,BUY,FUTURES,142.66252,142.81,0.36185459,5,140.80976,146.7956,0.26683157466599855,0.5168841823346426,0.2874808097391853,0.02064923507318672,0,CLOSED,t,TRANSITION,t,2026-10-02 13:46:49.672625+00,2026-10-02 14:01:47.045813+00,PAPER-1790948809,"{""close_reason"": ""take_profit""}"
5813,AXTI/USDT,BUY,FUTURES,81.56147999999999,82.61,0.53368551,5,81.22898647,82.5,2.797899654726011,6.4277891965668355,2.815310926746073,0.01741127202006192,0,CLOSED,t,TRENDING,t,2026-10-02 13:49:57.667515+00,2026-10-02 14:00:25.319959+00,PAPER-1790948997,"{""close_reason"": ""take_profit""}"
5814,BTW/USDT,BUY,FUTURES,1.3424410999999998,1.3433,32.20562055,5,1.3250068,1.3996,0.1383070374519947,0.31990230334877356,0.15560069692292455,0.01729365947092984,0,CLOSED,t,TRANSITION,t,2026-10-02 14:00:25.443668+00,2026-10-02 14:02:02.157306+00,PAPER-1790949625,"{""close_reason"": ""take_profit""}"
5815,ARM/USDT,SELL,FUTURES,310.01966999999996,314.0536459460399,0.13917751,5,314.05396,295.84,-2.8071936378486795,-6.5059999999999345,-2.789934531560031,0.017259106288648678,0,CLOSED,t,TRENDING,t,2026-10-02 14:00:25.504133+00,2026-10-02 14:22:56.775815+00,PAPER-SHORT-1790949625,"{""close_reason"": ""stop_loss""}"
5816,AAOI/USDT,BUY,FUTURES,111.20109,114.5,0.46596234,5,109.75692,114.4227,7.685839115247037,14.833083021038806,7.7065653232898175,0.020726208042780237,0,CLOSED,t,TRENDING,t,2026-10-02 14:01:47.195565+00,2026-10-02 14:07:08.231848+00,PAPER-1790949707,"{""close_reason"": ""take_profit""}"
5817,HOOD/USDT,BUY,FUTURES,115.21509999999998,116.3,0.44957344,5,113.7188,116.29,2.4387111252800606,4.7081502337802394,2.4594301848188382,0.020719059538777597,0,CLOSED,t,TRENDING,t,2026-10-02 14:02:02.244983+00,2026-10-02 14:24:37.448365+00,PAPER-1790949722,"{""close_reason"": ""take_profit""}"
5818,RAYSOL/USDT,SELL,FUTURES,1.9565415,1.9558,27.18453968,5,1.99435309,1.8676,0.10078668086359328,0.18949253056987306,0.12206175288051997,0.021275072016926688,0,CLOSED,t,TRANSITION,t,2026-10-02 14:05:15.115881+00,2026-10-02 14:28:11.895198+00,PAPER-SHORT-1790949915,"{""close_reason"": ""take_profit""}"
5819,ORCL/USDT,BUY,FUTURES,143.85370999999998,141.98533801451998,0.35193249,5,141.98548,148.0213,-3.2877040254811005,-6.494,-3.2674533077386854,0.02025071774241516,0,CLOSED,t,TRANSITION,t,2026-10-02 14:07:08.280009+00,2026-10-02 15:04:30.908978+00,PAPER-1790950028,"{""close_reason"": ""stop_loss""}"
5820,QQQ/USDT,SELL,FUTURES,752.4567900000001,752.36,0.05922389,5,762.24852,739.58,0.02866140156551641,0.06431598550665973,0.046486768829801656,0.017825367264285245,0,CLOSED,t,TRANSITION,t,2026-10-02 14:12:31.327926+00,2026-10-02 14:58:51.108887+00,PAPER-SHORT-1790950351,"{""close_reason"": ""take_profit""}"
5821,AAOI/USDT,BUY,FUTURES,113.59347999999999,113.61,0.47714,5,112.11824,116.8844,0.039411764000036834,0.07271544106235428,0.06109176121891684,0.02167999721888,0,CLOSED,t,TRENDING,t,2026-10-02 14:12:36.462464+00,2026-10-02 14:13:26.764641+00,PAPER-1790950356,"{""close_reason"": ""take_profit""}"
5822,AXTI/USDT,BUY,FUTURES,84.31423,86.43,0.6853167,5,83.21924,86.7569,7.24986257179506,12.546933062189014,7.272975351741717,0.023112779946656403,0,CLOSED,t,TRENDING,t,2026-10-02 14:14:17.846202+00,2026-10-02 14:26:59.514327+00,PAPER-1790950457,"{""close_reason"": ""manual""}"
5823,SNXX/USDT,BUY,FUTURES,17.077059999999996,17.09,2.73182578,5,16.85528,17.79,0.17674912796605016,0.3788708360807913,0.19540974906789288,0.018660621101842717,0,CLOSED,t,TRANSITION,t,2026-10-02 14:22:56.908288+00,2026-10-02 14:27:19.958917+00,PAPER-1790950976,"{""close_reason"": ""take_profit""}"
5824,AAOI/USDT,BUY,FUTURES,115.79567999999999,116.02,0.46593316,5,114.29184,119.1504,0.5225906322560416,0.968602628353743,0.5441718510947412,0.02158121883869952,0,CLOSED,t,TRENDING,t,2026-10-02 14:24:37.550857+00,2026-10-02 14:28:11.874511+00,PAPER-1790951077,"{""close_reason"": ""take_profit""}"
5825,BMNR/USDT,SELL,FUTURES,26.963009999999997,26.94,2.0941353,5,27.31388,26.72,0.24093026626495553,0.42669568419838433,0.26351594267905676,0.0225856764141012,0,CLOSED,t,TRENDING,t,2026-10-02 14:26:44.504889+00,2026-10-02 14:53:58.392151+00,PAPER-SHORT-1790951204,"{""close_reason"": ""take_profit""}"
5826,ARM/USDT,SELL,FUTURES,314.20547999999997,318.2939217057599,0.16384689,5,318.29424,295.84,-3.349392292175289,-6.505999999999872,-3.3287996558877064,0.02059263628758288,0,CLOSED,t,TRENDING,t,2026-10-02 14:28:01.714624+00,2026-10-02 14:48:59.890377+00,PAPER-SHORT-1790951281,"{""close_reason"": ""stop_loss""}"
5827,HOOD/USDT,BUY,FUTURES,116.73661999999999,115.22044477943999,0.54378433,5,115.22056,120.1186,-4.122361632374109,-6.494,-4.096969814496844,0.02539181787726584,0,CLOSED,t,TRENDING,t,2026-10-02 14:29:38.172616+00,2026-10-02 14:55:32.409589+00,PAPER-1790951378,"{""close_reason"": ""stop_loss""}"
5828,SPY/USDT,SELL,FUTURES,771.73749,,0.06627802,5,781.78012,761.53,,,,0,0,CLOSED,t,TRANSITION,t,2026-10-02 14:30:13.75455+00,2026-10-02 15:45:11.833359+00,PAPER-SHORT-1790951413,"{""entry_indicators"": {""adx"": 18.45, ""rsi"": 72.58, ""bb_pct"": 1.0746, ""regime"": ""TRANSITION"", ""atr_pct"": 0.1804, ""research"": {""arm"": true, ""setup"": ""15m sweep of hour low then reclaim"", ""pred_side"": ""bull"", ""confidence"": 0.85, ""hour_start"": ""2026-10-02T14:00:00+00:00""}, ""rr_ratio"": 1.18, ""confidence"": 0.874, ""funding_rate"": 0.0, ""zone_based_sl"": false, ""structure_trend"": ""DOWN"", ""structure_confirmed"": false, ""predicted_change_pct"": -0.1103}}"
5829,AXTI/USDT,BUY,FUTURES,86.69660999999999,87.05,0.66589571,5,85.57068,89.2083,1.1766044247845273,2.0380843034116802,1.1996967850527445,0.023092360268217243,0,CLOSED,t,TRENDING,t,2026-10-02 14:32:00.404331+00,2026-10-02 14:47:32.723405+00,PAPER-1790951520,"{""close_reason"": ""take_profit""}"
5830,CBRS/USDT,BUY,FUTURES,172.96278999999998,170.78539875489,0.26948187,5,170.95635511,179.5,-2.9338373222693326,-6.2943921207271885,-2.9151931878334856,0.01864413443584692,0,CLOSED,t,TRANSITION,t,2026-10-02 14:47:32.801908+00,2026-10-02 14:58:46.065061+00,PAPER-1790952452,"{""close_reason"": ""stop_loss""}"
5831,SNXX/USDT,BUY,FUTURES,16.73672,16.51934348064,2.82392056,5,16.37947975,17.79,-3.0692701114096836,-6.493999999999945,-3.050364844323698,0.018905267085985278,0,CLOSED,t,TRANSITION,t,2026-10-02 14:49:00.024689+00,2026-10-02 14:51:30.965434+00,PAPER-1790952540,"{""close_reason"": ""stop_loss""}"
5832,UAI/USDT,BUY,FUTURES,0.30029999999999996,0.29639970359999995,155.43411297,5,0.2964,0.3425,-3.0311955562704207,-6.494,-3.0125248106204645,0.018670745649956397,0,CLOSED,t,TRENDING,t,2026-10-02 14:51:31.086785+00,2026-10-02 14:55:32.381075+00,PAPER-1790952691,"{""close_reason"": ""stop_loss""}"
5833,AXTI/USDT,BUY,FUTURES,86.16608,85.04695495296,0.62794443,5,85.04704,88.6624,-3.5137416988112795,-6.494,-3.4920986948149055,0.02164300399637376,0,CLOSED,t,TRENDING,t,2026-10-02 14:53:58.443174+00,2026-10-02 15:12:56.936591+00,PAPER-1790952838,"{""close_reason"": ""stop_loss""}"
5834,ARM/USDT,SELL,FUTURES,316.12356,,0.17112232,5,320.23728,295.84,,,,0,0,CLOSED,t,TRENDING,t,2026-10-02 14:55:32.536099+00,2026-10-02 15:45:11.833359+00,PAPER-SHORT-1790952932,"{""entry_indicators"": {""adx"": 29.28, ""rsi"": 81.04, ""bb_pct"": 1.2956, ""regime"": ""TRENDING"", ""atr_pct"": 1.0662, ""research"": {""arm"": true, ""setup"": ""15m sweep of hour low then reclaim"", ""pred_side"": ""bull"", ""confidence"": 0.85, ""hour_start"": ""2026-10-02T14:00:00+00:00""}, ""rr_ratio"": 5.42, ""confidence"": 0.7251, ""funding_rate"": 0.0, ""zone_based_sl"": false, ""structure_trend"": ""RANGE"", ""structure_confirmed"": false, ""predicted_change_pct"": -0.8517}}"
5835,MSTR/USDT,BUY,FUTURES,161.32116,159.87056012928,0.33600116,5,159.22608,163.57,-2.4370161962888504,-4.496,-2.415334557531832,0.02168163875701824,0,CLOSED,t,TRENDING,t,2026-10-02 14:55:32.554587+00,2026-10-02 15:43:55.860545+00,PAPER-1790952932,"{""close_reason"": ""stop_loss""}"
5836,SNXX/USDT,BUY,FUTURES,16.49648,16.5,3.03733287,5,16.38020492,17.79,0.05345705851201709,0.1066894270778107,0.07349917888933613,0.02004212037731904,0,CLOSED,t,TRANSITION,t,2026-10-02 14:58:46.153385+00,2026-10-02 15:13:32.260269+00,PAPER-1790953126,"{""close_reason"": ""take_profit""}"
5837,AAOI/USDT,BUY,FUTURES,115.94582999999999,114.43992555995999,0.31693517,5,114.44004,119.3049,-2.3863703985391607,-6.494,-2.371671474002424,0.01469892453673644,0,CLOSED,t,TRENDING,t,2026-10-02 14:58:51.224655+00,2026-10-02 15:11:41.088053+00,PAPER-1790953131,"{""close_reason"": ""stop_loss""}"
5838,CBRS/USDT,BUY,FUTURES,169.95978999999997,168.41252506383,0.30423241,5,168.58110617,179.5,-2.353640702197423,-4.551855871821109,-2.332957791591505,0.020682910605917558,0,CLOSED,t,TRANSITION,t,2026-10-02 15:04:30.965529+00,2026-10-02 15:19:38.424566+00,PAPER-1790953470,"{""close_reason"": ""stop_loss""}"
5839,XPD/USDT,BUY,FUTURES,1171.1099399999998,,0.03440302,5,1163.01151286,1197.24,,,,0,0,CLOSED,t,TRANSITION,t,2026-10-02 15:11:46.403839+00,2026-10-02 15:45:11.833359+00,PAPER-1790953906,"{""entry_indicators"": {""adx"": 24.43, ""rsi"": 42.95, ""bb_pct"": 0.2557, ""regime"": ""TRANSITION"", ""atr_pct"": 0.8539, ""research"": {""arm"": true, ""setup"": ""mixed 15m structure — EMA side only"", ""pred_side"": ""bear"", ""confidence"": 0.8, ""hour_start"": ""2026-10-02T15:00:00+00:00""}, ""rr_ratio"": 3.94, ""confidence"": 0.7932, ""funding_rate"": 0.000652, ""zone_based_sl"": true, ""structure_trend"": ""RANGE"", ""structure_confirmed"": false, ""predicted_change_pct"": 1.3019}}"
5840,UAI/USDT,BUY,FUTURES,0.29639609999999994,0.29254650745319993,128.06193468,5,0.2925468,0.3425,-2.4649313463645814,-6.494,-2.449748523165539,0.015182823199042697,0,CLOSED,t,TRENDING,t,2026-10-02 15:12:57.021589+00,2026-10-02 15:24:52.486254+00,PAPER-1790953977,"{""close_reason"": ""stop_loss""}"
5841,SPCX/USDT,SELL,FUTURES,156.43341,156.43,0.31223568,5,158.46908,150.72,0.0053236183440036776,0.010899206250130184,0.0248612552024312,0.01953763685842752,0,CLOSED,t,TRANSITION,t,2026-10-02 15:13:32.388175+00,2026-10-02 15:24:42.339005+00,PAPER-SHORT-1790954012,"{""close_reason"": ""take_profit""}"
5842,AXTI/USDT,BUY,FUTURES,85.65556999999998,85.67,0.58124847,5,84.54316,88.1371,0.0419370771105569,0.08423270080404333,0.06185194471434806,0.01991486760379116,0,CLOSED,t,TRENDING,t,2026-10-02 15:19:38.478573+00,2026-10-02 15:22:09.710075+00,PAPER-1790954378,"{""close_reason"": ""take_profit""}"
5843,SNXX/USDT,BUY,FUTURES,16.306289999999997,16.31,2.90085311,5,16.10077901,17.79,0.053810825190528676,0.11375978226813022,0.07273168601415343,0.018920860823624756,0,CLOSED,t,TRANSITION,t,2026-10-02 15:22:09.816968+00,2026-10-02 15:27:13.803631+00,PAPER-1790954529,"{""close_reason"": ""take_profit""}"
5844,CBRS/USDT,BUY,FUTURES,167.87770999999998,,0.29356431,5,165.69748,179.5,,,,0,0,CLOSED,t,TRANSITION,t,2026-10-02 15:24:42.457303+00,2026-10-02 15:45:11.833359+00,PAPER-1790954682,"{""entry_indicators"": {""adx"": 18.66, ""rsi"": 40.77, ""bb_pct"": 0.5102, ""regime"": ""TRANSITION"", ""atr_pct"": 1.0558, ""research"": {""arm"": true, ""setup"": ""15m sweep of hour high then reject"", ""pred_side"": ""bear"", ""confidence"": 0.85, ""hour_start"": ""2026-10-02T15:00:00+00:00""}, ""rr_ratio"": 5.86, ""confidence"": 0.601, ""funding_rate"": 0.0, ""zone_based_sl"": false, ""structure_trend"": ""RANGE"", ""structure_confirmed"": false, ""predicted_change_pct"": 2.2987}}"
5845,CRCL/USDT,BUY,FUTURES,82.61252999999999,82.63,0.45125285,5,81.74889438,84.52,0.03941693644750876,0.10573456593088171,0.054328592290792954,0.014911655843284197,0,CLOSED,t,TRENDING,t,2026-10-02 15:24:52.637169+00,2026-10-02 15:28:39.546906+00,PAPER-1790954692,"{""close_reason"": ""take_profit""}"
5846,AXTI/USDT,BUY,FUTURES,85.70562,,0.49254624,5,84.59256,88.1886,,,,0,0,CLOSED,t,TRENDING,t,2026-10-02 15:27:13.882221+00,2026-10-02 15:45:11.833359+00,PAPER-1790954833,"{""entry_indicators"": {""adx"": 39.83, ""rsi"": 72.95, ""bb_pct"": 1.4142, ""regime"": ""TRENDING"", ""atr_pct"": 1.4238, ""research"": {""arm"": true, ""setup"": ""15m sweep of hour low then reclaim"", ""pred_side"": ""bull"", ""confidence"": 0.85, ""hour_start"": ""2026-10-02T15:00:00+00:00""}, ""rr_ratio"": 2.5, ""confidence"": 0.7865, ""funding_rate"": 0.0, ""zone_based_sl"": false, ""structure_trend"": ""RANGE"", ""structure_confirmed"": false, ""predicted_change_pct"": 2.8872}}"
5847,RAYSOL/USDT,SELL,FUTURES,1.9588392000000001,,19.80576562,5,1.9943162,1.8676,,,,0,0,CLOSED,t,TRANSITION,t,2026-10-02 15:28:39.685014+00,2026-10-02 15:45:11.833359+00,PAPER-SHORT-1790954919,"{""entry_indicators"": {""adx"": 23.59, ""rsi"": 58.34, ""bb_pct"": 0.7137, ""regime"": ""TRANSITION"", ""atr_pct"": 1.6035, ""research"": {""arm"": true, ""setup"": ""15m sweep of hour high then reject"", ""pred_side"": ""bear"", ""confidence"": 0.85, ""hour_start"": ""2026-10-02T15:00:00+00:00""}, ""rr_ratio"": 2.78, ""confidence"": 0.5927, ""funding_rate"": 0.000026, ""zone_based_sl"": true, ""structure_trend"": ""RANGE"", ""structure_confirmed"": false, ""predicted_change_pct"": -1.0884}}"
5848,TSM/USDT,SELL,FUTURES,472.44708,,0.10273443,5,476.70336,460.74,,,,0,0,CLOSED,t,TRENDING,t,2026-10-02 15:43:55.940922+00,2026-10-02 15:45:11.833359+00,PAPER-SHORT-1790955835,"{""entry_indicators"": {""adx"": 32.12, ""rsi"": 81.25, ""bb_pct"": 1.2, ""regime"": ""TRENDING"", ""atr_pct"": 0.4311, ""research"": {""arm"": true, ""setup"": ""15m sweep of hour low then reclaim"", ""pred_side"": ""bull"", ""confidence"": 0.85, ""hour_start"": ""2026-10-02T15:00:00+00:00""}, ""rr_ratio"": 3.22, ""confidence"": 0.868, ""funding_rate"": 0.0, ""zone_based_sl"": false, ""structure_trend"": ""RANGE"", ""structure_confirmed"": false, ""predicted_change_pct"": -1.0966}}"
5849,TSM/USDT,SELL,FUTURES,472.87665000000004,473.35,0.26407521,5,477.1368,460.74,-0.6250000032674765,-0.5005005005004817,-0.5750500030063379,0.049950000261138605,0,CLOSED,t,TRENDING,t,2026-10-02 15:45:34.595123+00,2026-10-02 16:55:52.09917+00,PAPER-SHORT-1790955934,"{""close_reason"": ""negative_timeout""}"
5850,AXTI/USDT,BUY,FUTURES,86.43634999999999,85.65911434079999,1.44759699,5,85.6592,88.9405,-5.62562000389293,-4.496,-5.575570003858296,0.0500500000346346,0,CLOSED,t,TRENDING,t,2026-10-02 15:45:34.668023+00,2026-10-02 16:29:26.664844+00,PAPER-1790955934,"{""close_reason"": ""stop_loss""}"
5851,CBRS/USDT,BUY,FUTURES,167.44727999999998,169.05,0.74725012,5,165.94176,179.5,5.988163561632099,4.785745101383632,6.038213561661569,0.05005000002946944,0,CLOSED,t,TRANSITION,t,2026-10-02 15:45:34.696674+00,2026-10-02 16:04:59.326262+00,PAPER-1790955934,"{""close_reason"": ""manual""}"
5852,XPD/USDT,BUY,FUTURES,1168.60744,1167.42,0.10707188,5,1162.93788279,1197.24,-0.6357071659359257,-0.5080576930093228,-0.5856571677028108,0.05004999823311488,0,CLOSED,t,TRENDING,t,2026-10-02 15:45:34.717863+00,2026-10-02 17:14:52.277832+00,PAPER-1790955934,"{""close_reason"": ""negative_timeout""}"
5853,BMNR/USDT,SELL,FUTURES,26.36361,26.60109339888,4.73664267,5,26.60112,25.5983,-5.624370002758155,-4.503999999999971,-5.5744200027336595,0.04995000002449548,0,CLOSED,t,TRENDING,t,2026-10-02 15:45:34.745179+00,2026-10-02 16:02:00.17754+00,PAPER-SHORT-1790955934,"{""close_reason"": ""stop_loss""}"
5854,ARM/USDT,SELL,FUTURES,316.45322999999996,313.81,0.39460808,5,319.30416,295.84,5.215199576491922,4.17633594702124,5.265149577091961,0.04995000060003936,0,CLOSED,t,TRENDING,t,2026-10-02 15:45:34.793206+00,2026-10-02 16:37:49.820121+00,PAPER-SHORT-1790955934,"{""close_reason"": ""manual""}"
5855,SNXX/USDT,BUY,FUTURES,16.336319999999997,16.62,5.36151961,5,16.25569588,17.79,7.604779414824061,8.682493976611694,7.639814414838155,0.03503500001409408,0,CLOSED,t,TRANSITION,t,2026-10-02 15:45:34.813885+00,2026-10-02 16:04:54.172827+00,PAPER-1790955934,"{""close_reason"": ""manual""}"
5856,UAI/USDT,BUY,FUTURES,0.29949919999999997,0.2968061031936,417.78074866,5,0.2968064,0.3425,-5.625619999958165,-4.4959999999999445,-5.575569999958536,0.05004999999962842,0,CLOSED,t,TRENDING,t,2026-10-02 15:45:34.862407+00,2026-10-02 15:58:49.990905+00,PAPER-1790955934,"{""close_reason"": ""stop_loss""}"
5857,UAI/USDT,BUY,FUTURES,0.2951949,0.29254050745919996,216.83252451,5,0.2925408,0.3425,-2.8777931783109216,-4.4960000000000555,-2.8521900361551307,0.025603142155790803,0,CLOSED,t,TRENDING,t,2026-10-02 16:04:54.270222+00,2026-10-02 16:39:10.785455+00,PAPER-1790957094,"{""close_reason"": ""stop_loss""}"
5858,MSTR/USDT,BUY,FUTURES,160.14999,159.23,0.55682919,5,158.71008,163.57,-2.561386432540546,-2.8722761706073685,-2.525715956856463,0.03567047568408324,0,CLOSED,t,TRENDING,t,2026-10-02 16:04:59.425401+00,2026-10-02 17:05:00.969039+00,PAPER-1790957099,"{""close_reason"": ""negative_timeout""}"
5859,SPCX/USDT,SELL,FUTURES,157.22262,157.95,0.37814702,5,158.63904,150.72,-1.3752828970379667,-2.3132167623207853,-1.3515015909461296,0.023781306091836964,0,CLOSED,t,TRANSITION,t,2026-10-02 16:04:59.43781+00,2026-10-02 17:05:00.957566+00,PAPER-SHORT-1790957099,"{""close_reason"": ""negative_timeout""}"
5860,SNXX/USDT,BUY,FUTURES,16.576559999999997,16.42750357248,4.57971042,5,16.25489729,17.79,-3.4131763714065513,-4.4959999999999445,-3.382810033582649,0.030366337823902075,0,CLOSED,t,TRANSITION,t,2026-10-02 16:29:26.75852+00,2026-10-02 16:37:18.726433+00,PAPER-1790958566,"{""close_reason"": ""stop_loss""}"
5861,AAOI/USDT,BUY,FUTURES,114.71459999999998,114.56,0.43944264,5,113.6832,118.038,-0.33968916071995336,-0.6738462235843512,-0.31952496605173575,0.020164194668217596,0,CLOSED,t,TRENDING,t,2026-10-02 16:29:26.795436+00,2026-10-02 17:30:16.38003+00,PAPER-1790958566,"{""close_reason"": ""negative_timeout""}"
5862,AXTI/USDT,BUY,FUTURES,86.23615,85.4607145392,0.72772549,5,85.4608,88.7345,-2.821520753370279,-4.496,-2.7964182555644936,0.025102497805785398,0,CLOSED,t,TRENDING,t,2026-10-02 16:37:18.792252+00,2026-10-02 16:50:36.728567+00,PAPER-1790959038,"{""close_reason"": ""stop_loss""}"
5863,HOOD/USDT,BUY,FUTURES,113.54343,113.42,0.76940753,5,112.55589406,116.29,-0.47483985713947346,-0.5435365128567682,-0.4398953891298623,0.03494446800961116,0,CLOSED,t,TRENDING,t,2026-10-02 16:37:49.943519+00,2026-10-02 18:37:55.467703+00,PAPER-1790959069,"{""close_reason"": ""negative_timeout""}"
5864,COHR/USDT,SELL,FUTURES,334.34532,334.94,0.2697681,5,337.35744,320.78,-0.8021284685399764,-0.8893200598710077,-0.7660501878518596,0.036078280688116804,0,CLOSED,t,TRENDING,t,2026-10-02 16:39:10.90737+00,2026-10-02 17:39:11.614371+00,PAPER-SHORT-1790959150,"{""close_reason"": ""negative_timeout""}"
5865,ARM/USDT,SELL,FUTURES,312.29739,308.63,0.190333,5,315.11088,295.84,3.490126704350011,5.871630883626679,3.5139029040023586,0.023776199652348003,0,CLOSED,t,TRENDING,t,2026-10-02 16:50:36.841398+00,2026-10-02 17:31:12.192756+00,PAPER-SHORT-1790959836,"{""close_reason"": ""manual""}"
5866,AXTI/USDT,BUY,FUTURES,85.90581999999998,85.74,0.81566069,5,85.13344,88.3946,-0.6762642780789185,-0.9651266933950464,-0.6482362779124322,0.02802800016648631,0,CLOSED,t,TRENDING,t,2026-10-02 16:55:52.143419+00,2026-10-02 18:02:49.792028+00,PAPER-1790960152,"{""close_reason"": ""negative_timeout""}"
5867,TSM/USDT,SELL,FUTURES,473.05647,473.67,0.1478259,5,477.31824,460.74,-0.453478122135019,-0.6484743776995859,-0.4255061227635898,0.0279719993714292,0,CLOSED,t,TRENDING,t,2026-10-02 17:05:01.019467+00,2026-10-02 19:27:54.438097+00,PAPER-SHORT-1790960701,"{""close_reason"": ""negative_timeout""}"
5868,CRCL/USDT,BUY,FUTURES,82.07198999999999,81.64704165957,0.85376265,5,81.72877043,84.52,-1.814025106193062,-2.588875573932059,-1.7859971063237925,0.028027999869269394,0,CLOSED,t,TRENDING,t,2026-10-02 17:05:01.196217+00,2026-10-02 17:14:42.024763+00,PAPER-1790960701,"{""close_reason"": ""stop_loss""}"
5869,BMNR/USDT,SELL,FUTURES,26.483490000000003,26.34,2.64051301,5,26.72208,25.7147,1.8944360590245455,2.7090462775110726,1.9224080589826273,0.027971999958081962,0,CLOSED,t,TRENDING,t,2026-10-02 17:14:42.074263+00,2026-10-02 17:31:17.332654+00,PAPER-SHORT-1790961282,"{""close_reason"": ""manual""}"
5870,MSTR/USDT,BUY,FUTURES,158.70855,157.2814427184,0.4415011,5,157.2816,163.57,-3.1503471732220487,-4.496,-3.1223191734602866,0.028027999761762,0,CLOSED,t,TRENDING,t,2026-10-02 17:14:52.460795+00,2026-10-02 17:25:16.398741+00,PAPER-1790961292,"{""close_reason"": ""stop_loss""}"
5871,XPD/USDT,BUY,FUTURES,1168.33717,,0.03598448,5,1162.98959035,1191.19,,,,0,0,CLOSED,t,TRENDING,t,2026-10-02 17:25:16.527926+00,2026-10-02 19:53:13.641713+00,PAPER-1790961916,"{""entry_indicators"": {""adx"": 28.42, ""rsi"": 36.1, ""bb_pct"": -0.0105, ""regime"": ""TRENDING"", ""atr_pct"": 0.8684, ""research"": {""arm"": true, ""setup"": ""15m sweep of hour high then reject"", ""pred_side"": ""bear"", ""confidence"": 0.85, ""hour_start"": ""2026-10-02T17:00:00+00:00""}, ""rr_ratio"": 5.75, ""confidence"": 0.816, ""funding_rate"": 0.000611, ""zone_based_sl"": true, ""structure_trend"": ""UP"", ""structure_confirmed"": false, ""predicted_change_pct"": 1.0924}}"
5872,ORCL/USDT,BUY,FUTURES,140.56041999999997,142.74,0.29910269,5,139.15541888,144.6326,3.259591205351054,7.7531783129277665,3.2764080052428657,0.016816799891811916,0,CLOSED,t,TRENDING,t,2026-10-02 17:30:16.49792+00,2026-10-02 19:39:19.297901+00,PAPER-1790962216,"{""close_reason"": ""manual""}"
5873,CRCL/USDT,BUY,FUTURES,81.15106999999999,80.74,0.5180708,5,80.42144,84.52,-1.064816818779989,-2.5327454092718416,-1.0480000188776866,0.016816799902302403,0,CLOSED,t,TRENDING,t,2026-10-02 17:31:12.306182+00,2026-10-02 18:31:17.098842+00,PAPER-1790962272,"{""close_reason"": ""negative_timeout""}"
5874,MSTR/USDT,BUY,FUTURES,158.0579,156.9,0.26599113,5,156.6368,163.57,-1.5399556471349682,-3.662898216413024,-1.5231388473643974,0.0168167997705708,0,CLOSED,t,TRENDING,t,2026-10-02 17:33:00.39908+00,2026-10-02 18:33:03.89472+00,PAPER-1790962380,"{""close_reason"": ""negative_timeout""}"
5875,BMNR/USDT,SELL,FUTURES,26.33364,,1.59332322,5,26.57088,25.5692,,,,0,0,CLOSED,t,TRENDING,t,2026-10-02 17:39:11.650744+00,2026-10-02 19:53:13.641713+00,PAPER-SHORT-1790962751,"{""entry_indicators"": {""adx"": 45.07, ""rsi"": 38.57, ""bb_pct"": 0.0922, ""regime"": ""TRENDING"", ""atr_pct"": 1.1018, ""research"": {""arm"": true, ""setup"": ""15m holding below hour open and EMA21"", ""pred_side"": ""bear"", ""confidence"": 0.85, ""hour_start"": ""2026-10-02T17:00:00+00:00""}, ""rr_ratio"": 3.75, ""confidence"": 0.8024, ""funding_rate"": 0.0, ""zone_based_sl"": false, ""structure_trend"": ""RANGE"", ""structure_confirmed"": false, ""predicted_change_pct"": -2.963}}"
5876,AAOI/USDT,BUY,FUTURES,115.38526999999998,115.14,0.30970764,5,114.34784,118.7281,-0.3798099643139575,-1.062830636874068,-0.3655156844489724,0.014294279864985118,0,CLOSED,t,TRENDING,t,2026-10-02 18:02:49.88103+00,2026-10-02 19:02:51.747082+00,PAPER-1790964169,"{""close_reason"": ""negative_timeout""}"
5877,AXTI/USDT,BUY,FUTURES,85.43534999999999,85.34,0.69712947,5,84.6672,87.9105,-0.3323564748224407,-0.5580242838589822,-0.3085326747165349,0.0238238001059058,0,CLOSED,t,TRENDING,t,2026-10-02 18:31:17.219514+00,2026-10-02 19:42:23.246343+00,PAPER-1790965877,"{""close_reason"": ""negative_timeout""}"
5878,CBRS/USDT,BUY,FUTURES,166.94678,165.44559455424,0.3567574,5,165.44576,170.08,-2.6777950827358934,-4.496,-2.6539712830674245,0.0238237996684688,0,CLOSED,t,TRANSITION,t,2026-10-02 18:33:03.965928+00,2026-10-02 18:38:10.860506+00,PAPER-1790965983,"{""close_reason"": ""stop_loss""}"
5879,ARM/USDT,SELL,FUTURES,306.47321999999997,309.23393076575996,0.15972358,5,309.23424,295.84,-2.2047530342586397,-4.503999999999993,-2.1851726343096285,0.019580399949011038,0,CLOSED,t,TRENDING,t,2026-10-02 18:37:55.601352+00,2026-10-02 19:13:29.038181+00,PAPER-SHORT-1790966275,"{""close_reason"": ""stop_loss""}"
5880,COHR/USDT,SELL,FUTURES,333.48618,336.49022350943994,0.20969385,5,336.49056,320.78,-3.149647245309875,-4.503999999999929,-3.1216752449074776,0.0279720004023972,0,CLOSED,t,TRENDING,t,2026-10-02 18:38:11.033208+00,2026-10-02 18:49:31.657749+00,PAPER-SHORT-1790966291,"{""close_reason"": ""stop_loss""}"
5881,COHR/USDT,SELL,FUTURES,335.81385,,0.20824037,5,338.8392,320.78,,,,0,0,CLOSED,t,TRENDING,t,2026-10-02 18:54:34.26266+00,2026-10-02 19:53:13.641713+00,PAPER-SHORT-1790967274,"{""entry_indicators"": {""adx"": 48.52, ""rsi"": 74.45, ""bb_pct"": 0.9837, ""regime"": ""TRENDING"", ""atr_pct"": 1.1533, ""research"": {""arm"": true, ""setup"": ""15m sweep of hour low then reclaim"", ""pred_side"": ""bull"", ""confidence"": 0.85, ""hour_start"": ""2026-10-02T18:00:00+00:00""}, ""rr_ratio"": 5.72, ""confidence"": 0.4861, ""funding_rate"": 0.0, ""zone_based_sl"": false, ""structure_trend"": ""RANGE"", ""structure_confirmed"": false, ""predicted_change_pct"": -0.572}}"
5882,AAOI/USDT,BUY,FUTURES,115.15504,116.02,0.5172114,5,114.11968,118.4912,2.2368358627199907,3.7556324065364244,2.260659662502173,0.023823799782182402,0,CLOSED,t,TRENDING,t,2026-10-02 19:07:57.243776+00,2026-10-02 19:39:19.274251+00,PAPER-1790968077,"{""close_reason"": ""manual""}"
5883,ARM/USDT,SELL,FUTURES,308.05164,310.82656917312,0.19295628,5,310.82688,295.84,-2.6772000525435287,-4.503999999999954,-2.653423853142609,0.023776199400919684,0,CLOSED,t,TRENDING,t,2026-10-02 19:18:32.390662+00,2026-10-02 19:38:13.616321+00,PAPER-SHORT-1790968712,"{""close_reason"": ""stop_loss""}"
5884,US/USDT,BUY,FUTURES,0.024707682999999998,,2835.95997245,5,0.02443617,0.027208,,,,0,0,CLOSED,t,TRANSITION,t,2026-10-02 19:44:20.715506+00,2026-10-02 19:53:13.641713+00,PAPER-1790970260,"{""entry_indicators"": {""adx"": 18.45, ""rsi"": 43.01, ""bb_pct"": 0.2388, ""regime"": ""TRANSITION"", ""atr_pct"": 11.2214, ""research"": {""arm"": true, ""setup"": ""15m sweep of hour high then reject"", ""pred_side"": ""bear"", ""confidence"": 0.85, ""hour_start"": ""2026-10-02T19:00:00+00:00""}, ""rr_ratio"": 10.23, ""confidence"": 0.6059, ""funding_rate"": 0.00005, ""zone_based_sl"": false, ""structure_trend"": ""RANGE"", ""structure_confirmed"": false, ""predicted_change_pct"": 3.6022}}"
5885,AXTI/USDT,BUY,FUTURES,85.68559999999998,,0.57242991,5,84.744,88.168,,,,0,0,CLOSED,t,TRENDING,t,2026-10-02 19:47:27.9258+00,2026-10-02 19:53:13.641713+00,PAPER-1790970447,"{""entry_indicators"": {""adx"": 44.18, ""rsi"": 64.45, ""bb_pct"": 0.7731, ""regime"": ""TRENDING"", ""atr_pct"": 1.349, ""research"": {""arm"": true, ""setup"": ""mixed 15m structure — EMA side only"", ""pred_side"": ""bull"", ""confidence"": 0.85, ""hour_start"": ""2026-10-02T19:00:00+00:00""}, ""rr_ratio"": 3.0, ""confidence"": 0.6702, ""funding_rate"": 0.0, ""zone_based_sl"": false, ""structure_trend"": ""RANGE"", ""structure_confirmed"": false, ""predicted_change_pct"": 2.8159}}"
5886,AXTI/USDT,BUY,FUTURES,85.71562999999999,85.52,0.57222936,5,84.7737,88.1989,-0.5597261484839803,-1.14115710285273,-0.5401065484452215,0.01961960003875872,0,CLOSED,t,TRENDING,t,2026-10-02 19:53:30.057304+00,2026-10-02 20:53:35.197387+00,PAPER-1790970810,"{""close_reason"": ""negative_timeout""}"
5887,US/USDT,BUY,FUTURES,0.024792767999999996,0.025461,2826.22739018,5,0.02452032,0.027208,9.44287790697384,13.476349232163232,9.470905906973831,0.028027999999991286,0,CLOSED,t,TRANSITION,t,2026-10-02 19:53:30.082054+00,2026-10-02 20:06:24.506057+00,PAPER-1790970810,"{""close_reason"": ""manual""}"
5888,US/USDT,BUY,FUTURES,0.025506480999999998,0.025226164773809998,2747.14493152,5,0.02522619,0.027208,-3.8503465000033423,-5.494999999999973,-3.822318500003318,0.02802800000002447,0,CLOSED,t,TRANSITION,t,2026-10-02 20:11:26.419215+00,2026-10-02 20:29:16.531019+00,PAPER-1790971886,"{""close_reason"": ""stop_loss""}"
5889,US/USDT,BUY,FUTURES,0.023832808999999996,0.023570886429089995,1764.03880885,5,0.02357091,0.027208,-2.3102078999950413,-5.495000000000028,-2.2933910999950773,0.01681679999996382,0,CLOSED,t,TRANSITION,t,2026-10-02 20:34:19.574098+00,2026-10-02 20:38:31.638291+00,PAPER-1790973259,"{""close_reason"": ""stop_loss""}"
5890,US/USDT,BUY,FUTURES,0.024207182999999997,0.023941146058829996,1736.75722615,5,0.02394117,0.027208,-2.310207899999211,-5.495000000000028,-2.2933910999992166,0.01681679999999417,0,CLOSED,t,TRANSITION,t,2026-10-02 20:43:34.852911+00,2026-10-02 21:42:16.069052+00,PAPER-1790973814,"{""close_reason"": ""stop_loss""}"
5891,AXTI/USDT,BUY,FUTURES,85.66557999999999,85.57,0.57256368,5,84.7242,88.1474,-0.27362818267200806,-0.5578669986242013,-0.2540085827783543,0.01961959989365376,0,CLOSED,t,TRENDING,t,2026-10-02 21:15:55.646828+00,2026-10-03 00:50:51.564542+00,PAPER-1790975755,"{""close_reason"": ""negative_timeout""}"
5892,TSM/USDT,SELL,FUTURES,472.66686,473.37,0.14794775,5,477.8714,460.74,-0.5201399046750139,-0.7438008241153389,-0.4921679053003879,0.027971999374625994,0,CLOSED,t,TRENDING,t,2026-10-02 23:26:16.429927+00,2026-10-03 00:26:20.88086+00,PAPER-SHORT-1790983576,"{""close_reason"": ""negative_timeout""}"
5893,MVLL/USDT,SELL,FUTURES,38.14182,37.88,1.83342064,5,38.5618,37.26,2.4001309598240015,3.432190703013125,2.4281029598380672,0.027972000014065926,0,CLOSED,t,TRANSITION,t,2026-10-02 23:39:46.639473+00,2026-10-03 15:17:31.229333+00,PAPER-SHORT-1790984386,"{""close_reason"": ""manual""}"
5894,SPCX/USDT,SELL,FUTURES,158.88096,159.14,0.44014085,5,159.86014092,150.72,-0.5700704289199974,-0.8152015194268679,-0.542098428606711,0.027972000313286397,0,CLOSED,t,TRENDING,t,2026-10-02 23:39:46.666936+00,2026-10-03 00:39:51.338463+00,PAPER-SHORT-1790984386,"{""close_reason"": ""negative_timeout""}"
5895,ARM/USDT,SELL,FUTURES,307.29240000000004,307.6,0.19343303,5,310.676,295.84,-0.2975000001399801,-0.500500500500467,-0.27372380012879133,0.023776200011188804,0,CLOSED,t,TRENDING,t,2026-10-02 23:39:46.688381+00,2026-10-03 02:17:26.826813+00,PAPER-SHORT-1790984386,"{""close_reason"": ""negative_timeout""}"
5896,MU/USDT,SELL,FUTURES,1070.79813,1071.96,0.06530643,5,1082.5887,1045.44,-0.3793879091205443,-0.5425252283547299,-0.35141590787215393,0.02797200124839036,0,CLOSED,t,TRENDING,t,2026-10-02 23:39:46.710614+00,2026-10-03 10:16:32.386462+00,PAPER-SHORT-1790984386,"{""close_reason"": ""negative_timeout""}"
5897,US/USDT,BUY,FUTURES,0.024362337999999997,0.02409459590538,2876.1607363,5,0.02409462,0.027208,-3.850346500003758,-5.494999999999917,-3.82231850000373,0.028028000000027784,0,CLOSED,t,TRANSITION,t,2026-10-02 23:39:46.73854+00,2026-10-03 00:37:40.489306+00,PAPER-1790984386,"{""close_reason"": ""stop_loss""}"
5898,MSTR/USDT,BUY,FUTURES,160.71054999999998,160.46,0.348801,5,158.9445,163.57,-0.4369604527499522,-0.7795070080961475,-0.4145380525297322,0.02242240022022,0,CLOSED,t,TRENDING,t,2026-10-03 00:11:27.95272+00,2026-10-03 07:42:13.009789+00,PAPER-1790986287,"{""close_reason"": ""negative_timeout""}"
5899,TSM/USDT,SELL,FUTURES,472.90662,473.38,0.10055347,5,475.19295773,460.74,-0.23800000814301012,-0.5005005005005217,-0.21897904749222155,0.019020960650788562,0,CLOSED,t,TRENDING,t,2026-10-03 00:31:26.409169+00,2026-10-03 15:17:17.751813+00,PAPER-SHORT-1790987486,"{""close_reason"": ""negative_timeout""}"
5900,US/USDT,BUY,FUTURES,0.023638614999999998,0.024123,2371.37412661,5,0.02337885,0.024123,5.743290281589933,10.245629872985385,5.765712681589891,0.02242239999995802,0,CLOSED,t,TRANSITION,t,2026-10-03 00:42:41.664835+00,2026-10-03 00:50:09.126136+00,PAPER-1790988161,"{""close_reason"": ""take_profit""}"
5901,COIN/USDT,BUY,FUTURES,183.90372,183.71,0.30481167,5,180.81044716,194.74,-0.29524058356198796,-0.5266886390334902,-0.272818183557023,0.02242240000496496,0,CLOSED,t,TRENDING,t,2026-10-03 00:43:44.97194+00,2026-10-03 01:45:20.623676+00,PAPER-1790988224,"{""close_reason"": ""negative_timeout""}"
5902,SPCX/USDT,SELL,FUTURES,158.91092999999998,159.07,0.29923933,5,159.85366131,150.72,-0.23800000111552103,-0.5005005005005447,-0.21897904102637028,0.01902096008915076,0,CLOSED,t,TRENDING,t,2026-10-03 00:50:09.196613+00,2026-10-03 04:50:12.099453+00,PAPER-SHORT-1790988609,"{""close_reason"": ""negative_timeout""}"
5903,US/USDT,BUY,FUTURES,0.024422397999999998,0.02415399584598,2295.27010411,5,0.02415402,0.027208,-3.0802772000041525,-5.494999999999973,-3.0578548000041224,0.02242240000003034,0,CLOSED,t,TRANSITION,t,2026-10-03 00:55:09.271308+00,2026-10-03 01:14:15.436615+00,PAPER-1790988909,"{""close_reason"": ""stop_loss""}"
5904,BTW/USDT,BUY,FUTURES,1.3683669999999999,1.4101,35.84491587,5,1.35333,1.3996,7.479579370013531,15.249198497186756,7.4991989700112445,0.019619599997713715,0,CLOSED,t,TRENDING,t,2026-10-03 01:14:43.101031+00,2026-10-03 01:25:48.456759+00,PAPER-1790990083,"{""close_reason"": ""take_profit""}"
5905,US/USDT,BUY,FUTURES,0.024397372999999997,0.024129245870729996,2872.03052558,5,0.02412927,0.027208,-3.8503464999978916,-5.495000000000028,-3.822318499997907,0.028027999999984513,0,CLOSED,t,TRANSITION,t,2026-10-03 01:25:48.561932+00,2026-10-03 01:59:41.084344+00,PAPER-1790990748,"{""close_reason"": ""stop_loss""}"
5906,BTW/USDT,BUY,FUTURES,1.4051036999999997,1.3896616103369996,34.90774382,5,1.389663,1.4593,-2.695242550007384,-5.495000000000028,-2.6756229500073303,0.019619600000053652,0,CLOSED,t,TRENDING,t,2026-10-03 01:45:20.706377+00,2026-10-03 01:54:19.313765+00,PAPER-1790991920,"{""close_reason"": ""stop_loss""}"
5907,COIN/USDT,BUY,FUTURES,183.89371,183.67,0.38103533,5,180.82366484,194.74,-0.42620706837154027,-0.6082589774278335,-0.3981790681816305,0.028028000189909724,0,CLOSED,t,TRENDING,t,2026-10-03 01:54:19.463565+00,2026-10-03 02:54:21.109584+00,PAPER-1790992459,"{""close_reason"": ""negative_timeout""}"
5908,LITE/USDT,BUY,FUTURES,1088.087,1086.9,0.06439742,5,1076.13,1119.61,-0.38219868769995563,-0.5454527073661675,-0.35417068948573965,0.028027998214216,0,CLOSED,t,TRENDING,t,2026-10-03 01:59:41.184615+00,2026-10-03 04:18:21.324731+00,PAPER-1790992781,"{""close_reason"": ""negative_timeout""}"
5909,AXTI/USDT,BUY,FUTURES,85.59550999999999,85.29,0.57303239,5,84.6549,88.0753,-0.8753356273444638,-1.7846146369125404,-0.8557160274770362,0.01961959986742756,0,CLOSED,t,TRENDING,t,2026-10-03 02:17:26.867731+00,2026-10-03 03:17:29.14264+00,PAPER-1790993846,"{""close_reason"": ""negative_timeout""}"
5910,ARM/USDT,SELL,FUTURES,307.07262,307.57,0.22773115,5,310.4538,295.84,-0.5663445969350238,-0.8098735732284126,-0.5383725965805786,0.0279720003544452,0,CLOSED,t,TRENDING,t,2026-10-03 02:54:21.281279+00,2026-10-03 03:54:21.521242+00,PAPER-SHORT-1790996061,"{""close_reason"": ""negative_timeout""}"
5911,BTW/USDT,BUY,FUTURES,1.4012998999999997,1.3998,42.50303593,5,1.385901,1.4593,-0.31875151795697654,-0.5351816552615629,-0.29492771795761435,0.023823799999362162,0,CLOSED,t,TRENDING,t,2026-10-03 03:17:29.193446+00,2026-10-03 04:20:53.058714+00,PAPER-1790997449,"{""close_reason"": ""negative_timeout""}"
5912,EVAA/USDT,BUY,FUTURES,0.7601593999999999,0.7518052481939999,92.17803529,5,0.751806,0.80202807,-3.8503464999574453,-5.495000000000028,-3.8223184999577553,0.02802799999969009,0,CLOSED,t,TRENDING,t,2026-10-03 03:54:21.69511+00,2026-10-03 04:08:42.847753+00,PAPER-1790999661,"{""close_reason"": ""stop_loss""}"
5913,ARM/USDT,SELL,FUTURES,306.53315999999995,307.14,0.19391214,5,309.9084,295.84,-0.5883682151880328,-0.9898439698987769,-0.5645920147734079,0.02377620041462496,0,CLOSED,t,TRENDING,t,2026-10-03 04:20:13.572636+00,2026-10-03 05:20:17.207666+00,PAPER-SHORT-1791001213,"{""close_reason"": ""negative_timeout""}"
5914,LITE/USDT,BUY,FUTURES,1086.22514,1094.43,0.06450781,5,1074.2886,1117.6942,2.6463877497830266,3.7767768843943728,2.674415751762364,0.028028001979337358,0,CLOSED,t,TRENDING,t,2026-10-03 04:23:29.670765+00,2026-10-03 20:35:45.215721+00,PAPER-1791001409,"{""close_reason"": ""manual""}"
5915,BTW/USDT,BUY,FUTURES,1.4011997999999999,1.4364,50.00714388,5,1.385802,1.4593,8.801307330023874,12.560735449719584,8.829335330025165,0.02802800000129089,0,CLOSED,t,TRENDING,t,2026-10-03 04:31:19.139987+00,2026-10-03 06:10:15.112849+00,PAPER-1791001879,"{""close_reason"": ""trailing_stop""}"
5916,SPCX/USDT,SELL,FUTURES,158.91092999999998,159.07,0.30804049,5,159.3533267,150.72,-0.24500000372152161,-0.5005005005005447,-0.22541960342409934,0.01958040029742228,0,CLOSED,t,TRENDING,t,2026-10-03 04:55:16.625074+00,2026-10-03 08:35:21.845594+00,PAPER-SHORT-1791003316,"{""close_reason"": ""negative_timeout""}"
5917,ARM/USDT,SELL,FUTURES,306.95274,307.26,0.19364707,5,308.88567319,295.84,-0.2974999936409857,-0.5005005005004765,-0.273723794149197,0.023776199491788722,0,CLOSED,t,TRENDING,t,2026-10-03 05:25:27.435215+00,2026-10-03 06:52:51.907005+00,PAPER-SHORT-1791005127,"{""close_reason"": ""negative_timeout""}"
5918,BTW/USDT,BUY,FUTURES,1.4415400999999999,1.4395,48.60773557,5,1.425699,1.4593,-0.49582320668176627,-0.7076112554898484,-0.46779520668402574,0.02802799999774054,0,CLOSED,t,TRENDING,t,2026-10-03 06:15:16.202348+00,2026-10-03 09:41:21.351646+00,PAPER-1791008116,"{""close_reason"": ""negative_timeout""}"
5919,US/USDT,BUY,FUTURES,0.022779756999999998,0.022972,3075.97662258,5,0.02251295,0.02338,2.956674869273242,4.219601640175541,2.984702869273263,0.02802800000002124,0,CLOSED,t,TRANSITION,t,2026-10-03 07:30:09.456841+00,2026-10-03 07:39:43.092052+00,PAPER-1791012609,"{""close_reason"": ""manual""}"
5920,ARM/USDT,SELL,FUTURES,306.96272999999997,307.56,0.19364077,5,308.85040881,295.84,-0.5782791134895361,-0.9728705501153794,-0.5545029137301353,0.02377619975940084,0,CLOSED,t,TRENDING,t,2026-10-03 07:44:15.309922+00,2026-10-03 08:38:44.538105+00,PAPER-SHORT-1791013455,"{""close_reason"": ""negative_timeout""}"
5921,US/USDT,BUY,FUTURES,0.022760738,0.023264,3078.54692585,5,0.02248915,0.02338,7.746578414985628,11.055485107732466,7.774606414985619,0.028027999999990914,0,CLOSED,t,TRANSITION,t,2026-10-03 08:02:31.770824+00,2026-10-03 08:24:45.294816+00,PAPER-1791014551,"{""close_reason"": ""manual""}"
5922,UAI/USDT,BUY,FUTURES,0.28798769999999996,0.2855131944865199,243.30900243,5,0.284823,0.2937,-3.0103473399618266,-4.296200000000083,-2.9823193399621823,0.02802799999964404,0,CLOSED,t,TRENDING,t,2026-10-03 08:32:03.264833+00,2026-10-03 08:52:02.507757+00,PAPER-1791016323,"{""close_reason"": ""stop_loss""}"
5923,ASTS/USDT,BUY,FUTURES,58.438379999999995,58.32,1.19904077,5,58.29641369,60.27,-0.7097122317629695,-1.0128617528411543,-0.6816842317018684,0.02802800006110104,0,CLOSED,t,TRANSITION,t,2026-10-03 08:35:21.928868+00,2026-10-03 08:55:25.482929+00,PAPER-1791016521,"{""close_reason"": ""negative_timeout""}"
5924,UAI/USDT,BUY,FUTURES,0.28598569999999995,0.2856,245.01225061,5,0.28352868,0.2937,-0.4725061253013024,-0.6743344160213827,-0.4444781253015919,0.028027999999710507,0,CLOSED,t,TRENDING,t,2026-10-03 08:57:07.077507+00,2026-10-03 10:39:36.090347+00,PAPER-1791017827,"{""close_reason"": ""negative_timeout""}"
5925,ASTS/USDT,BUY,FUTURES,58.41835999999999,58.33,1.19945168,5,58.29643205,60.27,-0.5299177522239734,-0.7562690907447212,-0.5018897522060355,0.028028000017937916,0,CLOSED,t,TRANSITION,t,2026-10-03 09:00:29.956632+00,2026-10-03 09:22:32.967092+00,PAPER-1791018029,"{""close_reason"": ""negative_timeout""}"
5926,ASTS/USDT,BUY,FUTURES,58.41835999999999,58.32,1.19945168,5,58.29643205,60.27,-0.5898903362239425,-0.8418586211594303,-0.5618623362060046,0.028028000017937916,0,CLOSED,t,TRANSITION,t,2026-10-03 09:27:39.380669+00,2026-10-03 09:47:42.598707+00,PAPER-1791019659,"{""close_reason"": ""negative_timeout""}"
5927,CRCL/USDT,BUY,FUTURES,82.19210999999999,82.1,0.85251492,5,81.52950613,84.52,-0.3926257464059732,-0.5603335891972705,-0.3645977463734607,0.028028000032512473,0,CLOSED,t,TRANSITION,t,2026-10-03 10:54:06.311086+00,2026-10-03 11:16:15.336449+00,PAPER-1791024846,"{""close_reason"": ""negative_timeout""}"
5928,CRCL/USDT,BUY,FUTURES,82.18209999999999,82.09,0.85261876,5,81.52951472,84.52,-0.3926309389799444,-0.5603409988305663,-0.364602938901466,0.028028000078478398,0,CLOSED,t,TRANSITION,t,2026-10-03 11:21:19.486588+00,2026-10-03 14:17:59.778472+00,PAPER-1791026479,"{""close_reason"": ""negative_timeout""}"
5929,BTW/USDT,BUY,FUTURES,1.4440426,1.4409,48.52349924,5,1.43163624,1.4593,-0.7624497435580975,-1.0881257935188016,-0.7344217435566465,0.028028000001451052,0,CLOSED,t,TRENDING,t,2026-10-03 11:32:12.921641+00,2026-10-03 11:59:48.411425+00,PAPER-1791027132,"{""close_reason"": ""negative_timeout""}"
5930,USELESS/USDT,SELL,FUTURES,0.23355621,0.23379,299.41400402,5,0.2355668,0.21885,-0.3499999999991962,-0.5005005005005251,-0.3220279999992618,0.027971999999934383,0,CLOSED,t,TRENDING,t,2026-10-03 12:02:13.045354+00,2026-10-03 12:55:18.950675+00,PAPER-SHORT-1791028933,"{""close_reason"": ""negative_timeout""}"
5931,ARM/USDT,SELL,FUTURES,306.96272999999997,307.52,0.19364077,5,308.77811094,295.84,-0.5395509594895163,-0.9077160605133022,-0.5157747597301154,0.02377619975940084,0,CLOSED,t,TRENDING,t,2026-10-03 12:17:38.623099+00,2026-10-03 12:37:38.911722+00,PAPER-SHORT-1791029858,"{""close_reason"": ""negative_timeout""}"
5932,BTW/USDT,BUY,FUTURES,1.4438423999999996,1.4417,48.5302274,5,1.43143776,1.4593,-0.519855795908716,-0.7419092277660133,-0.4918277959080113,0.028028000000704698,0,CLOSED,t,TRENDING,t,2026-10-03 12:22:16.251535+00,2026-10-03 12:52:45.151821+00,PAPER-1791030136,"{""close_reason"": ""negative_timeout""}"
5933,USELESS/USDT,SELL,FUTURES,0.23342634,0.23378,299.58058718,5,0.23543582,0.21885,-0.5297483523103609,-0.7575409013395358,-0.5017763523101696,0.027972000000191333,0,CLOSED,t,TRENDING,t,2026-10-03 13:00:23.039926+00,2026-10-03 14:23:06.449662+00,PAPER-SHORT-1791032423,"{""close_reason"": ""negative_timeout""}"
5934,CRCL/USDT,BUY,FUTURES,82.24215999999998,82.1,0.85199611,5,81.54319636,84.52,-0.6055988349879609,-0.8642769110149273,-0.5775708348287618,0.028028000159199037,0,CLOSED,t,TRANSITION,t,2026-10-03 14:23:01.390754+00,2026-10-03 14:43:01.49978+00,PAPER-1791037381,"{""close_reason"": ""negative_timeout""}"
5935,USELESS/USDT,SELL,FUTURES,0.23585391,0.2321,296.49709856,5,0.23965416,0.21885,5.565117116276847,7.958125434511557,5.5930891162764595,0.027971999999612546,0,CLOSED,t,TRANSITION,t,2026-10-03 14:28:06.796654+00,2026-10-03 15:17:26.153174+00,PAPER-SHORT-1791037686,"{""close_reason"": ""manual""}"
5936,CRCL/USDT,BUY,FUTURES,82.24215999999998,82.15,0.85199611,5,81.54319636,84.52,-0.3925998074878928,-0.5602965680860938,-0.36457180732869376,0.028028000159199037,0,CLOSED,t,TRANSITION,t,2026-10-03 14:48:03.972275+00,2026-10-03 16:06:46.348317+00,PAPER-1791038883,"{""close_reason"": ""negative_timeout""}"
5937,BMNR/USDT,BUY,FUTURES,26.416389999999996,26.38,2.65251989,5,26.34430057,27,-0.48262599398546385,-0.6887769297772572,-0.454597994026665,0.028027999958798837,0,CLOSED,t,TRENDING,t,2026-10-03 15:26:40.303066+00,2026-10-03 16:01:38.170041+00,PAPER-1791041200,"{""close_reason"": ""negative_timeout""}"
5938,BMNR/USDT,BUY,FUTURES,26.396369999999997,26.61,2.65453166,5,26.34431247,27,2.8354379926290445,4.046579131903427,2.863465992578674,0.028027999949629682,0,CLOSED,t,TRENDING,t,2026-10-03 16:06:41.313204+00,2026-10-03 20:35:45.203693+00,PAPER-1791043601,"{""close_reason"": ""manual""}"
5939,1000SHIB/USDT,SELL,FUTURES,0.005738256,0.005744,12186.62952646,5,0.00578765,0.005661,-0.3499999999999455,-0.500500500500521,-0.322027999999951,0.0279719999999945,0,CLOSED,t,TRANSITION,t,2026-10-03 17:43:17.352026+00,2026-10-03 18:07:05.053552+00,PAPER-SHORT-1791049397,"{""close_reason"": ""negative_timeout""}"
5940,1000SHIB/USDT,SELL,FUTURES,0.005728266,0.005734,12207.88280433,5,0.00577758,0.005661,-0.350000000000159,-0.5005005005005262,-0.32202800000014775,0.027972000000011276,0,CLOSED,t,TRANSITION,t,2026-10-03 18:12:08.868991+00,2026-10-03 18:32:24.066168+00,PAPER-SHORT-1791051128,"{""close_reason"": ""negative_timeout""}"
5941,1000SHIB/USDT,SELL,FUTURES,0.005737257,0.005745,12188.75152359,5,0.00578665,0.005661,-0.4718875152357964,-0.6747998215872287,-0.44391551523580547,0.027971999999990955,0,CLOSED,t,TRANSITION,t,2026-10-03 18:37:24.264506+00,2026-10-03 18:57:29.251228+00,PAPER-SHORT-1791052644,"{""close_reason"": ""negative_timeout""}"
5942,LITE/USDT,BUY,FUTURES,1095.6245299999998,1094.49,0.06395439,5,1087.42902024,1127.3659,-0.36279087043345776,-0.5177549283237881,-0.33476287103938307,0.028027999394074677,0,CLOSED,t,TRENDING,t,2026-10-03 20:40:46.624776+00,2026-10-03 21:07:20.332638+00,PAPER-1791060046,"{""close_reason"": ""negative_timeout""}"
5943,1000SHIB/USDT,SELL,FUTURES,0.005742252,0.005749,12178.14892136,5,0.00579168,0.005661,-0.4108907446066862,-0.5875743523621044,-0.3829187446066953,0.02797199999999092,0,CLOSED,t,TRANSITION,t,2026-10-03 20:57:35.539582+00,2026-10-03 23:23:07.888255+00,PAPER-SHORT-1791061055,"{""close_reason"": ""negative_timeout""}"
5944,GRASS/USDT,SELL,FUTURES,0.7188804,0.7203,97.27626459,5,0.72506896,0.6741,-0.6904669260598572,-0.9873686916489005,-0.6624949260602712,0.027971999999586012,0,CLOSED,t,TRENDING,t,2026-10-03 22:43:14.529955+00,2026-10-03 23:03:26.787569+00,PAPER-SHORT-1791067394,"{""close_reason"": ""negative_timeout""}"
5945,GRASS/USDT,SELL,FUTURES,0.7171820999999999,0.7194,97.50661652,5,0.72335604,0.6741,-1.0812996238985917,-1.5462600084414446,-1.0533276238987084,0.027971999999883316,0,CLOSED,t,TRENDING,t,2026-10-03 23:08:40.295534+00,2026-10-03 23:28:47.196534+00,PAPER-SHORT-1791068920,"{""close_reason"": ""negative_timeout""}"
5946,1000SHIB/USDT,SELL,FUTURES,0.005734260000000001,0.005746,12195.12195122,5,0.00578362,0.005661,-0.7158536585365937,-1.0236717553790433,-0.6878816585365926,0.027972000000001124,0,CLOSED,t,TRANSITION,t,2026-10-03 23:28:09.420811+00,2026-10-03 23:48:09.64585+00,PAPER-SHORT-1791070089,"{""close_reason"": ""negative_timeout""}"
5947,GRASS/USDT,SELL,FUTURES,0.7184807999999999,0.7194,97.33036707,5,0.72466592,0.6741,-0.4473303670537783,-0.6396830645997221,-0.41935836705507945,0.0279719999986989,0,CLOSED,t,TRENDING,t,2026-10-03 23:33:50.411189+00,2026-10-04 00:02:34.436789+00,PAPER-SHORT-1791070430,"{""close_reason"": ""negative_timeout""}"
5948,1000SHIB/USDT,SELL,FUTURES,0.005741253,0.005703,12180.2679659,5,0.00579068,0.005661,2.3296589524978786,3.3314156334863005,2.3576309524978893,0.027972000000010912,0,CLOSED,t,TRANSITION,t,2026-10-03 23:53:16.051348+00,2026-10-04 09:50:41.988873+00,PAPER-SHORT-1791071596,"{""close_reason"": ""max_hold""}"
5949,DRAM/USDT,SELL,FUTURES,61.128809999999994,61.19,1.14397777,5,61.43860348,59.3543,-0.34999999873151955,-0.5005005005005285,-0.32202799883289807,0.027971999898621477,0,CLOSED,t,TRANSITION,t,2026-10-04 00:36:20.706728+00,2026-10-04 00:56:26.177251+00,PAPER-SHORT-1791074180,"{""close_reason"": ""negative_timeout""}"
5950,DRAM/USDT,SELL,FUTURES,61.128809999999994,61.2,1.14397777,5,61.43860348,59.3543,-0.40719888723154873,-0.5822949931465092,-0.37922688733292725,0.027971999898621477,0,CLOSED,t,TRANSITION,t,2026-10-04 01:01:27.014237+00,2026-10-04 06:20:15.6649+00,PAPER-SHORT-1791075687,"{""close_reason"": ""negative_timeout""}"
5951,BTW/USDT,BUY,FUTURES,0.9503493999999999,0.9421836178154399,73.73077733,5,0.94218456,1.4715,-3.0103473398753517,-4.296199999999972,-2.982319339876512,0.028027999998839637,0,CLOSED,t,TRENDING,t,2026-10-04 01:41:19.395035+00,2026-10-04 01:50:56.649758+00,PAPER-1791078079,"{""close_reason"": ""stop_loss""}"
5952,BTW/USDT,BUY,FUTURES,0.9492482999999999,0.9410919789070799,73.81630286,5,0.94109292,1.4715,-3.010347340091964,-4.296200000000027,-2.9823193400911077,0.028028000000856056,0,CLOSED,t,TRENDING,t,2026-10-04 01:56:04.578093+00,2026-10-04 01:56:48.34687+00,PAPER-1791078964,"{""close_reason"": ""stop_loss""}"
5953,BTW/USDT,BUY,FUTURES,0.9235225999999999,0.9155873244117597,75.87253414,5,0.91558824,1.4715,-3.010347339895298,-4.296200000000083,-2.9823193398962733,0.02802799999902462,0,CLOSED,t,TRENDING,t,2026-10-04 02:01:58.859277+00,2026-10-04 02:03:03.566244+00,PAPER-1791079318,"{""close_reason"": ""stop_loss""}"
5954,GRASS/USDT,SELL,FUTURES,0.7147845,0.7165,97.83368274,5,0.7209378,0.6741,-0.8391684137023405,-1.2000120315983214,-0.8111964137021527,0.027972000000187815,0,CLOSED,t,TRANSITION,t,2026-10-04 02:02:37.547213+00,2026-10-04 02:22:43.50088+00,PAPER-SHORT-1791079357,"{""close_reason"": ""negative_timeout""}"
5955,GRASS/USDT,SELL,FUTURES,0.7131860999999999,0.7168,98.05294859,5,0.71932564,0.6741,-1.7717677545470338,-2.5336304226905564,-1.7437957545476728,0.02797199999936104,0,CLOSED,t,TRANSITION,t,2026-10-04 02:27:47.253333+00,2026-10-04 02:47:52.908275+00,PAPER-SHORT-1791080867,"{""close_reason"": ""negative_timeout""}"
5956,ARX/USDT,BUY,FUTURES,0.2761759,0.2758,253.71511417,5,0.27293587,0.2835,-0.47685755708251437,-0.6805445370142715,-0.4488295570827134,0.028027999999801,0,CLOSED,t,TRANSITION,t,2026-10-04 06:43:46.330035+00,2026-10-04 07:56:56.185557+00,PAPER-1791096226,"{""close_reason"": ""negative_timeout""}"
5957,ARX/USDT,BUY,FUTURES,0.2761759,0.2758,253.71511417,5,0.27296548,0.2835,-0.47685755708251437,-0.6805445370142715,-0.4488295570827134,0.028027999999801,0,CLOSED,t,TRANSITION,t,2026-10-04 08:09:11.752046+00,2026-10-04 08:29:52.385447+00,PAPER-1791101351,"{""close_reason"": ""negative_timeout""}"
5958,ARX/USDT,BUY,FUTURES,0.27647619999999995,0.2751,253.43953657,5,0.27438774,0.2835,-1.743917451138077,-2.4888218226377656,-1.7158894511378233,0.02802800000025385,0,CLOSED,t,TRANSITION,t,2026-10-04 08:34:59.087705+00,2026-10-04 08:55:06.672195+00,PAPER-1791102899,"{""close_reason"": ""negative_timeout""}"
5959,AIO/USDT,BUY,FUTURES,0.0417417,,2996.93010462,5,0.04138308,0.04344047,,,,0,0,CLOSED,t,TRENDING,t,2026-10-04 09:50:42.083886+00,2026-10-04 10:03:52.708407+00,PAPER-1791107442,"{""entry_indicators"": {""adx"": 39.8, ""rsi"": 61.35, ""bb_pct"": 0.8085, ""regime"": ""TRENDING"", ""atr_pct"": 2.7825, ""research"": {""arm"": true, ""setup"": ""15m sweep of hour low then reclaim"", ""pred_side"": ""bull"", ""confidence"": 0.85, ""hour_start"": ""2026-10-04T09:00:00+00:00""}, ""rr_ratio"": 5.49, ""confidence"": 0.559, ""funding_rate"": 0.00025, ""zone_based_sl"": false, ""structure_trend"": ""RANGE"", ""structure_confirmed"": false, ""predicted_change_pct"": 7.9635}}"
5960,USELESS/USDT,SELL,FUTURES,0.24276699000000002,,359.98678965,5,0.24425704,0.23824,,,,0,0,CLOSED,t,TRENDING,t,2026-10-04 09:50:42.113007+00,2026-10-04 10:03:52.708407+00,PAPER-SHORT-1791107442,"{""entry_indicators"": {""adx"": 25.82, ""rsi"": 59.58, ""bb_pct"": 0.6924, ""regime"": ""TRENDING"", ""atr_pct"": 1.5556, ""research"": {""arm"": true, ""setup"": ""15m sweep of hour low then reclaim"", ""pred_side"": ""bull"", ""confidence"": 0.85, ""hour_start"": ""2026-10-04T09:00:00+00:00""}, ""rr_ratio"": 3.83, ""confidence"": 0.949, ""funding_rate"": 0.000138, ""zone_based_sl"": true, ""structure_trend"": ""UP"", ""structure_confirmed"": false, ""predicted_change_pct"": -1.1953}}"
5961,BR/USDT,SELL,FUTURES,0.48810141,0.492302791696716,242.15436271,5,0.49230328,0.46031978,-5.0869145363485675,-4.303799999999966,-5.039636181998007,0.04727835435056097,0,CLOSED,t,TRENDING,t,2026-10-04 09:55:17.666722+00,2026-10-04 09:59:54.23213+00,PAPER-SHORT-1791107717,"{""close_reason"": ""stop_loss""}"
5962,COAI/USDT,BUY,FUTURES,0.34954919999999995,,338.81500594,5,0.34654608,0.3622,,,,0,0,CLOSED,t,TRENDING,t,2026-10-04 09:55:17.701378+00,2026-10-04 10:03:52.708407+00,PAPER-1791107717,"{""entry_indicators"": {""adx"": 34.94, ""rsi"": 66.81, ""bb_pct"": 0.8334, ""regime"": ""TRENDING"", ""atr_pct"": 2.3884, ""research"": {""arm"": true, ""setup"": ""15m sweep of hour low then reclaim"", ""pred_side"": ""bull"", ""confidence"": 0.85, ""hour_start"": ""2026-10-04T09:00:00+00:00""}, ""rr_ratio"": 4.9, ""confidence"": 0.6822, ""funding_rate"": 0.000401, ""zone_based_sl"": false, ""structure_trend"": ""UP"", ""structure_confirmed"": true, ""predicted_change_pct"": -2.0708}}"
5963,US/USDT,SELL,FUTURES,0.018663318,,6333.05856305,5,0.01882398,0.01763855,,,,0,0,CLOSED,t,TRENDING,t,2026-10-04 09:55:17.726098+00,2026-10-04 10:03:52.708407+00,PAPER-SHORT-1791107717,"{""entry_indicators"": {""adx"": 38.74, ""rsi"": 27.39, ""bb_pct"": 0.1487, ""regime"": ""TRENDING"", ""atr_pct"": 3.7235, ""research"": {""arm"": true, ""setup"": ""15m sweep of hour high then reject"", ""pred_side"": ""bear"", ""confidence"": 0.85, ""hour_start"": ""2026-10-04T09:00:00+00:00""}, ""rr_ratio"": 7.35, ""confidence"": 0.5559, ""funding_rate"": 0.000027, ""zone_based_sl"": false, ""structure_trend"": ""DOWN"", ""structure_confirmed"": true, ""predicted_change_pct"": 2.5803}}"
5964,1000000BOB/USDT,SELL,FUTURES,0.01207791,,8687.19199541,5,0.01218188,0.01169,,,,0,0,CLOSED,t,TRENDING,t,2026-10-04 10:01:31.068659+00,2026-10-04 10:03:52.708407+00,PAPER-SHORT-1791108091,"{""entry_indicators"": {""adx"": 28.1, ""rsi"": 39.86, ""bb_pct"": 0.1989, ""regime"": ""TRENDING"", ""atr_pct"": 2.9659, ""research"": {""arm"": true, ""setup"": ""15m holding below hour open and EMA21"", ""pred_side"": ""bear"", ""confidence"": 0.85, ""hour_start"": ""2026-10-04T10:00:00+00:00""}, ""rr_ratio"": 4.35, ""confidence"": 0.5577, ""funding_rate"": 0.014311, ""zone_based_sl"": false, ""structure_trend"": ""DOWN"", ""structure_confirmed"": true, ""predicted_change_pct"": 2.8606}}"
5965,BR/USDT,SELL,FUTURES,0.48839111999999996,0.47841,255.68646703,5,0.49259549,0.460593,12.76018654901231,10.218367606683714,12.81013654901296,0.049950000000649905,0,CLOSED,t,TRENDING,t,2026-10-04 10:04:15.141946+00,2026-10-04 10:52:33.238597+00,PAPER-SHORT-1791108255,"{""close_reason"": ""manual""}"
5966,AIO/USDT,BUY,FUTURES,0.04184179999999999,0.041482278517679994,2990.43062201,5,0.04148232,0.04354465,-5.375620250000739,-4.296199999999972,-5.325570250000732,0.05005000000000721,0,CLOSED,t,TRENDING,t,2026-10-04 10:04:15.161491+00,2026-10-04 10:18:52.405434+00,PAPER-1791108255,"{""close_reason"": ""stop_loss""}"
5967,USELESS/USDT,SELL,FUTURES,0.24243732,0.24005,360.55711225,5,0.24425627,0.23824,4.303826026083347,4.923581897374543,4.338791026083679,0.03496500000033167,0,CLOSED,t,TRENDING,t,2026-10-04 10:04:15.174394+00,2026-10-04 11:55:39.509461+00,PAPER-SHORT-1791108255,"{""close_reason"": ""manual""}"
5968,COAI/USDT,BUY,FUTURES,0.34884849999999995,0.3482,358.68005739,5,0.3458514,0.3622,-1.1630200860869666,-0.9294865822842002,-1.1129700860868004,0.05005000000016616,0,CLOSED,t,TRENDING,t,2026-10-04 10:04:15.18637+00,2026-10-04 10:27:55.758571+00,PAPER-1791108255,"{""close_reason"": ""negative_timeout""}"
5969,US/USDT,SELL,FUTURES,0.018647333999999998,0.01869,6696.66773813,5,0.01880786,0.01762344,-1.4286001285752805,-1.1440241269878106,-1.3786501285753066,0.049949999999973856,0,CLOSED,t,TRENDING,t,2026-10-04 10:04:15.206881+00,2026-10-04 10:32:21.071763+00,PAPER-SHORT-1791108255,"{""close_reason"": ""negative_timeout""}"
5970,1000000BOB/USDT,SELL,FUTURES,0.0120879,0.0121,8931.4573347,5,0.01219196,0.01169,-0.540353168749317,-0.50050050050047,-0.497168143502869,0.04318502524644806,0,CLOSED,t,TRENDING,t,2026-10-04 10:04:20.288517+00,2026-10-04 10:24:21.029317+00,PAPER-SHORT-1791108260,"{""close_reason"": ""negative_timeout""}"
5971,AIO/USDT,BUY,FUTURES,0.04211207,0.041750226249732,2553.04490962,5,0.04175027,0.04382592,-4.619016723497669,-4.296200000000027,-4.576011121118845,0.04300560237882445,0,CLOSED,t,TRENDING,t,2026-10-04 10:23:57.288232+00,2026-10-04 10:37:29.886348+00,PAPER-1791109437,"{""close_reason"": ""stop_loss""}"
5972,COAI/USDT,BUY,FUTURES,0.34874839999999996,0.3501,340.56839482,5,0.34575216,0.3622,2.301561212193677,1.9377866679819444,2.349070285307294,0.04750907311361731,0,CLOSED,t,TRENDING,t,2026-10-04 10:33:03.303522+00,2026-10-04 10:52:38.319064+00,PAPER-1791109983,"{""close_reason"": ""manual""}"
5973,1000000BOB/USDT,SELL,FUTURES,0.0120879,0.01215,9314.34027662,5,0.01219196,0.01169,-2.892102655890461,-2.568684386866162,-2.847066330358559,0.04503632553190196,0,CLOSED,t,TRENDING,t,2026-10-04 10:35:24.84382+00,2026-10-04 10:55:27.124147+00,PAPER-SHORT-1791110124,"{""close_reason"": ""negative_timeout""}"
5974,US/USDT,SELL,FUTURES,0.018577404000000002,0.0187373108626704,5757.29821329,5,0.01873733,0.01755735,-4.6031574737254655,-4.303799999999952,-4.560375211782759,0.0427822619427066,0,CLOSED,t,TRENDING,t,2026-10-04 10:37:21.529411+00,2026-10-04 10:41:28.149233+00,PAPER-SHORT-1791110241,"{""close_reason"": ""stop_loss""}"
5975,AIO/USDT,BUY,FUTURES,0.041921879999999995,0.04187,2622.84847293,5,0.04156171,0.04362799,-0.6803668938780031,-0.6187699597441365,-0.6363849983018612,0.04398189557614188,0,CLOSED,t,TRENDING,t,2026-10-04 10:42:30.692216+00,2026-10-04 11:06:27.667757+00,PAPER-1791110550,"{""close_reason"": ""negative_timeout""}"
5976,US/USDT,SELL,FUTURES,0.018592388999999997,0.018449,5606.15558678,5,0.01875244,0.01757152,4.019305217163909,3.8561209105510126,4.060997947349484,0.0416927301855748,0,CLOSED,t,TRENDING,t,2026-10-04 10:46:28.687665+00,2026-10-04 10:52:33.211513+00,PAPER-SHORT-1791110788,"{""close_reason"": ""manual""}"
5977,BR/USDT,SELL,FUTURES,0.47729223,0.4814005705989479,261.63216611,5,0.48140105,0.45012583,-5.374370250102016,-4.303799999999932,-5.324420250101068,0.04995000000094894,0,CLOSED,t,TRENDING,t,2026-10-04 10:57:37.374559+00,2026-10-04 11:10:44.706343+00,PAPER-SHORT-1791111457,"{""close_reason"": ""stop_loss""}"
5978,US/USDT,SELL,FUTURES,0.01849149,0.018650657349323998,6753.10642896,5,0.01865068,0.01747616,-5.374370250002084,-4.303799999999961,-5.324420250002064,0.04995000000001982,0,CLOSED,t,TRENDING,t,2026-10-04 10:57:37.415364+00,2026-10-04 11:10:58.191543+00,PAPER-SHORT-1791111457,"{""close_reason"": ""stop_loss""}"
5979,COAI/USDT,BUY,FUTURES,0.3504501,0.34743889256075994,323.12300789,5,0.34743924,0.3622,-4.86495202573996,-4.296200000000083,-4.819656629569019,0.04529539617094051,0,CLOSED,t,TRENDING,t,2026-10-04 10:57:42.499767+00,2026-10-04 11:13:46.85125+00,PAPER-1791111462,"{""close_reason"": ""stop_loss""}"
5980,1000000BOB/USDT,SELL,FUTURES,0.01207791,0.0121,8887.68541692,5,0.01218188,0.01169,-0.9816448542987658,-0.9144794091030201,-0.938706988469217,0.042937865829548894,0,CLOSED,t,TRENDING,t,2026-10-04 11:06:27.733339+00,2026-10-04 11:27:24.83836+00,PAPER-SHORT-1791111987,"{""close_reason"": ""negative_timeout""}"
5981,BR/USDT,SELL,FUTURES,0.47613339,0.46998,253.95293387,5,0.48023224,0.45048014,7.813357218731571,6.461834151139852,7.861723407253159,0.04836618852158757,0,CLOSED,t,TRENDING,t,2026-10-04 11:15:52.226633+00,2026-10-04 11:55:34.444574+00,PAPER-SHORT-1791112552,"{""close_reason"": ""manual""}"
5982,US/USDT,SELL,FUTURES,0.018703278,0.018737,6141.36538304,5,0.01886429,0.01775537,-1.035495617234372,-0.9014997264115926,-0.9895501516109424,0.045945465623429445,0,CLOSED,t,TRENDING,t,2026-10-04 11:16:02.383657+00,2026-10-04 11:36:03.740168+00,PAPER-SHORT-1791112562,"{""close_reason"": ""negative_timeout""}"
5983,COAI/USDT,BUY,FUTURES,0.3454451,0.348,316.49948749,5,0.34247724,0.3622,4.043122702941003,3.6979826895793266,4.086855981783375,0.04373327884237272,0,CLOSED,t,TRENDING,t,2026-10-04 11:18:51.274051+00,2026-10-04 11:55:34.432912+00,PAPER-1791112731,"{""close_reason"": ""manual""}"
5984,US/USDT,SELL,FUTURES,0.018429552,0.0185881862117952,2710.32090199,5,0.0185882,0.01749552,-2.1497480999962053,-4.303800000000019,-2.1297680999962405,0.019979999999964644,0,CLOSED,t,TRENDING,t,2026-10-04 11:41:06.530203+00,2026-10-04 11:46:11.158498+00,PAPER-SHORT-1791114066,"{""close_reason"": ""stop_loss""}"
5985,BR/USDT,SELL,FUTURES,0.46799154,0.46926,106.73269863,5,0.4720203,0.44277695,-0.6769307945210633,-1.355216805842288,-0.6569507945209795,0.019980000000083837,0,CLOSED,t,TRENDING,t,2026-10-04 12:00:37.925561+00,2026-10-04 12:20:39.508997+00,PAPER-SHORT-1791115237,"{""close_reason"": ""negative_timeout""}"
5986,COAI/USDT,BUY,FUTURES,0.34864829999999997,0.3482,143.55440712,5,0.34565292,0.3622,-0.32177720355945333,-0.6429114956246207,-0.301757203559495,0.02001999999995836,0,CLOSED,t,TRENDING,t,2026-10-04 12:00:37.949209+00,2026-10-04 12:24:30.104129+00,PAPER-1791115237,"{""close_reason"": ""negative_timeout""}"
5987,BR/USDT,SELL,FUTURES,0.46581372,0.46982325817627196,107.23170627,5,0.46982373,0.44071647,-2.1497480999817404,-4.303799999999975,-2.12976809998191,0.01997999999983041,0,CLOSED,t,TRENDING,t,2026-10-04 12:25:42.489263+00,2026-10-04 13:34:36.698327+00,PAPER-SHORT-1791116742,"{""close_reason"": ""stop_loss""}"
5988,COAI/USDT,BUY,FUTURES,0.3490487,0.34604953395011995,143.3897333,5,0.34604988,0.3622,-2.15024810007358,-4.296200000000083,-2.1302281000728955,0.02002000000068468,0,CLOSED,t,TRENDING,t,2026-10-04 12:29:34.867834+00,2026-10-04 12:42:15.114083+00,PAPER-1791116974,"{""close_reason"": ""stop_loss""}"
5989,COAI/USDT,BUY,FUTURES,0.3471468,0.34416397583568,144.17531719,5,0.34416432,0.3622,-2.1502481000641493,-4.296199999999972,-2.130228100063552,0.020020000000597397,0,CLOSED,t,TRENDING,t,2026-10-04 12:47:19.434192+00,2026-10-04 12:49:14.166974+00,PAPER-1791118039,"{""close_reason"": ""stop_loss""}"
5990,AIO/USDT,BUY,FUTURES,0.045205159999999994,0.04481673918321599,1107.1744907,5,0.04481678,0.04704315,-2.1502481000005296,-4.296200000000027,-2.130228100000525,0.020020000000004805,0,CLOSED,t,TRENDING,t,2026-10-04 13:06:28.553442+00,2026-10-04 13:18:14.95499+00,PAPER-1791119188,"{""close_reason"": ""stop_loss""}"
5991,AIO/USDT,BUY,FUTURES,0.044664619999999995,0.04582,1120.57373375,5,0.04428089,0.04648063,6.473442402500393,12.933950854166042,6.493462402500364,0.020019999999969968,0,CLOSED,t,TRENDING,t,2026-10-04 13:23:20.023661+00,2026-10-04 13:45:34.2239+00,PAPER-1791120200,"{""close_reason"": ""trailing_stop""}"
5992,ARX/USDT,BUY,FUTURES,0.2848846,0.2845,175.68517217,5,0.28243704,0.293,-0.3378425860829267,-0.6750101620094928,-0.3178225860830941,0.02001999999983263,0,CLOSED,t,TRANSITION,t,2026-10-04 13:25:54.846523+00,2026-10-04 14:15:07.228441+00,PAPER-1791120354,"{""close_reason"": ""negative_timeout""}"
5993,BR/USDT,SELL,FUTURES,0.46697256000000004,0.4524,106.96559986,5,0.47099254,0.44147486,7.793813109479214,15.603229448856705,7.813793109478638,0.01997999999942394,0,CLOSED,t,TRENDING,t,2026-10-04 13:39:37.419426+00,2026-10-04 14:19:33.193289+00,PAPER-SHORT-1791121177,"{""close_reason"": ""trailing_stop""}"
5994,US/USDT,SELL,FUTURES,0.017893089,0.01735,2791.58059293,5,0.01804712,0.0169948,7.580383563168805,15.175943069416356,7.600363563168793,0.019979999999987706,0,CLOSED,t,TRENDING,t,2026-10-04 13:46:13.104027+00,2026-10-04 14:09:00.301035+00,PAPER-SHORT-1791121573,"{""close_reason"": ""manual""}"
5995,ARX/USDT,BUY,FUTURES,0.28478449999999994,0.2837,175.74692443,5,0.2823378,0.293,-0.9529876977216181,-1.90407132410636,-0.9329676977214839,0.020020000000134132,0,CLOSED,t,TRANSITION,t,2026-10-04 14:20:11.926274+00,2026-10-04 14:40:12.226862+00,PAPER-1791123611,"{""close_reason"": ""negative_timeout""}"
5996,BR/USDT,SELL,FUTURES,0.44952002999999996,0.4533893186102279,111.11851901,5,0.45338977,0.4248394,-2.149748099953954,-4.303799999999944,-2.129768099954382,0.019979999999572305,0,CLOSED,t,TRENDING,t,2026-10-04 14:24:36.581471+00,2026-10-04 14:27:25.160845+00,PAPER-SHORT-1791123876,"{""close_reason"": ""stop_loss""}"
5997,BR/USDT,SELL,FUTURES,0.45446507999999997,0.45542,109.90943463,5,0.45837739,0.42951295,-0.5247735865844123,-1.0505977709002703,-0.5047935865836612,0.019980000000751088,0,CLOSED,t,TRENDING,t,2026-10-04 14:32:32.948023+00,2026-10-04 14:55:04.914885+00,PAPER-SHORT-1791124352,"{""close_reason"": ""negative_timeout""}"
5998,COAI/USDT,BUY,FUTURES,0.341341,0.3408,146.62756598,5,0.3384084,0.3622,-0.3966275659759217,-0.7924626692955572,-0.37660756597625,0.020019999999671675,0,CLOSED,t,TRENDING,t,2026-10-04 14:49:15.381547+00,2026-10-04 15:20:51.800937+00,PAPER-1791125355,"{""close_reason"": ""negative_timeout""}"
5999,CBRS/USDT,BUY,FUTURES,183.46327999999997,181.88689011292794,0.27280663,5,181.887072,188.35,-2.1502480632910057,-4.296200000000083,-2.1302280636327873,0.020019999658218556,0,CLOSED,t,TRENDING,t,2026-10-04 14:55:28.473434+00,2026-10-04 14:56:41.08347+00,PAPER-1791125728,"{""close_reason"": ""stop_loss""}"
6000,AIO/USDT,BUY,FUTURES,0.04437433,0.04432,1127.90435371,5,0.04399309,0.04654032,-0.3063952176853182,-0.61217825711396,-0.2863752176853325,0.020019999999985702,0,CLOSED,t,TRENDING,t,2026-10-04 14:55:28.537992+00,2026-10-04 15:19:15.533931+00,PAPER-1791125728,"{""close_reason"": ""negative_timeout""}"
6001,BR/USDT,SELL,FUTURES,0.45099855,0.4519,110.75423635,5,0.45488102,0.42507402,-0.4991970317885518,-0.9993934570299903,-0.47921703178846886,0.019980000000082918,0,CLOSED,t,TRENDING,t,2026-10-04 15:00:09.195552+00,2026-10-04 15:20:51.789463+00,PAPER-SHORT-1791126009,"{""close_reason"": ""negative_timeout""}"
6002,CBRS/USDT,BUY,FUTURES,182.94275999999996,182.75,0.21886627,5,181.371024,188.35,-0.21094331102597028,-0.5268314526357121,-0.19492731122408818,0.016015999801882078,0,CLOSED,t,TRENDING,t,2026-10-04 15:01:45.499607+00,2026-10-04 15:38:20.111826+00,PAPER-1791126105,"{""close_reason"": ""negative_timeout""}"
6003,AIO/USDT,BUY,FUTURES,0.044794749999999994,0.04587,893.8547486,5,0.0444099,0.04698126,4.805586592160772,12.001964515931052,4.821602592160712,0.01601599999993994,0,CLOSED,t,TRENDING,t,2026-10-04 15:24:19.41725+00,2026-10-04 16:05:01.003482+00,PAPER-1791127459,"{""close_reason"": ""trailing_stop""}"
6004,COAI/USDT,BUY,FUTURES,0.34013979999999994,0.3372171827824799,117.71630371,5,0.33721752,0.3622,-1.7201984800283079,-4.296200000000027,-1.7041824800280445,0.016016000000263462,0,CLOSED,t,TRENDING,t,2026-10-04 15:25:55.552124+00,2026-10-04 15:33:44.56026+00,PAPER-1791127555,"{""close_reason"": ""stop_loss""}"
6005,COAI/USDT,BUY,FUTURES,0.33723689999999995,0.3367,118.72959335,5,0.33433956,0.3622,-0.31872959334805506,-0.7960279554223848,-0.30271359334820924,0.016015999999845845,0,CLOSED,t,TRENDING,t,2026-10-04 15:38:48.793194+00,2026-10-04 16:02:25.257746+00,PAPER-1791128328,"{""close_reason"": ""negative_timeout""}"
6006,CBRS/USDT,BUY,FUTURES,183.02283999999997,182.58,0.21877051,5,181.450416,188.35,-0.48440166324195905,-1.2097943622773055,-0.4683856632225797,0.016016000019379358,0,CLOSED,t,TRENDING,t,2026-10-04 15:43:23.720417+00,2026-10-04 16:04:17.270051+00,PAPER-1791128603,"{""close_reason"": ""negative_timeout""}"
6007,USELESS/USDT,SELL,FUTURES,0.236763,0.23880096119879998,210.97046414,5,0.2388012,0.23461,-2.1497481000507137,-4.30379999999996,-2.129768100050242,0.019980000000471527,0,CLOSED,t,TRANSITION,t,2026-10-04 16:02:53.985609+00,2026-10-04 16:12:12.673491+00,PAPER-SHORT-1791129773,"{""close_reason"": ""stop_loss""}"
6008,BR/USDT,SELL,FUTURES,0.45520434,0.45912255687698394,109.73093974,5,0.45912302,0.4283204,-2.1497481000828897,-4.303799999999956,-2.1297681000821194,0.01998000000077059,0,CLOSED,t,TRENDING,t,2026-10-04 17:20:55.274169+00,2026-10-04 17:26:07.516585+00,PAPER-SHORT-1791134455,"{""close_reason"": ""stop_loss""}"
6009,BR/USDT,SELL,FUTURES,0.45816138,0.44908,109.02272033,5,0.46210551,0.4311028,4.950383759752293,9.910678198149338,4.970363759751391,0.019979999999098743,0,CLOSED,t,TRENDING,t,2026-10-04 17:31:13.22574+00,2026-10-04 19:31:15.676344+00,PAPER-SHORT-1791135073,"{""close_reason"": ""max_hold""}"
6010,1000SHIB/USDT,SELL,FUTURES,0.005760234,0.005766,8671.52271939,5,0.00580982,0.005706,-0.2500000000000107,-0.5005005005004944,-0.2300200000000096,0.019980000000001098,0,CLOSED,t,TRANSITION,t,2026-10-04 17:44:17.710065+00,2026-10-04 18:19:35.508448+00,PAPER-SHORT-1791135857,"{""close_reason"": ""negative_timeout""}"
6011,SPX/USDT,BUY,FUTURES,0.43963919999999995,0.43806651498000004,113.84335155,5,0.43850502,0.4438,-0.8951986680463555,-1.788608727338159,-0.8751786680460512,0.0200200000003043,0,CLOSED,t,TRANSITION,t,2026-10-04 17:46:17.891381+00,2026-10-04 17:52:25.631165+00,PAPER-1791135977,"{""close_reason"": ""stop_loss""}"
6012,COAI/USDT,BUY,FUTURES,0.3389386,0.337,147.66686356,5,0.33602664,0.3622,-1.4313349084870388,-2.859810006886121,-1.4113149084864718,0.020020000000566966,0,CLOSED,t,TRANSITION,t,2026-10-04 18:02:36.198013+00,2026-10-04 18:22:39.243633+00,PAPER-1791136956,"{""close_reason"": ""negative_timeout""}"
6013,CBRS/USDT,BUY,FUTURES,185.01483,184.55,0.27051886,5,183.425292,188.35,-0.6287264084689732,-1.2561965978618583,-0.6087064081110957,0.020020000357877522,0,CLOSED,t,TRENDING,t,2026-10-04 18:04:22.381255+00,2026-10-04 19:10:37.846507+00,PAPER-1791137062,"{""close_reason"": ""negative_timeout""}"
6014,SPX/USDT,BUY,FUTURES,0.4398394,0.43806624525,113.79153391,5,0.43850475,0.4438,-1.0088499943115148,-2.015684304316534,-0.9888299943114932,0.020020000000021625,0,CLOSED,t,TRANSITION,t,2026-10-04 18:06:05.719811+00,2026-10-04 18:10:07.388216+00,PAPER-1791137165,"{""close_reason"": ""stop_loss""}"
6015,SPX/USDT,BUY,FUTURES,0.43963919999999995,0.43806651498000004,113.84335155,5,0.43850502,0.4438,-0.8951986680463555,-1.788608727338159,-0.8751786680460512,0.0200200000003043,0,CLOSED,t,TRANSITION,t,2026-10-04 18:15:27.463894+00,2026-10-04 18:22:21.331323+00,PAPER-1791137727,"{""close_reason"": ""stop_loss""}"
6016,1000SHIB/USDT,SELL,FUTURES,0.005760234,0.005778,8671.52271939,5,0.00580982,0.005706,-0.7702913631634044,-1.5421248511779022,-0.7503113631634033,0.019980000000001098,0,CLOSED,t,TRANSITION,t,2026-10-04 18:24:35.973361+00,2026-10-04 18:44:46.444334+00,PAPER-SHORT-1791138275,"{""close_reason"": ""negative_timeout""}"
6017,1000SHIB/USDT,SELL,FUTURES,0.005767227000000001,0.005801,8661.00814135,5,0.00581687,0.005706,-1.4625411397890284,-2.928010289867131,-1.442561139789023,0.019980000000005417,0,CLOSED,t,TRANSITION,t,2026-10-04 18:49:47.043884+00,2026-10-04 19:09:52.728675+00,PAPER-SHORT-1791139787,"{""close_reason"": ""negative_timeout""}"
6018,DRAM/USDT,SELL,FUTURES,61.108830000000005,61.19,0.81739415,5,61.40454367,59.3349,-0.3317394157774716,-0.6641429724639881,-0.31175941571533383,0.019980000062137803,0,CLOSED,t,TRANSITION,t,2026-10-04 18:49:58.946272+00,2026-10-04 19:09:59.567637+00,PAPER-SHORT-1791139798,"{""close_reason"": ""negative_timeout""}"
6019,DRAM/USDT,SELL,FUTURES,61.108830000000005,61.23,0.81739415,5,61.40454367,59.3349,-0.49521824577746826,-0.99142791639107,-0.47523824571533047,0.019980000062137803,0,CLOSED,t,TRANSITION,t,2026-10-04 19:15:06.979121+00,2026-10-04 19:35:09.418461+00,PAPER-SHORT-1791141306,"{""close_reason"": ""negative_timeout""}"
6020,SAMSUNG/USDT,SELL,FUTURES,203.98581,204.33,0.24486997,5,205.43293909,198.0643,-0.4214089748715317,-0.843661625286646,-0.40142897520148146,0.01997999967005028,0,CLOSED,t,TRANSITION,t,2026-10-04 19:27:46.889946+00,2026-10-04 19:47:50.912688+00,PAPER-SHORT-1791142066,"{""close_reason"": ""negative_timeout""}"
6021,BR/USDT,SELL,FUTURES,0.44729226000000005,0.44829,111.67195247,5,0.45114282,0.42119767,-0.5570978692870717,-1.115311049647907,-0.5371178692875042,0.019979999999567555,0,CLOSED,t,TRENDING,t,2026-10-04 19:36:18.515448+00,2026-10-04 20:11:43.570569+00,PAPER-SHORT-1791142578,"{""close_reason"": ""negative_timeout""}"
6022,ALPINE/USDT,SELL,FUTURES,0.3648348,0.36797515202448,136.91128149,5,0.36903151,0.3551,-2.149748100006354,-4.303799999999981,-2.129768100006295,0.01998000000005914,0,CLOSED,t,TRENDING,t,2026-10-04 19:41:51.177162+00,2026-10-04 19:44:14.425927+00,PAPER-SHORT-1791142911,"{""close_reason"": ""stop_loss""}"
6023,ALPINE/USDT,SELL,FUTURES,0.3667329,0.3631,136.20266957,5,0.36903531,0.3551,2.4740533914042615,4.953059842735673,2.4940333914039208,0.019979999999659142,0,CLOSED,t,TRENDING,t,2026-10-04 19:49:18.844294+00,2026-10-04 21:49:21.653549+00,PAPER-SHORT-1791143358,"{""close_reason"": ""max_hold""}"
6024,USELESS/USDT,SELL,FUTURES,0.23678298,0.23709,210.95266222,5,0.23882135,0.23461,-0.32383343177391277,-0.648315178734534,-0.30385343177415874,0.01997999999975401,0,CLOSED,t,TRANSITION,t,2026-10-04 20:05:25.945185+00,2026-10-04 20:29:16.777095+00,PAPER-SHORT-1791144325,"{""close_reason"": ""negative_timeout""}"
6025,BR/USDT,SELL,FUTURES,0.44880074999999997,0.43357,111.29660545,5,0.4526643,0.42261816,8.475653867287916,16.968276011125162,8.495633867287282,0.019979999999365634,0,CLOSED,t,TRENDING,t,2026-10-04 20:16:50.093727+00,2026-10-04 21:13:00.614424+00,PAPER-SHORT-1791145010,"{""close_reason"": ""trailing_stop""}"
6026,BR/USDT,SELL,FUTURES,0.4348647,0.43860784139172,114.86331266,5,0.43860828,0.41036005,-2.149748100038607,-4.3037999999999945,-2.1297681000382482,0.019980000000358843,0,CLOSED,t,TRENDING,t,2026-10-04 21:18:00.774023+00,2026-10-04 21:18:49.624446+00,PAPER-SHORT-1791148680,"{""close_reason"": ""stop_loss""}"
6027,1000SHIB/USDT,SELL,FUTURES,0.005901093,0.005951887248106799,8464.5336042,5,0.00598459,0.005706,-2.1497481000003917,-4.303799999999975,-2.129768100000388,0.019980000000003755,0,CLOSED,t,TRANSITION,t,2026-10-04 21:20:27.717712+00,2026-10-04 21:27:27.67676+00,PAPER-SHORT-1791148827,"{""close_reason"": ""stop_loss""}"
6028,BR/USDT,SELL,FUTURES,0.43477478999999997,0.43851715748240394,114.88706601,5,0.4385176,0.4102752,-2.1497480999231144,-4.3037999999999705,-2.129768099923829,0.019979999999285555,0,CLOSED,t,TRENDING,t,2026-10-04 21:23:56.268376+00,2026-10-04 21:31:26.887886+00,PAPER-SHORT-1791149036,"{""close_reason"": ""stop_loss""}"
6029,1000SHIB/USDT,SELL,FUTURES,0.005953041,0.00599061463,8390.66957543,5,0.00598463,0.005706,-1.5763395703973209,-3.155834975771209,-1.5563595703973259,0.019979999999994953,0,CLOSED,t,TRANSITION,t,2026-10-04 21:32:29.982492+00,2026-10-04 21:50:13.490593+00,PAPER-SHORT-1791149549,"{""close_reason"": ""stop_loss""}"
6030,BR/USDT,SELL,FUTURES,0.43864092000000005,0.442416565582992,113.87446479,5,0.44241701,0.41392348,-2.1497480999996976,-4.303799999999979,-2.1297680999997004,0.019979999999997288,0,CLOSED,t,TRENDING,t,2026-10-04 21:36:28.481502+00,2026-10-04 21:39:18.786195+00,PAPER-SHORT-1791149788,"{""close_reason"": ""stop_loss""}"
6031,SAMSUNG/USDT,SELL,FUTURES,204.70508999999998,205.03,0.24400957,5,205.43615953,198.7627,-0.3964057469435207,-0.7936050832932805,-0.3764257465484362,0.019980000395084522,0,CLOSED,t,TRANSITION,t,2026-10-04 21:43:51.333315+00,2026-10-04 22:03:57.242646+00,PAPER-SHORT-1791150231,"{""close_reason"": ""negative_timeout""}"
6032,FLUID/USDT,SELL,FUTURES,1.754244,1.762,28.4738041,5,1.7693456,1.715,-1.1042141229980138,-2.210638884898594,-1.0842341229981736,0.019979999999840157,0,CLOSED,t,TRENDING,t,2026-10-04 21:52:20.426737+00,2026-10-04 22:12:22.338514+00,PAPER-SHORT-1791150740,"{""close_reason"": ""negative_timeout""}"
6033,1000SHIB/USDT,SELL,FUTURES,0.005972022,0.0059918058199999995,8364.00133824,5,0.00598582,0.005706,-0.8273594847774953,-1.656375344899933,-0.8073794847774959,0.019979999999999488,0,CLOSED,t,TRANSITION,t,2026-10-04 21:55:16.421091+00,2026-10-04 22:02:40.422668+00,PAPER-SHORT-1791150916,"{""close_reason"": ""stop_loss""}"
6034,SNXX/USDT,BUY,FUTURES,16.306289999999997,16.57,3.06936771,5,16.19378567,17.79,4.0471147940205645,8.086143445259598,4.067134794018923,0.020019999998358358,0,CLOSED,t,TRANSITION,t,2026-10-04 22:00:16.405984+00,2026-10-05 00:00:22.045119+00,PAPER-1791151216,"{""close_reason"": ""max_hold""}"
6035,XAG/USDT,BUY,FUTURES,60.58052,60.77,0.82617317,5,60.4408787,62.3356,0.7827164612580211,1.563869045693278,0.8027364613574804,0.02002000009945936,0,CLOSED,t,TRANSITION,t,2026-10-04 22:01:13.048957+00,2026-10-05 00:01:23.440231+00,PAPER-1791151273,"{""close_reason"": ""max_hold""}"
6036,USELESS/USDT,SELL,FUTURES,0.24176799000000002,0.24207,206.60303293,5,0.24325821,0.23824,-0.31198090987593774,-0.6245864061656621,-0.29200090987618177,0.019979999999755967,0,CLOSED,t,TRANSITION,t,2026-10-04 22:04:59.805469+00,2026-10-04 22:26:18.37171+00,PAPER-SHORT-1791151499,"{""close_reason"": ""negative_timeout""}"
6037,USELESS/USDT,SELL,FUTURES,0.24159816,0.24199,206.74826331,5,0.24325787,0.23824,-0.4050611974769566,-0.8109333283001916,-0.3850811974774,0.019979999999556606,0,CLOSED,t,TRANSITION,t,2026-10-04 22:43:21.406023+00,2026-10-04 23:28:20.742996+00,PAPER-SHORT-1791153801,"{""close_reason"": ""negative_timeout""}"
6038,AIO/USDT,BUY,FUTURES,0.043713669999999996,0.043338064661891995,1144.95076712,5,0.04333811,0.0462902,-2.150248100005621,-4.296200000000027,-2.130228100005569,0.02002000000005221,0,CLOSED,t,TRENDING,t,2026-10-04 22:51:53.798923+00,2026-10-04 22:55:11.325463+00,PAPER-1791154313,"{""close_reason"": ""stop_loss""}"
6039,AIO/USDT,BUY,FUTURES,0.04313309,0.04299,1160.36203295,5,0.04276252,0.0456754,-0.8301810164740712,-1.6587033296246445,-0.8101610164741451,0.020019999999926125,0,CLOSED,t,TRENDING,t,2026-10-04 23:00:13.459955+00,2026-10-04 23:22:12.289509+00,PAPER-1791154813,"{""close_reason"": ""negative_timeout""}"
6040,FLUID/USDT,SELL,FUTURES,1.780218,1.776,28.05836139,5,1.80879748,1.715,0.5917508417151078,1.1846863698715706,0.611730841713901,0.01997999999879321,0,CLOSED,t,TRENDING,t,2026-10-04 23:13:58.920618+00,2026-10-05 01:14:02.36326+00,PAPER-SHORT-1791155638,"{""close_reason"": ""max_hold""}"
6041,AIO/USDT,BUY,FUTURES,0.04322318,0.04316,1157.94349236,5,0.04285183,0.0457708,-0.3657943492365458,-0.7308578406309274,-0.34577434923650385,0.020020000000041963,0,CLOSED,t,TRENDING,t,2026-10-04 23:27:18.858054+00,2026-10-05 00:04:29.98596+00,PAPER-1791156438,"{""close_reason"": ""negative_timeout""}"
6042,BR/USDT,SELL,FUTURES,0.43388568,0.43539,115.12249033,5,0.43762083,0.40984315,-0.86590532326613,-1.7335441907186282,-0.8459253232660798,0.019980000000050194,0,CLOSED,t,TRENDING,t,2026-10-04 23:39:22.456913+00,2026-10-04 23:59:29.529819+00,PAPER-SHORT-1791157162,"{""close_reason"": ""negative_timeout""}"
6043,1000SHIB/USDT,SELL,FUTURES,0.005901093,0.005928,8464.5336042,5,0.00598633,0.005706,-1.138776028441068,-2.2798318887704783,-1.1187960284410643,0.019980000000003755,0,CLOSED,t,TRENDING,t,2026-10-05 00:02:49.362425+00,2026-10-05 00:22:52.981251+00,PAPER-SHORT-1791158569,"{""close_reason"": ""negative_timeout""}"
6044,BR/USDT,SELL,FUTURES,0.43674282000000003,0.4373,114.36936731,5,0.44050257,0.41258141,-0.31862162038892355,-0.6378811218922733,-0.29864162038868947,0.01998000000023409,0,CLOSED,t,TRENDING,t,2026-10-05 00:04:30.01352+00,2026-10-05 00:43:27.769486+00,PAPER-SHORT-1791158670,"{""close_reason"": ""negative_timeout""}"
6045,ALPINE/USDT,SELL,FUTURES,0.3651345,0.3655,136.79890561,5,0.36894362,0.3551,-0.2500000000022877,-0.500500500500526,-0.2300200000021059,0.019980000000181814,0,CLOSED,t,TRENDING,t,2026-10-05 00:14:15.745374+00,2026-10-05 01:22:25.547733+00,PAPER-SHORT-1791159255,"{""close_reason"": ""negative_timeout""}"
6046,1000SHIB/USDT,SELL,FUTURES,0.005920074,0.005935,8437.39453257,5,0.00598635,0.005706,-0.6296827539657065,-1.2606261340652307,-0.6097027539657026,0.01998000000000393,0,CLOSED,t,TRENDING,t,2026-10-05 00:27:56.559565+00,2026-10-05 00:47:59.104965+00,PAPER-SHORT-1791160076,"{""close_reason"": ""negative_timeout""}"
6047,BR/USDT,SELL,FUTURES,0.43315641,0.4342,115.31631265,5,0.43688528,0.4091934,-0.6017147535920577,-1.2046341412793395,-0.5817347535912931,0.019980000000764633,0,CLOSED,t,TRENDING,t,2026-10-05 00:48:36.773968+00,2026-10-05 01:11:16.295713+00,PAPER-SHORT-1791161316,"{""close_reason"": ""negative_timeout""}"
6048,1000SHIB/USDT,SELL,FUTURES,0.005947047,0.005969,8399.12649084,5,0.00598638,0.005706,-0.9219301192670849,-1.8457059444797368,-0.9019501192670967,0.019979999999988222,0,CLOSED,t,TRENDING,t,2026-10-05 00:53:02.871172+00,2026-10-05 01:13:13.694384+00,PAPER-SHORT-1791161582,"{""close_reason"": ""negative_timeout""}"
6049,SOXL/USDT,BUY,FUTURES,168.80863999999997,168.62,0.29648956,5,167.358336,173.6992,-0.27964895299194553,-0.5587391735398239,-0.2596289532328262,0.020019999759119354,0,CLOSED,t,TRENDING,t,2026-10-05 01:08:12.580805+00,2026-10-05 02:02:17.232014+00,PAPER-1791162492,"{""close_reason"": ""negative_timeout""}"
6050,SAMSUNG/USDT,SELL,FUTURES,206.08371,206.46,0.24237724,5,206.93625525,204.21,-0.45602065819801396,-0.9129542553363669,-0.4360406578625098,0.01998000033550416,0,CLOSED,t,TRANSITION,t,2026-10-05 01:08:59.483131+00,2026-10-05 01:29:06.782145+00,PAPER-SHORT-1791162539,"{""close_reason"": ""negative_timeout""}"
6051,ALPINE/USDT,SELL,FUTURES,0.36553410000000003,0.366,136.64935775,5,0.36680007,0.3551,-0.3183246788786001,-0.637286644392361,-0.2983446788783104,0.019980000000289714,0,CLOSED,t,TRENDING,t,2026-10-05 01:27:29.604865+00,2026-10-05 02:01:10.425747+00,PAPER-SHORT-1791163649,"{""close_reason"": ""negative_timeout""}"
6052,USELESS/USDT,SELL,FUTURES,0.24272702999999998,0.23823,205.78672264,5,0.24417562,0.23824,4.627145326568781,9.263554207374403,4.647125326568718,0.019979999999936382,0,CLOSED,t,TRANSITION,t,2026-10-05 01:28:21.715918+00,2026-10-05 03:05:59.196333+00,PAPER-SHORT-1791163701,"{""close_reason"": ""take_profit""}"
6053,AIO/USDT,BUY,FUTURES,0.043053009999999996,0.04434,1162.52034411,5,0.04182631,0.04817,7.480760288330632,14.94657400260746,7.5007802883307,0.020020000000068507,0,CLOSED,t,TRENDING,t,2026-10-05 02:04:34.13983+00,2026-10-05 02:53:18.615802+00,PAPER-1791165874,"{""close_reason"": ""trailing_stop""}"
6054,ALPINE/USDT,SELL,FUTURES,0.3657339,0.3671672004,136.57470636,5,0.3668004,0.3551,-0.9787629062783552,-1.9594852979174253,-0.9587829062789961,0.01997999999935904,0,CLOSED,t,TRENDING,t,2026-10-05 02:06:11.406559+00,2026-10-05 02:16:24.680849+00,PAPER-SHORT-1791165971,"{""close_reason"": ""stop_loss""}"
6055,SOXL/USDT,BUY,FUTURES,169.03886999999997,167.58642041341196,0.29608575,5,167.586588,173.9361,-2.150248125910503,-4.296200000000027,-2.130228125669262,0.020020000241240996,0,CLOSED,t,TRENDING,t,2026-10-05 02:16:29.8324+00,2026-10-05 02:35:06.24118+00,PAPER-1791166589,"{""close_reason"": ""stop_loss""}"
6056,SAMSUNG/USDT,SELL,FUTURES,206.54325,206.71,0.24183797,5,206.93630654,204.21,-0.20163240748750905,-0.4036684810566491,-0.18165240736862803,0.019980000118881,0,CLOSED,t,TRANSITION,t,2026-10-05 02:16:31.828948+00,2026-10-05 04:16:33.522966+00,PAPER-SHORT-1791166591,"{""close_reason"": ""max_hold""}"
6057,XAG/USDT,BUY,FUTURES,61.22115999999999,61.03,0.8175278,5,60.42464725,62.9948,-0.7813930712399652,-1.5612249098186926,-0.761373071140666,0.0200200000992992,0,CLOSED,t,TRENDING,t,2026-10-05 02:52:18.559828+00,2026-10-05 03:12:19.825216+00,PAPER-1791168738,"{""close_reason"": ""negative_timeout""}"
6058,AIO/USDT,BUY,FUTURES,0.044784739999999996,0.044399931600024,1117.56817166,5,0.04439998,0.04817,-2.1502481000029277,-4.296199999999972,-2.1302281000029004,0.020020000000027387,0,CLOSED,t,TRENDING,t,2026-10-05 02:58:24.365875+00,2026-10-05 03:00:27.377682+00,PAPER-1791169104,"{""close_reason"": ""stop_loss""}"
6059,AIO/USDT,BUY,FUTURES,0.04465460999999999,0.04427091972903598,1120.82492715,5,0.04427096,0.04817,-2.150248100006986,-4.296200000000083,-2.1302281000069216,0.02002000000006466,0,CLOSED,t,TRENDING,t,2026-10-05 03:05:34.94812+00,2026-10-05 03:06:46.742784+00,PAPER-1791169534,"{""close_reason"": ""stop_loss""}"
6060,BR/USDT,SELL,FUTURES,0.42895062,0.432642855356712,116.44697005,5,0.43264329,0.4076487,-2.149748100002956,-4.3037999999999785,-2.1297681000029285,0.019980000000027573,0,CLOSED,t,TRENDING,t,2026-10-05 03:11:17.934306+00,2026-10-05 03:18:57.350852+00,PAPER-SHORT-1791169877,"{""close_reason"": ""stop_loss""}"
6061,AIO/USDT,BUY,FUTURES,0.04467463,0.0446,1120.32265292,5,0.04429081,0.04817,-0.41804839793710286,-0.8352615343428793,-0.3980283979371751,0.020019999999927773,0,CLOSED,t,TRENDING,t,2026-10-05 03:11:54.711517+00,2026-10-05 03:42:49.242421+00,PAPER-1791169914,"{""close_reason"": ""negative_timeout""}"
6062,1000SHIB/USDT,SELL,FUTURES,0.005958036,0.005906,8383.6351442,5,0.00598608,0.005706,2.1812541918179598,4.366875258894046,2.201234191817963,0.019980000000003516,0,CLOSED,t,TRENDING,t,2026-10-05 03:13:14.899729+00,2026-10-05 05:13:23.709477+00,PAPER-SHORT-1791169994,"{""close_reason"": ""max_hold""}"
6063,XAG/USDT,BUY,FUTURES,61.17110999999999,61.1,0.81819669,5,60.42466797,62.9433,-0.29090983312945484,-0.5812384310174279,-0.27088983323920446,0.020019999890250356,0,CLOSED,t,TRENDING,t,2026-10-05 03:17:29.297306+00,2026-10-05 04:15:57.852401+00,PAPER-1791170249,"{""close_reason"": ""negative_timeout""}"
6064,BR/USDT,SELL,FUTURES,0.43782173999999996,0.4388,114.08752795,5,0.44159078,0.41607927,-0.5580363254618715,-1.1171898407786514,-0.5380563254621245,0.01997999999974705,0,CLOSED,t,TRENDING,t,2026-10-05 03:24:10.247703+00,2026-10-05 04:41:39.275423+00,PAPER-SHORT-1791170650,"{""close_reason"": ""negative_timeout""}"
6065,COLLECT/USDT,BUY,FUTURES,0.021481459999999997,0.022,2329.91612302,5,0.0212969,0.02383,6.040773532153944,12.069477586718946,6.060793532153947,0.020020000000003684,0,CLOSED,t,TRENDING,t,2026-10-05 03:24:40.641846+00,2026-10-05 04:11:32.789644+00,PAPER-1791170680,"{""close_reason"": ""trailing_stop""}"
6066,COLLECT/USDT,BUY,FUTURES,0.022102079999999996,0.02206,1811.5942029,5,0.02191219,0.02383,-0.3811594202901359,-0.9519466041204572,-0.3651434202901231,0.01601600000001281,0,CLOSED,t,TRENDING,t,2026-10-05 04:16:41.86015+00,2026-10-05 04:48:23.738208+00,PAPER-1791173801,"{""close_reason"": ""negative_timeout""}"
6067,XAG/USDT,BUY,FUTURES,61.12105999999999,61.05,0.65509335,5,60.42123366,62.8918,-0.23275466725497929,-0.5813053634867726,-0.2167386672745989,0.0160159999803804,0,CLOSED,t,TRENDING,t,2026-10-05 04:20:58.228355+00,2026-10-05 04:44:32.513575+00,PAPER-1791174058,"{""close_reason"": ""negative_timeout""}"
6068,SOXL/USDT,BUY,FUTURES,165.22505999999998,165.05,0.24233612,5,163.40791873,170.0118,-0.2121168058359789,-0.5297622527720147,-0.19610080584911202,0.01601599998686688,0,CLOSED,t,TRENDING,t,2026-10-05 04:32:31.546882+00,2026-10-05 05:31:13.163682+00,PAPER-1791174751,"{""close_reason"": ""negative_timeout""}"
6069,BR/USDT,SELL,FUTURES,0.44820135,0.44352,89.15635796,5,0.45205974,0.44364,2.0868605816802175,5.22237382819125,2.1028445816797197,0.015983999999502098,0,CLOSED,t,TRENDING,t,2026-10-05 04:47:30.993933+00,2026-10-05 04:48:52.234271+00,PAPER-SHORT-1791175650,"{""close_reason"": ""take_profit""}"
6070,BR/USDT,SELL,FUTURES,0.45921033,0.46316302883650795,87.01894838,5,0.46316349,0.44364,-1.7197984800788568,-4.303799999999946,-1.7038144800781236,0.015984000000733106,0,CLOSED,t,TRENDING,t,2026-10-05 04:53:55.08655+00,2026-10-05 04:55:43.422665+00,PAPER-SHORT-1791176035,"{""close_reason"": ""stop_loss""}"
6071,BR/USDT,SELL,FUTURES,0.45961992,0.463576144423392,86.9414015,5,0.46357661,0.44364,-1.7197984800911477,-4.303799999999995,-1.7038144800903006,0.015984000000847154,0,CLOSED,t,TRENDING,t,2026-10-05 05:00:50.387426+00,2026-10-05 05:02:26.10639+00,PAPER-SHORT-1791176450,"{""close_reason"": ""stop_loss""}"
6072,BR/USDT,SELL,FUTURES,0.46887066,0.45069,106.53257766,5,0.47290698,0.44364,9.684162866800285,19.38771344745693,9.704142866799863,0.019979999999578182,0,CLOSED,t,TRENDING,t,2026-10-05 05:07:31.104761+00,2026-10-05 05:12:10.827957+00,PAPER-SHORT-1791176851,"{""close_reason"": ""trailing_stop""}"
6073,BR/USDT,SELL,FUTURES,0.45889064999999996,0.44257,108.8494612,5,0.46284106,0.44364,8.882469794668864,17.78272231085983,8.902449794669751,0.019980000000887108,0,CLOSED,t,TRENDING,t,2026-10-05 05:17:20.855511+00,2026-10-05 05:27:10.114968+00,PAPER-SHORT-1791177440,"{""close_reason"": ""take_profit""}"
6074,BR/USDT,SELL,FUTURES,0.43389567,0.437630470369092,115.11983975,5,0.43763091,0.41240847,-2.149748099940538,-4.303799999999956,-2.1297680999410904,0.019979999999447554,0,CLOSED,t,TRENDING,t,2026-10-05 05:32:19.940305+00,2026-10-05 05:33:49.660709+00,PAPER-SHORT-1791178339,"{""close_reason"": ""stop_loss""}"
6075,SOXL/USDT,BUY,FUTURES,164.86469999999997,164.58,0.30358227,5,163.40827224,169.641,-0.4321493613449255,-0.8634352896646491,-0.4121293613973779,0.020019999947547596,0,CLOSED,t,TRENDING,t,2026-10-05 05:36:23.941583+00,2026-10-05 06:40:14.333966+00,PAPER-1791178583,"{""close_reason"": ""negative_timeout""}"
6076,1000SHIB/USDT,SELL,FUTURES,0.005901093,0.005907,8464.5336042,5,0.00598625,0.005706,-0.25000000000006006,-0.5005005005005266,-0.23002000000005632,0.019980000000003755,0,CLOSED,t,TRENDING,t,2026-10-05 05:38:51.964358+00,2026-10-05 05:58:54.748791+00,PAPER-SHORT-1791178731,"{""close_reason"": ""negative_timeout""}"
6077,BR/USDT,SELL,FUTURES,0.44301654,0.42583,112.74974068,5,0.4468303,0.41853181,9.688889640932251,19.397176457565248,9.708869640933031,0.01998000000078034,0,CLOSED,t,TRENDING,t,2026-10-05 05:40:43.34318+00,2026-10-05 05:53:14.296785+00,PAPER-SHORT-1791178843,"{""close_reason"": ""trailing_stop""}"
6078,COLLECT/USDT,BUY,FUTURES,0.023053029999999995,0.022854949145027996,2171.08119844,5,0.02285497,0.02383,-2.1502481000031337,-4.296199999999972,-2.1302281000031043,0.02002000000002931,0,CLOSED,t,TRENDING,t,2026-10-05 05:40:43.403013+00,2026-10-05 05:41:39.897078+00,PAPER-1791178843,"{""close_reason"": ""stop_loss""}"
6079,COLLECT/USDT,BUY,FUTURES,0.02289287,0.022696165303812,2186.270223,5,0.02269619,0.02383,-2.1502481000004163,-4.296199999999972,-2.130228100000412,0.020020000000004003,0,CLOSED,t,TRENDING,t,2026-10-05 05:46:52.549445+00,2026-10-05 05:47:17.471946+00,PAPER-1791179212,"{""close_reason"": ""stop_loss""}"
6080,BR/USDT,SELL,FUTURES,0.42544413000000003,0.42619,117.40672036,5,0.42910661,0.40193059,-0.4378507525745553,-0.876578083237371,-0.4178707525746699,0.0199799999998854,0,CLOSED,t,TRENDING,t,2026-10-05 05:58:16.662065+00,2026-10-05 06:23:22.053148+00,PAPER-SHORT-1791179896,"{""close_reason"": ""negative_timeout""}"
6081,1000SHIB/USDT,SELL,FUTURES,0.005929065,0.005953,8424.59983151,5,0.00598636,0.005706,-1.0082139848359637,-2.018446416087537,-0.9882339848359589,0.019980000000004737,0,CLOSED,t,TRENDING,t,2026-10-05 06:04:00.540346+00,2026-10-05 06:24:04.218948+00,PAPER-SHORT-1791180240,"{""close_reason"": ""negative_timeout""}"
6082,BR/USDT,SELL,FUTURES,0.42600357,0.429670438329132,117.25253852,5,0.42967087,0.40245911,-2.1497481000465832,-4.303799999999987,-2.1297681000461504,0.019980000000433006,0,CLOSED,t,TRENDING,t,2026-10-05 06:28:24.242853+00,2026-10-05 06:29:46.307805+00,PAPER-SHORT-1791181704,"{""close_reason"": ""stop_loss""}"
6083,1000SHIB/USDT,SELL,FUTURES,0.00593406,0.00594,8417.50841751,5,0.00598337,0.005706,-0.250000000000059,-0.5005005005005245,-0.23002000000005526,0.019980000000003755,0,CLOSED,t,TRENDING,t,2026-10-05 06:29:06.965601+00,2026-10-05 06:53:37.467537+00,PAPER-SHORT-1791181746,"{""close_reason"": ""negative_timeout""}"
6084,BR/USDT,SELL,FUTURES,0.43814142,0.43136,114.00428656,5,0.44191321,0.41392613,3.865554744818566,7.738848338054849,3.88553474481836,0.019979999999794128,0,CLOSED,t,TRENDING,t,2026-10-05 06:34:58.372698+00,2026-10-05 07:00:37.674725+00,PAPER-SHORT-1791182098,"{""close_reason"": ""manual""}"
6085,SAMSUNG/USDT,SELL,FUTURES,207.11267999999998,207.42,0.24117307,5,208.1399777,204.21,-0.3705865393620051,-0.7419149807727954,-0.35060653901339406,0.019980000348611037,0,CLOSED,t,TRANSITION,t,2026-10-05 06:48:53.28489+00,2026-10-05 07:52:04.703257+00,PAPER-SHORT-1791182933,"{""close_reason"": ""negative_timeout""}"
6086,1000PEPE/USDT,SELL,FUTURES,0.0044401554,0.00447837448162104,11249.60626378,5,0.00448243,0.0043054,-2.1497480999998864,-4.303800000000066,-2.129768099999888,0.019979999999998638,0,CLOSED,t,TRENDING,t,2026-10-05 06:48:57.800314+00,2026-10-05 07:07:44.294345+00,PAPER-SHORT-1791182937,"{""close_reason"": ""stop_loss""}"
6087,DRAM/USDT,SELL,FUTURES,61.82811,61.91,0.80788496,5,62.04137225,61.27,-0.33078849687197676,-0.6622392306670399,-0.3108084968022865,0.01998000006969024,0,CLOSED,t,TRANSITION,t,2026-10-05 07:02:04.181575+00,2026-10-05 07:52:04.685595+00,PAPER-SHORT-1791183724,"{""close_reason"": ""negative_timeout""}"
6088,BR/USDT,SELL,FUTURES,0.42862095,0.42993,116.5365342,5,0.43231078,0.403307,-0.7627607504725374,-1.5270485495400754,-0.7427807504731329,0.0199799999994046,0,CLOSED,t,TRENDING,t,2026-10-05 07:05:48.515234+00,2026-10-05 07:56:36.343381+00,PAPER-SHORT-1791183948,"{""close_reason"": ""negative_timeout""}"
6089,1000PEPE/USDT,SELL,FUTURES,0.0044919036,0.0044972,11120.0071168,5,0.00453057,0.0043054,-0.29448002846706367,-0.5895496065409094,-0.27450002846707183,0.01997999999999182,0,CLOSED,t,TRENDING,t,2026-10-05 07:12:46.994572+00,2026-10-05 07:52:04.66733+00,PAPER-SHORT-1791184366,"{""close_reason"": ""negative_timeout""}"
6090,COLLECT/USDT,BUY,FUTURES,0.023943919999999997,0.023738184261791993,2090.30100334,5,0.02373821,0.0253552,-2.1502480999954314,-4.296200000000083,-2.1302280999954744,0.02001999999995708,0,CLOSED,t,TRENDING,t,2026-10-05 07:47:25.433641+00,2026-10-05 07:52:17.599381+00,PAPER-1791186445,"{""close_reason"": ""stop_loss""}"
6091,AIO/USDT,BUY,FUTURES,0.044164119999999994,0.04378464421531199,1133.27289211,5,0.04378469,0.04817,-2.1502480999954483,-4.296200000000083,-2.1302280999954912,0.020019999999957235,0,CLOSED,t,TRENDING,t,2026-10-05 07:56:40.244301+00,2026-10-05 09:18:34.533275+00,PAPER-1791187000,"{""close_reason"": ""stop_loss""}"
6092,CBRS/USDT,BUY,FUTURES,178.26808999999997,176.73633926348398,0.19652984,5,176.77942195,182.45,-1.5051736358368482,-4.296199999999972,-1.491159636154926,0.014013999681922238,0,CLOSED,t,TRANSITION,t,2026-10-05 08:01:26.158966+00,2026-10-05 08:06:33.515379+00,PAPER-1791187286,"{""close_reason"": ""stop_loss""}"
6093,BR/USDT,SELL,FUTURES,0.43113843,0.41381,115.85606043,5,0.43484993,0.4056758,10.03801816618513,20.096132464925486,10.05799816618504,0.019979999999910132,0,CLOSED,t,TRENDING,t,2026-10-05 08:01:42.725243+00,2026-10-05 09:23:54.168849+00,PAPER-SHORT-1791187302,"{""close_reason"": ""trailing_stop""}"
6094,CBRS/USDT,BUY,FUTURES,177.39721999999998,177.21,0.19749464,5,176.78064606,182.45,-0.18487473250397152,-0.5276858340845791,-0.1708607324636112,0.01401400004036032,0,CLOSED,t,TRANSITION,t,2026-10-05 08:11:41.312762+00,2026-10-05 09:20:14.069611+00,PAPER-1791187901,"{""close_reason"": ""negative_timeout""}"
6095,1000SHIB/USDT,SELL,FUTURES,0.005936058,0.005956,7152.47391451,5,0.0059836,0.005706,-0.7131731740158002,-1.6797342613566295,-0.6961901740157928,0.016983000000007364,0,CLOSED,t,TRENDING,t,2026-10-05 09:18:38.80012+00,2026-10-05 09:42:49.704073+00,PAPER-SHORT-1791191918,"{""close_reason"": ""negative_timeout""}"
6096,AIO/USDT,BUY,FUTURES,0.04342338,0.043050268949688,1152.60488704,5,0.04305031,0.04817,-2.150248099991206,-4.296200000000027,-2.130228099991288,0.020019999999918,0,CLOSED,t,TRENDING,t,2026-10-05 09:23:45.373665+00,2026-10-05 09:28:22.609585+00,PAPER-1791192225,"{""close_reason"": ""stop_loss""}"
6097,CBRS/USDT,BUY,FUTURES,176.88671,176.64,0.19806463,5,176.36136365,182.45,-0.24432262433650515,-0.6973672583994728,-0.23030862402927824,0.01401400030722692,0,CLOSED,t,TRANSITION,t,2026-10-05 09:25:27.76754+00,2026-10-05 10:34:08.741354+00,PAPER-1791192327,"{""close_reason"": ""negative_timeout""}"
6098,BR/USDT,SELL,FUTURES,0.41371587,0.41505,120.73503489,5,0.41727739,0.3892822,-0.8053811604889718,-1.6123746957060034,-0.7854011604893731,0.019979999999598683,0,CLOSED,t,TRENDING,t,2026-10-05 09:28:57.579304+00,2026-10-05 09:49:05.1118+00,PAPER-SHORT-1791192537,"{""close_reason"": ""negative_timeout""}"
6099,AIO/USDT,BUY,FUTURES,0.043433389999999995,0.04475,1152.33924867,5,0.04306024,0.04817,7.585906890957057,15.15665712485259,7.605926890956973,0.020019999999916435,0,CLOSED,t,TRENDING,t,2026-10-05 09:33:27.585666+00,2026-10-05 10:21:42.766775+00,PAPER-1791192807,"{""close_reason"": ""trailing_stop""}"
6100,1000SHIB/USDT,SELL,FUTURES,0.005951043,0.00598,7134.4636562,5,0.00598361,0.005706,-1.0329633204629334,-2.4329348653673364,-1.01598032046294,0.016982999999993365,0,CLOSED,t,TRENDING,t,2026-10-05 09:47:59.841753+00,2026-10-05 10:08:00.313049+00,PAPER-SHORT-1791193679,"{""close_reason"": ""negative_timeout""}"
6101,BR/USDT,SELL,FUTURES,0.4116879,0.41218,121.32977433,5,0.41523196,0.387374,-0.2985319097389621,-0.5976614809422323,-0.27855190973840543,0.019980000000556643,0,CLOSED,t,TRENDING,t,2026-10-05 09:54:17.965546+00,2026-10-05 10:14:58.053432+00,PAPER-SHORT-1791194057,"{""close_reason"": ""negative_timeout""}"
6102,1000SHIB/USDT,SELL,FUTURES,0.0059640299999999995,0.005971,7118.9279732,5,0.00598347,0.005706,-0.24809463986602853,-0.5843364302325977,-0.23111163986602692,0.0169830000000016,0,CLOSED,t,TRENDING,t,2026-10-05 10:13:00.540566+00,2026-10-05 10:47:05.420471+00,PAPER-SHORT-1791195180,"{""close_reason"": ""negative_timeout""}"
6103,BR/USDT,SELL,FUTURES,0.41204754,0.41338,121.22387625,5,0.4155947,0.3878957,-0.8076298307403965,-1.6168765380810615,-0.7876498307411658,0.019979999999230773,0,CLOSED,t,TRENDING,t,2026-10-05 10:20:08.875194+00,2026-10-05 10:40:09.661347+00,PAPER-SHORT-1791195608,"{""close_reason"": ""negative_timeout""}"
6104,AIO/USDT,BUY,FUTURES,0.04524519999999999,0.044856435143519995,1106.19469027,5,0.04485648,0.04817,-2.1502481000087585,-4.296199999999972,-2.1302281000086767,0.020020000000081677,0,CLOSED,t,TRANSITION,t,2026-10-05 10:26:49.651712+00,2026-10-05 10:35:58.043005+00,PAPER-1791196009,"{""close_reason"": ""stop_loss""}"
6105,AIO/USDT,BUY,FUTURES,0.04487483,0.04448924751070799,1115.32455945,5,0.04448929,0.04817,-2.1502481000062126,-4.296200000000083,-2.130228100006155,0.020020000000057457,0,CLOSED,t,TRANSITION,t,2026-10-05 10:41:01.941893+00,2026-10-05 10:57:04.760408+00,PAPER-1791196861,"{""close_reason"": ""stop_loss""}"
6106,AIO/USDT,BUY,FUTURES,0.0442442,0.04386403613592,1131.22171946,5,0.04386408,0.04479,-2.150248100005663,-4.296199999999972,-2.13022810000561,0.020020000000052853,0,CLOSED,t,TRANSITION,t,2026-10-05 11:02:09.393778+00,2026-10-05 11:04:05.001142+00,PAPER-1791198129,"{""close_reason"": ""stop_loss""}"
6107,SPCX/USDT,SELL,FUTURES,158.36148,158.53,0.31541761,5,160.84267295,149.83,-0.2657708781860014,-0.5320738351270804,-0.2457908783709363,0.01997999981506512,0,CLOSED,t,TRENDING,t,2026-10-05 12:11:51.467655+00,2026-10-05 12:32:18.594595+00,PAPER-SHORT-1791202311,"{""close_reason"": ""negative_timeout""}"
6108,SPCX/USDT,SELL,FUTURES,158.21163,158.59,0.31571636,5,160.84262311,149.83,-0.5972879956659836,-1.1957717646926134,-0.5773079956926769,0.01997999997330672,0,CLOSED,t,TRENDING,t,2026-10-05 12:37:22.161242+00,2026-10-05 12:57:38.62781+00,PAPER-SHORT-1791203842,"{""close_reason"": ""negative_timeout""}"
6109,BR/USDT,SELL,FUTURES,0.4087908,0.4019,122.18963832,5,0.41230992,0.38604667,4.209921798677299,8.428271869132121,4.229901798677516,0.019980000000217383,0,CLOSED,t,TRENDING,t,2026-10-05 12:40:09.691037+00,2026-10-05 13:13:31.998531+00,PAPER-SHORT-1791204009,"{""close_reason"": ""manual""}"
6110,SPCX/USDT,SELL,FUTURES,158.62122,159.25,0.31490112,5,160.84275935,149.83,-0.9900176311680096,-1.9820172862117884,-0.970037631234503,0.01997999993350656,0,CLOSED,t,TRENDING,t,2026-10-05 13:02:44.388757+00,2026-10-05 13:22:52.36996+00,PAPER-SHORT-1791205364,"{""close_reason"": ""negative_timeout""}"
6111,AIO/USDT,BUY,FUTURES,0.04360356,0.04322890077105599,1147.84205693,5,0.04322894,0.04479,-2.150248099994485,-4.296200000000083,-2.130228099994537,0.020019999999948267,0,CLOSED,t,TRANSITION,t,2026-10-05 13:04:21.273474+00,2026-10-05 13:07:30.805864+00,PAPER-1791205461,"{""close_reason"": ""stop_loss""}"
6112,AIO/USDT,BUY,FUTURES,0.043623579999999995,0.04324874875120799,1147.31528224,5,0.04324879,0.04479,-2.150248100000867,-4.296200000000083,-2.1302281000008594,0.020020000000007684,0,CLOSED,t,TRANSITION,t,2026-10-05 13:13:37.008509+00,2026-10-05 13:30:52.971204+00,PAPER-1791206017,"{""close_reason"": ""stop_loss""}"
6113,BR/USDT,SELL,FUTURES,0.40067892,0.40149,124.6634088,5,0.40412821,0.37865661,-0.5055599880475321,-1.0121321081728227,-0.4855799880469311,0.019980000000601,0,CLOSED,t,TRENDING,t,2026-10-05 13:18:44.95392+00,2026-10-05 13:38:58.995876+00,PAPER-SHORT-1791206324,"{""close_reason"": ""negative_timeout""}"
6114,TQQQ/USDT,SELL,FUTURES,81.77814,82.27281910848,0.61079892,5,82.19062848,80.8,-1.5107473260307334,-3.0245191959611684,-1.49076732619409,0.01997999983664352,0,CLOSED,t,TRENDING,t,2026-10-05 13:37:13.810504+00,2026-10-05 13:45:34.752734+00,PAPER-SHORT-1791207433,"{""close_reason"": ""stop_loss""}"
6115,BR/USDT,SELL,FUTURES,0.39978980999999997,0.4032310407685559,124.94065319,5,0.40323144,0.37781637,-2.1497481000045355,-4.3037999999999474,-2.129768100004493,0.019980000000042398,0,CLOSED,t,TRENDING,t,2026-10-05 13:44:02.27731+00,2026-10-05 13:47:40.739723+00,PAPER-SHORT-1791207842,"{""close_reason"": ""stop_loss""}"
6116,XAG/USDT,BUY,FUTURES,61.1611,61.22,0.81833061,5,60.41390651,62.933,0.24099836464499932,0.4815152114661103,0.2610183647535077,0.0200200001085084,0,CLOSED,t,TRENDING,t,2026-10-05 13:46:16.335427+00,2026-10-05 18:36:56.059754+00,PAPER-1791207976,"{""close_reason"": ""max_hold"", ""entry_indicators"": {""adx"": 37.51, ""rsi"": 61.65, ""bb_pct"": 0.6917, ""regime"": ""TRENDING"", ""atr_pct"": 0.3938, ""research"": {""arm"": true, ""setup"": ""15m sweep of hour high then reject"", ""pred_side"": ""bear"", ""confidence"": 0.85, ""hour_start"": ""2026-10-05T13:00:00+00:00""}, ""rr_ratio"": 2.67, ""confidence"": 0.5375, ""funding_rate"": 0.000254, ""zone_based_sl"": true, ""structure_trend"": ""RANGE"", ""structure_confirmed"": false, ""predicted_change_pct"": 0.3173}}"
6117,TQQQ/USDT,SELL,FUTURES,81.75816,81.86,0.61094819,5,82.19061611,80.8,-0.31109481834798697,-0.6228124507694138,-0.2911148184000948,0.019979999947892162,0,CLOSED,t,TRENDING,t,2026-10-05 13:50:50.451071+00,2026-10-05 14:10:55.10537+00,PAPER-SHORT-1791208250,"{""close_reason"": ""negative_timeout""}"
6118,BR/USDT,SELL,FUTURES,0.4000995,0.39,124.84394507,5,0.4035438,0.37810904,6.304307116172315,12.621235467677394,6.3242871161725285,0.01998000000021379,0,CLOSED,t,TRENDING,t,2026-10-05 13:52:44.316626+00,2026-10-05 15:04:47.120519+00,PAPER-SHORT-1791208364,"{""close_reason"": ""trailing_stop""}"
6119,AIO/USDT,BUY,FUTURES,0.042992949999999995,0.042623537376419995,1164.1443539,5,0.04224485,0.04479,-2.150248100000201,-4.296199999999972,-2.130228100000199,0.020020000000002,0,CLOSED,t,TRANSITION,t,2026-10-05 14:03:54.4553+00,2026-10-05 14:46:58.91875+00,PAPER-1791209034,"{""close_reason"": ""stop_loss""}"
6120,TQQQ/USDT,SELL,FUTURES,82.04786999999999,82.28315221125999,0.60879094,5,82.20095126,80.8,-0.7161883927912683,-1.433810598983249,-0.6962083928303492,0.019979999960919117,0,CLOSED,t,TRENDING,t,2026-10-05 14:16:10.732298+00,2026-10-05 14:20:51.00868+00,PAPER-SHORT-1791209770,"{""close_reason"": ""stop_loss""}"
6121,ATH/USDT,SELL,FUTURES,0.007346646,0.007369,6799.02094098,5,0.00740989,0.007164,-0.7599265705733211,-1.521374515663311,-0.7399465705733344,0.019979999999986783,0,CLOSED,t,TRANSITION,t,2026-10-05 14:46:53.894517+00,2026-10-05 18:36:56.044836+00,PAPER-SHORT-1791211613,"{""close_reason"": ""negative_timeout"", ""entry_indicators"": {""adx"": 14.39, ""rsi"": 46.08, ""bb_pct"": 0.2848, ""regime"": ""TRANSITION"", ""atr_pct"": 1.5147, ""rr_ratio"": 3.4, ""confidence"": 0.6135, ""funding_rate"": 0.0001, ""zone_based_sl"": false, ""structure_trend"": ""DOWN"", ""structure_confirmed"": true, ""predicted_change_pct"": -0.8487}}"
6122,MVLL/USDT,SELL,FUTURES,37.93203,37.47,1.31682908,5,38.258572,36.8309,3.042072699161991,6.090235613543471,3.062052699228964,0.01998000006697296,0,CLOSED,t,TRENDING,t,2026-10-05 15:30:13.066739+00,2026-10-05 18:36:56.027488+00,PAPER-SHORT-1791214213,"{""close_reason"": ""max_hold"", ""entry_indicators"": {""adx"": 28.21, ""rsi"": 40.63, ""bb_pct"": 0.1372, ""regime"": ""TRENDING"", ""atr_pct"": 1.0486, ""research"": {""arm"": true, ""setup"": ""15m holding above hour open and EMA21"", ""pred_side"": ""bull"", ""confidence"": 0.85, ""hour_start"": ""2026-10-05T15:00:00+00:00""}, ""rr_ratio"": 3.95, ""confidence"": 0.7678, ""funding_rate"": 0.0, ""zone_based_sl"": false, ""structure_trend"": ""UP"", ""structure_confirmed"": false, ""predicted_change_pct"": -6.9031}}"
6123,BR/USDT,SELL,FUTURES,0.39064896,0.394011509988096,127.86415712,5,0.3940119,0.36936453,-2.149748100008797,-4.303799999999983,-2.129768100008715,0.01998000000008184,0,CLOSED,t,TRENDING,t,2026-10-05 15:30:13.081497+00,2026-10-05 18:36:56.014098+00,PAPER-SHORT-1791214213,"{""close_reason"": ""stop_loss"", ""entry_indicators"": {""adx"": 30.89, ""rsi"": 19.61, ""bb_pct"": 0.0028, ""regime"": ""TRENDING"", ""atr_pct"": 3.6954, ""research"": {""arm"": true, ""setup"": ""15m sweep of hour high then reject"", ""pred_side"": ""bear"", ""confidence"": 0.85, ""hour_start"": ""2026-10-05T15:00:00+00:00""}, ""rr_ratio"": 7.29, ""confidence"": 0.5669, ""funding_rate"": 0.0, ""zone_based_sl"": false, ""structure_trend"": ""DOWN"", ""structure_confirmed"": true, ""predicted_change_pct"": 15.2244}}"
6124,AXTI/USDT,SELL,FUTURES,84.90500999999999,85.635838364076,0.58830451,5,85.635924,82.71,-2.1497481131091747,-4.303800000000023,-2.1297681129873367,0.019980000121838034,0,CLOSED,t,TRENDING,t,2026-10-05 15:30:13.141983+00,2026-10-05 18:36:55.998817+00,PAPER-SHORT-1791214213,"{""close_reason"": ""stop_loss"", ""entry_indicators"": {""adx"": 33.6, ""rsi"": 35.41, ""bb_pct"": 0.0929, ""regime"": ""TRENDING"", ""atr_pct"": 0.9498, ""research"": {""arm"": true, ""setup"": ""15m sweep of hour high then reject"", ""pred_side"": ""bear"", ""confidence"": 0.85, ""hour_start"": ""2026-10-05T15:00:00+00:00""}, ""rr_ratio"": 3.53, ""confidence"": 0.8152, ""funding_rate"": 0.0, ""zone_based_sl"": false, ""structure_trend"": ""DOWN"", ""structure_confirmed"": true, ""predicted_change_pct"": 2.4626}}"
6125,SPCX/USDT,SELL,FUTURES,166.66317,167.24,0.29970629,5,168.097908,158.9,-0.8643978963035015,-1.730526306441912,-0.8444178961593658,0.019980000144135722,0,CLOSED,t,TRENDING,t,2026-10-05 15:30:13.172254+00,2026-10-05 18:36:55.948067+00,PAPER-SHORT-1791214213,"{""close_reason"": ""negative_timeout"", ""entry_indicators"": {""adx"": 47.1, ""rsi"": 84.92, ""bb_pct"": 1.3674, ""regime"": ""TRENDING"", ""atr_pct"": 0.5945, ""research"": {""arm"": true, ""setup"": ""mixed 15m structure — EMA side only"", ""pred_side"": ""bull"", ""confidence"": 0.85, ""hour_start"": ""2026-10-05T15:00:00+00:00""}, ""rr_ratio"": 6.25, ""confidence"": 0.5587, ""funding_rate"": 0.0, ""zone_based_sl"": false, ""structure_trend"": ""DOWN"", ""structure_confirmed"": false, ""predicted_change_pct"": -2.0606}}"
6126,TQQQ/USDT,SELL,FUTURES,82.93697999999999,83.17,0.60226451,5,83.650952,80.8,-0.7016983806010315,-1.4048015734357007,-0.6817183807527996,0.01997999984823192,0,CLOSED,t,TRENDING,t,2026-10-05 18:36:56.233365+00,2026-10-05 19:05:14.615317+00,PAPER-SHORT-1791225416,"{""close_reason"": ""negative_timeout"", ""entry_indicators"": {""adx"": 33.8, ""rsi"": 70.17, ""bb_pct"": 0.951, ""regime"": ""TRENDING"", ""atr_pct"": 0.4697, ""research"": {""arm"": true, ""setup"": ""15m sweep of hour low then reclaim"", ""pred_side"": ""bull"", ""confidence"": 0.85, ""hour_start"": ""2026-10-05T18:00:00+00:00""}, ""rr_ratio"": 3.52, ""confidence"": 0.6069, ""funding_rate"": 0.0, ""zone_based_sl"": false, ""structure_trend"": ""DOWN"", ""structure_confirmed"": false, ""predicted_change_pct"": -1.3473}}"
6127,QCOM/USDT,SELL,FUTURES,181.43838,,0.27530008,5,183.000312,176.1714,,,,0,0,CLOSED,t,TRENDING,t,2026-10-05 18:36:56.362309+00,2026-10-05 19:08:39.029248+00,PAPER-SHORT-1791225416,"{""entry_indicators"": {""adx"": 33.12, ""rsi"": 27.57, ""bb_pct"": 0.0301, ""regime"": ""TRENDING"", ""atr_pct"": 0.7735, ""rr_ratio"": 3.95, ""confidence"": 0.6484, ""funding_rate"": 0.0, ""zone_based_sl"": false, ""structure_trend"": ""RANGE"", ""structure_confirmed"": false, ""predicted_change_pct"": -0.3795}}"
6128,ARM/USDT,SELL,FUTURES,301.44825,302.14,0.16570008,5,304.0433,292.6975,-0.5731151517000108,-1.1473777008159993,-0.5531351520436668,0.019979999656344,0,CLOSED,t,TRENDING,t,2026-10-05 18:37:07.771444+00,2026-10-05 19:05:14.596568+00,PAPER-SHORT-1791225427,"{""close_reason"": ""negative_timeout"", ""entry_indicators"": {""adx"": 30.26, ""rsi"": 30.26, ""bb_pct"": 0.1139, ""regime"": ""TRENDING"", ""atr_pct"": 0.6076, ""research"": {""arm"": true, ""setup"": ""mixed 15m structure — EMA side only"", ""pred_side"": ""bear"", ""confidence"": 0.85, ""hour_start"": ""2026-10-05T18:00:00+00:00""}, ""rr_ratio"": 3.95, ""confidence"": 0.5896, ""funding_rate"": 0.0, ""zone_based_sl"": false, ""structure_trend"": ""DOWN"", ""structure_confirmed"": true, ""predicted_change_pct"": -2.5014}}"
6129,MVLL/USDT,SELL,FUTURES,37.442519999999995,,1.33404482,5,37.764848,36.3556,,,,0,0,CLOSED,t,TRENDING,t,2026-10-05 19:05:19.775637+00,2026-10-05 19:08:39.029248+00,PAPER-SHORT-1791227119,"{""entry_indicators"": {""adx"": 32.37, ""rsi"": 35.06, ""bb_pct"": 0.1172, ""regime"": ""TRENDING"", ""atr_pct"": 1.0158, ""research"": {""arm"": true, ""setup"": ""mixed 15m structure — EMA side only"", ""pred_side"": ""bear"", ""confidence"": 0.85, ""hour_start"": ""2026-10-05T19:00:00+00:00""}, ""rr_ratio"": 3.95, ""confidence"": 0.8228, ""funding_rate"": 0.0, ""zone_based_sl"": false, ""structure_trend"": ""RANGE"", ""structure_confirmed"": false, ""predicted_change_pct"": -6.3701}}"
6130,BR/USDT,SELL,FUTURES,0.42185772,,118.40484986,5,0.42548933,0.39365,,,,0,0,CLOSED,t,TRENDING,t,2026-10-05 19:05:19.849827+00,2026-10-05 19:08:39.029248+00,PAPER-SHORT-1791227119,"{""entry_indicators"": {""adx"": 26.33, ""rsi"": 45.97, ""bb_pct"": 0.5597, ""regime"": ""TRENDING"", ""atr_pct"": 3.5712, ""research"": {""arm"": true, ""setup"": ""15m sweep of hour low then reclaim"", ""pred_side"": ""bull"", ""confidence"": 0.85, ""hour_start"": ""2026-10-05T19:00:00+00:00""}, ""rr_ratio"": 8.92, ""confidence"": 0.584, ""funding_rate"": 0.0001, ""zone_based_sl"": false, ""structure_trend"": ""DOWN"", ""structure_confirmed"": true, ""predicted_change_pct"": 15.2244}}"
6131,AIO/USDT,BUY,FUTURES,0.04329324999999999,,1156.06936416,5,0.0429213,0.04479,,,,0,0,CLOSED,t,TRANSITION,t,2026-10-05 19:05:30.090159+00,2026-10-05 19:08:39.029248+00,PAPER-1791227130,"{""entry_indicators"": {""adx"": 14.65, ""rsi"": 47.86, ""bb_pct"": 0.3611, ""regime"": ""TRANSITION"", ""atr_pct"": 2.5864, ""research"": {""arm"": true, ""setup"": ""mixed 15m structure — EMA side only"", ""pred_side"": ""bull"", ""confidence"": 0.85, ""hour_start"": ""2026-10-05T19:00:00+00:00""}, ""rr_ratio"": 4.69, ""confidence"": 0.5461, ""funding_rate"": -0.000278, ""zone_based_sl"": false, ""structure_trend"": ""DOWN"", ""structure_confirmed"": false, ""predicted_change_pct"": 10.1034}}"
6132,COHR/USDT,SELL,FUTURES,331.95771,,0.15047097,5,334.815404,322.3213,,,,0,0,CLOSED,t,TRENDING,t,2026-10-05 19:07:27.603842+00,2026-10-05 19:08:39.029248+00,PAPER-SHORT-1791227247,"{""entry_indicators"": {""adx"": 39.18, ""rsi"": 39.02, ""bb_pct"": 0.2318, ""regime"": ""TRENDING"", ""atr_pct"": 0.7433, ""research"": {""arm"": true, ""setup"": ""mixed 15m structure — EMA side only"", ""pred_side"": ""bear"", ""confidence"": 0.85, ""hour_start"": ""2026-10-05T19:00:00+00:00""}, ""rr_ratio"": 3.95, ""confidence"": 0.5282, ""funding_rate"": 0.0, ""zone_based_sl"": false, ""structure_trend"": ""DOWN"", ""structure_confirmed"": true, ""predicted_change_pct"": -0.7677}}"
6133,MVLL/USDT,SELL,FUTURES,37.47249,,1.33297787,5,37.795076,36.3847,,,,0,0,CLOSED,t,TRENDING,t,2026-10-05 19:08:54.673423+00,2026-10-05 19:25:27.510549+00,PAPER-SHORT-1791227334,"{""entry_indicators"": {""adx"": 32.37, ""rsi"": 35.06, ""bb_pct"": 0.1172, ""regime"": ""TRENDING"", ""atr_pct"": 1.0158, ""research"": {""arm"": true, ""setup"": ""mixed 15m structure — EMA side only"", ""pred_side"": ""bear"", ""confidence"": 0.85, ""hour_start"": ""2026-10-05T19:00:00+00:00""}, ""rr_ratio"": 3.95, ""confidence"": 0.8228, ""funding_rate"": 0.0, ""zone_based_sl"": false, ""structure_trend"": ""RANGE"", ""structure_confirmed"": false, ""predicted_change_pct"": -6.3701}}"
6134,BR/USDT,SELL,FUTURES,0.42448509,0.428138887860684,117.6719776,5,0.42813932,0.39365,-2.1497481000866676,-4.303799999999979,-2.129768100085862,0.019980000000805596,0,CLOSED,t,TRENDING,t,2026-10-05 19:08:54.718727+00,2026-10-05 19:10:21.793272+00,PAPER-SHORT-1791227334,"{""close_reason"": ""stop_loss"", ""entry_indicators"": {""adx"": 26.33, ""rsi"": 45.97, ""bb_pct"": 0.5597, ""regime"": ""TRENDING"", ""atr_pct"": 3.5712, ""research"": {""arm"": true, ""setup"": ""15m sweep of hour low then reclaim"", ""pred_side"": ""bull"", ""confidence"": 0.85, ""hour_start"": ""2026-10-05T19:00:00+00:00""}, ""rr_ratio"": 9.68, ""confidence"": 0.584, ""funding_rate"": 0.0001, ""zone_based_sl"": false, ""structure_trend"": ""DOWN"", ""structure_confirmed"": true, ""predicted_change_pct"": 15.2244}}"
6135,TQQQ/USDT,SELL,FUTURES,83.01689999999999,83.37,0.60168472,5,83.73156,80.8,-1.062274373160036,-2.1266754118740403,-1.0422943730673286,0.019980000092707197,0,CLOSED,t,TRENDING,t,2026-10-05 19:08:54.756295+00,2026-10-05 19:23:56.187057+00,PAPER-SHORT-1791227334,"{""close_reason"": ""negative_timeout"", ""entry_indicators"": {""adx"": 34.25, ""rsi"": 72.75, ""bb_pct"": 0.972, ""regime"": ""TRENDING"", ""atr_pct"": 0.4654, ""research"": {""arm"": true, ""setup"": ""15m holding above hour open and EMA21"", ""pred_side"": ""bull"", ""confidence"": 0.85, ""hour_start"": ""2026-10-05T19:00:00+00:00""}, ""rr_ratio"": 3.64, ""confidence"": 0.6069, ""funding_rate"": 0.0, ""zone_based_sl"": false, ""structure_trend"": ""DOWN"", ""structure_confirmed"": false, ""predicted_change_pct"": -1.3473}}"
6136,QCOM/USDT,SELL,FUTURES,181.32849,,0.27546692,5,182.889476,176.0647,,,,0,0,CLOSED,t,TRENDING,t,2026-10-05 19:08:54.800983+00,2026-10-05 19:25:27.510549+00,PAPER-SHORT-1791227334,"{""entry_indicators"": {""adx"": 33.92, ""rsi"": 27.57, ""bb_pct"": 0.0898, ""regime"": ""TRENDING"", ""atr_pct"": 0.7328, ""research"": {""arm"": true, ""setup"": ""mixed 15m structure — EMA side only"", ""pred_side"": ""bear"", ""confidence"": 0.85, ""hour_start"": ""2026-10-05T19:00:00+00:00""}, ""rr_ratio"": 3.95, ""confidence"": 0.6688, ""funding_rate"": 0.0, ""zone_based_sl"": false, ""structure_trend"": ""RANGE"", ""structure_confirmed"": false, ""predicted_change_pct"": -0.3795}}"
6137,AIO/USDT,BUY,FUTURES,0.043303259999999996,,1155.80212668,5,0.04293122,0.04479,,,,0,0,CLOSED,t,TRANSITION,t,2026-10-05 19:11:39.127339+00,2026-10-05 19:25:27.510549+00,PAPER-1791227499,"{""entry_indicators"": {""adx"": 14.65, ""rsi"": 47.86, ""bb_pct"": 0.3611, ""regime"": ""TRANSITION"", ""atr_pct"": 2.5864, ""research"": {""arm"": true, ""setup"": ""mixed 15m structure — EMA side only"", ""pred_side"": ""bull"", ""confidence"": 0.85, ""hour_start"": ""2026-10-05T19:00:00+00:00""}, ""rr_ratio"": 4.65, ""confidence"": 0.5461, ""funding_rate"": -0.000237, ""zone_based_sl"": false, ""structure_trend"": ""DOWN"", ""structure_confirmed"": false, ""predicted_change_pct"": 10.1034}}"
6138,COHR/USDT,SELL,FUTURES,332.05761,,0.1504257,5,334.916164,322.4183,,,,0,0,CLOSED,t,TRENDING,t,2026-10-05 19:11:39.165723+00,2026-10-05 19:25:27.510549+00,PAPER-SHORT-1791227499,"{""entry_indicators"": {""adx"": 39.18, ""rsi"": 39.02, ""bb_pct"": 0.2318, ""regime"": ""TRENDING"", ""atr_pct"": 0.7433, ""research"": {""arm"": true, ""setup"": ""mixed 15m structure — EMA side only"", ""pred_side"": ""bear"", ""confidence"": 0.85, ""hour_start"": ""2026-10-05T19:00:00+00:00""}, ""rr_ratio"": 3.95, ""confidence"": 0.5282, ""funding_rate"": 0.0, ""zone_based_sl"": false, ""structure_trend"": ""DOWN"", ""structure_confirmed"": true, ""predicted_change_pct"": -0.7677}}"
6139,BR/USDT,SELL,FUTURES,0.43276679999999995,0.4364918835076799,115.42012927,5,0.43649232,0.39365,-2.149748099989837,-4.303799999999968,-2.1297680999899313,0.019979999999905695,0,CLOSED,t,TRENDING,t,2026-10-05 19:15:24.593827+00,2026-10-05 19:17:30.104788+00,PAPER-SHORT-1791227724,"{""close_reason"": ""stop_loss"", ""entry_indicators"": {""adx"": 26.33, ""rsi"": 45.97, ""bb_pct"": 0.5597, ""regime"": ""TRENDING"", ""atr_pct"": 3.5712, ""research"": {""arm"": true, ""setup"": ""15m sweep of hour low then reclaim"", ""pred_side"": ""bull"", ""confidence"": 0.85, ""hour_start"": ""2026-10-05T19:00:00+00:00""}, ""rr_ratio"": 12.01, ""confidence"": 0.584, ""funding_rate"": 0.0001, ""zone_based_sl"": false, ""structure_trend"": ""DOWN"", ""structure_confirmed"": true, ""predicted_change_pct"": 15.2244}}"
6140,SOXL/USDT,BUY,FUTURES,163.68352,,0.30577299,5,162.277248,168.74,,,,0,0,CLOSED,t,TRENDING,t,2026-10-05 19:22:40.092622+00,2026-10-05 19:25:27.510549+00,PAPER-1791228160,"{""entry_indicators"": {""adx"": 30.0, ""rsi"": 50.13, ""bb_pct"": 0.4677, ""regime"": ""TRENDING"", ""atr_pct"": 0.8582, ""research"": {""arm"": true, ""setup"": ""15m sweep of hour low then reclaim"", ""pred_side"": ""bull"", ""confidence"": 0.85, ""hour_start"": ""2026-10-05T19:00:00+00:00""}, ""rr_ratio"": 4.2, ""confidence"": 0.5091, ""funding_rate"": -0.000429, ""zone_based_sl"": false, ""structure_trend"": ""RANGE"", ""structure_confirmed"": false, ""predicted_change_pct"": -2.1376}}"
6141,BTW/USDT,BUY,FUTURES,1.2925912999999998,,38.72066909,5,1.28148612,1.4715,,,,0,0,CLOSED,t,TRANSITION,t,2026-10-05 19:22:40.142992+00,2026-10-05 19:25:27.510549+00,PAPER-1791228160,"{""entry_indicators"": {""adx"": 13.2, ""rsi"": 58.67, ""bb_pct"": 0.7521, ""regime"": ""TRANSITION"", ""atr_pct"": 4.1084, ""research"": {""arm"": true, ""setup"": ""15m sweep of hour low then reclaim"", ""pred_side"": ""bull"", ""confidence"": 0.85, ""hour_start"": ""2026-10-05T19:00:00+00:00""}, ""rr_ratio"": 18.36, ""confidence"": 0.5009, ""funding_rate"": 0.0, ""zone_based_sl"": false, ""structure_trend"": ""RANGE"", ""structure_confirmed"": false, ""predicted_change_pct"": 8.9397}}"
6142,RAYSOL/USDT,BUY,FUTURES,2.1609587999999995,,23.16101538,5,2.14239312,2.223564,,,,0,0,CLOSED,t,TRANSITION,t,2026-10-05 19:22:40.176489+00,2026-10-05 19:25:27.510549+00,PAPER-1791228160,"{""entry_indicators"": {""adx"": 17.74, ""rsi"": 66.81, ""bb_pct"": 1.0528, ""regime"": ""TRANSITION"", ""atr_pct"": 1.2823, ""research"": {""arm"": true, ""setup"": ""15m sweep of hour low then reclaim"", ""pred_side"": ""bull"", ""confidence"": 0.85, ""hour_start"": ""2026-10-05T19:00:00+00:00""}, ""rr_ratio"": 3.95, ""confidence"": 0.5887, ""funding_rate"": 0.0001, ""zone_based_sl"": false, ""structure_trend"": ""DOWN"", ""structure_confirmed"": false, ""predicted_change_pct"": -2.048}}"
6143,SNXX/USDT,SELL,FUTURES,15.85413,,3.15059861,5,15.990612,15.3939,,,,0,0,CLOSED,t,TRANSITION,t,2026-10-05 19:23:56.3257+00,2026-10-05 19:25:27.510549+00,PAPER-SHORT-1791228236,"{""entry_indicators"": {""adx"": 22.7, ""rsi"": 26.09, ""bb_pct"": -0.2665, ""regime"": ""TRANSITION"", ""atr_pct"": 0.9221, ""research"": {""arm"": true, ""setup"": ""mixed 15m structure — EMA side only"", ""pred_side"": ""bear"", ""confidence"": 0.85, ""hour_start"": ""2026-10-05T19:00:00+00:00""}, ""rr_ratio"": 3.95, ""confidence"": 0.5144, ""funding_rate"": 0.0, ""zone_based_sl"": false, ""structure_trend"": ""DOWN"", ""structure_confirmed"": true, ""predicted_change_pct"": 1.6255}}"
6144,MVLL/USDT,SELL,FUTURES,37.43253,37.49,1.33440085,5,37.754772,36.3459,-0.38344008424751425,-0.7676478186219597,-0.36346008430765403,0.0199799999398602,0,CLOSED,t,TRENDING,f,2026-10-05 19:26:52.882926+00,2026-10-05 19:41:54.716075+00,PAPER-SHORT-1791228412,"{""close_reason"": ""negative_timeout"", ""entry_indicators"": {""adx"": 32.37, ""rsi"": 35.06, ""bb_pct"": 0.1172, ""regime"": ""TRENDING"", ""atr_pct"": 1.0158, ""research"": {""arm"": true, ""setup"": ""mixed 15m structure — EMA side only"", ""pred_side"": ""bear"", ""confidence"": 0.85, ""hour_start"": ""2026-10-05T19:00:00+00:00""}, ""rr_ratio"": 3.95, ""confidence"": 0.8228, ""funding_rate"": 0.0, ""zone_based_sl"": false, ""structure_trend"": ""RANGE"", ""structure_confirmed"": false, ""predicted_change_pct"": -6.3701}}"
6145,AIO/USDT,BUY,FUTURES,0.04339335,0.04302049697946,1153.40253749,5,0.04302054,0.04479,-2.150248100008221,-4.296199999999972,-2.1302281000081447,0.020020000000076674,0,CLOSED,t,TRANSITION,f,2026-10-05 19:26:52.918725+00,2026-10-05 19:32:31.376209+00,PAPER-1791228412,"{""close_reason"": ""stop_loss"", ""entry_indicators"": {""adx"": 14.65, ""rsi"": 47.86, ""bb_pct"": 0.3611, ""regime"": ""TRANSITION"", ""atr_pct"": 2.5864, ""research"": {""arm"": true, ""setup"": ""15m sweep of hour low then reclaim"", ""pred_side"": ""bull"", ""confidence"": 0.85, ""hour_start"": ""2026-10-05T19:00:00+00:00""}, ""rr_ratio"": 4.37, ""confidence"": 0.5461, ""funding_rate"": -0.000142, ""zone_based_sl"": false, ""structure_trend"": ""DOWN"", ""structure_confirmed"": false, ""predicted_change_pct"": 10.1034}}"
6146,TQQQ/USDT,BUY,FUTURES,83.46337999999999,83.25,0.59966419,5,82.746312,85.8814,-0.639781724310968,-1.2782851593117206,-0.6197617242460232,0.02002000006494488,0,CLOSED,t,TRENDING,f,2026-10-05 19:26:52.952056+00,2026-10-05 19:41:54.703618+00,PAPER-1791228412,"{""close_reason"": ""negative_timeout"", ""entry_indicators"": {""adx"": 34.25, ""rsi"": 72.75, ""bb_pct"": 0.972, ""regime"": ""TRENDING"", ""atr_pct"": 0.4654, ""research"": {""arm"": true, ""setup"": ""15m holding above hour open and EMA21"", ""pred_side"": ""bull"", ""confidence"": 0.85, ""hour_start"": ""2026-10-05T19:00:00+00:00""}, ""rr_ratio"": 3.95, ""confidence"": 0.6069, ""funding_rate"": 0.0, ""zone_based_sl"": false, ""structure_trend"": ""DOWN"", ""structure_confirmed"": false, ""predicted_change_pct"": -1.3473}}"
6147,SOXL/USDT,BUY,FUTURES,163.97381,164.78,0.30523167,5,162.565044,168.74,1.2303736001865464,2.4582889182120926,1.2503936001315714,0.020019999945025083,0,CLOSED,t,TRENDING,f,2026-10-05 19:26:52.964757+00,2026-10-05 21:26:56.998117+00,PAPER-1791228412,"{""close_reason"": ""max_hold"", ""entry_indicators"": {""adx"": 30.0, ""rsi"": 50.13, ""bb_pct"": 0.4677, ""regime"": ""TRENDING"", ""atr_pct"": 0.8582, ""research"": {""arm"": true, ""setup"": ""15m sweep of hour low then reclaim"", ""pred_side"": ""bull"", ""confidence"": 0.85, ""hour_start"": ""2026-10-05T19:00:00+00:00""}, ""rr_ratio"": 3.96, ""confidence"": 0.5091, ""funding_rate"": -0.000429, ""zone_based_sl"": false, ""structure_trend"": ""RANGE"", ""structure_confirmed"": false, ""predicted_change_pct"": -2.1376}}"
6148,BTW/USDT,BUY,FUTURES,1.2867855,1.2846,38.89537145,5,1.2757302,1.4715,-0.42502917151986014,-0.8492091339232233,-0.40500917152027055,0.020019999999589592,0,CLOSED,t,TRANSITION,f,2026-10-05 19:26:52.989629+00,2026-10-05 19:41:54.686312+00,PAPER-1791228412,"{""close_reason"": ""negative_timeout"", ""entry_indicators"": {""adx"": 13.2, ""rsi"": 58.67, ""bb_pct"": 0.7521, ""regime"": ""TRANSITION"", ""atr_pct"": 4.1084, ""research"": {""arm"": true, ""setup"": ""15m sweep of hour low then reclaim"", ""pred_side"": ""bull"", ""confidence"": 0.85, ""hour_start"": ""2026-10-05T19:00:00+00:00""}, ""rr_ratio"": 19.04, ""confidence"": 0.5009, ""funding_rate"": 0.0, ""zone_based_sl"": false, ""structure_trend"": ""RANGE"", ""structure_confirmed"": false, ""predicted_change_pct"": 8.9397}}"
6149,RAYSOL/USDT,BUY,FUTURES,2.159157,2.1406046593931998,23.18034307,5,2.1406068,2.22171,-2.1502481000855935,-4.296200000000027,-2.1302281000847967,0.020020000000796796,0,CLOSED,t,TRANSITION,f,2026-10-05 19:26:53.004566+00,2026-10-05 19:33:37.547925+00,PAPER-1791228413,"{""close_reason"": ""stop_loss"", ""entry_indicators"": {""adx"": 17.74, ""rsi"": 66.81, ""bb_pct"": 1.0528, ""regime"": ""TRANSITION"", ""atr_pct"": 1.2823, ""research"": {""arm"": true, ""setup"": ""15m sweep of hour low then reclaim"", ""pred_side"": ""bull"", ""confidence"": 0.85, ""hour_start"": ""2026-10-05T19:00:00+00:00""}, ""rr_ratio"": 3.95, ""confidence"": 0.5887, ""funding_rate"": 0.0001, ""zone_based_sl"": false, ""structure_trend"": ""DOWN"", ""structure_confirmed"": false, ""predicted_change_pct"": -2.048}}"
6150,SNXX/USDT,SELL,FUTURES,15.8841,16.02082397916,3.14465409,5,16.02084,15.423,-2.1497481013328317,-4.303799999999976,-2.129768101320444,0.019980000012387603,0,CLOSED,t,TRANSITION,f,2026-10-05 19:26:53.024357+00,2026-10-05 19:33:22.050223+00,PAPER-SHORT-1791228413,"{""close_reason"": ""stop_loss"", ""entry_indicators"": {""adx"": 22.7, ""rsi"": 26.09, ""bb_pct"": -0.2665, ""regime"": ""TRANSITION"", ""atr_pct"": 0.9221, ""research"": {""arm"": true, ""setup"": ""mixed 15m structure — EMA side only"", ""pred_side"": ""bear"", ""confidence"": 0.85, ""hour_start"": ""2026-10-05T19:00:00+00:00""}, ""rr_ratio"": 3.95, ""confidence"": 0.5144, ""funding_rate"": 0.0, ""zone_based_sl"": false, ""structure_trend"": ""DOWN"", ""structure_confirmed"": true, ""predicted_change_pct"": 1.6255}}"
6151,SKYAI/USDT,SELL,FUTURES,0.034965,0.03501,1428.57142857,5,0.035266,0.03367512,-0.32142857142822456,-0.6435006435005924,-0.30144857142824455,0.019979999999980024,0,CLOSED,t,TRENDING,f,2026-10-05 19:26:53.098747+00,2026-10-05 20:27:51.28128+00,PAPER-SHORT-1791228413,"{""close_reason"": ""negative_timeout"", ""entry_indicators"": {""adx"": 35.86, ""rsi"": 34.77, ""bb_pct"": 0.157, ""regime"": ""TRENDING"", ""atr_pct"": 2.5236, ""research"": {""arm"": true, ""setup"": ""15m sweep of hour high then reject"", ""pred_side"": ""bear"", ""confidence"": 0.85, ""hour_start"": ""2026-10-05T19:00:00+00:00""}, ""rr_ratio"": 4.98, ""confidence"": 0.4876, ""funding_rate"": 0.0001, ""zone_based_sl"": false, ""structure_trend"": ""RANGE"", ""structure_confirmed"": false, ""predicted_change_pct"": 1.9507}}"
6152,QCOM/USDT,SELL,FUTURES,181.00881,181.21,0.27595342,5,182.567044,175.7543,-0.2775953428489957,-0.5557464302428066,-0.2576153427811436,0.019980000067852083,0,CLOSED,t,TRENDING,f,2026-10-05 19:32:31.518054+00,2026-10-05 20:11:00.183628+00,PAPER-SHORT-1791228751,"{""close_reason"": ""negative_timeout"", ""entry_indicators"": {""adx"": 33.92, ""rsi"": 27.57, ""bb_pct"": 0.0898, ""regime"": ""TRENDING"", ""atr_pct"": 0.7328, ""research"": {""arm"": true, ""setup"": ""15m sweep of hour high then reject"", ""pred_side"": ""bear"", ""confidence"": 0.85, ""hour_start"": ""2026-10-05T19:00:00+00:00""}, ""rr_ratio"": 3.95, ""confidence"": 0.6688, ""funding_rate"": 0.0, ""zone_based_sl"": false, ""structure_trend"": ""RANGE"", ""structure_confirmed"": false, ""predicted_change_pct"": -0.3795}}"
6153,AXTI/USDT,BUY,FUTURES,86.13604999999998,86.84,0.58105752,5,85.39602,86.84,2.0451772060200573,4.086268176913266,2.0651972058582957,0.0200199998382384,0,CLOSED,t,TRENDING,f,2026-10-05 19:35:41.591038+00,2026-10-05 20:21:54.971976+00,PAPER-1791228941,"{""close_reason"": ""take_profit"", ""entry_indicators"": {""adx"": 31.01, ""rsi"": 43.6, ""bb_pct"": 0.2422, ""regime"": ""TRENDING"", ""atr_pct"": 0.9893, ""research"": {""arm"": true, ""setup"": ""15m sweep of hour low then reclaim"", ""pred_side"": ""bull"", ""confidence"": 0.85, ""hour_start"": ""2026-10-05T19:00:00+00:00""}, ""rr_ratio"": 1.21, ""confidence"": 0.7715, ""funding_rate"": 0.0, ""zone_based_sl"": false, ""structure_trend"": ""RANGE"", ""structure_confirmed"": false, ""predicted_change_pct"": 4.1465}}"
6154,SNXX/USDT,SELL,FUTURES,16.03395,15.97,3.1152648,5,16.17198,15.5685,0.9961059198000028,1.9942060440502862,1.0160859198159868,0.019980000015984004,0,CLOSED,t,TRANSITION,f,2026-10-05 19:38:22.415758+00,2026-10-05 21:38:23.942497+00,PAPER-SHORT-1791229102,"{""close_reason"": ""max_hold"", ""entry_indicators"": {""adx"": 22.7, ""rsi"": 26.09, ""bb_pct"": -0.2665, ""regime"": ""TRANSITION"", ""atr_pct"": 0.9221, ""research"": {""arm"": true, ""setup"": ""mixed 15m structure — EMA side only"", ""pred_side"": ""bear"", ""confidence"": 0.85, ""hour_start"": ""2026-10-05T19:00:00+00:00""}, ""rr_ratio"": 3.95, ""confidence"": 0.5144, ""funding_rate"": 0.0, ""zone_based_sl"": false, ""structure_trend"": ""DOWN"", ""structure_confirmed"": true, ""predicted_change_pct"": 1.6255}}"
6155,RAYSOL/USDT,BUY,FUTURES,2.1542520999999994,2.2013,23.23312114,5,2.13574404,2.216663,5.4653478004130545,10.919775823823086,5.485367800415214,0.020020000002159755,0,CLOSED,t,TRANSITION,f,2026-10-05 19:41:54.794785+00,2026-10-05 21:41:57.690445+00,PAPER-1791229314,"{""close_reason"": ""max_hold"", ""entry_indicators"": {""adx"": 17.74, ""rsi"": 66.81, ""bb_pct"": 1.0528, ""regime"": ""TRANSITION"", ""atr_pct"": 1.2823, ""research"": {""arm"": true, ""setup"": ""15m sweep of hour low then reclaim"", ""pred_side"": ""bull"", ""confidence"": 0.85, ""hour_start"": ""2026-10-05T19:00:00+00:00""}, ""rr_ratio"": 3.95, ""confidence"": 0.5887, ""funding_rate"": 0.0001, ""zone_based_sl"": false, ""structure_trend"": ""DOWN"", ""structure_confirmed"": false, ""predicted_change_pct"": -2.048}}"
6156,ZHIPU/USDT,SELL,FUTURES,85.71419999999999,85.88,0.58275058,5,86.45208,84.76,-0.4831002308200128,-0.9671676338343261,-0.4631202309143184,0.0199799999056944,0,CLOSED,t,TRENDING,f,2026-10-05 20:08:03.079597+00,2026-10-05 20:23:05.801575+00,PAPER-SHORT-1791230883,"{""close_reason"": ""negative_timeout"", ""entry_indicators"": {""adx"": 64.99, ""rsi"": 82.93, ""bb_pct"": 0.7754, ""regime"": ""TRENDING"", ""atr_pct"": 0.5169, ""research"": {""arm"": true, ""setup"": ""mixed 15m structure — EMA side only"", ""pred_side"": ""bull"", ""confidence"": 0.85, ""hour_start"": ""2026-10-05T19:00:00+00:00""}, ""rr_ratio"": 1.59, ""confidence"": 0.502, ""funding_rate"": 0.0, ""zone_based_sl"": false, ""structure_trend"": ""RANGE"", ""structure_confirmed"": false, ""predicted_change_pct"": -1.9957}}"
6157,BTW/USDT,BUY,FUTURES,1.2711698999999999,1.2697,39.37317899,5,1.26024876,1.4715,-0.28937317898695963,-0.5781681897910618,-0.26935317898719946,0.020019999999760157,0,CLOSED,t,TRANSITION,f,2026-10-05 20:08:03.110486+00,2026-10-05 20:41:08.281626+00,PAPER-1791230883,"{""close_reason"": ""negative_timeout"", ""entry_indicators"": {""adx"": 13.2, ""rsi"": 58.67, ""bb_pct"": 0.7521, ""regime"": ""TRANSITION"", ""atr_pct"": 4.1084, ""research"": {""arm"": true, ""setup"": ""15m sweep of hour low then reclaim"", ""pred_side"": ""bull"", ""confidence"": 0.85, ""hour_start"": ""2026-10-05T19:00:00+00:00""}, ""rr_ratio"": 20.89, ""confidence"": 0.5009, ""funding_rate"": 0.0, ""zone_based_sl"": false, ""structure_trend"": ""RANGE"", ""structure_confirmed"": false, ""predicted_change_pct"": 8.9397}}"
6158,AIO/USDT,SELL,FUTURES,0.0428571,0.043225996773959996,1165.5011655,5,0.04322604,0.04236,-2.1497480999978147,-4.303799999999928,-2.129768099997835,0.019979999999980024,0,CLOSED,t,TRANSITION,f,2026-10-05 20:11:00.245954+00,2026-10-05 20:20:54.230723+00,PAPER-SHORT-1791231060,"{""close_reason"": ""stop_loss"", ""entry_indicators"": {""adx"": 14.65, ""rsi"": 47.86, ""bb_pct"": 0.3611, ""regime"": ""TRANSITION"", ""atr_pct"": 2.5864, ""research"": {""arm"": true, ""setup"": ""mixed 15m structure — EMA side only"", ""pred_side"": ""bear"", ""confidence"": 0.85, ""hour_start"": ""2026-10-05T20:00:00+00:00""}, ""rr_ratio"": 1.66, ""confidence"": 0.5461, ""funding_rate"": 0.00005, ""zone_based_sl"": false, ""structure_trend"": ""DOWN"", ""structure_confirmed"": false, ""predicted_change_pct"": 10.1034}}"
6159,ATH/USDT,BUY,FUTURES,0.007449441999999999,0.00744,6718.6240258,5,0.00738544,0.007709,-0.3171862402579505,-0.6337387417740814,-0.2971662402579491,0.02002000000000144,0,CLOSED,t,TRANSITION,f,2026-10-05 20:20:54.404392+00,2026-10-05 20:38:25.201287+00,PAPER-1791231654,"{""close_reason"": ""negative_timeout"", ""entry_indicators"": {""adx"": 12.62, ""rsi"": 40.07, ""bb_pct"": 0.1478, ""regime"": ""TRANSITION"", ""atr_pct"": 1.3795, ""research"": {""arm"": true, ""setup"": ""15m sweep of hour low then reclaim"", ""pred_side"": ""bull"", ""confidence"": 0.85, ""hour_start"": ""2026-10-05T20:00:00+00:00""}, ""rr_ratio"": 4.72, ""confidence"": 0.6363, ""funding_rate"": 0.0001, ""zone_based_sl"": false, ""structure_trend"": ""DOWN"", ""structure_confirmed"": true, ""predicted_change_pct"": -0.8487}}"
6160,QCOM/USDT,SELL,FUTURES,181.16864999999999,181.38,0.27570995,5,182.72826,175.9095,-0.29135648966251393,-0.5832962822210415,-0.2713764898892869,0.019979999773226998,0,CLOSED,t,TRENDING,f,2026-10-05 20:21:55.09899+00,2026-10-05 20:36:59.189691+00,PAPER-SHORT-1791231715,"{""close_reason"": ""negative_timeout"", ""entry_indicators"": {""adx"": 33.92, ""rsi"": 27.57, ""bb_pct"": 0.0898, ""regime"": ""TRENDING"", ""atr_pct"": 0.7328, ""research"": {""arm"": true, ""setup"": ""mixed 15m structure — EMA side only"", ""pred_side"": ""bear"", ""confidence"": 0.85, ""hour_start"": ""2026-10-05T20:00:00+00:00""}, ""rr_ratio"": 3.95, ""confidence"": 0.6688, ""funding_rate"": 0.0, ""zone_based_sl"": false, ""structure_trend"": ""RANGE"", ""structure_confirmed"": false, ""predicted_change_pct"": -0.3795}}"
6161,XPT/USDT,SELL,FUTURES,1721.10717,1722.93,0.02902202,5,1735.923508,1701.81,-0.26451104358300975,-0.5295515676691032,-0.2445310408990564,0.01998000268395336,0,CLOSED,t,TRENDING,f,2026-10-05 20:23:06.006572+00,2026-10-05 20:38:35.43781+00,PAPER-SHORT-1791231786,"{""close_reason"": ""negative_timeout"", ""entry_indicators"": {""adx"": 29.42, ""rsi"": 56.78, ""bb_pct"": 0.5923, ""regime"": ""TRENDING"", ""atr_pct"": 0.4064, ""research"": {""arm"": true, ""setup"": ""15m sweep of hour high then reject"", ""pred_side"": ""bear"", ""confidence"": 0.85, ""hour_start"": ""2026-10-05T20:00:00+00:00""}, ""rr_ratio"": 1.61, ""confidence"": 0.5484, ""funding_rate"": 0.0, ""zone_based_sl"": false, ""structure_trend"": ""RANGE"", ""structure_confirmed"": false, ""predicted_change_pct"": -0.2545}}"
6162,AIO/USDT,SELL,FUTURES,0.04318677,0.04323,1156.60421004,5,0.04355855,0.04236,-0.250000000000136,-0.5005005005004804,-0.23002000000012435,0.01998000000001167,0,CLOSED,t,TRANSITION,f,2026-10-05 20:27:51.334776+00,2026-10-05 21:11:06.115904+00,PAPER-SHORT-1791232071,"{""close_reason"": ""negative_timeout"", ""entry_indicators"": {""adx"": 14.65, ""rsi"": 47.86, ""bb_pct"": 0.3611, ""regime"": ""TRANSITION"", ""atr_pct"": 2.5864, ""research"": {""arm"": true, ""setup"": ""mixed 15m structure — EMA side only"", ""pred_side"": ""bear"", ""confidence"": 0.85, ""hour_start"": ""2026-10-05T20:00:00+00:00""}, ""rr_ratio"": 2.65, ""confidence"": 0.5461, ""funding_rate"": 0.000012, ""zone_based_sl"": false, ""structure_trend"": ""DOWN"", ""structure_confirmed"": false, ""predicted_change_pct"": 10.1034}}"
6163,AXTI/USDT,BUY,FUTURES,86.92684,86.78,0.57577153,5,86.180016,87.47,-0.42273145732600226,-0.844618302011213,-0.40271145746005615,0.020019999865946082,0,CLOSED,t,TRENDING,f,2026-10-05 20:36:59.239636+00,2026-10-05 20:52:02.738719+00,PAPER-1791232619,"{""close_reason"": ""negative_timeout"", ""entry_indicators"": {""adx"": 31.01, ""rsi"": 43.6, ""bb_pct"": 0.2422, ""regime"": ""TRENDING"", ""atr_pct"": 0.9893, ""research"": {""arm"": true, ""setup"": ""15m sweep of hour low then reclaim"", ""pred_side"": ""bull"", ""confidence"": 0.85, ""hour_start"": ""2026-10-05T20:00:00+00:00""}, ""rr_ratio"": 0.95, ""confidence"": 0.7715, ""funding_rate"": 0.0, ""zone_based_sl"": false, ""structure_trend"": ""RANGE"", ""structure_confirmed"": false, ""predicted_change_pct"": 4.1465}}"
6164,SPCX/USDT,BUY,FUTURES,171.19101999999998,173.29,0.29236347,5,169.720248,176.1506,3.0683253813029956,6.130520163966535,3.0883453815590114,0.02002000025601576,0,CLOSED,t,TRENDING,f,2026-10-05 20:38:25.329294+00,2026-10-06 06:27:22.849448+00,PAPER-1791232705,"{""close_reason"": ""max_hold"", ""entry_indicators"": {""adx"": 51.34, ""rsi"": 74.92, ""bb_pct"": 0.9209, ""regime"": ""TRENDING"", ""atr_pct"": 0.6089, ""research"": {""arm"": true, ""setup"": ""15m sweep of hour low then reclaim"", ""pred_side"": ""bull"", ""confidence"": 0.85, ""hour_start"": ""2026-10-05T20:00:00+00:00""}, ""rr_ratio"": 3.95, ""confidence"": 0.588, ""funding_rate"": 0.00005, ""zone_based_sl"": false, ""structure_trend"": ""DOWN"", ""structure_confirmed"": false, ""predicted_change_pct"": -2.1466}}"
6165,META/USDT,SELL,FUTURES,741.37788,742.36,0.06737455,5,746.89836506,726.94,-0.330849465230003,-0.6623612778951599,-0.31086946481202143,0.019980000417981605,0,CLOSED,t,TRENDING,f,2026-10-05 20:38:35.605161+00,2026-10-05 20:53:38.995433+00,PAPER-SHORT-1791232715,"{""close_reason"": ""negative_timeout"", ""entry_indicators"": {""adx"": 35.87, ""rsi"": 75.02, ""bb_pct"": 0.8568, ""regime"": ""TRENDING"", ""atr_pct"": 0.277, ""research"": {""arm"": true, ""setup"": ""15m sweep of hour high then reject"", ""pred_side"": ""bear"", ""confidence"": 0.85, ""hour_start"": ""2026-10-05T20:00:00+00:00""}, ""rr_ratio"": 3.18, ""confidence"": 0.874, ""funding_rate"": 0.000009, ""zone_based_sl"": true, ""structure_trend"": ""RANGE"", ""structure_confirmed"": false, ""predicted_change_pct"": -0.2177}}"
6166,SKYAI/USDT,SELL,FUTURES,0.03489507,0.03497,1431.43429717,5,0.03519547,0.03360777,-0.5362868594347465,-1.0736473662325485,-0.5163068594346873,0.019980000000059183,0,CLOSED,t,TRENDING,f,2026-10-05 20:41:08.446442+00,2026-10-05 21:32:01.393799+00,PAPER-SHORT-1791232868,"{""close_reason"": ""negative_timeout"", ""entry_indicators"": {""adx"": 35.86, ""rsi"": 34.77, ""bb_pct"": 0.157, ""regime"": ""TRENDING"", ""atr_pct"": 2.5236, ""research"": {""arm"": true, ""setup"": ""mixed 15m structure — EMA side only"", ""pred_side"": ""bear"", ""confidence"": 0.85, ""hour_start"": ""2026-10-05T20:00:00+00:00""}, ""rr_ratio"": 4.98, ""confidence"": 0.4876, ""funding_rate"": 0.0001, ""zone_based_sl"": false, ""structure_trend"": ""RANGE"", ""structure_confirmed"": false, ""predicted_change_pct"": 1.9507}}"
6167,BTW/USDT,BUY,FUTURES,1.2670658,1.2655,39.50071101,5,1.25617992,1.4715,-0.3092510664972662,-0.6178842487895575,-0.2892310664986844,0.020019999998581783,0,CLOSED,t,TRANSITION,f,2026-10-05 20:52:02.834631+00,2026-10-05 21:12:01.839195+00,PAPER-1791233522,"{""close_reason"": ""negative_timeout"", ""entry_indicators"": {""adx"": 13.2, ""rsi"": 58.68, ""bb_pct"": 0.7515, ""regime"": ""TRANSITION"", ""atr_pct"": 3.9081, ""research"": {""arm"": true, ""setup"": ""mixed 15m structure — EMA side only"", ""pred_side"": ""bull"", ""confidence"": 0.85, ""hour_start"": ""2026-10-05T20:00:00+00:00""}, ""rr_ratio"": 21.38, ""confidence"": 0.5009, ""funding_rate"": 0.0, ""zone_based_sl"": false, ""structure_trend"": ""RANGE"", ""structure_confirmed"": false, ""predicted_change_pct"": 8.9397}}"
6168,SKHY/USDT,SELL,FUTURES,194.49531,194.69,0.25681853,5,195.87984829,191.7,-0.24999999802851086,-0.5005005005005223,-0.23001999818607313,0.01997999984243772,0,CLOSED,t,TRANSITION,f,2026-10-05 20:53:39.089435+00,2026-10-05 21:09:38.820277+00,PAPER-SHORT-1791233619,"{""close_reason"": ""negative_timeout"", ""entry_indicators"": {""adx"": 11.35, ""rsi"": 52.66, ""bb_pct"": 0.5785, ""regime"": ""TRANSITION"", ""atr_pct"": 0.4789, ""research"": {""arm"": true, ""setup"": ""15m sweep of hour high then reject"", ""pred_side"": ""bear"", ""confidence"": 0.85, ""hour_start"": ""2026-10-05T20:00:00+00:00""}, ""rr_ratio"": 2.51, ""confidence"": 0.5118, ""funding_rate"": 0.0, ""zone_based_sl"": true, ""structure_trend"": ""RANGE"", ""structure_confirmed"": false, ""predicted_change_pct"": 1.0746}}"
6169,AXTI/USDT,BUY,FUTURES,86.96687999999999,86.75,0.57550645,5,86.219712,87.47,-0.6240791943799773,-1.246911467905898,-0.6040591942294269,0.020020000150550398,0,CLOSED,t,TRENDING,f,2026-10-05 21:09:38.926806+00,2026-10-05 21:24:43.54244+00,PAPER-1791234578,"{""close_reason"": ""negative_timeout"", ""entry_indicators"": {""adx"": 29.63, ""rsi"": 56.61, ""bb_pct"": 0.6297, ""regime"": ""TRENDING"", ""atr_pct"": 1.0599, ""research"": {""arm"": true, ""setup"": ""15m holding above hour open and EMA21"", ""pred_side"": ""bull"", ""confidence"": 0.85, ""hour_start"": ""2026-10-05T21:00:00+00:00""}, ""rr_ratio"": 0.89, ""confidence"": 0.8152, ""funding_rate"": 0.0, ""zone_based_sl"": false, ""structure_trend"": ""RANGE"", ""structure_confirmed"": false, ""predicted_change_pct"": 4.0495}}"
6170,TSLA/USDT,BUY,FUTURES,379.8394599999999,379.4,0.13176619,5,376.576104,390.8438,-0.2895298492869647,-0.578481235203876,-0.26950984990462173,0.020019999382342956,0,CLOSED,t,TRENDING,f,2026-10-05 21:11:06.303512+00,2026-10-05 21:26:10.622646+00,PAPER-1791234666,"{""close_reason"": ""negative_timeout"", ""entry_indicators"": {""adx"": 39.24, ""rsi"": 64.18, ""bb_pct"": 0.828, ""regime"": ""TRENDING"", ""atr_pct"": 0.4591, ""research"": {""arm"": true, ""setup"": ""15m holding above hour open and EMA21"", ""pred_side"": ""bull"", ""confidence"": 0.85, ""hour_start"": ""2026-10-05T21:00:00+00:00""}, ""rr_ratio"": 3.95, ""confidence"": 0.4886, ""funding_rate"": 0.0, ""zone_based_sl"": false, ""structure_trend"": ""RANGE"", ""structure_confirmed"": false, ""predicted_change_pct"": 0.3916}}"
6171,BR/USDT,BUY,FUTURES,0.43784741,0.43408524991431596,114.30922933,5,0.43408568,0.44334,-2.1502481000531377,-4.296200000000027,-2.1302281000526433,0.020020000000494614,0,CLOSED,t,TRENDING,f,2026-10-05 21:17:32.200577+00,2026-10-05 21:25:55.091932+00,PAPER-1791235052,"{""close_reason"": ""stop_loss"", ""entry_indicators"": {""adx"": 25.81, ""rsi"": 54.82, ""bb_pct"": 0.8093, ""regime"": ""TRENDING"", ""atr_pct"": 3.5998, ""research"": {""arm"": true, ""setup"": ""15m sweep of hour low then reclaim"", ""pred_side"": ""bull"", ""confidence"": 0.85, ""hour_start"": ""2026-10-05T21:00:00+00:00""}, ""rr_ratio"": 1.78, ""confidence"": 0.5876, ""funding_rate"": 0.0002, ""zone_based_sl"": false, ""structure_trend"": ""DOWN"", ""structure_confirmed"": false, ""predicted_change_pct"": 15.2244}}"
6172,XPT/USDT,BUY,FUTURES,1725.2735499999997,1723.46,0.02900989,5,1710.3107029,1775.2565,-0.2630544300474526,-0.5255833198160587,-0.24303443168528882,0.020019998362163796,0,CLOSED,t,TRENDING,f,2026-10-05 21:24:43.758159+00,2026-10-05 21:40:28.318581+00,PAPER-1791235483,"{""close_reason"": ""negative_timeout"", ""entry_indicators"": {""adx"": 27.4, ""rsi"": 54.11, ""bb_pct"": 0.5079, ""regime"": ""TRENDING"", ""atr_pct"": 0.3981, ""research"": {""arm"": true, ""setup"": ""mixed 15m structure — EMA side only"", ""pred_side"": ""bull"", ""confidence"": 0.8, ""hour_start"": ""2026-10-05T21:00:00+00:00""}, ""rr_ratio"": 3.91, ""confidence"": 0.5484, ""funding_rate"": 0.0, ""zone_based_sl"": true, ""structure_trend"": ""UP"", ""structure_confirmed"": true, ""predicted_change_pct"": -0.2545}}"
6173,AXTI/USDT,BUY,FUTURES,86.92684,86.71,0.57577153,5,86.180016,87.47,-0.6242514928260102,-1.2472557382737226,-0.6042314929600642,0.020019999865946082,0,CLOSED,t,TRENDING,f,2026-10-05 21:29:47.188813+00,2026-10-05 21:44:48.133098+00,PAPER-1791235787,"{""close_reason"": ""negative_timeout"", ""entry_indicators"": {""adx"": 29.63, ""rsi"": 56.61, ""bb_pct"": 0.6297, ""regime"": ""TRENDING"", ""atr_pct"": 1.0599, ""research"": {""arm"": true, ""setup"": ""mixed 15m structure — EMA side only"", ""pred_side"": ""bull"", ""confidence"": 0.85, ""hour_start"": ""2026-10-05T21:00:00+00:00""}, ""rr_ratio"": 0.95, ""confidence"": 0.8152, ""funding_rate"": 0.0, ""zone_based_sl"": false, ""structure_trend"": ""RANGE"", ""structure_confirmed"": false, ""predicted_change_pct"": 4.0495}}"
6174,BR/USDT,BUY,FUTURES,0.43268225,0.43105,115.67379988,5,0.4289649,0.44334,-0.944042799270647,-1.8861993992126957,-0.9240227992713957,0.02001999999925125,0,CLOSED,t,TRENDING,f,2026-10-05 21:30:55.262202+00,2026-10-05 21:46:00.334539+00,PAPER-1791235855,"{""close_reason"": ""negative_timeout"", ""entry_indicators"": {""adx"": 25.81, ""rsi"": 54.82, ""bb_pct"": 0.8093, ""regime"": ""TRENDING"", ""atr_pct"": 3.5998, ""research"": {""arm"": true, ""setup"": ""mixed 15m structure — EMA side only"", ""pred_side"": ""bull"", ""confidence"": 0.85, ""hour_start"": ""2026-10-05T21:00:00+00:00""}, ""rr_ratio"": 3.38, ""confidence"": 0.5876, ""funding_rate"": 0.000199, ""zone_based_sl"": false, ""structure_trend"": ""DOWN"", ""structure_confirmed"": false, ""predicted_change_pct"": 15.2244}}"
6175,TSLA/USDT,BUY,FUTURES,379.74936999999994,379.17,0.13179745,5,376.486788,390.7511,-0.3817974430324418,-0.7628320752710027,-0.3617774435903992,0.0200199994420426,0,CLOSED,t,TRENDING,f,2026-10-05 21:31:10.902479+00,2026-10-05 21:46:15.868773+00,PAPER-1791235870,"{""close_reason"": ""negative_timeout"", ""entry_indicators"": {""adx"": 39.24, ""rsi"": 64.18, ""bb_pct"": 0.828, ""regime"": ""TRENDING"", ""atr_pct"": 0.4591, ""research"": {""arm"": true, ""setup"": ""mixed 15m structure — EMA side only"", ""pred_side"": ""bull"", ""confidence"": 0.85, ""hour_start"": ""2026-10-05T21:00:00+00:00""}, ""rr_ratio"": 3.95, ""confidence"": 0.4886, ""funding_rate"": 0.0, ""zone_based_sl"": false, ""structure_trend"": ""RANGE"", ""structure_confirmed"": false, ""predicted_change_pct"": 0.3916}}"
6176,SKYAI/USDT,SELL,FUTURES,0.03491505,0.03521558478438,1430.61516452,5,0.03521562,0.03365563,-2.1497480999988574,-4.30379999999995,-2.1297680999988677,0.019979999999989614,0,CLOSED,t,TRENDING,f,2026-10-05 21:37:02.679515+00,2026-10-06 06:27:22.777468+00,PAPER-SHORT-1791236222,"{""close_reason"": ""stop_loss"", ""entry_indicators"": {""adx"": 36.33, ""rsi"": 32.41, ""bb_pct"": 0.1222, ""regime"": ""TRENDING"", ""atr_pct"": 2.469, ""research"": {""arm"": true, ""setup"": ""15m holding below hour open and EMA21"", ""pred_side"": ""bear"", ""confidence"": 0.85, ""hour_start"": ""2026-10-05T21:00:00+00:00""}, ""rr_ratio"": 4.87, ""confidence"": 0.4876, ""funding_rate"": 0.0001, ""zone_based_sl"": false, ""structure_trend"": ""RANGE"", ""structure_confirmed"": false, ""predicted_change_pct"": 1.9507}}"
6177,SNXX/USDT,SELL,FUTURES,15.96402,15.87,3.12891114,5,16.101448,15.5006,1.470901126914007,2.94474699981585,1.4908811269208802,0.01998000000687312,0,CLOSED,t,TRANSITION,f,2026-10-05 21:43:25.513119+00,2026-10-06 06:27:22.704105+00,PAPER-SHORT-1791236605,"{""close_reason"": ""max_hold"", ""entry_indicators"": {""adx"": 22.02, ""rsi"": 40.39, ""bb_pct"": 0.1202, ""regime"": ""TRANSITION"", ""atr_pct"": 0.9884, ""research"": {""arm"": true, ""setup"": ""15m holding below hour open and EMA21"", ""pred_side"": ""bear"", ""confidence"": 0.85, ""hour_start"": ""2026-10-05T21:00:00+00:00""}, ""rr_ratio"": 3.95, ""confidence"": 0.5144, ""funding_rate"": 0.0, ""zone_based_sl"": false, ""structure_trend"": ""DOWN"", ""structure_confirmed"": true, ""predicted_change_pct"": 1.6255}}"
6178,XPT/USDT,BUY,FUTURES,1725.13341,1714.27,0.02901225,5,1710.31078651,1775.1123,-1.5758598338625018,-3.148570985011534,-1.5558398331527927,0.020020000709709,0,CLOSED,t,TRENDING,f,2026-10-05 21:45:29.452644+00,2026-10-06 06:27:29.311336+00,PAPER-1791236729,"{""close_reason"": ""negative_timeout"", ""entry_indicators"": {""adx"": 27.4, ""rsi"": 54.11, ""bb_pct"": 0.5079, ""regime"": ""TRENDING"", ""atr_pct"": 0.3981, ""research"": {""arm"": true, ""setup"": ""mixed 15m structure — EMA side only"", ""pred_side"": ""bull"", ""confidence"": 0.8, ""hour_start"": ""2026-10-05T21:00:00+00:00""}, ""rr_ratio"": 3.95, ""confidence"": 0.5484, ""funding_rate"": 0.0, ""zone_based_sl"": true, ""structure_trend"": ""UP"", ""structure_confirmed"": true, ""predicted_change_pct"": -0.2545}}"
6179,RAYSOL/USDT,BUY,FUTURES,2.2191168999999995,2.2000493599484394,22.55401687,5,2.20005156,2.283407,-2.150248099961438,-4.296200000000027,-2.1302280999617973,0.02001999999964084,0,CLOSED,t,TRANSITION,f,2026-10-05 21:46:58.970244+00,2026-10-06 06:27:29.288164+00,PAPER-1791236818,"{""close_reason"": ""stop_loss"", ""entry_indicators"": {""adx"": 19.57, ""rsi"": 69.56, ""bb_pct"": 1.0721, ""regime"": ""TRANSITION"", ""atr_pct"": 1.3009, ""research"": {""arm"": true, ""setup"": ""15m holding above hour open and EMA21"", ""pred_side"": ""bull"", ""confidence"": 0.85, ""hour_start"": ""2026-10-05T21:00:00+00:00""}, ""rr_ratio"": 3.95, ""confidence"": 0.5674, ""funding_rate"": 0.0001, ""zone_based_sl"": false, ""structure_trend"": ""DOWN"", ""structure_confirmed"": false, ""predicted_change_pct"": -2.0308}}"
6180,BR/USDT,BUY,FUTURES,0.4331326999999999,0.4294110505885199,115.55350127,5,0.42941148,0.44334,-2.1502480999797577,-4.296200000000027,-2.1302280999799463,0.020019999999811407,0,CLOSED,t,TRENDING,f,2026-10-05 21:51:00.644263+00,2026-10-06 06:27:29.254494+00,PAPER-1791237060,"{""close_reason"": ""stop_loss"", ""entry_indicators"": {""adx"": 25.33, ""rsi"": 51.4, ""bb_pct"": 0.711, ""regime"": ""TRENDING"", ""atr_pct"": 3.6125, ""research"": {""arm"": true, ""setup"": ""mixed 15m structure — EMA side only"", ""pred_side"": ""bull"", ""confidence"": 0.85, ""hour_start"": ""2026-10-05T21:00:00+00:00""}, ""rr_ratio"": 3.24, ""confidence"": 0.5724, ""funding_rate"": 0.000192, ""zone_based_sl"": false, ""structure_trend"": ""DOWN"", ""structure_confirmed"": false, ""predicted_change_pct"": 15.2244}}"
6181,TSLA/USDT,BUY,FUTURES,379.59922,381.07,0.13184959,5,376.337928,390.5966,0.9696086999009945,1.9372800607967422,0.9896287005095225,0.02002000060852792,0,CLOSED,t,TRENDING,f,2026-10-05 21:51:16.343037+00,2026-10-06 06:27:29.238042+00,PAPER-1791237076,"{""close_reason"": ""max_hold"", ""entry_indicators"": {""adx"": 38.91, ""rsi"": 63.3, ""bb_pct"": 0.7869, ""regime"": ""TRENDING"", ""atr_pct"": 0.4338, ""research"": {""arm"": true, ""setup"": ""mixed 15m structure — EMA side only"", ""pred_side"": ""bull"", ""confidence"": 0.8, ""hour_start"": ""2026-10-05T21:00:00+00:00""}, ""rr_ratio"": 3.95, ""confidence"": 0.4886, ""funding_rate"": 0.0, ""zone_based_sl"": false, ""structure_trend"": ""RANGE"", ""structure_confirmed"": false, ""predicted_change_pct"": 0.3916}}"
6182,MVLL/USDT,SELL,FUTURES,37.88208,37.92,1.3185654,5,38.208192,37.61,-0.2499999998399982,-0.5005005005004969,-0.2300199998527854,0.019979999987212803,0,CLOSED,t,TRENDING,f,2026-10-06 06:27:23.929424+00,2026-10-06 06:46:06.601538+00,PAPER-SHORT-1791268043,"{""close_reason"": ""negative_timeout"", ""entry_indicators"": {""adx"": 31.65, ""rsi"": 41.94, ""bb_pct"": 0.2765, ""regime"": ""TRENDING"", ""atr_pct"": 0.9695, ""research"": {""arm"": true, ""setup"": ""15m sweep of hour low then reclaim"", ""pred_side"": ""bull"", ""confidence"": 0.85, ""hour_start"": ""2026-10-05T21:00:00+00:00""}, ""rr_ratio"": 1.08, ""confidence"": 0.8304, ""funding_rate"": -0.000093, ""zone_based_sl"": false, ""structure_trend"": ""UP"", ""structure_confirmed"": false, ""predicted_change_pct"": -4.1179}}"
6183,ZHIPU/USDT,SELL,FUTURES,90.86904,91.4,0.54969217,5,91.651296,84.76,-1.4593227729160205,-2.921567125612901,-1.4393427730026538,0.01997999991336672,0,CLOSED,t,TRENDING,f,2026-10-06 06:27:24.094478+00,2026-10-06 06:42:28.311985+00,PAPER-SHORT-1791268044,"{""close_reason"": ""negative_timeout"", ""entry_indicators"": {""adx"": 66.03, ""rsi"": 82.43, ""bb_pct"": 0.7974, ""regime"": ""TRENDING"", ""atr_pct"": 0.4872, ""research"": {""arm"": true, ""setup"": ""15m holding above hour open and EMA21"", ""pred_side"": ""bull"", ""confidence"": 0.85, ""hour_start"": ""2026-10-05T21:00:00+00:00""}, ""rr_ratio"": 8.97, ""confidence"": 0.502, ""funding_rate"": 0.0, ""zone_based_sl"": false, ""structure_trend"": ""RANGE"", ""structure_confirmed"": false, ""predicted_change_pct"": -1.9957}}"
6184,SKHY/USDT,BUY,FUTURES,189.55936999999997,190.39,0.26403337,5,187.930788,194.96,1.0965701906155179,2.190949463484748,1.1165901903259887,0.02001999971047076,0,CLOSED,t,TRANSITION,f,2026-10-06 06:27:24.121177+00,2026-10-06 08:27:28.711123+00,PAPER-1791268044,"{""close_reason"": ""max_hold"", ""entry_indicators"": {""adx"": 10.73, ""rsi"": 51.55, ""bb_pct"": 0.5587, ""regime"": ""TRANSITION"", ""atr_pct"": 0.455, ""research"": {""arm"": true, ""setup"": ""15m sweep of hour high then reject"", ""pred_side"": ""bear"", ""confidence"": 0.85, ""hour_start"": ""2026-10-05T21:00:00+00:00""}, ""rr_ratio"": 3.88, ""confidence"": 0.5118, ""funding_rate"": 0.0, ""zone_based_sl"": false, ""structure_trend"": ""RANGE"", ""structure_confirmed"": false, ""predicted_change_pct"": 1.0746}}"
6185,BTW/USDT,BUY,FUTURES,1.2006994999999998,1.1903826096161998,41.68403501,5,1.1903838,1.2558,-2.150248099763271,-4.296200000000027,-2.1302280997654752,0.020019999997795798,0,CLOSED,t,TRANSITION,f,2026-10-06 06:27:24.159656+00,2026-10-06 06:33:18.935634+00,PAPER-1791268044,"{""close_reason"": ""stop_loss"", ""entry_indicators"": {""adx"": 12.67, ""rsi"": 55.14, ""bb_pct"": 0.6847, ""regime"": ""TRANSITION"", ""atr_pct"": 3.9367, ""rr_ratio"": 6.18, ""confidence"": 0.5009, ""funding_rate"": 0.0, ""zone_based_sl"": false, ""structure_trend"": ""RANGE"", ""structure_confirmed"": false, ""predicted_change_pct"": 8.9397}}"
6186,NVDA/USDT,SELL,FUTURES,239.97978,240.22,0.20814254,5,242.045672,235.84,-0.25000000479399337,-0.5005005005004872,-0.2300200044108569,0.01998000038313648,0,CLOSED,t,TRENDING,f,2026-10-06 06:27:29.402073+00,2026-10-06 06:43:21.648669+00,PAPER-SHORT-1791268049,"{""close_reason"": ""negative_timeout"", ""entry_indicators"": {""adx"": 40.57, ""rsi"": 79.55, ""bb_pct"": 0.9618, ""regime"": ""TRENDING"", ""atr_pct"": 0.2605, ""research"": {""arm"": true, ""setup"": ""15m sweep of hour low then reclaim"", ""pred_side"": ""bull"", ""confidence"": 0.85, ""hour_start"": ""2026-10-05T21:00:00+00:00""}, ""rr_ratio"": 2.4, ""confidence"": 0.5054, ""funding_rate"": 0.000041, ""zone_based_sl"": false, ""structure_trend"": ""RANGE"", ""structure_confirmed"": false, ""predicted_change_pct"": -0.5335}}"
6187,META/USDT,SELL,FUTURES,744.5646899999999,745.49,0.06708618,5,746.87960688,726.94,-0.3103775660790272,-0.6213764985283423,-0.29039756575303355,0.019980000325993678,0,CLOSED,t,TRENDING,f,2026-10-06 06:27:29.462037+00,2026-10-06 06:43:48.468262+00,PAPER-SHORT-1791268049,"{""close_reason"": ""negative_timeout"", ""entry_indicators"": {""adx"": 36.52, ""rsi"": 72.88, ""bb_pct"": 0.7846, ""regime"": ""TRENDING"", ""atr_pct"": 0.259, ""research"": {""arm"": true, ""setup"": ""15m sweep of hour low then reclaim"", ""pred_side"": ""bull"", ""confidence"": 0.85, ""hour_start"": ""2026-10-05T21:00:00+00:00""}, ""rr_ratio"": 11.7, ""confidence"": 0.874, ""funding_rate"": 0.000057, ""zone_based_sl"": true, ""structure_trend"": ""RANGE"", ""structure_confirmed"": false, ""predicted_change_pct"": -0.2177}}"
6188,SPCX/USDT,BUY,FUTURES,173.55337999999998,173.36,0.2883839,5,172.062312,178.5814,-0.2788383929099483,-0.5571196596688699,-0.2588183926769155,0.0200200002330328,0,CLOSED,t,TRENDING,f,2026-10-06 06:32:24.404424+00,2026-10-06 06:59:24.100071+00,PAPER-1791268344,"{""close_reason"": ""negative_timeout"", ""entry_indicators"": {""adx"": 54.53, ""rsi"": 79.75, ""bb_pct"": 0.9402, ""regime"": ""TRENDING"", ""atr_pct"": 0.6753, ""research"": {""arm"": true, ""setup"": ""15m sweep of hour low then reclaim"", ""pred_side"": ""bull"", ""confidence"": 0.85, ""hour_start"": ""2026-10-06T06:00:00+00:00""}, ""rr_ratio"": 3.95, ""confidence"": 0.5951, ""funding_rate"": 0.00005, ""zone_based_sl"": false, ""structure_trend"": ""DOWN"", ""structure_confirmed"": false, ""predicted_change_pct"": -2.0606}}"
6189,SNXX/USDT,BUY,FUTURES,15.90589,15.88,3.1466331,5,15.769236,16.46,-0.4073316547949923,-0.8138494607972113,-0.38731165481140867,0.0200199999835836,0,CLOSED,t,TRANSITION,f,2026-10-06 06:32:24.467019+00,2026-10-06 06:51:38.388979+00,PAPER-1791268344,"{""close_reason"": ""negative_timeout"", ""entry_indicators"": {""adx"": 21.56, ""rsi"": 39.22, ""bb_pct"": 0.1177, ""regime"": ""TRANSITION"", ""atr_pct"": 0.9514, ""research"": {""arm"": true, ""setup"": ""15m sweep of hour low then reclaim"", ""pred_side"": ""bull"", ""confidence"": 0.85, ""hour_start"": ""2026-10-06T06:00:00+00:00""}, ""rr_ratio"": 4.72, ""confidence"": 0.5144, ""funding_rate"": 0.0, ""zone_based_sl"": false, ""structure_trend"": ""DOWN"", ""structure_confirmed"": true, ""predicted_change_pct"": 1.6255}}"
6190,BR/USDT,SELL,FUTURES,0.40783176,0.41134221265737597,122.47697433,5,0.41134262,0.39365,-2.149748100020594,-4.303799999999981,-2.1297681000204025,0.01998000000019149,0,CLOSED,t,TRENDING,f,2026-10-06 06:33:18.993269+00,2026-10-06 06:40:06.108466+00,PAPER-SHORT-1791268398,"{""close_reason"": ""stop_loss"", ""entry_indicators"": {""adx"": 25.33, ""rsi"": 51.4, ""bb_pct"": 0.711, ""regime"": ""TRENDING"", ""atr_pct"": 3.6125, ""research"": {""arm"": true, ""setup"": ""15m sweep of hour high then reject"", ""pred_side"": ""bear"", ""confidence"": 0.85, ""hour_start"": ""2026-10-06T06:00:00+00:00""}, ""rr_ratio"": 4.7, ""confidence"": 0.5724, ""funding_rate"": 0.00161, ""zone_based_sl"": false, ""structure_trend"": ""DOWN"", ""structure_confirmed"": false, ""predicted_change_pct"": 15.2244}}"
6191,BTW/USDT,BUY,FUTURES,1.1656644999999999,1.195,42.93688278,5,1.1518235,1.2558,6.297874623963475,12.58316608252208,6.317894623962398,0.020019999998922924,0,CLOSED,t,TRANSITION,f,2026-10-06 06:40:06.199812+00,2026-10-06 07:56:03.570512+00,PAPER-1791268806,"{""close_reason"": ""manual"", ""entry_indicators"": {""adx"": 12.67, ""rsi"": 55.14, ""bb_pct"": 0.6847, ""regime"": ""TRANSITION"", ""atr_pct"": 3.9367, ""research"": {""arm"": true, ""setup"": ""15m sweep of hour low then reclaim"", ""pred_side"": ""bull"", ""confidence"": 0.85, ""hour_start"": ""2026-10-06T06:00:00+00:00""}, ""rr_ratio"": 7.2, ""confidence"": 0.5009, ""funding_rate"": 0.0, ""zone_based_sl"": true, ""structure_trend"": ""RANGE"", ""structure_confirmed"": false, ""predicted_change_pct"": 8.9397}}"
6192,RAYSOL/USDT,SELL,FUTURES,2.1225753,2.1263,23.53273403,5,2.14084772,2.0077,-0.4382618722077341,-0.877401145674372,-0.4182818722103151,0.019979999997418982,0,CLOSED,t,TRANSITION,f,2026-10-06 06:42:28.406587+00,2026-10-06 07:49:03.556661+00,PAPER-SHORT-1791268948,"{""close_reason"": ""negative_timeout"", ""entry_indicators"": {""adx"": 21.66, ""rsi"": 73.59, ""bb_pct"": 1.1126, ""regime"": ""TRANSITION"", ""atr_pct"": 1.3274, ""research"": {""arm"": true, ""setup"": ""15m holding below hour open and EMA21"", ""pred_side"": ""bear"", ""confidence"": 0.85, ""hour_start"": ""2026-10-06T06:00:00+00:00""}, ""rr_ratio"": 7.25, ""confidence"": 0.7125, ""funding_rate"": 0.0001, ""zone_based_sl"": false, ""structure_trend"": ""DOWN"", ""structure_confirmed"": false, ""predicted_change_pct"": -2.0308}}"
6193,TSLA/USDT,BUY,FUTURES,381.58119999999997,381.09,0.13116474,5,378.30288,392.636,-0.32214060143998374,-0.6436375796291527,-0.30212060188522855,0.0200199995547552,0,CLOSED,t,TRENDING,f,2026-10-06 06:43:21.768239+00,2026-10-06 06:58:24.654439+00,PAPER-1791269001,"{""close_reason"": ""negative_timeout"", ""entry_indicators"": {""adx"": 38.91, ""rsi"": 63.3, ""bb_pct"": 0.7869, ""regime"": ""TRENDING"", ""atr_pct"": 0.4338, ""research"": {""arm"": true, ""setup"": ""15m sweep of hour low then reclaim"", ""pred_side"": ""bull"", ""confidence"": 0.85, ""hour_start"": ""2026-10-06T06:00:00+00:00""}, ""rr_ratio"": 3.95, ""confidence"": 0.4886, ""funding_rate"": 0.0, ""zone_based_sl"": false, ""structure_trend"": ""RANGE"", ""structure_confirmed"": false, ""predicted_change_pct"": 0.3916}}"
6194,XPT/USDT,BUY,FUTURES,1715.18347,1711.72,0.02918055,5,1710.36830236,1764.8741,-0.5053297975424911,-1.0096500055472024,-0.4853097987402877,0.020019998802203398,0,CLOSED,t,TRENDING,f,2026-10-06 06:43:48.641176+00,2026-10-06 06:58:51.538961+00,PAPER-1791269028,"{""close_reason"": ""negative_timeout"", ""entry_indicators"": {""adx"": 25.53, ""rsi"": 53.91, ""bb_pct"": 0.4964, ""regime"": ""TRENDING"", ""atr_pct"": 0.3781, ""research"": {""arm"": true, ""setup"": ""15m sweep of hour low then reclaim"", ""pred_side"": ""bull"", ""confidence"": 0.85, ""hour_start"": ""2026-10-06T06:00:00+00:00""}, ""rr_ratio"": 16.57, ""confidence"": 0.5318, ""funding_rate"": 0.0, ""zone_based_sl"": true, ""structure_trend"": ""UP"", ""structure_confirmed"": true, ""predicted_change_pct"": -0.2545}}"
6195,BR/USDT,BUY,FUTURES,0.41425383999999993,0.41069440530518386,120.81964044,5,0.41069482,0.44334,-2.1502480999866926,-4.296200000000083,-2.130228099986817,0.020019999999875714,0,CLOSED,t,TRENDING,f,2026-10-06 06:46:06.648634+00,2026-10-06 06:47:16.533241+00,PAPER-1791269166,"{""close_reason"": ""stop_loss"", ""entry_indicators"": {""adx"": 25.33, ""rsi"": 51.4, ""bb_pct"": 0.711, ""regime"": ""TRENDING"", ""atr_pct"": 3.6125, ""research"": {""arm"": true, ""setup"": ""15m sweep of hour low then reclaim"", ""pred_side"": ""bull"", ""confidence"": 0.85, ""hour_start"": ""2026-10-06T06:00:00+00:00""}, ""rr_ratio"": 9.38, ""confidence"": 0.5724, ""funding_rate"": 0.001359, ""zone_based_sl"": false, ""structure_trend"": ""DOWN"", ""structure_confirmed"": false, ""predicted_change_pct"": 15.2244}}"
6196,ZHIPU/USDT,BUY,FUTURES,91.46136999999999,91.36,0.54722557,5,90.675588,94.1111,-0.2773612801544565,-0.5541683882495096,-0.2573412800219641,0.02002000013249236,0,CLOSED,t,TRENDING,f,2026-10-06 06:47:32.049286+00,2026-10-06 07:02:35.253937+00,PAPER-1791269252,"{""close_reason"": ""negative_timeout"", ""entry_indicators"": {""adx"": 66.03, ""rsi"": 82.43, ""bb_pct"": 0.7974, ""regime"": ""TRENDING"", ""atr_pct"": 0.4872, ""research"": {""arm"": true, ""setup"": ""15m sweep of hour low then reclaim"", ""pred_side"": ""bull"", ""confidence"": 0.85, ""hour_start"": ""2026-10-06T06:00:00+00:00""}, ""rr_ratio"": 3.95, ""confidence"": 0.502, ""funding_rate"": 0.0, ""zone_based_sl"": false, ""structure_trend"": ""RANGE"", ""structure_confirmed"": false, ""predicted_change_pct"": -1.9957}}"
6197,SNXX/USDT,BUY,FUTURES,15.90589,15.82,3.1466331,5,15.769236,16.46,-1.3513215847949969,-2.6999432285775837,-1.3313015848114134,0.0200199999835836,0,CLOSED,t,TRANSITION,f,2026-10-06 06:56:43.927836+00,2026-10-06 07:11:46.324939+00,PAPER-1791269803,"{""close_reason"": ""negative_timeout"", ""entry_indicators"": {""adx"": 21.56, ""rsi"": 39.22, ""bb_pct"": 0.1177, ""regime"": ""TRANSITION"", ""atr_pct"": 0.9514, ""research"": {""arm"": true, ""setup"": ""15m sweep of hour low then reclaim"", ""pred_side"": ""bull"", ""confidence"": 0.85, ""hour_start"": ""2026-10-06T06:00:00+00:00""}, ""rr_ratio"": 4.72, ""confidence"": 0.5144, ""funding_rate"": 0.0, ""zone_based_sl"": false, ""structure_trend"": ""DOWN"", ""structure_confirmed"": true, ""predicted_change_pct"": 1.6255}}"
6198,AIO/USDT,BUY,FUTURES,0.04360356,0.04322890077105599,1147.84205693,5,0.04322894,0.04479,-2.150248099994485,-4.296200000000083,-2.130228099994537,0.020019999999948267,0,CLOSED,t,TRANSITION,f,2026-10-06 06:58:24.763612+00,2026-10-06 07:07:14.494317+00,PAPER-1791269904,"{""close_reason"": ""stop_loss"", ""entry_indicators"": {""adx"": 13.14, ""rsi"": 44.82, ""bb_pct"": 0.2436, ""regime"": ""TRANSITION"", ""atr_pct"": 2.4609, ""research"": {""arm"": true, ""setup"": ""15m sweep of hour low then reclaim"", ""pred_side"": ""bull"", ""confidence"": 0.85, ""hour_start"": ""2026-10-06T06:00:00+00:00""}, ""rr_ratio"": 3.72, ""confidence"": 0.5137, ""funding_rate"": 0.000213, ""zone_based_sl"": false, ""structure_trend"": ""DOWN"", ""structure_confirmed"": false, ""predicted_change_pct"": 4.4224}}"
6199,MVLL/USDT,SELL,FUTURES,37.7622,37.6,1.32275132,5,38.08728,37.61,1.0727513205199906,2.147650295798425,1.0927313204784321,0.019979999958441602,0,CLOSED,t,TRENDING,f,2026-10-06 07:01:02.895059+00,2026-10-06 07:07:39.754332+00,PAPER-SHORT-1791270062,"{""close_reason"": ""take_profit"", ""entry_indicators"": {""adx"": 31.65, ""rsi"": 41.94, ""bb_pct"": 0.2765, ""regime"": ""TRENDING"", ""atr_pct"": 0.9695, ""research"": {""arm"": true, ""setup"": ""15m holding below hour open and EMA21"", ""pred_side"": ""bear"", ""confidence"": 0.85, ""hour_start"": ""2026-10-06T07:00:00+00:00""}, ""rr_ratio"": 0.66, ""confidence"": 0.8304, ""funding_rate"": 0.000205, ""zone_based_sl"": false, ""structure_trend"": ""UP"", ""structure_confirmed"": false, ""predicted_change_pct"": -4.1179}}"
6200,TSLA/USDT,BUY,FUTURES,381.15076999999997,380.76,0.13131287,5,377.876148,392.1931,-0.2565656510494895,-0.5126186679355049,-0.2365456504449255,0.020020000604563958,0,CLOSED,t,TRENDING,f,2026-10-06 07:03:28.540969+00,2026-10-06 07:18:43.619394+00,PAPER-1791270208,"{""close_reason"": ""negative_timeout"", ""entry_indicators"": {""adx"": 38.91, ""rsi"": 63.3, ""bb_pct"": 0.7869, ""regime"": ""TRENDING"", ""atr_pct"": 0.4338, ""research"": {""arm"": true, ""setup"": ""mixed 15m structure — EMA side only"", ""pred_side"": ""bull"", ""confidence"": 0.85, ""hour_start"": ""2026-10-06T07:00:00+00:00""}, ""rr_ratio"": 3.95, ""confidence"": 0.4886, ""funding_rate"": 0.0, ""zone_based_sl"": false, ""structure_trend"": ""RANGE"", ""structure_confirmed"": false, ""predicted_change_pct"": 0.3916}}"
6201,XPT/USDT,SELL,FUTURES,1709.53875,1713.87,0.02921841,5,1724.2555,1701.81,-0.6327611915624933,-1.2667890681038831,-0.6127811899191383,0.019980001643355,0,CLOSED,t,TRENDING,f,2026-10-06 07:03:55.948229+00,2026-10-06 07:19:00.600536+00,PAPER-SHORT-1791270235,"{""close_reason"": ""negative_timeout"", ""entry_indicators"": {""adx"": 25.53, ""rsi"": 53.91, ""bb_pct"": 0.4964, ""regime"": ""TRENDING"", ""atr_pct"": 0.3781, ""research"": {""arm"": true, ""setup"": ""15m holding below hour open and EMA21"", ""pred_side"": ""bear"", ""confidence"": 0.85, ""hour_start"": ""2026-10-06T07:00:00+00:00""}, ""rr_ratio"": 0.73, ""confidence"": 0.5318, ""funding_rate"": 0.0, ""zone_based_sl"": false, ""structure_trend"": ""UP"", ""structure_confirmed"": true, ""predicted_change_pct"": -0.2545}}"
6202,AXTI/USDT,BUY,FUTURES,86.43634999999999,86.87,0.5790388,5,85.69374,86.84,1.2555008781000374,2.5084932438725893,1.2755208782521894,0.020020000152152,0,CLOSED,t,TRENDING,f,2026-10-06 07:07:14.54544+00,2026-10-06 08:07:24.137842+00,PAPER-1791270434,"{""close_reason"": ""take_profit"", ""entry_indicators"": {""adx"": 28.34, ""rsi"": 56.14, ""bb_pct"": 0.6343, ""regime"": ""TRENDING"", ""atr_pct"": 1.0061, ""research"": {""arm"": true, ""setup"": ""15m sweep of hour low then reclaim"", ""pred_side"": ""bull"", ""confidence"": 0.85, ""hour_start"": ""2026-10-06T07:00:00+00:00""}, ""rr_ratio"": 0.75, ""confidence"": 0.7715, ""funding_rate"": 0.0, ""zone_based_sl"": false, ""structure_trend"": ""RANGE"", ""structure_confirmed"": false, ""predicted_change_pct"": 3.949}}"
6203,ZHIPU/USDT,BUY,FUTURES,91.33123999999998,90.84,0.54800526,5,90.546576,93.9772,-1.3460105196119485,-2.689331711690224,-1.3259905196430195,0.020019999968928958,0,CLOSED,t,TRENDING,f,2026-10-06 07:07:39.819117+00,2026-10-06 07:32:35.820249+00,PAPER-1791270459,"{""close_reason"": ""negative_timeout"", ""entry_indicators"": {""adx"": 66.03, ""rsi"": 82.43, ""bb_pct"": 0.7974, ""regime"": ""TRENDING"", ""atr_pct"": 0.4872, ""research"": {""arm"": true, ""setup"": ""15m holding above hour open and EMA21"", ""pred_side"": ""bull"", ""confidence"": 0.85, ""hour_start"": ""2026-10-06T07:00:00+00:00""}, ""rr_ratio"": 3.95, ""confidence"": 0.502, ""funding_rate"": 0.0, ""zone_based_sl"": false, ""structure_trend"": ""RANGE"", ""structure_confirmed"": false, ""predicted_change_pct"": -1.9957}}"
6204,SPCX/USDT,BUY,FUTURES,173.39321999999999,173.2,0.28865027,5,171.903528,178.4166,-0.27886502584699124,-0.5571728813848487,-0.25884502593932346,0.02001999990766776,0,CLOSED,t,TRENDING,f,2026-10-06 07:11:46.388556+00,2026-10-06 08:00:18.499087+00,PAPER-1791270706,"{""close_reason"": ""negative_timeout"", ""entry_indicators"": {""adx"": 54.53, ""rsi"": 79.75, ""bb_pct"": 0.9402, ""regime"": ""TRENDING"", ""atr_pct"": 0.6753, ""research"": {""arm"": true, ""setup"": ""mixed 15m structure — EMA side only"", ""pred_side"": ""bull"", ""confidence"": 0.85, ""hour_start"": ""2026-10-06T07:00:00+00:00""}, ""rr_ratio"": 3.95, ""confidence"": 0.5951, ""funding_rate"": 0.00005, ""zone_based_sl"": false, ""structure_trend"": ""DOWN"", ""structure_confirmed"": false, ""predicted_change_pct"": -2.0606}}"
6205,SNXX/USDT,SELL,FUTURES,15.82416,15.84,2.52525253,5,15.960384,15.3648,-0.2000000003760094,-0.5005005005005241,-0.1840160003459595,0.01598400003004992,0,CLOSED,t,TRANSITION,f,2026-10-06 07:18:43.732415+00,2026-10-06 07:37:54.586614+00,PAPER-SHORT-1791271123,"{""close_reason"": ""negative_timeout"", ""entry_indicators"": {""adx"": 21.56, ""rsi"": 39.22, ""bb_pct"": 0.1177, ""regime"": ""TRANSITION"", ""atr_pct"": 0.9514, ""research"": {""arm"": true, ""setup"": ""15m holding below hour open and EMA21"", ""pred_side"": ""bear"", ""confidence"": 0.85, ""hour_start"": ""2026-10-06T07:00:00+00:00""}, ""rr_ratio"": 3.95, ""confidence"": 0.5144, ""funding_rate"": 0.0, ""zone_based_sl"": false, ""structure_trend"": ""DOWN"", ""structure_confirmed"": true, ""predicted_change_pct"": 1.6255}}"
6206,AIO/USDT,BUY,FUTURES,0.043303259999999996,0.04308,924.64170134,5,0.04293122,0.04353,-1.0321775312058303,-2.5778659620545596,-1.016161531205843,0.016015999999987346,0,CLOSED,t,TRANSITION,f,2026-10-06 07:19:00.705109+00,2026-10-06 07:34:01.647469+00,PAPER-1791271140,"{""close_reason"": ""negative_timeout"", ""entry_indicators"": {""adx"": 13.14, ""rsi"": 44.82, ""bb_pct"": 0.2436, ""regime"": ""TRANSITION"", ""atr_pct"": 2.4609, ""research"": {""arm"": true, ""setup"": ""mixed 15m structure — EMA side only"", ""pred_side"": ""bull"", ""confidence"": 0.85, ""hour_start"": ""2026-10-06T07:00:00+00:00""}, ""rr_ratio"": 0.82, ""confidence"": 0.5137, ""funding_rate"": 0.000302, ""zone_based_sl"": false, ""structure_trend"": ""DOWN"", ""structure_confirmed"": false, ""predicted_change_pct"": 4.4224}}"
6207,ORCL/USDT,BUY,FUTURES,143.53338999999997,143.85,0.27895948,5,142.68050652,145.3,0.4416068048140396,1.1029141024260225,0.4576228047488545,0.016015999934814874,0,CLOSED,t,TRANSITION,f,2026-10-06 07:32:35.991205+00,2026-10-06 09:32:38.282133+00,PAPER-1791271955,"{""close_reason"": ""max_hold"", ""entry_indicators"": {""adx"": 14.12, ""rsi"": 52.26, ""bb_pct"": 0.5099, ""regime"": ""TRANSITION"", ""atr_pct"": 0.3231, ""research"": {""arm"": true, ""setup"": ""15m sweep of hour low then reclaim"", ""pred_side"": ""bull"", ""confidence"": 0.85, ""hour_start"": ""2026-10-06T07:00:00+00:00""}, ""rr_ratio"": 2.69, ""confidence"": 0.5094, ""funding_rate"": 0.0, ""zone_based_sl"": true, ""structure_trend"": ""RANGE"", ""structure_confirmed"": false, ""predicted_change_pct"": 0.919}}"
6208,MU/USDT,SELL,FUTURES,1056.48246,1058.22,0.03782363,5,1067.98705038,1025.8138,-0.32860035035101526,-0.8223231647405111,-0.31261634968360336,0.01598400066741192,0,CLOSED,t,TRENDING,f,2026-10-06 07:34:03.608205+00,2026-10-06 07:49:10.974267+00,PAPER-SHORT-1791272043,"{""close_reason"": ""negative_timeout"", ""entry_indicators"": {""adx"": 33.17, ""rsi"": 34.14, ""bb_pct"": 0.2077, ""regime"": ""TRENDING"", ""atr_pct"": 0.3386, ""research"": {""arm"": true, ""setup"": ""15m holding below hour open and EMA21"", ""pred_side"": ""bear"", ""confidence"": 0.85, ""hour_start"": ""2026-10-06T07:00:00+00:00""}, ""rr_ratio"": 3.04, ""confidence"": 0.5492, ""funding_rate"": 0.0, ""zone_based_sl"": true, ""structure_trend"": ""DOWN"", ""structure_confirmed"": true, ""predicted_change_pct"": -0.5414}}"
6209,NVDA/USDT,BUY,FUTURES,240.69044999999997,240.44,0.16635475,5,239.29059511,247.6635,-0.2083177356874849,-0.5202740698685426,-0.1923017358326299,0.016015999854855,0,CLOSED,t,TRENDING,f,2026-10-06 07:37:56.800026+00,2026-10-06 07:57:18.7423+00,PAPER-1791272276,"{""close_reason"": ""negative_timeout"", ""entry_indicators"": {""adx"": 44.41, ""rsi"": 74.56, ""bb_pct"": 0.7361, ""regime"": ""TRENDING"", ""atr_pct"": 0.2479, ""research"": {""arm"": true, ""setup"": ""15m sweep of hour low then reclaim"", ""pred_side"": ""bull"", ""confidence"": 0.85, ""hour_start"": ""2026-10-06T07:00:00+00:00""}, ""rr_ratio"": 6.22, ""confidence"": 0.5196, ""funding_rate"": 0.000062, ""zone_based_sl"": true, ""structure_trend"": ""UP"", ""structure_confirmed"": true, ""predicted_change_pct"": -0.2991}}"
6210,MAGMA/USDT,BUY,FUTURES,0.21332310999999998,0.2213,187.69649477,5,0.21149036,0.24309,7.486171460829345,18.696731919950025,7.502187460829519,0.01601600000017405,0,CLOSED,t,TRENDING,f,2026-10-06 07:49:05.949746+00,2026-10-06 07:55:55.632507+00,PAPER-1791272945,"{""close_reason"": ""manual"", ""entry_indicators"": {""adx"": 26.48, ""rsi"": 61.1, ""bb_pct"": 1.2431, ""regime"": ""TRENDING"", ""atr_pct"": 2.2807, ""research"": {""arm"": true, ""setup"": ""15m sweep of hour low then reclaim"", ""pred_side"": ""bull"", ""confidence"": 0.85, ""hour_start"": ""2026-10-06T07:00:00+00:00""}, ""rr_ratio"": 18.51, ""confidence"": 0.4851, ""funding_rate"": -0.000201, ""zone_based_sl"": false, ""structure_trend"": ""UP"", ""structure_confirmed"": true, ""predicted_change_pct"": 1.6816}}"
6211,META/USDT,BUY,FUTURES,746.1453999999999,747.37,0.05366246,5,741.98733971,767.762,0.32857524258003745,0.820617536474888,0.34459124165271104,0.0160159990726736,0,CLOSED,t,TRENDING,f,2026-10-06 07:50:21.638115+00,2026-10-06 09:50:22.504747+00,PAPER-1791273021,"{""close_reason"": ""max_hold"", ""entry_indicators"": {""adx"": 42.43, ""rsi"": 75.08, ""bb_pct"": 0.6661, ""regime"": ""TRENDING"", ""atr_pct"": 0.1813, ""research"": {""arm"": true, ""setup"": ""15m sweep of hour low then reclaim"", ""pred_side"": ""bull"", ""confidence"": 0.85, ""hour_start"": ""2026-10-06T07:00:00+00:00""}, ""rr_ratio"": 6.55, ""confidence"": 0.874, ""funding_rate"": 0.000016, ""zone_based_sl"": true, ""structure_trend"": ""UP"", ""structure_confirmed"": true, ""predicted_change_pct"": -0.1022}}"
6212,RAYSOL/USDT,SELL,FUTURES,2.1361617,2.15454892544892,18.70644905,5,2.15455108,2.0077,-1.7197984801553974,-4.303799999999926,-1.7038144801539528,0.015984000001444558,0,CLOSED,t,TRANSITION,f,2026-10-06 07:55:58.536482+00,2026-10-06 07:57:43.441905+00,PAPER-SHORT-1791273358,"{""close_reason"": ""stop_loss"", ""entry_indicators"": {""adx"": 24.56, ""rsi"": 47.0, ""bb_pct"": 0.4515, ""regime"": ""TRANSITION"", ""atr_pct"": 1.376, ""research"": {""arm"": true, ""setup"": ""mixed 15m structure — EMA side only"", ""pred_side"": ""bear"", ""confidence"": 0.85, ""hour_start"": ""2026-10-06T07:00:00+00:00""}, ""rr_ratio"": 8.04, ""confidence"": 0.6011, ""funding_rate"": 0.0001, ""zone_based_sl"": false, ""structure_trend"": ""RANGE"", ""structure_confirmed"": false, ""predicted_change_pct"": -1.7917}}"
6213,MAGMA/USDT,BUY,FUTURES,0.22181158999999998,0.21990569609408397,180.51356108,5,0.21990592,0.24309,-1.720198479987849,-4.296200000000027,-1.7041824799879621,0.016015999999886767,0,CLOSED,t,TRENDING,f,2026-10-06 08:01:00.436827+00,2026-10-06 08:02:34.228764+00,PAPER-1791273660,"{""close_reason"": ""stop_loss"", ""entry_indicators"": {""adx"": 26.48, ""rsi"": 61.1, ""bb_pct"": 1.2431, ""regime"": ""TRENDING"", ""atr_pct"": 2.2807, ""research"": {""arm"": true, ""setup"": ""15m sweep of hour low then reclaim"", ""pred_side"": ""bull"", ""confidence"": 0.85, ""hour_start"": ""2026-10-06T07:00:00+00:00""}, ""rr_ratio"": 12.77, ""confidence"": 0.4851, ""funding_rate"": -0.000168, ""zone_based_sl"": false, ""structure_trend"": ""UP"", ""structure_confirmed"": true, ""predicted_change_pct"": 1.6816}}"
6214,BTW/USDT,BUY,FUTURES,1.2064051999999998,1.1960392839595198,29.0408231,5,1.19604048,1.2558,-1.5051736700051699,-4.296200000000027,-1.4911596700051217,0.014014000000048047,0,CLOSED,t,TRANSITION,f,2026-10-06 08:01:14.507403+00,2026-10-06 08:01:50.250848+00,PAPER-1791273674,"{""close_reason"": ""stop_loss"", ""entry_indicators"": {""adx"": 10.54, ""rsi"": 48.53, ""bb_pct"": 0.3539, ""regime"": ""TRANSITION"", ""atr_pct"": 4.3014, ""research"": {""arm"": true, ""setup"": ""15m sweep of hour low then reclaim"", ""pred_side"": ""bull"", ""confidence"": 0.85, ""hour_start"": ""2026-10-06T08:00:00+00:00""}, ""rr_ratio"": 5.52, ""confidence"": 0.5092, ""funding_rate"": 0.0, ""zone_based_sl"": false, ""structure_trend"": ""RANGE"", ""structure_confirmed"": false, ""predicted_change_pct"": 13.1123}}"
6215,PLTR/USDT,BUY,FUTURES,190.00981999999996,189.76,0.26340744,5,189.07007565,195.5146,-0.3290222333039643,-0.6573870760994693,-0.30900223319953996,0.020020000104424316,0,CLOSED,t,TRENDING,f,2026-10-06 08:01:16.729387+00,2026-10-06 08:29:18.297749+00,PAPER-1791273676,"{""close_reason"": ""negative_timeout"", ""entry_indicators"": {""adx"": 38.72, ""rsi"": 54.21, ""bb_pct"": 0.6829, ""regime"": ""TRENDING"", ""atr_pct"": 0.2456, ""research"": {""arm"": true, ""setup"": ""15m sweep of hour low then reclaim"", ""pred_side"": ""bull"", ""confidence"": 0.85, ""hour_start"": ""2026-10-06T08:00:00+00:00""}, ""rr_ratio"": 7.59, ""confidence"": 0.6395, ""funding_rate"": 0.0, ""zone_based_sl"": true, ""structure_trend"": ""UP"", ""structure_confirmed"": false, ""predicted_change_pct"": -0.1346}}"
6216,MVLL/USDT,BUY,FUTURES,37.907869999999996,37.86,1.12226036,5,37.39962678,39.25,-0.26861301716598057,-0.6313992318744965,-0.2515960172327673,0.01701699993321328,0,CLOSED,t,TRANSITION,f,2026-10-06 08:01:31.699862+00,2026-10-06 08:21:47.055584+00,PAPER-1791273691,"{""close_reason"": ""negative_timeout"", ""entry_indicators"": {""adx"": 22.78, ""rsi"": 44.1, ""bb_pct"": 0.355, ""regime"": ""TRANSITION"", ""atr_pct"": 0.8868, ""research"": {""arm"": true, ""setup"": ""15m sweep of hour low then reclaim"", ""pred_side"": ""bull"", ""confidence"": 0.85, ""hour_start"": ""2026-10-06T08:00:00+00:00""}, ""rr_ratio"": 2.93, ""confidence"": 0.5375, ""funding_rate"": 0.000122, ""zone_based_sl"": true, ""structure_trend"": ""RANGE"", ""structure_confirmed"": false, ""predicted_change_pct"": 1.4802}}"
6217,NVDA/USDT,BUY,FUTURES,240.86061999999998,240.59,0.20779653,5,239.2905319,247.8386,-0.28116948474298775,-0.5617771805120908,-0.2611494843231283,0.020020000419859442,0,CLOSED,t,TRENDING,f,2026-10-06 08:02:24.161658+00,2026-10-06 08:29:17.684053+00,PAPER-1791273744,"{""close_reason"": ""negative_timeout"", ""entry_indicators"": {""adx"": 44.41, ""rsi"": 74.56, ""bb_pct"": 0.7361, ""regime"": ""TRENDING"", ""atr_pct"": 0.2479, ""research"": {""arm"": true, ""setup"": ""15m sweep of hour low then reclaim"", ""pred_side"": ""bull"", ""confidence"": 0.85, ""hour_start"": ""2026-10-06T08:00:00+00:00""}, ""rr_ratio"": 5.43, ""confidence"": 0.5196, ""funding_rate"": 0.00003, ""zone_based_sl"": true, ""structure_trend"": ""UP"", ""structure_confirmed"": true, ""predicted_change_pct"": -0.2991}}"
6218,SPCX/USDT,BUY,FUTURES,172.90272999999996,172.43,0.28946911,5,171.417252,177.9119,-0.68420366185143,-1.3670403006359466,-0.6641836621035618,0.020019999747868115,0,CLOSED,t,TRENDING,f,2026-10-06 08:05:23.711554+00,2026-10-06 08:20:25.43014+00,PAPER-1791273923,"{""close_reason"": ""negative_timeout"", ""entry_indicators"": {""adx"": 65.11, ""rsi"": 79.96, ""bb_pct"": 0.7459, ""regime"": ""TRENDING"", ""atr_pct"": 0.526, ""research"": {""arm"": true, ""setup"": ""mixed 15m structure — EMA side only"", ""pred_side"": ""bull"", ""confidence"": 0.85, ""hour_start"": ""2026-10-06T08:00:00+00:00""}, ""rr_ratio"": 3.95, ""confidence"": 0.6407, ""funding_rate"": 0.00005, ""zone_based_sl"": false, ""structure_trend"": ""RANGE"", ""structure_confirmed"": false, ""predicted_change_pct"": -2.3665}}"
6219,BTW/USDT,BUY,FUTURES,1.2077064999999998,1.1987,29.0095317,5,1.1973306,1.2558,-1.306371736280206,-3.7287619135939476,-1.2923577362817877,0.01401399999841842,0,CLOSED,t,TRANSITION,f,2026-10-06 08:07:24.186196+00,2026-10-06 09:05:50.611292+00,PAPER-1791274044,"{""close_reason"": ""negative_timeout"", ""entry_indicators"": {""adx"": 10.54, ""rsi"": 48.53, ""bb_pct"": 0.3539, ""regime"": ""TRANSITION"", ""atr_pct"": 4.3014, ""research"": {""arm"": true, ""setup"": ""15m sweep of hour low then reclaim"", ""pred_side"": ""bull"", ""confidence"": 0.85, ""hour_start"": ""2026-10-06T08:00:00+00:00""}, ""rr_ratio"": 5.38, ""confidence"": 0.5092, ""funding_rate"": 0.0, ""zone_based_sl"": false, ""structure_trend"": ""RANGE"", ""structure_confirmed"": false, ""predicted_change_pct"": 13.1123}}"
6220,MAGMA/USDT,BUY,FUTURES,0.21749728,0.21562845637132796,230.11782032,5,0.21562867,0.24309,-2.150248099962582,-4.296200000000027,-2.1302280999629306,0.02001999999965149,0,CLOSED,t,TRENDING,f,2026-10-06 08:20:27.668898+00,2026-10-06 08:29:58.564815+00,PAPER-1791274827,"{""close_reason"": ""stop_loss"", ""entry_indicators"": {""adx"": 26.48, ""rsi"": 61.1, ""bb_pct"": 1.2431, ""regime"": ""TRENDING"", ""atr_pct"": 2.2807, ""research"": {""arm"": true, ""setup"": ""mixed 15m structure — EMA side only"", ""pred_side"": ""bull"", ""confidence"": 0.85, ""hour_start"": ""2026-10-06T08:00:00+00:00""}, ""rr_ratio"": 15.63, ""confidence"": 0.4851, ""funding_rate"": -0.000145, ""zone_based_sl"": false, ""structure_trend"": ""UP"", ""structure_confirmed"": true, ""predicted_change_pct"": 1.6816}}"
6221,QQQ/USDT,BUY,FUTURES,758.1974399999999,759.12,0.06601183,5,755.62614749,780.1632,0.30449936942402794,0.6083903422307024,0.324519369630314,0.020020000206286078,0,CLOSED,t,TRENDING,f,2026-10-06 08:29:58.651612+00,2026-10-06 10:29:59.761379+00,PAPER-1791275398,"{""close_reason"": ""max_hold"", ""entry_indicators"": {""adx"": 41.76, ""rsi"": 67.83, ""bb_pct"": 0.7338, ""regime"": ""TRENDING"", ""atr_pct"": 0.1354, ""research"": {""arm"": true, ""setup"": ""15m sweep of hour low then reclaim"", ""pred_side"": ""bull"", ""confidence"": 0.85, ""hour_start"": ""2026-10-06T08:00:00+00:00""}, ""rr_ratio"": 12.53, ""confidence"": 0.6686, ""funding_rate"": 0.0, ""zone_based_sl"": true, ""structure_trend"": ""UP"", ""structure_confirmed"": true, ""predicted_change_pct"": -0.2}}"
6222,AKE/USDT,SELL,FUTURES,0.030322647,0.030456,1647.2836293,5,0.03058368,0.02944241,-1.0983510690902083,-2.198901039213352,-1.0783710690901511,0.019980000000057105,0,CLOSED,t,TRENDING,f,2026-10-06 08:29:58.728962+00,2026-10-06 08:56:18.95333+00,PAPER-SHORT-1791275398,"{""close_reason"": ""negative_timeout"", ""entry_indicators"": {""adx"": 48.71, ""rsi"": 35.95, ""bb_pct"": 0.301, ""regime"": ""TRENDING"", ""atr_pct"": 1.4815, ""research"": {""arm"": true, ""setup"": ""mixed 15m structure — EMA side only"", ""pred_side"": ""bear"", ""confidence"": 0.85, ""hour_start"": ""2026-10-06T08:00:00+00:00""}, ""rr_ratio"": 3.95, ""confidence"": 0.4801, ""funding_rate"": 0.0, ""zone_based_sl"": false, ""structure_trend"": ""DOWN"", ""structure_confirmed"": true, ""predicted_change_pct"": -0.979}}"
6223,AKT/USDT,SELL,FUTURES,0.756243,0.7583,66.05019815,5,0.7627532,0.7463,-0.6793262879727419,-1.360012588546258,-0.6593462879729217,0.01997999999982018,0,CLOSED,t,TRANSITION,f,2026-10-06 08:31:10.558346+00,2026-10-06 08:48:49.621835+00,PAPER-SHORT-1791275470,"{""close_reason"": ""negative_timeout"", ""entry_indicators"": {""adx"": 19.79, ""rsi"": 46.91, ""bb_pct"": 0.3739, ""regime"": ""TRANSITION"", ""atr_pct"": 1.9749, ""research"": {""arm"": true, ""setup"": ""15m sweep of hour high then reject"", ""pred_side"": ""bear"", ""confidence"": 0.85, ""hour_start"": ""2026-10-06T08:00:00+00:00""}, ""rr_ratio"": 1.86, ""confidence"": 0.5444, ""funding_rate"": 0.0001, ""zone_based_sl"": false, ""structure_trend"": ""UP"", ""structure_confirmed"": false, ""predicted_change_pct"": 1.7982}}"
6224,PLTR/USDT,BUY,FUTURES,190.16997999999998,190.53,0.2631856,5,189.0686054,195.6794,0.47376039856004665,0.9465742174449288,0.49378039867536183,0.0200200001153152,0,CLOSED,t,TRENDING,f,2026-10-06 08:34:21.348265+00,2026-10-06 10:34:23.130866+00,PAPER-1791275661,"{""close_reason"": ""max_hold"", ""entry_indicators"": {""adx"": 39.86, ""rsi"": 60.17, ""bb_pct"": 0.8802, ""regime"": ""TRENDING"", ""atr_pct"": 0.2505, ""research"": {""arm"": true, ""setup"": ""15m sweep of hour low then reclaim"", ""pred_side"": ""bull"", ""confidence"": 0.85, ""hour_start"": ""2026-10-06T08:00:00+00:00""}, ""rr_ratio"": 6.25, ""confidence"": 0.6141, ""funding_rate"": 0.0, ""zone_based_sl"": true, ""structure_trend"": ""UP"", ""structure_confirmed"": false, ""predicted_change_pct"": -0.1346}}"
6225,AKT/USDT,SELL,FUTURES,0.7570422,0.7591,65.98046978,5,0.76355928,0.7463,-0.6788730535664196,-1.3591052123646465,-0.6588930535667057,0.01997999999971389,0,CLOSED,t,TRANSITION,f,2026-10-06 08:53:51.412443+00,2026-10-06 09:08:51.720981+00,PAPER-SHORT-1791276831,"{""close_reason"": ""negative_timeout"", ""entry_indicators"": {""adx"": 19.79, ""rsi"": 46.91, ""bb_pct"": 0.3739, ""regime"": ""TRANSITION"", ""atr_pct"": 1.9749, ""research"": {""arm"": true, ""setup"": ""15m sweep of hour high then reject"", ""pred_side"": ""bear"", ""confidence"": 0.85, ""hour_start"": ""2026-10-06T08:00:00+00:00""}, ""rr_ratio"": 2.0, ""confidence"": 0.5444, ""funding_rate"": 0.0001, ""zone_based_sl"": false, ""structure_trend"": ""UP"", ""structure_confirmed"": false, ""predicted_change_pct"": 1.7982}}"
6226,AKT/USDT,SELL,FUTURES,0.7548444000000001,0.7561,66.17257808,5,0.76134256,0.7463,-0.41543144518621083,-0.8316945850031556,-0.3954514451873105,0.0199799999989003,0,CLOSED,t,TRANSITION,f,2026-10-06 09:16:13.917546+00,2026-10-06 10:11:30.130389+00,PAPER-SHORT-1791278173,"{""close_reason"": ""negative_timeout"", ""entry_indicators"": {""adx"": 19.79, ""rsi"": 46.91, ""bb_pct"": 0.3739, ""regime"": ""TRANSITION"", ""atr_pct"": 1.9749, ""research"": {""arm"": true, ""setup"": ""15m holding below hour open and EMA21"", ""pred_side"": ""bear"", ""confidence"": 0.85, ""hour_start"": ""2026-10-06T09:00:00+00:00""}, ""rr_ratio"": 1.62, ""confidence"": 0.5444, ""funding_rate"": 0.0001, ""zone_based_sl"": false, ""structure_trend"": ""UP"", ""structure_confirmed"": false, ""predicted_change_pct"": 1.7982}}"
6227,AKE/USDT,SELL,FUTURES,0.030037932,0.030151,1662.89743249,5,0.03029652,0.02916596,-0.9401024344839041,-1.882086955919617,-0.9201224344838603,0.019980000000043685,0,CLOSED,t,TRENDING,f,2026-10-06 09:16:13.939495+00,2026-10-06 09:31:16.846118+00,PAPER-SHORT-1791278173,"{""close_reason"": ""negative_timeout"", ""entry_indicators"": {""adx"": 48.71, ""rsi"": 35.95, ""bb_pct"": 0.301, ""regime"": ""TRENDING"", ""atr_pct"": 1.4815, ""research"": {""arm"": true, ""setup"": ""15m sweep of hour high then reject"", ""pred_side"": ""bear"", ""confidence"": 0.85, ""hour_start"": ""2026-10-06T09:00:00+00:00""}, ""rr_ratio"": 3.95, ""confidence"": 0.4801, ""funding_rate"": 0.000055, ""zone_based_sl"": false, ""structure_trend"": ""DOWN"", ""structure_confirmed"": true, ""predicted_change_pct"": -0.979}}"
6228,USELESS/USDT,BUY,FUTURES,0.22714691999999997,0.23016,220.34197074,5,0.22293624,0.23701,3.3195399259864264,6.632447404525732,3.339559925986555,0.020020000000128445,0,CLOSED,t,TRANSITION,f,2026-10-06 09:35:11.863712+00,2026-10-06 11:35:16.220176+00,PAPER-1791279311,"{""close_reason"": ""max_hold"", ""entry_indicators"": {""adx"": 13.49, ""rsi"": 42.38, ""bb_pct"": 0.2791, ""regime"": ""TRANSITION"", ""atr_pct"": 1.8913, ""rr_ratio"": 2.53, ""confidence"": 0.5141, ""funding_rate"": 0.0, ""zone_based_sl"": true, ""structure_trend"": ""RANGE"", ""structure_confirmed"": false, ""predicted_change_pct"": 1.4585}}"
6229,MAGMA/USDT,BUY,FUTURES,0.22076053999999998,0.22053,226.71624195,5,0.2188639,0.24309,-0.2613358120957472,-0.5221494747204014,-0.24131581209588612,0.02001999999986106,0,CLOSED,t,TRENDING,f,2026-10-06 09:35:11.898916+00,2026-10-06 10:09:00.466282+00,PAPER-1791279311,"{""close_reason"": ""negative_timeout"", ""entry_indicators"": {""adx"": 25.91, ""rsi"": 60.19, ""bb_pct"": 1.0628, ""regime"": ""TRENDING"", ""atr_pct"": 2.3661, ""research"": {""arm"": true, ""setup"": ""15m sweep of hour low then reclaim"", ""pred_side"": ""bull"", ""confidence"": 0.85, ""hour_start"": ""2026-10-06T09:00:00+00:00""}, ""rr_ratio"": 13.45, ""confidence"": 0.4858, ""funding_rate"": 0.0, ""zone_based_sl"": false, ""structure_trend"": ""DOWN"", ""structure_confirmed"": false, ""predicted_change_pct"": 1.5334}}"
6230,META/USDT,BUY,FUTURES,747.9872399999999,746.66,0.06691291,5,741.96503271,769.6572,-0.4440474533419767,-0.8872076480876401,-0.4240274521934693,0.020020001148507358,0,CLOSED,t,TRENDING,f,2026-10-06 09:55:23.124789+00,2026-10-06 10:10:24.155234+00,PAPER-1791280523,"{""close_reason"": ""negative_timeout"", ""entry_indicators"": {""adx"": 45.03, ""rsi"": 79.23, ""bb_pct"": 1.0861, ""regime"": ""TRENDING"", ""atr_pct"": 0.2007, ""research"": {""arm"": true, ""setup"": ""15m sweep of hour low then reclaim"", ""pred_side"": ""bull"", ""confidence"": 0.85, ""hour_start"": ""2026-10-06T09:00:00+00:00""}, ""rr_ratio"": 4.25, ""confidence"": 0.874, ""funding_rate"": 0.0, ""zone_based_sl"": true, ""structure_trend"": ""UP"", ""structure_confirmed"": true, ""predicted_change_pct"": -0.1022}}"
6231,AKE/USDT,BUY,FUTURES,0.030691661,0.030612,1630.73611428,5,0.03042798,0.030891,-0.6495303479982938,-1.2977629330651053,-0.6295103479983182,0.02001999999997561,0,CLOSED,t,TRENDING,f,2026-10-06 10:00:58.603815+00,2026-10-06 10:16:00.732204+00,PAPER-1791280858,"{""close_reason"": ""negative_timeout"", ""entry_indicators"": {""adx"": 48.64, ""rsi"": 33.73, ""bb_pct"": 0.2391, ""regime"": ""TRENDING"", ""atr_pct"": 1.481, ""research"": {""arm"": true, ""setup"": ""15m sweep of hour low then reclaim"", ""pred_side"": ""bull"", ""confidence"": 0.85, ""hour_start"": ""2026-10-06T09:00:00+00:00""}, ""rr_ratio"": 0.99, ""confidence"": 0.4801, ""funding_rate"": 0.00005, ""zone_based_sl"": false, ""structure_trend"": ""DOWN"", ""structure_confirmed"": true, ""predicted_change_pct"": -0.979}}"
6232,GLW/USDT,BUY,FUTURES,160.75059,160.5,0.31135189,5,158.98371488,166.84,-0.39010835057549137,-0.7794372636517055,-0.37008835056944533,0.020020000006046042,0,CLOSED,t,TRENDING,f,2026-10-06 10:09:28.41635+00,2026-10-06 10:25:55.727278+00,PAPER-1791281368,"{""close_reason"": ""negative_timeout"", ""entry_indicators"": {""adx"": 52.56, ""rsi"": 37.75, ""bb_pct"": 0.5401, ""regime"": ""TRENDING"", ""atr_pct"": 0.4827, ""research"": {""arm"": true, ""setup"": ""15m holding above hour open and EMA21"", ""pred_side"": ""bull"", ""confidence"": 0.85, ""hour_start"": ""2026-10-06T10:00:00+00:00""}, ""rr_ratio"": 3.89, ""confidence"": 0.8208, ""funding_rate"": 0.0, ""zone_based_sl"": true, ""structure_trend"": ""DOWN"", ""structure_confirmed"": false, ""predicted_change_pct"": -0.7185}}"
6233,META/USDT,BUY,FUTURES,747.2565099999999,746.25,0.06697834,5,741.96525249,768.9053,-0.3370718449669708,-0.673470211721483,-0.3170518447293734,0.020020000237597358,0,CLOSED,t,TRENDING,f,2026-10-06 10:15:27.832415+00,2026-10-06 10:30:32.831729+00,PAPER-1791281727,"{""close_reason"": ""negative_timeout"", ""entry_indicators"": {""adx"": 45.03, ""rsi"": 79.23, ""bb_pct"": 1.0861, ""regime"": ""TRENDING"", ""atr_pct"": 0.2007, ""research"": {""arm"": true, ""setup"": ""mixed 15m structure — EMA side only"", ""pred_side"": ""bull"", ""confidence"": 0.85, ""hour_start"": ""2026-10-06T10:00:00+00:00""}, ""rr_ratio"": 4.93, ""confidence"": 0.874, ""funding_rate"": 0.0, ""zone_based_sl"": true, ""structure_trend"": ""UP"", ""structure_confirmed"": true, ""predicted_change_pct"": -0.1022}}"
6234,SPCX/USDT,BUY,FUTURES,173.41324,173.19,0.28861695,5,171.923376,178.4372,-0.32215423958999656,-0.6436648089845898,-0.30213423942262935,0.0200200001673672,0,CLOSED,t,TRENDING,f,2026-10-06 10:20:26.211531+00,2026-10-06 10:35:29.517983+00,PAPER-1791282026,"{""close_reason"": ""negative_timeout"", ""entry_indicators"": {""adx"": 65.67, ""rsi"": 73.21, ""bb_pct"": 0.7186, ""regime"": ""TRENDING"", ""atr_pct"": 0.5181, ""research"": {""arm"": true, ""setup"": ""15m sweep of hour low then reclaim"", ""pred_side"": ""bull"", ""confidence"": 0.85, ""hour_start"": ""2026-10-06T10:00:00+00:00""}, ""rr_ratio"": 3.95, ""confidence"": 0.5432, ""funding_rate"": 0.00005, ""zone_based_sl"": false, ""structure_trend"": ""RANGE"", ""structure_confirmed"": false, ""predicted_change_pct"": -2.2321}}"
6235,MVLL/USDT,BUY,FUTURES,37.88785,37.81,1.32100396,5,37.39966512,39.25,-0.514200791429993,-1.0273742109937478,-0.4941807914756386,0.0200199999543544,0,CLOSED,t,TRANSITION,f,2026-10-06 10:21:32.370631+00,2026-10-06 10:50:56.456802+00,PAPER-1791282092,"{""close_reason"": ""negative_timeout"", ""entry_indicators"": {""adx"": 21.28, ""rsi"": 43.4, ""bb_pct"": 0.3029, ""regime"": ""TRANSITION"", ""atr_pct"": 0.8866, ""research"": {""arm"": true, ""setup"": ""15m holding above hour open and EMA21"", ""pred_side"": ""bull"", ""confidence"": 0.85, ""hour_start"": ""2026-10-06T10:00:00+00:00""}, ""rr_ratio"": 3.11, ""confidence"": 0.5205, ""funding_rate"": 0.0, ""zone_based_sl"": true, ""structure_trend"": ""RANGE"", ""structure_confirmed"": false, ""predicted_change_pct"": 1.4802}}"
6236,NVDA/USDT,BUY,FUTURES,241.35110999999998,242.01,0.20737423,5,239.28754613,248.3433,0.6831840320235075,1.3650030447343031,0.7032040322618657,0.020020000238358118,0,CLOSED,t,TRENDING,f,2026-10-06 10:29:21.644314+00,2026-10-06 12:29:22.175459+00,PAPER-1791282561,"{""close_reason"": ""max_hold"", ""entry_indicators"": {""adx"": 46.67, ""rsi"": 77.11, ""bb_pct"": 0.7966, ""regime"": ""TRENDING"", ""atr_pct"": 0.2556, ""rr_ratio"": 3.97, ""confidence"": 0.492, ""funding_rate"": 0.000047, ""zone_based_sl"": true, ""structure_trend"": ""UP"", ""structure_confirmed"": true, ""predicted_change_pct"": -0.1569}}"
6237,GLW/USDT,BUY,FUTURES,160.79062999999996,160.59,0.31127436,5,158.98368592,166.84,-0.3122548742339323,-0.6238858570302153,-0.29223487405503357,0.02002000017889872,0,CLOSED,t,TRENDING,f,2026-10-06 10:31:00.765172+00,2026-10-06 11:06:16.292947+00,PAPER-1791282660,"{""close_reason"": ""negative_timeout"", ""entry_indicators"": {""adx"": 52.56, ""rsi"": 37.75, ""bb_pct"": 0.5401, ""regime"": ""TRENDING"", ""atr_pct"": 0.4827, ""research"": {""arm"": true, ""setup"": ""15m holding above hour open and EMA21"", ""pred_side"": ""bull"", ""confidence"": 0.85, ""hour_start"": ""2026-10-06T10:00:00+00:00""}, ""rr_ratio"": 3.77, ""confidence"": 0.8208, ""funding_rate"": 0.0, ""zone_based_sl"": true, ""structure_trend"": ""DOWN"", ""structure_confirmed"": false, ""predicted_change_pct"": -0.7185}}"
6238,QQQ/USDT,BUY,FUTURES,759.8190599999998,760.11,0.06587095,5,755.62877636,781.8318,0.09582247096507719,0.19145347577897986,0.11584247228919999,0.020020001324122794,0,CLOSED,t,TRENDING,f,2026-10-06 10:35:03.615881+00,2026-10-06 12:35:05.589557+00,PAPER-1791282903,"{""close_reason"": ""max_hold"", ""entry_indicators"": {""adx"": 42.17, ""rsi"": 69.87, ""bb_pct"": 0.8475, ""regime"": ""TRENDING"", ""atr_pct"": 0.1328, ""research"": {""arm"": true, ""setup"": ""15m sweep of hour low then reclaim"", ""pred_side"": ""bull"", ""confidence"": 0.85, ""hour_start"": ""2026-10-06T10:00:00+00:00""}, ""rr_ratio"": 6.64, ""confidence"": 0.6686, ""funding_rate"": 0.0, ""zone_based_sl"": true, ""structure_trend"": ""UP"", ""structure_confirmed"": true, ""predicted_change_pct"": -0.2}}"
6239,META/USDT,BUY,FUTURES,746.85611,745.85,0.06701425,5,741.96537291,768.4933,-0.337118535337463,-0.6735634793159084,-0.317098534509636,0.020020000827827,0,CLOSED,t,TRENDING,f,2026-10-06 10:35:37.004946+00,2026-10-06 10:57:27.834993+00,PAPER-1791282937,"{""close_reason"": ""negative_timeout"", ""entry_indicators"": {""adx"": 45.03, ""rsi"": 79.23, ""bb_pct"": 1.0861, ""regime"": ""TRENDING"", ""atr_pct"": 0.2007, ""research"": {""arm"": true, ""setup"": ""mixed 15m structure — EMA side only"", ""pred_side"": ""bull"", ""confidence"": 0.85, ""hour_start"": ""2026-10-06T10:00:00+00:00""}, ""rr_ratio"": 5.4, ""confidence"": 0.874, ""funding_rate"": 0.0, ""zone_based_sl"": true, ""structure_trend"": ""UP"", ""structure_confirmed"": true, ""predicted_change_pct"": -0.1022}}"
6240,PLTR/USDT,BUY,FUTURES,190.82062999999997,190.61,0.2622882,5,189.20388924,196.3489,-0.27622881782992925,-0.5519057347204703,-0.2562088180037029,0.0200199998262264,0,CLOSED,t,TRENDING,f,2026-10-06 10:39:23.615378+00,2026-10-06 10:58:32.776456+00,PAPER-1791283163,"{""close_reason"": ""negative_timeout"", ""entry_indicators"": {""adx"": 41.56, ""rsi"": 68.98, ""bb_pct"": 1.14, ""regime"": ""TRENDING"", ""atr_pct"": 0.2662, ""research"": {""arm"": true, ""setup"": ""15m sweep of hour low then reclaim"", ""pred_side"": ""bull"", ""confidence"": 0.85, ""hour_start"": ""2026-10-06T10:00:00+00:00""}, ""rr_ratio"": 4.01, ""confidence"": 0.6295, ""funding_rate"": 0.00013, ""zone_based_sl"": true, ""structure_trend"": ""UP"", ""structure_confirmed"": true, ""predicted_change_pct"": -0.1346}}"
6241,SPCX/USDT,BUY,FUTURES,173.42324999999997,173.21,0.28860029,5,171.9333,178.4475,-0.30772005921243417,-0.6148252901498341,-0.2877000591153372,0.020020000097096993,0,CLOSED,t,TRENDING,f,2026-10-06 10:40:34.97511+00,2026-10-06 10:58:32.763995+00,PAPER-1791283234,"{""close_reason"": ""negative_timeout"", ""entry_indicators"": {""adx"": 65.67, ""rsi"": 73.21, ""bb_pct"": 0.7186, ""regime"": ""TRENDING"", ""atr_pct"": 0.5181, ""research"": {""arm"": true, ""setup"": ""15m sweep of hour low then reclaim"", ""pred_side"": ""bull"", ""confidence"": 0.85, ""hour_start"": ""2026-10-06T10:00:00+00:00""}, ""rr_ratio"": 3.95, ""confidence"": 0.5432, ""funding_rate"": 0.00005, ""zone_based_sl"": false, ""structure_trend"": ""RANGE"", ""structure_confirmed"": false, ""predicted_change_pct"": -2.2321}}"
6242,RAYSOL/USDT,BUY,FUTURES,2.1749728,2.2142,23.01178203,5,2.15628672,2.2112,4.513438880236104,9.01785990151238,4.533458880234016,0.020019999997911514,0,CLOSED,t,TRANSITION,f,2026-10-06 10:50:56.587438+00,2026-10-06 12:45:15.266309+00,PAPER-1791283856,"{""close_reason"": ""take_profit"", ""entry_indicators"": {""adx"": 24.38, ""rsi"": 58.65, ""bb_pct"": 0.6007, ""regime"": ""TRANSITION"", ""atr_pct"": 1.4056, ""research"": {""arm"": true, ""setup"": ""15m sweep of hour low then reclaim"", ""pred_side"": ""bull"", ""confidence"": 0.85, ""hour_start"": ""2026-10-06T10:00:00+00:00""}, ""rr_ratio"": 2.33, ""confidence"": 0.666, ""funding_rate"": 0.0001, ""zone_based_sl"": false, ""structure_trend"": ""UP"", ""structure_confirmed"": true, ""predicted_change_pct"": -1.6211}}"
6243,MVLL/USDT,BUY,FUTURES,37.897859999999994,37.81,1.32065504,5,37.39934934,39.25,-0.5801637590719337,-1.1591683540969067,-0.560143759146248,0.020019999925685757,0,CLOSED,t,TRANSITION,f,2026-10-06 11:00:06.799977+00,2026-10-06 12:27:50.813997+00,PAPER-1791284406,"{""close_reason"": ""negative_timeout"", ""entry_indicators"": {""adx"": 20.34, ""rsi"": 49.57, ""bb_pct"": 0.6595, ""regime"": ""TRANSITION"", ""atr_pct"": 0.8919, ""research"": {""arm"": true, ""setup"": ""15m holding above hour open and EMA21"", ""pred_side"": ""bull"", ""confidence"": 0.85, ""hour_start"": ""2026-10-06T10:00:00+00:00""}, ""rr_ratio"": 3.02, ""confidence"": 0.5607, ""funding_rate"": 0.0, ""zone_based_sl"": true, ""structure_trend"": ""RANGE"", ""structure_confirmed"": false, ""predicted_change_pct"": 1.12}}"
6244,NBIS/USDT,BUY,FUTURES,235.55531999999997,237.41,0.21247663,5,231.91616447,243.84,1.9703807806420501,3.9368246915417737,1.9904007808709188,0.02002000022886864,0,CLOSED,t,TRENDING,f,2026-10-06 11:01:16.134769+00,2026-10-06 13:01:19.393691+00,PAPER-1791284476,"{""close_reason"": ""max_hold"", ""entry_indicators"": {""adx"": 28.72, ""rsi"": 47.26, ""bb_pct"": 0.9141, ""regime"": ""TRENDING"", ""atr_pct"": 0.5208, ""research"": {""arm"": true, ""setup"": ""15m sweep of hour low then reclaim"", ""pred_side"": ""bull"", ""confidence"": 0.85, ""hour_start"": ""2026-10-06T10:00:00+00:00""}, ""rr_ratio"": 2.5, ""confidence"": 0.7779, ""funding_rate"": 0.0, ""zone_based_sl"": true, ""structure_trend"": ""RANGE"", ""structure_confirmed"": false, ""predicted_change_pct"": -0.4244}}"
6245,SPCX/USDT,SELL,FUTURES,172.76706,173.18,0.28911761,5,173.89117072,158.9,-0.5969411293670294,-1.1950773486566835,-0.5769611295774587,0.019979999789570643,0,CLOSED,t,TRENDING,f,2026-10-06 11:03:38.105745+00,2026-10-06 11:18:40.244455+00,PAPER-SHORT-1791284618,"{""close_reason"": ""negative_timeout"", ""entry_indicators"": {""adx"": 66.0, ""rsi"": 74.69, ""bb_pct"": 0.768, ""regime"": ""TRENDING"", ""atr_pct"": 0.5057, ""research"": {""arm"": true, ""setup"": ""15m holding below hour open and EMA21"", ""pred_side"": ""bear"", ""confidence"": 0.85, ""hour_start"": ""2026-10-06T11:00:00+00:00""}, ""rr_ratio"": 14.76, ""confidence"": 0.6244, ""funding_rate"": 0.00005, ""zone_based_sl"": true, ""structure_trend"": ""RANGE"", ""structure_confirmed"": false, ""predicted_change_pct"": -3.2937}}"
6246,PLTR/USDT,BUY,FUTURES,190.95075999999997,191.3,0.26210946,5,189.20497686,196.4828,0.4576955390520463,0.9144765907190822,0.47771553928812216,0.02002000023607584,0,CLOSED,t,TRENDING,f,2026-10-06 11:06:16.434382+00,2026-10-06 13:06:18.714942+00,PAPER-1791284776,"{""close_reason"": ""max_hold"", ""entry_indicators"": {""adx"": 43.21, ""rsi"": 68.34, ""bb_pct"": 1.017, ""regime"": ""TRENDING"", ""atr_pct"": 0.2622, ""research"": {""arm"": true, ""setup"": ""15m sweep of hour low then reclaim"", ""pred_side"": ""bull"", ""confidence"": 0.85, ""hour_start"": ""2026-10-06T11:00:00+00:00""}, ""rr_ratio"": 3.68, ""confidence"": 0.5872, ""funding_rate"": 0.000165, ""zone_based_sl"": true, ""structure_trend"": ""UP"", ""structure_confirmed"": true, ""predicted_change_pct"": -0.151}}"
6247,SKHY/USDT,BUY,FUTURES,190.48028999999997,191.51,0.26275684,5,189.03691534,194.33,1.3528167285820454,2.7029305761767652,1.3728367282151188,0.020019999633073438,0,CLOSED,t,TRENDING,f,2026-10-06 11:18:40.343447+00,2026-10-06 13:18:40.619402+00,PAPER-1791285520,"{""close_reason"": ""max_hold"", ""entry_indicators"": {""adx"": 26.19, ""rsi"": 33.78, ""bb_pct"": 0.2401, ""regime"": ""TRENDING"", ""atr_pct"": 0.5013, ""research"": {""arm"": true, ""setup"": ""15m sweep of hour low then reclaim"", ""pred_side"": ""bull"", ""confidence"": 0.85, ""hour_start"": ""2026-10-06T11:00:00+00:00""}, ""rr_ratio"": 3.22, ""confidence"": 0.5217, ""funding_rate"": 0.0, ""zone_based_sl"": true, ""structure_trend"": ""DOWN"", ""structure_confirmed"": true, ""predicted_change_pct"": 1.1205}}"
6248,CBRS/USDT,SELL,FUTURES,182.42739,180.08,0.27380757,5,184.29111275,176.6,3.213665758711486,6.433765236678521,3.233645758854423,0.01998000014293692,0,CLOSED,t,TRANSITION,f,2026-10-06 11:35:16.274137+00,2026-10-06 13:35:17.518654+00,PAPER-SHORT-1791286516,"{""close_reason"": ""max_hold"", ""entry_indicators"": {""adx"": 14.6, ""rsi"": 58.35, ""bb_pct"": 0.739, ""regime"": ""TRANSITION"", ""atr_pct"": 0.7707, ""research"": {""arm"": true, ""setup"": ""15m sweep of hour high then reject"", ""pred_side"": ""bear"", ""confidence"": 0.85, ""hour_start"": ""2026-10-06T11:00:00+00:00""}, ""rr_ratio"": 3.58, ""confidence"": 0.548, ""funding_rate"": 0.0, ""zone_based_sl"": true, ""structure_trend"": ""RANGE"", ""structure_confirmed"": false, ""predicted_change_pct"": 4.9298}}"
6249,AKT/USDT,SELL,FUTURES,0.7548444000000001,0.7598,66.17257808,5,0.76134256,0.7516,-1.639624139666223,-3.282530810323259,-1.6196441396673227,0.0199799999989003,0,CLOSED,t,TRANSITION,f,2026-10-06 12:27:53.204823+00,2026-10-06 12:42:55.002944+00,PAPER-SHORT-1791289673,"{""close_reason"": ""negative_timeout"", ""entry_indicators"": {""adx"": 17.39, ""rsi"": 49.46, ""bb_pct"": 0.4727, ""regime"": ""TRANSITION"", ""atr_pct"": 1.8095, ""research"": {""arm"": true, ""setup"": ""15m sweep of hour high then reject"", ""pred_side"": ""bear"", ""confidence"": 0.85, ""hour_start"": ""2026-10-06T12:00:00+00:00""}, ""rr_ratio"": 0.7, ""confidence"": 0.5262, ""funding_rate"": 0.0001, ""zone_based_sl"": false, ""structure_trend"": ""RANGE"", ""structure_confirmed"": false, ""predicted_change_pct"": 1.5262}}"
6250,BR/USDT,SELL,FUTURES,0.5258835900000001,0.530410185589284,94.98299804,5,0.53041072,0.40081,-2.1497480999241367,-4.303799999999924,-2.1297680999248416,0.01997999999929527,0,CLOSED,t,TRENDING,f,2026-10-06 12:29:24.153634+00,2026-10-06 12:31:51.015135+00,PAPER-SHORT-1791289764,"{""close_reason"": ""stop_loss"", ""entry_indicators"": {""adx"": 38.93, ""rsi"": 56.7, ""bb_pct"": 0.746, ""regime"": ""TRENDING"", ""atr_pct"": 9.2708, ""research"": {""arm"": true, ""setup"": ""15m sweep of hour high then reject"", ""pred_side"": ""bear"", ""confidence"": 0.85, ""hour_start"": ""2026-10-06T12:00:00+00:00""}, ""rr_ratio"": 31.39, ""confidence"": 0.6694, ""funding_rate"": -0.004156, ""zone_based_sl"": false, ""structure_trend"": ""UP"", ""structure_confirmed"": true, ""predicted_change_pct"": 5.889}}"
6251,GLW/USDT,BUY,FUTURES,161.22106,165.33,0.31044331,5,158.9791056,166.84,6.377964670957038,12.743186280998353,6.397984670760281,0.020019999803243437,0,CLOSED,t,TRENDING,f,2026-10-06 12:31:51.084211+00,2026-10-06 14:19:21.298152+00,PAPER-1791289911,"{""close_reason"": ""trailing_stop"", ""entry_indicators"": {""adx"": 46.87, ""rsi"": 55.59, ""bb_pct"": 1.116, ""regime"": ""TRENDING"", ""atr_pct"": 0.5004, ""research"": {""arm"": true, ""setup"": ""mixed 15m structure — EMA side only"", ""pred_side"": ""bull"", ""confidence"": 0.85, ""hour_start"": ""2026-10-06T12:00:00+00:00""}, ""rr_ratio"": 2.78, ""confidence"": 0.7823, ""funding_rate"": 0.0, ""zone_based_sl"": true, ""structure_trend"": ""DOWN"", ""structure_confirmed"": false, ""predicted_change_pct"": -0.8216}}"
6252,MAGMA/USDT,BUY,FUTURES,0.23038014999999998,0.22840063159913995,217.24961981,5,0.22840086,0.24309,-2.1502480999686844,-4.296200000000027,-2.130228099968976,0.02001999999970831,0,CLOSED,t,TRENDING,f,2026-10-06 12:35:13.341475+00,2026-10-06 12:40:26.77831+00,PAPER-1791290113,"{""close_reason"": ""stop_loss"", ""entry_indicators"": {""adx"": 27.44, ""rsi"": 70.98, ""bb_pct"": 1.1928, ""regime"": ""TRENDING"", ""atr_pct"": 2.4523, ""research"": {""arm"": true, ""setup"": ""mixed 15m structure — EMA side only"", ""pred_side"": ""bull"", ""confidence"": 0.85, ""hour_start"": ""2026-10-06T12:00:00+00:00""}, ""rr_ratio"": 7.4, ""confidence"": 0.4858, ""funding_rate"": 0.00005, ""zone_based_sl"": false, ""structure_trend"": ""DOWN"", ""structure_confirmed"": false, ""predicted_change_pct"": 1.5309}}"
6253,QQQ/USDT,BUY,FUTURES,760.95019,760.16,0.06577303,5,755.61133565,782.9957,-0.25986595287851033,-0.5192126964315702,-0.23984595300836004,0.020019999870150282,0,CLOSED,t,TRENDING,f,2026-10-06 12:40:29.822575+00,2026-10-06 12:57:14.871763+00,PAPER-1791290429,"{""close_reason"": ""negative_timeout"", ""entry_indicators"": {""adx"": 44.53, ""rsi"": 78.16, ""bb_pct"": 1.1496, ""regime"": ""TRENDING"", ""atr_pct"": 0.1479, ""research"": {""arm"": true, ""setup"": ""mixed 15m structure — EMA side only"", ""pred_side"": ""bull"", ""confidence"": 0.85, ""hour_start"": ""2026-10-06T12:00:00+00:00""}, ""rr_ratio"": 4.98, ""confidence"": 0.7058, ""funding_rate"": 0.0, ""zone_based_sl"": true, ""structure_trend"": ""UP"", ""structure_confirmed"": true, ""predicted_change_pct"": -0.2589}}"
6254,BR/USDT,BUY,FUTURES,0.5396691299999999,0.5555,92.74201028,5,0.53503261,0.66527,7.340933541406721,14.667199882268612,7.360953541407625,0.02002000000090346,0,CLOSED,t,TRENDING,f,2026-10-06 12:42:56.942067+00,2026-10-06 12:53:14.778429+00,PAPER-1791290576,"{""close_reason"": ""trailing_stop"", ""entry_indicators"": {""adx"": 38.93, ""rsi"": 56.7, ""bb_pct"": 0.746, ""regime"": ""TRENDING"", ""atr_pct"": 9.2708, ""research"": {""arm"": true, ""setup"": ""15m sweep of hour low then reclaim"", ""pred_side"": ""bull"", ""confidence"": 0.85, ""hour_start"": ""2026-10-06T12:00:00+00:00""}, ""rr_ratio"": 30.79, ""confidence"": 0.6694, ""funding_rate"": -0.00436, ""zone_based_sl"": false, ""structure_trend"": ""UP"", ""structure_confirmed"": true, ""predicted_change_pct"": 5.889}}"
6255,AKE/USDT,SELL,FUTURES,0.029784186,0.02992,1677.06446636,5,0.03004059,0.02891958,-1.138844167171068,-2.27996830264218,-1.1188641671710453,0.019980000000022795,0,CLOSED,t,TRENDING,f,2026-10-06 12:45:20.668086+00,2026-10-06 13:00:20.685383+00,PAPER-SHORT-1791290720,"{""close_reason"": ""negative_timeout"", ""entry_indicators"": {""adx"": 45.36, ""rsi"": 40.21, ""bb_pct"": 0.326, ""regime"": ""TRENDING"", ""atr_pct"": 1.6117, ""rr_ratio"": 3.95, ""confidence"": 0.4801, ""funding_rate"": 0.000101, ""zone_based_sl"": false, ""structure_trend"": ""DOWN"", ""structure_confirmed"": false, ""predicted_change_pct"": -0.9797}}"
6256,MAGMA/USDT,BUY,FUTURES,0.23031007999999997,0.22957,217.31571627,5,0.22833139,0.24309,-0.8041550764854809,-1.6067034495406696,-0.7841350764857205,0.0200199999997604,0,CLOSED,t,TRENDING,f,2026-10-06 12:53:26.666312+00,2026-10-06 13:13:14.332857+00,PAPER-1791291206,"{""close_reason"": ""negative_timeout"", ""entry_indicators"": {""adx"": 27.44, ""rsi"": 70.98, ""bb_pct"": 1.1928, ""regime"": ""TRENDING"", ""atr_pct"": 2.4523, ""research"": {""arm"": true, ""setup"": ""15m sweep of hour low then reclaim"", ""pred_side"": ""bull"", ""confidence"": 0.85, ""hour_start"": ""2026-10-06T12:00:00+00:00""}, ""rr_ratio"": 7.44, ""confidence"": 0.4858, ""funding_rate"": 0.00005, ""zone_based_sl"": false, ""structure_trend"": ""DOWN"", ""structure_confirmed"": false, ""predicted_change_pct"": 1.5309}}"
6257,RAYSOL/USDT,BUY,FUTURES,2.2240217999999996,2.2186,22.50427581,5,2.20491432,2.288454,-0.6100684129332429,-1.2189179080887569,-0.5900484129353818,0.020019999997861058,0,CLOSED,t,TRENDING,f,2026-10-06 12:57:17.595465+00,2026-10-06 13:25:23.376295+00,PAPER-1791291437,"{""close_reason"": ""negative_timeout"", ""entry_indicators"": {""adx"": 26.06, ""rsi"": 65.01, ""bb_pct"": 0.7516, ""regime"": ""TRENDING"", ""atr_pct"": 1.395, ""research"": {""arm"": true, ""setup"": ""15m sweep of hour low then reclaim"", ""pred_side"": ""bull"", ""confidence"": 0.85, ""hour_start"": ""2026-10-06T12:00:00+00:00""}, ""rr_ratio"": 3.95, ""confidence"": 0.6936, ""funding_rate"": 0.0001, ""zone_based_sl"": false, ""structure_trend"": ""UP"", ""structure_confirmed"": true, ""predicted_change_pct"": -1.5352}}"
6258,QQQ/USDT,BUY,FUTURES,761.4406799999998,760.64,0.06573066,5,755.60355702,783.5004,-0.2631461242439426,-0.5257664983172594,-0.24312612486504312,0.020019999378899513,0,CLOSED,t,TRENDING,f,2026-10-06 13:02:19.928324+00,2026-10-06 13:17:21.261775+00,PAPER-1791291739,"{""close_reason"": ""negative_timeout"", ""entry_indicators"": {""adx"": 45.96, ""rsi"": 73.66, ""bb_pct"": 1.0113, ""regime"": ""TRENDING"", ""atr_pct"": 0.1546, ""research"": {""arm"": true, ""setup"": ""15m sweep of hour low then reclaim"", ""pred_side"": ""bull"", ""confidence"": 0.85, ""hour_start"": ""2026-10-06T13:00:00+00:00""}, ""rr_ratio"": 4.5, ""confidence"": 0.7058, ""funding_rate"": 0.0, ""zone_based_sl"": true, ""structure_trend"": ""UP"", ""structure_confirmed"": true, ""predicted_change_pct"": -0.2589}}"
6259,PLTR/USDT,BUY,FUTURES,191.38118999999998,191.17,0.26151995,5,189.20088849,196.9257,-0.27615199120248596,-0.5517522385559137,-0.2561319915065898,0.0200199996958962,0,CLOSED,t,TRENDING,f,2026-10-06 13:11:27.217164+00,2026-10-06 13:28:56.047126+00,PAPER-1791292287,"{""close_reason"": ""negative_timeout"", ""entry_indicators"": {""adx"": 46.92, ""rsi"": 69.78, ""bb_pct"": 1.0082, ""regime"": ""TRENDING"", ""atr_pct"": 0.2759, ""research"": {""arm"": true, ""setup"": ""15m sweep of hour low then reclaim"", ""pred_side"": ""bull"", ""confidence"": 0.85, ""hour_start"": ""2026-10-06T13:00:00+00:00""}, ""rr_ratio"": 2.88, ""confidence"": 0.5706, ""funding_rate"": 0.000086, ""zone_based_sl"": true, ""structure_trend"": ""UP"", ""structure_confirmed"": true, ""predicted_change_pct"": -0.151}}"
6260,AKT/USDT,SELL,FUTURES,0.7554438,0.757,66.12007405,5,0.76194712,0.7516,-0.5144802961830525,-1.0299905830188874,-0.4945002961844071,0.01997999999864536,0,CLOSED,t,TRANSITION,f,2026-10-06 13:16:39.712967+00,2026-10-06 13:31:45.09946+00,PAPER-SHORT-1791292599,"{""close_reason"": ""negative_timeout"", ""entry_indicators"": {""adx"": 16.6, ""rsi"": 48.97, ""bb_pct"": 0.4422, ""regime"": ""TRANSITION"", ""atr_pct"": 1.7548, ""research"": {""arm"": true, ""setup"": ""15m sweep of hour high then reject"", ""pred_side"": ""bear"", ""confidence"": 0.85, ""hour_start"": ""2026-10-06T13:00:00+00:00""}, ""rr_ratio"": 0.8, ""confidence"": 0.5262, ""funding_rate"": 0.0001, ""zone_based_sl"": false, ""structure_trend"": ""RANGE"", ""structure_confirmed"": false, ""predicted_change_pct"": 1.5262}}"
6261,MAGMA/USDT,BUY,FUTURES,0.22843820999999997,0.22647537752439595,186.23197932,5,0.2264756,0.24309,-1.827710885026578,-4.296200000000083,-1.8106938850263308,0.017017000000247126,0,CLOSED,t,TRENDING,f,2026-10-06 13:18:25.655852+00,2026-10-06 13:19:51.732611+00,PAPER-1791292705,"{""close_reason"": ""stop_loss"", ""entry_indicators"": {""adx"": 28.65, ""rsi"": 64.65, ""bb_pct"": 0.978, ""regime"": ""TRENDING"", ""atr_pct"": 2.5571, ""research"": {""arm"": true, ""setup"": ""mixed 15m structure — EMA side only"", ""pred_side"": ""bull"", ""confidence"": 0.85, ""hour_start"": ""2026-10-06T13:00:00+00:00""}, ""rr_ratio"": 8.58, ""confidence"": 0.4858, ""funding_rate"": 0.00005, ""zone_based_sl"": false, ""structure_trend"": ""DOWN"", ""structure_confirmed"": false, ""predicted_change_pct"": 1.5309}}"
6262,SPCX/USDT,SELL,FUTURES,171.39843,172.873759126068,0.29142624,5,173.8950063,158.9,-2.1497480998624225,-4.303800000000013,-2.129768099863701,0.01997999999872128,0,CLOSED,t,TRENDING,f,2026-10-06 13:18:40.671863+00,2026-10-06 13:30:23.207224+00,PAPER-SHORT-1791292720,"{""close_reason"": ""stop_loss"", ""entry_indicators"": {""adx"": 63.84, ""rsi"": 65.34, ""bb_pct"": 0.5784, ""regime"": ""TRENDING"", ""atr_pct"": 0.5246, ""research"": {""arm"": true, ""setup"": ""15m sweep of hour high then reject"", ""pred_side"": ""bear"", ""confidence"": 0.85, ""hour_start"": ""2026-10-06T13:00:00+00:00""}, ""rr_ratio"": 5.45, ""confidence"": 0.6, ""funding_rate"": 0.00005, ""zone_based_sl"": true, ""structure_trend"": ""RANGE"", ""structure_confirmed"": false, ""predicted_change_pct"": -3.1268}}"
6263,QQQ/USDT,BUY,FUTURES,761.3806199999999,759.88,0.06573585,5,755.60357093,783.4386,-0.4932226561349774,-0.9854598085251576,-0.4732026552432866,0.020020000891690797,0,CLOSED,t,TRENDING,f,2026-10-06 13:22:26.908879+00,2026-10-06 13:37:28.23131+00,PAPER-1791292946,"{""close_reason"": ""negative_timeout"", ""entry_indicators"": {""adx"": 45.96, ""rsi"": 73.66, ""bb_pct"": 1.0113, ""regime"": ""TRENDING"", ""atr_pct"": 0.1546, ""research"": {""arm"": true, ""setup"": ""15m sweep of hour low then reclaim"", ""pred_side"": ""bull"", ""confidence"": 0.85, ""hour_start"": ""2026-10-06T13:00:00+00:00""}, ""rr_ratio"": 4.55, ""confidence"": 0.7058, ""funding_rate"": 0.0, ""zone_based_sl"": true, ""structure_trend"": ""UP"", ""structure_confirmed"": true, ""predicted_change_pct"": -0.2589}}"
6264,MVLL/USDT,SELL,FUTURES,36.63333,35.03,1.36351241,5,36.948692,35.5699,10.930801761626496,21.883486977569326,10.950781761656346,0.01998000002985012,0,CLOSED,t,TRANSITION,f,2026-10-06 13:22:36.472894+00,2026-10-06 13:23:42.805207+00,PAPER-SHORT-1791292956,"{""close_reason"": ""take_profit"", ""entry_indicators"": {""adx"": 17.9, ""rsi"": 48.34, ""bb_pct"": 0.5735, ""regime"": ""TRANSITION"", ""atr_pct"": 0.9694, ""research"": {""arm"": true, ""setup"": ""15m sweep of hour high then reject"", ""pred_side"": ""bear"", ""confidence"": 0.85, ""hour_start"": ""2026-10-06T13:00:00+00:00""}, ""rr_ratio"": 3.95, ""confidence"": 0.6282, ""funding_rate"": 0.0, ""zone_based_sl"": false, ""structure_trend"": ""RANGE"", ""structure_confirmed"": false, ""predicted_change_pct"": 1.12}}"
6265,MVLL/USDT,SELL,FUTURES,37.092870000000005,37.41215058781201,1.34661998,5,37.412188,36.0161,-2.149748093868936,-4.3038000000000345,-2.129768093925919,0.019979999943017045,0,CLOSED,t,TRANSITION,f,2026-10-06 13:30:06.915885+00,2026-10-06 13:31:05.839567+00,PAPER-SHORT-1791293406,"{""close_reason"": ""stop_loss"", ""entry_indicators"": {""adx"": 17.9, ""rsi"": 48.34, ""bb_pct"": 0.5735, ""regime"": ""TRANSITION"", ""atr_pct"": 0.9694, ""research"": {""arm"": true, ""setup"": ""15m sweep of hour high then reject"", ""pred_side"": ""bear"", ""confidence"": 0.85, ""hour_start"": ""2026-10-06T13:00:00+00:00""}, ""rr_ratio"": 3.95, ""confidence"": 0.6282, ""funding_rate"": 0.0, ""zone_based_sl"": false, ""structure_trend"": ""RANGE"", ""structure_confirmed"": false, ""predicted_change_pct"": 1.12}}"
6266,RAYSOL/USDT,BUY,FUTURES,2.2007985999999997,2.2117,22.74174475,5,2.18189064,2.2112,1.2395842810882642,2.476691869942149,1.2596042810912071,0.020020000002942937,0,CLOSED,t,TRENDING,f,2026-10-06 13:30:25.270406+00,2026-10-06 13:40:36.724458+00,PAPER-1791293425,"{""close_reason"": ""take_profit"", ""entry_indicators"": {""adx"": 26.06, ""rsi"": 65.01, ""bb_pct"": 0.7516, ""regime"": ""TRENDING"", ""atr_pct"": 1.395, ""research"": {""arm"": true, ""setup"": ""15m sweep of hour low then reclaim"", ""pred_side"": ""bull"", ""confidence"": 0.85, ""hour_start"": ""2026-10-06T13:00:00+00:00""}, ""rr_ratio"": 0.75, ""confidence"": 0.6936, ""funding_rate"": 0.0001, ""zone_based_sl"": false, ""structure_trend"": ""UP"", ""structure_confirmed"": true, ""predicted_change_pct"": -1.5352}}"
6267,NBIS/USDT,BUY,FUTURES,239.45921999999996,243.91,0.20901262,5,237.401928,243.84,4.651345944218056,9.293398683917985,4.671365943800199,0.02001999958214256,0,CLOSED,t,TRENDING,f,2026-10-06 13:30:45.883554+00,2026-10-06 13:33:33.998281+00,PAPER-1791293445,"{""close_reason"": ""take_profit"", ""entry_indicators"": {""adx"": 25.82, ""rsi"": 55.57, ""bb_pct"": 1.1598, ""regime"": ""TRENDING"", ""atr_pct"": 0.5271, ""research"": {""arm"": true, ""setup"": ""15m sweep of hour low then reclaim"", ""pred_side"": ""bull"", ""confidence"": 0.85, ""hour_start"": ""2026-10-06T13:00:00+00:00""}, ""rr_ratio"": 2.54, ""confidence"": 0.7109, ""funding_rate"": 0.0, ""zone_based_sl"": false, ""structure_trend"": ""RANGE"", ""structure_confirmed"": false, ""predicted_change_pct"": -0.4244}}"
6268,DELL/USDT,BUY,FUTURES,565.9653999999999,571.3,0.08843297,5,561.10296,569.75,2.3587726088099905,4.71283226854502,2.3787926093056857,0.0200200004956952,0,CLOSED,t,TRANSITION,f,2026-10-06 13:31:36.135535+00,2026-10-06 13:34:26.945361+00,PAPER-1791293496,"{""close_reason"": ""take_profit"", ""entry_indicators"": {""adx"": 20.99, ""rsi"": 59.93, ""bb_pct"": 1.0226, ""regime"": ""TRANSITION"", ""atr_pct"": 0.3574, ""research"": {""arm"": true, ""setup"": ""15m sweep of hour low then reclaim"", ""pred_side"": ""bull"", ""confidence"": 0.85, ""hour_start"": ""2026-10-06T13:00:00+00:00""}, ""rr_ratio"": 1.01, ""confidence"": 0.6887, ""funding_rate"": 0.0, ""zone_based_sl"": false, ""structure_trend"": ""DOWN"", ""structure_confirmed"": true, ""predicted_change_pct"": 2.2732}}"
6269,SKHY/USDT,BUY,FUTURES,190.58038999999997,188.94284705696396,0.26261884,5,189.03210579,194.33,-2.1502481407515153,-4.296200000000027,-2.1302281403720964,0.020020000379419037,0,CLOSED,t,TRANSITION,f,2026-10-06 13:32:22.721699+00,2026-10-06 13:36:26.485428+00,PAPER-1791293542,"{""close_reason"": ""stop_loss"", ""entry_indicators"": {""adx"": 24.93, ""rsi"": 46.61, ""bb_pct"": 0.4428, ""regime"": ""TRANSITION"", ""atr_pct"": 0.5179, ""research"": {""arm"": true, ""setup"": ""15m sweep of hour low then reclaim"", ""pred_side"": ""bull"", ""confidence"": 0.85, ""hour_start"": ""2026-10-06T13:00:00+00:00""}, ""rr_ratio"": 2.9, ""confidence"": 0.5151, ""funding_rate"": 0.0, ""zone_based_sl"": true, ""structure_trend"": ""DOWN"", ""structure_confirmed"": false, ""predicted_change_pct"": 1.0404}}"
6270,AXTI/USDT,BUY,FUTURES,87.06698,86.318865681048,0.57484479,5,86.1189119,89.5894,-2.1502480928697913,-4.296200000000027,-2.1302280929361777,0.020019999933613683,0,CLOSED,t,TRANSITION,f,2026-10-06 13:32:22.735752+00,2026-10-06 13:41:56.025+00,PAPER-1791293542,"{""close_reason"": ""stop_loss"", ""entry_indicators"": {""adx"": 19.74, ""rsi"": 66.71, ""bb_pct"": 1.0458, ""regime"": ""TRANSITION"", ""atr_pct"": 0.7748, ""research"": {""arm"": true, ""setup"": ""15m sweep of hour low then reclaim"", ""pred_side"": ""bull"", ""confidence"": 0.85, ""hour_start"": ""2026-10-06T13:00:00+00:00""}, ""rr_ratio"": 3.03, ""confidence"": 0.7626, ""funding_rate"": 0.0, ""zone_based_sl"": true, ""structure_trend"": ""UP"", ""structure_confirmed"": true, ""predicted_change_pct"": 1.0124}}"
6271,TSM/USDT,BUY,FUTURES,483.8033199999999,483.23,0.10345113,5,482.31100117,486.19,-0.2965530092579438,-0.5925135032143758,-0.27653300919724316,0.02002000006070064,0,CLOSED,t,TRENDING,f,2026-10-06 13:33:48.756479+00,2026-10-06 14:33:17.963569+00,PAPER-1791293628,"{""close_reason"": ""negative_timeout"", ""entry_indicators"": {""adx"": 28.2, ""rsi"": 58.8, ""bb_pct"": 0.5616, ""regime"": ""TRENDING"", ""atr_pct"": 0.2883, ""research"": {""arm"": true, ""setup"": ""15m sweep of hour low then reclaim"", ""pred_side"": ""bull"", ""confidence"": 0.85, ""hour_start"": ""2026-10-06T13:00:00+00:00""}, ""rr_ratio"": 2.84, ""confidence"": 0.6686, ""funding_rate"": 0.0, ""zone_based_sl"": true, ""structure_trend"": ""UP"", ""structure_confirmed"": false, ""predicted_change_pct"": -0.2718}}"
6272,SPCX/USDT,BUY,FUTURES,174.73456,173.23317076665597,0.28643446,5,173.233344,179.7968,-2.1502480715135266,-4.296200000000027,-2.1302280717787516,0.02001999973477504,0,CLOSED,t,TRENDING,f,2026-10-06 13:35:29.35344+00,2026-10-06 13:36:26.467663+00,PAPER-1791293729,"{""close_reason"": ""stop_loss"", ""entry_indicators"": {""adx"": 63.84, ""rsi"": 65.34, ""bb_pct"": 0.5784, ""regime"": ""TRENDING"", ""atr_pct"": 0.5246, ""research"": {""arm"": true, ""setup"": ""15m sweep of hour low then reclaim"", ""pred_side"": ""bull"", ""confidence"": 0.85, ""hour_start"": ""2026-10-06T13:00:00+00:00""}, ""rr_ratio"": 3.95, ""confidence"": 0.6, ""funding_rate"": 0.00005, ""zone_based_sl"": false, ""structure_trend"": ""RANGE"", ""structure_confirmed"": false, ""predicted_change_pct"": -3.1268}}"
6273,MVLL/USDT,BUY,FUTURES,42.052009999999996,43.53,1.19019281,5,41.690724,43.2703,8.79546535625953,17.57335737340504,8.81548535623875,0.02001999997921924,0,CLOSED,t,TRANSITION,f,2026-10-06 13:36:11.369928+00,2026-10-06 13:36:56.28913+00,PAPER-1791293771,"{""close_reason"": ""take_profit"", ""entry_indicators"": {""adx"": 17.9, ""rsi"": 48.34, ""bb_pct"": 0.5735, ""regime"": ""TRANSITION"", ""atr_pct"": 0.9694, ""research"": {""arm"": true, ""setup"": ""15m sweep of hour low then reclaim"", ""pred_side"": ""bull"", ""confidence"": 0.85, ""hour_start"": ""2026-10-06T13:00:00+00:00""}, ""rr_ratio"": 3.95, ""confidence"": 0.6282, ""funding_rate"": 0.0, ""zone_based_sl"": false, ""structure_trend"": ""RANGE"", ""structure_confirmed"": false, ""predicted_change_pct"": 1.12}}"
6274,AKT/USDT,SELL,FUTURES,0.7548444000000001,0.7594,66.17257808,5,0.76134256,0.7516,-1.507278983506201,-3.0175755427210444,-1.4872989835073007,0.0199799999989003,0,CLOSED,t,TRANSITION,f,2026-10-06 13:37:42.549548+00,2026-10-06 13:52:47.25871+00,PAPER-SHORT-1791293862,"{""close_reason"": ""negative_timeout"", ""entry_indicators"": {""adx"": 16.6, ""rsi"": 48.97, ""bb_pct"": 0.4422, ""regime"": ""TRANSITION"", ""atr_pct"": 1.7548, ""research"": {""arm"": true, ""setup"": ""15m sweep of hour high then reject"", ""pred_side"": ""bear"", ""confidence"": 0.85, ""hour_start"": ""2026-10-06T13:00:00+00:00""}, ""rr_ratio"": 0.7, ""confidence"": 0.5262, ""funding_rate"": 0.0001, ""zone_based_sl"": false, ""structure_trend"": ""RANGE"", ""structure_confirmed"": false, ""predicted_change_pct"": 1.5262}}"
6275,NBIS/USDT,BUY,FUTURES,241.05080999999998,244.11,0.20763257,5,238.979844,243.84,3.1759374090915444,6.345529392745131,3.195957408763897,0.020019999672352677,0,CLOSED,t,TRENDING,f,2026-10-06 13:38:42.927853+00,2026-10-06 13:46:51.079402+00,PAPER-1791293922,"{""close_reason"": ""take_profit"", ""entry_indicators"": {""adx"": 25.82, ""rsi"": 55.57, ""bb_pct"": 1.1598, ""regime"": ""TRENDING"", ""atr_pct"": 0.5271, ""research"": {""arm"": true, ""setup"": ""15m sweep of hour low then reclaim"", ""pred_side"": ""bull"", ""confidence"": 0.85, ""hour_start"": ""2026-10-06T13:00:00+00:00""}, ""rr_ratio"": 1.66, ""confidence"": 0.7109, ""funding_rate"": 0.0, ""zone_based_sl"": false, ""structure_trend"": ""RANGE"", ""structure_confirmed"": false, ""predicted_change_pct"": -0.4244}}"
6276,DELL/USDT,BUY,FUTURES,572.6620899999999,577.33,0.08739884,5,567.742116,589.2527,2.039849596122057,4.075623375034421,2.0598695970732472,0.020020000951190237,0,CLOSED,t,TRANSITION,f,2026-10-06 13:39:27.174188+00,2026-10-06 15:39:28.156452+00,PAPER-1791293967,"{""close_reason"": ""max_hold"", ""entry_indicators"": {""adx"": 20.99, ""rsi"": 59.93, ""bb_pct"": 1.0226, ""regime"": ""TRANSITION"", ""atr_pct"": 0.3574, ""research"": {""arm"": true, ""setup"": ""15m sweep of hour low then reclaim"", ""pred_side"": ""bull"", ""confidence"": 0.85, ""hour_start"": ""2026-10-06T13:00:00+00:00""}, ""rr_ratio"": 3.95, ""confidence"": 0.6887, ""funding_rate"": 0.0, ""zone_based_sl"": false, ""structure_trend"": ""DOWN"", ""structure_confirmed"": true, ""predicted_change_pct"": 2.2732}}"
6277,SPCX/USDT,BUY,FUTURES,174.61443999999997,174.37,0.28663151,5,173.114256,179.6732,-0.3503210315219636,-0.6999421124621041,-0.33030103127996185,0.020020000242001755,0,CLOSED,t,TRENDING,f,2026-10-06 13:41:28.798399+00,2026-10-06 14:01:42.889778+00,PAPER-1791294088,"{""close_reason"": ""negative_timeout"", ""entry_indicators"": {""adx"": 63.84, ""rsi"": 65.34, ""bb_pct"": 0.5784, ""regime"": ""TRENDING"", ""atr_pct"": 0.5246, ""research"": {""arm"": true, ""setup"": ""15m sweep of hour low then reclaim"", ""pred_side"": ""bull"", ""confidence"": 0.85, ""hour_start"": ""2026-10-06T13:00:00+00:00""}, ""rr_ratio"": 3.95, ""confidence"": 0.6, ""funding_rate"": 0.00005, ""zone_based_sl"": false, ""structure_trend"": ""RANGE"", ""structure_confirmed"": false, ""predicted_change_pct"": -3.1268}}"
6278,SKHY/USDT,BUY,FUTURES,190.37017999999998,189.7,0.26290882,5,189.03226892,194.33,-0.8809811649379792,-1.7602021493071662,-0.8609611651831841,0.02001999975479504,0,CLOSED,t,TRANSITION,f,2026-10-06 13:41:30.801538+00,2026-10-06 13:56:31.704108+00,PAPER-1791294090,"{""close_reason"": ""negative_timeout"", ""entry_indicators"": {""adx"": 24.93, ""rsi"": 46.61, ""bb_pct"": 0.4428, ""regime"": ""TRANSITION"", ""atr_pct"": 0.5179, ""research"": {""arm"": true, ""setup"": ""15m sweep of hour low then reclaim"", ""pred_side"": ""bull"", ""confidence"": 0.85, ""hour_start"": ""2026-10-06T13:00:00+00:00""}, ""rr_ratio"": 3.62, ""confidence"": 0.5151, ""funding_rate"": 0.0, ""zone_based_sl"": true, ""structure_trend"": ""DOWN"", ""structure_confirmed"": false, ""predicted_change_pct"": 1.0404}}"
6279,MVLL/USDT,BUY,FUTURES,44.044,45.75,1.13636364,5,43.6656,45.32,9.693181849200023,19.366996639723965,9.713201849264086,0.020020000064063997,0,CLOSED,t,TRANSITION,f,2026-10-06 13:42:00.822155+00,2026-10-06 13:44:14.013501+00,PAPER-1791294120,"{""close_reason"": ""take_profit"", ""entry_indicators"": {""adx"": 17.9, ""rsi"": 48.34, ""bb_pct"": 0.5735, ""regime"": ""TRANSITION"", ""atr_pct"": 0.9694, ""research"": {""arm"": true, ""setup"": ""15m sweep of hour low then reclaim"", ""pred_side"": ""bull"", ""confidence"": 0.85, ""hour_start"": ""2026-10-06T13:00:00+00:00""}, ""rr_ratio"": 3.95, ""confidence"": 0.6282, ""funding_rate"": 0.0, ""zone_based_sl"": false, ""structure_trend"": ""RANGE"", ""structure_confirmed"": false, ""predicted_change_pct"": 1.12}}"
6280,RAYSOL/USDT,BUY,FUTURES,2.2218195999999995,2.2027288372689595,22.52658137,5,2.20273104,2.286188,-2.1502481003806655,-4.296199999999972,-2.130228100377121,0.020020000003544335,0,CLOSED,t,TRENDING,f,2026-10-06 13:45:39.525971+00,2026-10-06 13:58:31.999944+00,PAPER-1791294339,"{""close_reason"": ""stop_loss"", ""entry_indicators"": {""adx"": 26.06, ""rsi"": 65.01, ""bb_pct"": 0.7516, ""regime"": ""TRENDING"", ""atr_pct"": 1.395, ""research"": {""arm"": true, ""setup"": ""mixed 15m structure — EMA side only"", ""pred_side"": ""bull"", ""confidence"": 0.85, ""hour_start"": ""2026-10-06T13:00:00+00:00""}, ""rr_ratio"": 3.95, ""confidence"": 0.6936, ""funding_rate"": 0.0001, ""zone_based_sl"": false, ""structure_trend"": ""UP"", ""structure_confirmed"": true, ""predicted_change_pct"": -1.5352}}"
6281,AXTI/USDT,SELL,FUTURES,86.39352000000001,85.77,0.57816836,5,87.137248,85.83,1.8024976791360388,3.6086039786318076,1.8224776790452497,0.019979999909210885,0,CLOSED,t,TRANSITION,f,2026-10-06 13:47:34.997727+00,2026-10-06 13:50:02.951154+00,PAPER-SHORT-1791294454,"{""close_reason"": ""take_profit"", ""entry_indicators"": {""adx"": 19.74, ""rsi"": 66.71, ""bb_pct"": 1.0458, ""regime"": ""TRANSITION"", ""atr_pct"": 0.7748, ""research"": {""arm"": true, ""setup"": ""15m sweep of hour high then reject"", ""pred_side"": ""bear"", ""confidence"": 0.85, ""hour_start"": ""2026-10-06T13:00:00+00:00""}, ""rr_ratio"": 0.99, ""confidence"": 0.7626, ""funding_rate"": 0.0, ""zone_based_sl"": false, ""structure_trend"": ""UP"", ""structure_confirmed"": true, ""predicted_change_pct"": 1.0124}}"
6282,MVLL/USDT,BUY,FUTURES,41.89185,43.17,1.19474313,5,41.53194,43.1055,7.635304658047514,15.255353965031414,7.65532465804371,0.0200199999961962,0,CLOSED,t,TRANSITION,f,2026-10-06 13:50:11.098174+00,2026-10-06 13:53:41.030652+00,PAPER-1791294611,"{""close_reason"": ""take_profit"", ""entry_indicators"": {""adx"": 17.9, ""rsi"": 48.34, ""bb_pct"": 0.5735, ""regime"": ""TRANSITION"", ""atr_pct"": 0.9694, ""research"": {""arm"": true, ""setup"": ""15m sweep of hour low then reclaim"", ""pred_side"": ""bull"", ""confidence"": 0.85, ""hour_start"": ""2026-10-06T13:00:00+00:00""}, ""rr_ratio"": 3.95, ""confidence"": 0.6282, ""funding_rate"": 0.0, ""zone_based_sl"": false, ""structure_trend"": ""RANGE"", ""structure_confirmed"": false, ""predicted_change_pct"": 1.12}}"
6283,NBIS/USDT,BUY,FUTURES,247.51727,247.1,0.20220811,5,245.390748,254.6881,-0.4218768902984925,-0.8429108805215746,-0.4018568905548686,0.02001999974362388,0,CLOSED,t,TRENDING,f,2026-10-06 13:52:49.331309+00,2026-10-06 14:13:41.620903+00,PAPER-1791294769,"{""close_reason"": ""negative_timeout"", ""entry_indicators"": {""adx"": 25.82, ""rsi"": 55.57, ""bb_pct"": 1.1598, ""regime"": ""TRENDING"", ""atr_pct"": 0.5271, ""research"": {""arm"": true, ""setup"": ""15m sweep of hour low then reclaim"", ""pred_side"": ""bull"", ""confidence"": 0.85, ""hour_start"": ""2026-10-06T13:00:00+00:00""}, ""rr_ratio"": 3.95, ""confidence"": 0.7109, ""funding_rate"": 0.0, ""zone_based_sl"": false, ""structure_trend"": ""RANGE"", ""structure_confirmed"": false, ""predicted_change_pct"": -0.4244}}"
6284,AXTI/USDT,SELL,FUTURES,86.25366,85.83,0.57910586,5,86.996184,85.83,1.2267199432379947,2.4558957845962603,1.2466999432189738,0.01997999998097904,0,CLOSED,t,TRANSITION,f,2026-10-06 13:55:04.830379+00,2026-10-06 13:59:38.520268+00,PAPER-SHORT-1791294904,"{""close_reason"": ""take_profit"", ""entry_indicators"": {""adx"": 19.74, ""rsi"": 66.71, ""bb_pct"": 1.0458, ""regime"": ""TRANSITION"", ""atr_pct"": 0.7748, ""research"": {""arm"": true, ""setup"": ""15m sweep of hour high then reject"", ""pred_side"": ""bear"", ""confidence"": 0.85, ""hour_start"": ""2026-10-06T13:00:00+00:00""}, ""rr_ratio"": 0.78, ""confidence"": 0.7626, ""funding_rate"": 0.0, ""zone_based_sl"": false, ""structure_trend"": ""UP"", ""structure_confirmed"": true, ""predicted_change_pct"": 1.0124}}"
6285,CBRS/USDT,SELL,FUTURES,182.44737,184.017803982012,0.27377758,5,184.30068908,176.6,-2.1497480757250327,-4.303799999999976,-2.129768075950647,0.019979999774385842,0,CLOSED,t,TRANSITION,f,2026-10-06 13:56:34.478671+00,2026-10-06 14:01:24.619345+00,PAPER-SHORT-1791294994,"{""close_reason"": ""stop_loss"", ""entry_indicators"": {""adx"": 13.73, ""rsi"": 47.28, ""bb_pct"": 0.2475, ""regime"": ""TRANSITION"", ""atr_pct"": 0.8056, ""research"": {""arm"": true, ""setup"": ""15m sweep of hour high then reject"", ""pred_side"": ""bear"", ""confidence"": 0.85, ""hour_start"": ""2026-10-06T13:00:00+00:00""}, ""rr_ratio"": 3.61, ""confidence"": 0.5096, ""funding_rate"": 0.0, ""zone_based_sl"": true, ""structure_trend"": ""RANGE"", ""structure_confirmed"": false, ""predicted_change_pct"": 2.547}}"
6286,MVLL/USDT,BUY,FUTURES,43.82378,43.447228552728,1.14207401,5,43.447272,45.0934,-2.1502481067861687,-4.296199999999972,-2.130228106722986,0.020020000063183118,0,CLOSED,t,TRANSITION,f,2026-10-06 13:58:43.44335+00,2026-10-06 13:59:26.502306+00,PAPER-1791295123,"{""close_reason"": ""stop_loss"", ""entry_indicators"": {""adx"": 17.9, ""rsi"": 48.34, ""bb_pct"": 0.5735, ""regime"": ""TRANSITION"", ""atr_pct"": 0.9694, ""research"": {""arm"": true, ""setup"": ""15m sweep of hour low then reclaim"", ""pred_side"": ""bull"", ""confidence"": 0.85, ""hour_start"": ""2026-10-06T13:00:00+00:00""}, ""rr_ratio"": 3.95, ""confidence"": 0.6282, ""funding_rate"": 0.0, ""zone_based_sl"": false, ""structure_trend"": ""RANGE"", ""structure_confirmed"": false, ""predicted_change_pct"": 1.12}}"
6287,USELESS/USDT,BUY,FUTURES,0.23555531999999998,0.233531334468432,212.47662757,5,0.23353157,0.23701,-2.150248099990198,-4.296199999999972,-2.130228099990289,0.020019999999908868,0,CLOSED,t,TRANSITION,f,2026-10-06 14:01:36.085376+00,2026-10-06 14:11:06.851629+00,PAPER-1791295296,"{""close_reason"": ""stop_loss"", ""entry_indicators"": {""adx"": 12.23, ""rsi"": 54.32, ""bb_pct"": 0.6335, ""regime"": ""TRANSITION"", ""atr_pct"": 1.8905, ""research"": {""arm"": true, ""setup"": ""mixed 15m structure — EMA side only"", ""pred_side"": ""bull"", ""confidence"": 0.8, ""hour_start"": ""2026-10-06T14:00:00+00:00""}, ""rr_ratio"": 0.94, ""confidence"": 0.5141, ""funding_rate"": 0.000114, ""zone_based_sl"": false, ""structure_trend"": ""RANGE"", ""structure_confirmed"": false, ""predicted_change_pct"": 1.4517}}"
6288,RAYSOL/USDT,BUY,FUTURES,2.1952930999999998,2.1764302635675596,22.79877799,5,2.17643244,2.2112,-2.150248100424429,-4.296200000000027,-2.1302281004204775,0.020020000003951547,0,CLOSED,t,TRENDING,f,2026-10-06 14:03:35.689486+00,2026-10-06 14:11:06.840047+00,PAPER-1791295415,"{""close_reason"": ""stop_loss"", ""entry_indicators"": {""adx"": 27.29, ""rsi"": 62.1, ""bb_pct"": 0.6874, ""regime"": ""TRENDING"", ""atr_pct"": 1.4779, ""research"": {""arm"": true, ""setup"": ""mixed 15m structure — EMA side only"", ""pred_side"": ""bull"", ""confidence"": 0.85, ""hour_start"": ""2026-10-06T14:00:00+00:00""}, ""rr_ratio"": 1.09, ""confidence"": 0.6963, ""funding_rate"": 0.0001, ""zone_based_sl"": false, ""structure_trend"": ""UP"", ""structure_confirmed"": true, ""predicted_change_pct"": -1.4184}}"
6289,AXTI/USDT,SELL,FUTURES,86.22369,85.76,0.57930715,5,86.965956,85.83,1.3430946619174988,2.6888781957719488,1.3630746619640521,0.0199800000465534,0,CLOSED,t,TRANSITION,f,2026-10-06 14:04:46.078376+00,2026-10-06 14:10:23.863184+00,PAPER-SHORT-1791295486,"{""close_reason"": ""take_profit"", ""entry_indicators"": {""adx"": 18.95, ""rsi"": 44.14, ""bb_pct"": 0.1864, ""regime"": ""TRANSITION"", ""atr_pct"": 0.9893, ""research"": {""arm"": true, ""setup"": ""mixed 15m structure — EMA side only"", ""pred_side"": ""bear"", ""confidence"": 0.85, ""hour_start"": ""2026-10-06T14:00:00+00:00""}, ""rr_ratio"": 0.73, ""confidence"": 0.7979, ""funding_rate"": 0.0, ""zone_based_sl"": false, ""structure_trend"": ""UP"", ""structure_confirmed"": true, ""predicted_change_pct"": 1.0124}}"
6290,CBRS/USDT,BUY,FUTURES,181.65147,180.090647909172,0.27552764,5,180.090828,182.45,-2.1502481357285084,-4.296199999999972,-2.130228135395856,0.02002000033265232,0,CLOSED,t,TRANSITION,f,2026-10-06 14:09:50.818634+00,2026-10-06 14:17:18.979938+00,PAPER-1791295790,"{""close_reason"": ""stop_loss"", ""entry_indicators"": {""adx"": 14.59, ""rsi"": 54.31, ""bb_pct"": 0.6145, ""regime"": ""TRANSITION"", ""atr_pct"": 0.9698, ""research"": {""arm"": true, ""setup"": ""15m sweep of hour low then reclaim"", ""pred_side"": ""bull"", ""confidence"": 0.85, ""hour_start"": ""2026-10-06T14:00:00+00:00""}, ""rr_ratio"": 0.71, ""confidence"": 0.5331, ""funding_rate"": 0.0, ""zone_based_sl"": false, ""structure_trend"": ""RANGE"", ""structure_confirmed"": false, ""predicted_change_pct"": 2.1642}}"
6291,AXTI/USDT,SELL,FUTURES,85.56435,85.79,0.58377116,5,86.30094,83.0805,-0.658639811270005,-1.3185982246110775,-0.6386598113283466,0.019979999941658402,0,CLOSED,t,TRANSITION,f,2026-10-06 14:15:28.878051+00,2026-10-06 14:53:29.264134+00,PAPER-SHORT-1791296128,"{""close_reason"": ""negative_timeout"", ""entry_indicators"": {""adx"": 18.95, ""rsi"": 44.14, ""bb_pct"": 0.1864, ""regime"": ""TRANSITION"", ""atr_pct"": 0.9893, ""research"": {""arm"": true, ""setup"": ""mixed 15m structure — EMA side only"", ""pred_side"": ""bear"", ""confidence"": 0.85, ""hour_start"": ""2026-10-06T14:00:00+00:00""}, ""rr_ratio"": 3.95, ""confidence"": 0.7979, ""funding_rate"": 0.0, ""zone_based_sl"": false, ""structure_trend"": ""UP"", ""structure_confirmed"": true, ""predicted_change_pct"": 1.0124}}"
6292,RAYSOL/USDT,BUY,FUTURES,2.1889867999999995,2.1795,22.86445948,5,2.17018032,2.2112,-1.0845527709742606,-2.16693860374112,-1.0645327709779187,0.02001999999634194,0,CLOSED,t,TRENDING,f,2026-10-06 14:16:09.135259+00,2026-10-06 14:31:14.068703+00,PAPER-1791296169,"{""close_reason"": ""negative_timeout"", ""entry_indicators"": {""adx"": 27.29, ""rsi"": 62.1, ""bb_pct"": 0.6874, ""regime"": ""TRENDING"", ""atr_pct"": 1.4779, ""research"": {""arm"": true, ""setup"": ""mixed 15m structure — EMA side only"", ""pred_side"": ""bull"", ""confidence"": 0.85, ""hour_start"": ""2026-10-06T14:00:00+00:00""}, ""rr_ratio"": 1.47, ""confidence"": 0.6963, ""funding_rate"": 0.0001, ""zone_based_sl"": false, ""structure_trend"": ""UP"", ""structure_confirmed"": true, ""predicted_change_pct"": -1.4184}}"
6293,USELESS/USDT,BUY,FUTURES,0.23567543999999999,0.23365042234934397,212.36833163,5,0.23365066,0.23701,-2.150248099955598,-4.296200000000027,-2.1302280999560117,0.020019999999586466,0,CLOSED,t,TRANSITION,f,2026-10-06 14:16:41.5718+00,2026-10-06 14:18:52.686305+00,PAPER-1791296201,"{""close_reason"": ""stop_loss"", ""entry_indicators"": {""adx"": 12.23, ""rsi"": 54.32, ""bb_pct"": 0.6335, ""regime"": ""TRANSITION"", ""atr_pct"": 1.8905, ""research"": {""arm"": true, ""setup"": ""15m sweep of hour low then reclaim"", ""pred_side"": ""bull"", ""confidence"": 0.85, ""hour_start"": ""2026-10-06T14:00:00+00:00""}, ""rr_ratio"": 0.88, ""confidence"": 0.5141, ""funding_rate"": 0.000092, ""zone_based_sl"": false, ""structure_trend"": ""RANGE"", ""structure_confirmed"": false, ""predicted_change_pct"": 1.4517}}"
6294,AKE/USDT,SELL,FUTURES,0.029942028,0.030007,1668.22367543,5,0.03019979,0.02907284,-0.5419391432001893,-1.0849632496502901,-0.5219591432001941,0.01997999999999519,0,CLOSED,t,TRENDING,f,2026-10-06 14:17:20.995938+00,2026-10-06 14:33:49.450865+00,PAPER-SHORT-1791296240,"{""close_reason"": ""negative_timeout"", ""entry_indicators"": {""adx"": 44.2, ""rsi"": 39.35, ""bb_pct"": 0.2492, ""regime"": ""TRENDING"", ""atr_pct"": 1.617, ""research"": {""arm"": true, ""setup"": ""15m holding below hour open and EMA21"", ""pred_side"": ""bear"", ""confidence"": 0.85, ""hour_start"": ""2026-10-06T14:00:00+00:00""}, ""rr_ratio"": 3.95, ""confidence"": 0.4801, ""funding_rate"": 0.000706, ""zone_based_sl"": false, ""structure_trend"": ""DOWN"", ""structure_confirmed"": false, ""predicted_change_pct"": -0.9797}}"
6295,SKHY/USDT,SELL,FUTURES,189.18063,189.39,0.26403337,5,190.809212,183.6889,-0.27640333338447165,-0.5533600347984319,-0.2564233336734224,0.019979999711049242,0,CLOSED,t,TRENDING,f,2026-10-06 14:23:56.055363+00,2026-10-06 14:52:05.117537+00,PAPER-SHORT-1791296636,"{""close_reason"": ""negative_timeout"", ""entry_indicators"": {""adx"": 25.53, ""rsi"": 37.96, ""bb_pct"": 0.278, ""regime"": ""TRENDING"", ""atr_pct"": 0.6228, ""research"": {""arm"": true, ""setup"": ""mixed 15m structure — EMA side only"", ""pred_side"": ""bear"", ""confidence"": 0.85, ""hour_start"": ""2026-10-06T14:00:00+00:00""}, ""rr_ratio"": 3.95, ""confidence"": 0.4956, ""funding_rate"": 0.0, ""zone_based_sl"": false, ""structure_trend"": ""DOWN"", ""structure_confirmed"": false, ""predicted_change_pct"": 1.1402}}"
6296,USELESS/USDT,BUY,FUTURES,0.23379355999999996,0.23334,214.07775304,5,0.23178494,0.23701,-0.4854855283440597,-0.9700010556320526,-0.46546552834405075,0.020020000000008968,0,CLOSED,t,TRANSITION,f,2026-10-06 14:23:56.084481+00,2026-10-06 14:48:38.446998+00,PAPER-1791296636,"{""close_reason"": ""negative_timeout"", ""entry_indicators"": {""adx"": 12.23, ""rsi"": 54.32, ""bb_pct"": 0.6335, ""regime"": ""TRANSITION"", ""atr_pct"": 1.8905, ""research"": {""arm"": true, ""setup"": ""15m sweep of hour low then reclaim"", ""pred_side"": ""bull"", ""confidence"": 0.85, ""hour_start"": ""2026-10-06T14:00:00+00:00""}, ""rr_ratio"": 1.94, ""confidence"": 0.5141, ""funding_rate"": 0.000082, ""zone_based_sl"": false, ""structure_trend"": ""RANGE"", ""structure_confirmed"": false, ""predicted_change_pct"": 1.4517}}"
6297,GLW/USDT,BUY,FUTURES,165.57540999999998,165.4,0.30227919,5,164.152884,166.84,-0.26511396358944983,-0.5296982202851463,-0.24509396326196267,0.02002000032748716,0,CLOSED,t,TRENDING,f,2026-10-06 14:24:27.160902+00,2026-10-06 14:41:06.444498+00,PAPER-1791296667,"{""close_reason"": ""negative_timeout"", ""entry_indicators"": {""adx"": 43.93, ""rsi"": 75.38, ""bb_pct"": 1.3938, ""regime"": ""TRENDING"", ""atr_pct"": 0.6857, ""research"": {""arm"": true, ""setup"": ""15m sweep of hour low then reclaim"", ""pred_side"": ""bull"", ""confidence"": 0.85, ""hour_start"": ""2026-10-06T14:00:00+00:00""}, ""rr_ratio"": 1.14, ""confidence"": 0.6596, ""funding_rate"": 0.0, ""zone_based_sl"": false, ""structure_trend"": ""DOWN"", ""structure_confirmed"": false, ""predicted_change_pct"": -0.5837}}"
6298,CBRS/USDT,SELL,FUTURES,178.47135,178.67,0.27987685,5,180.00774,176.6,-0.277987681262481,-0.5565319027395333,-0.25800768156118203,0.019979999701299003,0,CLOSED,t,TRANSITION,f,2026-10-06 14:35:10.015155+00,2026-10-06 14:51:15.790344+00,PAPER-SHORT-1791297310,"{""close_reason"": ""negative_timeout"", ""entry_indicators"": {""adx"": 14.59, ""rsi"": 54.31, ""bb_pct"": 0.6145, ""regime"": ""TRANSITION"", ""atr_pct"": 0.9698, ""research"": {""arm"": true, ""setup"": ""15m sweep of hour high then reject"", ""pred_side"": ""bear"", ""confidence"": 0.85, ""hour_start"": ""2026-10-06T14:00:00+00:00""}, ""rr_ratio"": 1.51, ""confidence"": 0.5331, ""funding_rate"": 0.0, ""zone_based_sl"": false, ""structure_trend"": ""RANGE"", ""structure_confirmed"": false, ""predicted_change_pct"": 2.1642}}"
6299,GLW/USDT,BUY,FUTURES,165.62546,167.13,0.30218784,5,164.202504,166.84,2.273268463967978,4.541994932421578,2.2932884639705406,0.02002000000256256,0,CLOSED,t,TRENDING,f,2026-10-06 14:46:12.0077+00,2026-10-06 14:55:14.20714+00,PAPER-1791297972,"{""close_reason"": ""take_profit"", ""entry_indicators"": {""adx"": 43.93, ""rsi"": 75.38, ""bb_pct"": 1.3938, ""regime"": ""TRENDING"", ""atr_pct"": 0.6857, ""research"": {""arm"": true, ""setup"": ""15m sweep of hour low then reclaim"", ""pred_side"": ""bull"", ""confidence"": 0.85, ""hour_start"": ""2026-10-06T14:00:00+00:00""}, ""rr_ratio"": 1.1, ""confidence"": 0.6596, ""funding_rate"": 0.0, ""zone_based_sl"": false, ""structure_trend"": ""DOWN"", ""structure_confirmed"": false, ""predicted_change_pct"": -0.5837}}"
6300,ZHIPU/USDT,BUY,FUTURES,91.02092999999999,91.29,0.54987353,5,90.238932,93.6579,0.7397723535855437,1.4780666380799223,0.7597923536187369,0.02002000003319316,0,CLOSED,t,TRENDING,f,2026-10-06 14:46:37.61816+00,2026-10-06 16:46:38.124918+00,PAPER-1791297997,"{""close_reason"": ""max_hold"", ""entry_indicators"": {""adx"": 78.35, ""rsi"": 76.94, ""bb_pct"": 0.6769, ""regime"": ""TRENDING"", ""atr_pct"": 0.8945, ""research"": {""arm"": true, ""setup"": ""15m sweep of hour low then reclaim"", ""pred_side"": ""bull"", ""confidence"": 0.85, ""hour_start"": ""2026-10-06T14:00:00+00:00""}, ""rr_ratio"": 3.95, ""confidence"": 0.4889, ""funding_rate"": 0.0, ""zone_based_sl"": false, ""structure_trend"": ""UP"", ""structure_confirmed"": false, ""predicted_change_pct"": -1.8632}}"
6301,LITE/USDT,BUY,FUTURES,1124.1229999999998,1119.95,0.0445236,5,1114.4652,1156.69,-0.9289849139999581,-1.8561136103432685,-0.9089649128788381,0.02002000112112,0,CLOSED,t,TRANSITION,f,2026-10-06 14:54:53.781083+00,2026-10-06 15:10:01.097028+00,PAPER-1791298493,"{""close_reason"": ""negative_timeout"", ""entry_indicators"": {""adx"": 18.47, ""rsi"": 62.74, ""bb_pct"": 1.0447, ""regime"": ""TRANSITION"", ""atr_pct"": 0.7192, ""research"": {""arm"": true, ""setup"": ""15m sweep of hour low then reclaim"", ""pred_side"": ""bull"", ""confidence"": 0.85, ""hour_start"": ""2026-10-06T14:00:00+00:00""}, ""rr_ratio"": 3.95, ""confidence"": 0.6663, ""funding_rate"": 0.0, ""zone_based_sl"": false, ""structure_trend"": ""UP"", ""structure_confirmed"": true, ""predicted_change_pct"": -0.4218}}"
6302,AXTI/USDT,SELL,FUTURES,85.67424000000001,86.41168958822401,0.58302239,5,86.411776,83.1872,-2.1497481071543487,-4.303799999999973,-2.1297681070878554,0.019980000066493444,0,CLOSED,t,TRANSITION,f,2026-10-06 15:01:43.069213+00,2026-10-06 15:07:02.053045+00,PAPER-SHORT-1791298903,"{""close_reason"": ""stop_loss"", ""entry_indicators"": {""adx"": 18.95, ""rsi"": 44.14, ""bb_pct"": 0.1864, ""regime"": ""TRANSITION"", ""atr_pct"": 0.9893, ""research"": {""arm"": true, ""setup"": ""15m sweep of hour high then reject"", ""pred_side"": ""bear"", ""confidence"": 0.85, ""hour_start"": ""2026-10-06T15:00:00+00:00""}, ""rr_ratio"": 3.95, ""confidence"": 0.7979, ""funding_rate"": 0.0, ""zone_based_sl"": false, ""structure_trend"": ""UP"", ""structure_confirmed"": false, ""predicted_change_pct"": 1.0124}}"
6303,GLW/USDT,BUY,FUTURES,167.02686,166.7,0.2996524,5,165.591864,171.8658,-0.4897219173200258,-0.9784653797599296,-0.4697019175346402,0.0200199997853856,0,CLOSED,t,TRENDING,f,2026-10-06 15:06:23.470838+00,2026-10-06 16:12:19.710302+00,PAPER-1791299183,"{""close_reason"": ""negative_timeout"", ""entry_indicators"": {""adx"": 43.93, ""rsi"": 75.38, ""bb_pct"": 1.3938, ""regime"": ""TRENDING"", ""atr_pct"": 0.6857, ""research"": {""arm"": true, ""setup"": ""15m sweep of hour low then reclaim"", ""pred_side"": ""bull"", ""confidence"": 0.85, ""hour_start"": ""2026-10-06T15:00:00+00:00""}, ""rr_ratio"": 3.95, ""confidence"": 0.6596, ""funding_rate"": 0.0, ""zone_based_sl"": false, ""structure_trend"": ""DOWN"", ""structure_confirmed"": false, ""predicted_change_pct"": -0.5837}}"
6304,NBIS/USDT,BUY,FUTURES,253.43318,252.16,0.19748795,5,251.255832,260.7754,-1.257188540905009,-2.5118652577377776,-1.2371685412329365,0.0200199996720724,0,CLOSED,t,TRENDING,f,2026-10-06 15:08:07.176527+00,2026-10-06 15:23:11.552003+00,PAPER-1791299287,"{""close_reason"": ""negative_timeout"", ""entry_indicators"": {""adx"": 33.34, ""rsi"": 83.28, ""bb_pct"": 1.1431, ""regime"": ""TRENDING"", ""atr_pct"": 0.921, ""research"": {""arm"": true, ""setup"": ""15m sweep of hour low then reclaim"", ""pred_side"": ""bull"", ""confidence"": 0.85, ""hour_start"": ""2026-10-06T15:00:00+00:00""}, ""rr_ratio"": 3.95, ""confidence"": 0.5253, ""funding_rate"": 0.0, ""zone_based_sl"": false, ""structure_trend"": ""UP"", ""structure_confirmed"": true, ""predicted_change_pct"": 1.907}}"
6305,SQQQ/USDT,SELL,FUTURES,31.42854,31.5,1.58931977,5,31.699096,30.5162,-0.5678639538209866,-1.1368647732283828,-0.5478839538352923,0.01997999998569432,0,CLOSED,t,TRENDING,f,2026-10-06 15:10:27.010922+00,2026-10-06 15:25:31.076255+00,PAPER-SHORT-1791299427,"{""close_reason"": ""negative_timeout"", ""entry_indicators"": {""adx"": 51.41, ""rsi"": 20.54, ""bb_pct"": -0.0398, ""regime"": ""TRENDING"", ""atr_pct"": 0.5708, ""research"": {""arm"": true, ""setup"": ""15m holding below hour open and EMA21"", ""pred_side"": ""bear"", ""confidence"": 0.85, ""hour_start"": ""2026-10-06T15:00:00+00:00""}, ""rr_ratio"": 3.95, ""confidence"": 0.5339, ""funding_rate"": 0.0, ""zone_based_sl"": false, ""structure_trend"": ""DOWN"", ""structure_confirmed"": true, ""predicted_change_pct"": -0.4472}}"
6306,AXTI/USDT,SELL,FUTURES,86.97294000000001,86.45,0.57431656,5,87.721656,86.58,1.5016655094320157,3.0063373734405516,1.5216455093175703,0.019979999885554562,0,CLOSED,t,TRANSITION,f,2026-10-06 15:12:08.834491+00,2026-10-06 15:14:07.756153+00,PAPER-SHORT-1791299528,"{""close_reason"": ""take_profit"", ""entry_indicators"": {""adx"": 19.72, ""rsi"": 48.53, ""bb_pct"": 0.351, ""regime"": ""TRANSITION"", ""atr_pct"": 1.1066, ""research"": {""arm"": true, ""setup"": ""15m sweep of hour high then reject"", ""pred_side"": ""bear"", ""confidence"": 0.85, ""hour_start"": ""2026-10-06T15:00:00+00:00""}, ""rr_ratio"": 0.73, ""confidence"": 0.7709, ""funding_rate"": 0.0, ""zone_based_sl"": false, ""structure_trend"": ""UP"", ""structure_confirmed"": false, ""predicted_change_pct"": 1.0124}}"
6307,AXTI/USDT,SELL,FUTURES,86.28363,85.79,0.57890471,5,87.026412,85.83,1.4288236599864885,2.8605078390883416,1.4488036599076475,0.01997999992115892,0,CLOSED,t,TRANSITION,f,2026-10-06 15:19:11.518112+00,2026-10-06 15:31:14.895498+00,PAPER-SHORT-1791299951,"{""close_reason"": ""take_profit"", ""entry_indicators"": {""adx"": 19.72, ""rsi"": 48.53, ""bb_pct"": 0.351, ""regime"": ""TRANSITION"", ""atr_pct"": 1.1066, ""research"": {""arm"": true, ""setup"": ""15m sweep of hour high then reject"", ""pred_side"": ""bear"", ""confidence"": 0.85, ""hour_start"": ""2026-10-06T15:00:00+00:00""}, ""rr_ratio"": 0.82, ""confidence"": 0.7709, ""funding_rate"": 0.0, ""zone_based_sl"": false, ""structure_trend"": ""UP"", ""structure_confirmed"": false, ""predicted_change_pct"": 1.0124}}"
6308,NBIS/USDT,BUY,FUTURES,252.62237,252.01,0.19812181,5,250.451988,259.9411,-0.6066192639484956,-1.2120264725566376,-0.5865992634721398,0.02002000047635588,0,CLOSED,t,TRENDING,f,2026-10-06 15:28:14.409734+00,2026-10-06 15:43:18.399143+00,PAPER-1791300494,"{""close_reason"": ""negative_timeout"", ""entry_indicators"": {""adx"": 33.34, ""rsi"": 83.28, ""bb_pct"": 1.1431, ""regime"": ""TRENDING"", ""atr_pct"": 0.921, ""research"": {""arm"": true, ""setup"": ""mixed 15m structure — EMA side only"", ""pred_side"": ""bull"", ""confidence"": 0.85, ""hour_start"": ""2026-10-06T15:00:00+00:00""}, ""rr_ratio"": 3.95, ""confidence"": 0.5253, ""funding_rate"": 0.0, ""zone_based_sl"": false, ""structure_trend"": ""UP"", ""structure_confirmed"": true, ""predicted_change_pct"": 1.907}}"
6309,QQQ/USDT,BUY,FUTURES,763.1924299999998,762.39,0.06557979,5,755.58406968,785.3029,-0.2631159544484569,-0.5257062101624022,-0.24309595473286105,0.020019999715595878,0,CLOSED,t,TRENDING,f,2026-10-06 15:37:37.476941+00,2026-10-06 15:54:25.78737+00,PAPER-1791301057,"{""close_reason"": ""negative_timeout"", ""entry_indicators"": {""adx"": 50.56, ""rsi"": 79.92, ""bb_pct"": 1.0299, ""regime"": ""TRENDING"", ""atr_pct"": 0.1713, ""research"": {""arm"": true, ""setup"": ""mixed 15m structure — EMA side only"", ""pred_side"": ""bull"", ""confidence"": 0.85, ""hour_start"": ""2026-10-06T15:00:00+00:00""}, ""rr_ratio"": 3.34, ""confidence"": 0.7058, ""funding_rate"": 0.0, ""zone_based_sl"": true, ""structure_trend"": ""UP"", ""structure_confirmed"": true, ""predicted_change_pct"": -0.2589}}"
6310,AXTI/USDT,SELL,FUTURES,85.74417,86.482221517692,0.5825469,5,86.482308,83.2551,-2.1497481183588487,-4.3038,-2.1297681181882195,0.0199800001706292,0,CLOSED,t,TRANSITION,f,2026-10-06 15:38:26.005869+00,2026-10-06 15:45:07.252752+00,PAPER-SHORT-1791301106,"{""close_reason"": ""stop_loss"", ""entry_indicators"": {""adx"": 19.72, ""rsi"": 48.53, ""bb_pct"": 0.351, ""regime"": ""TRANSITION"", ""atr_pct"": 1.1066, ""research"": {""arm"": true, ""setup"": ""15m sweep of hour high then reject"", ""pred_side"": ""bear"", ""confidence"": 0.85, ""hour_start"": ""2026-10-06T15:00:00+00:00""}, ""rr_ratio"": 3.95, ""confidence"": 0.7709, ""funding_rate"": 0.0, ""zone_based_sl"": false, ""structure_trend"": ""UP"", ""structure_confirmed"": false, ""predicted_change_pct"": 1.0124}}"
6311,AXTI/USDT,SELL,FUTURES,85.69422,85.81,0.58288645,5,86.431928,83.2066,-0.3374329659050026,-0.6755414775932431,-0.317452966032475,0.0199799998725276,0,CLOSED,t,TRANSITION,f,2026-10-06 15:55:32.818068+00,2026-10-06 16:22:12.753572+00,PAPER-SHORT-1791302132,"{""close_reason"": ""negative_timeout"", ""entry_indicators"": {""adx"": 19.72, ""rsi"": 48.53, ""bb_pct"": 0.351, ""regime"": ""TRANSITION"", ""atr_pct"": 1.1066, ""research"": {""arm"": true, ""setup"": ""15m sweep of hour high then reject"", ""pred_side"": ""bear"", ""confidence"": 0.85, ""hour_start"": ""2026-10-06T15:00:00+00:00""}, ""rr_ratio"": 3.95, ""confidence"": 0.7709, ""funding_rate"": 0.0, ""zone_based_sl"": false, ""structure_trend"": ""UP"", ""structure_confirmed"": false, ""predicted_change_pct"": 1.0124}}"
6312,1000BONK/USDT,SELL,FUTURES,0.003704292,0.00371,13484.35814455,5,0.00373618,0.00359676,-0.3848435814454638,-0.7704576205115716,-0.36486358144546727,0.019979999999996566,0,CLOSED,t,TRANSITION,f,2026-10-06 15:58:49.75249+00,2026-10-06 16:19:09.734912+00,PAPER-SHORT-1791302329,"{""close_reason"": ""negative_timeout"", ""entry_indicators"": {""adx"": 20.51, ""rsi"": 44.36, ""bb_pct"": 0.4565, ""regime"": ""TRANSITION"", ""atr_pct"": 1.0202, ""research"": {""arm"": true, ""setup"": ""15m sweep of hour high then reject"", ""pred_side"": ""bear"", ""confidence"": 0.85, ""hour_start"": ""2026-10-06T15:00:00+00:00""}, ""rr_ratio"": 3.95, ""confidence"": 0.6321, ""funding_rate"": -0.000356, ""zone_based_sl"": false, ""structure_trend"": ""DOWN"", ""structure_confirmed"": true, ""predicted_change_pct"": -0.6023}}"
6313,QQQ/USDT,BUY,FUTURES,762.9221599999998,761.81,0.06560302,5,755.58413906,785.0248,-0.3648052736159714,-0.7288816987567337,-0.34478527452760216,0.020019999088369277,0,CLOSED,t,TRENDING,f,2026-10-06 15:59:26.172948+00,2026-10-06 16:14:27.813854+00,PAPER-1791302366,"{""close_reason"": ""negative_timeout"", ""entry_indicators"": {""adx"": 50.56, ""rsi"": 79.92, ""bb_pct"": 1.0299, ""regime"": ""TRENDING"", ""atr_pct"": 0.1713, ""research"": {""arm"": true, ""setup"": ""mixed 15m structure — EMA side only"", ""pred_side"": ""bull"", ""confidence"": 0.85, ""hour_start"": ""2026-10-06T15:00:00+00:00""}, ""rr_ratio"": 3.48, ""confidence"": 0.7058, ""funding_rate"": 0.0, ""zone_based_sl"": true, ""structure_trend"": ""UP"", ""structure_confirmed"": true, ""predicted_change_pct"": -0.2589}}"
6314,SPCX/USDT,BUY,FUTURES,174.05387999999996,173.55,0.28755464,5,172.558512,179.0964,-0.7244651600159302,-1.4474828139423024,-0.704445159694329,0.020020000321601273,0,CLOSED,t,TRENDING,f,2026-10-06 16:01:48.836197+00,2026-10-06 16:16:54.198068+00,PAPER-1791302508,"{""close_reason"": ""negative_timeout"", ""entry_indicators"": {""adx"": 63.36, ""rsi"": 68.6, ""bb_pct"": 0.8673, ""regime"": ""TRENDING"", ""atr_pct"": 0.7149, ""research"": {""arm"": true, ""setup"": ""15m sweep of hour low then reclaim"", ""pred_side"": ""bull"", ""confidence"": 0.85, ""hour_start"": ""2026-10-06T16:00:00+00:00""}, ""rr_ratio"": 3.95, ""confidence"": 0.5946, ""funding_rate"": 0.00005, ""zone_based_sl"": false, ""structure_trend"": ""RANGE"", ""structure_confirmed"": false, ""predicted_change_pct"": -3.2913}}"
6315,DELL/USDT,BUY,FUTURES,572.3317599999999,575.69,0.08744928,5,567.414624,588.9128,1.4683783503360701,2.9338228582668213,1.4883983504693232,0.02002000013325312,0,CLOSED,t,TRENDING,f,2026-10-06 16:16:08.705004+00,2026-10-06 18:16:11.65155+00,PAPER-1791303368,"{""close_reason"": ""max_hold"", ""entry_indicators"": {""adx"": 32.95, ""rsi"": 62.32, ""bb_pct"": 0.8018, ""regime"": ""TRENDING"", ""atr_pct"": 0.7755, ""research"": {""arm"": true, ""setup"": ""mixed 15m structure — EMA side only"", ""pred_side"": ""bull"", ""confidence"": 0.85, ""hour_start"": ""2026-10-06T16:00:00+00:00""}, ""rr_ratio"": 3.95, ""confidence"": 0.5469, ""funding_rate"": 0.0, ""zone_based_sl"": false, ""structure_trend"": ""DOWN"", ""structure_confirmed"": false, ""predicted_change_pct"": 1.6355}}"
6316,GLW/USDT,BUY,FUTURES,167.18702,169.31,0.29936535,5,165.750648,172.0306,3.1777332537150413,6.349117293914408,3.197753254018144,0.020020000303102796,0,CLOSED,t,TRENDING,f,2026-10-06 16:17:22.981298+00,2026-10-06 18:17:24.452867+00,PAPER-1791303442,"{""close_reason"": ""max_hold"", ""entry_indicators"": {""adx"": 46.74, ""rsi"": 80.05, ""bb_pct"": 1.0266, ""regime"": ""TRENDING"", ""atr_pct"": 0.7843, ""research"": {""arm"": true, ""setup"": ""mixed 15m structure — EMA side only"", ""pred_side"": ""bull"", ""confidence"": 0.85, ""hour_start"": ""2026-10-06T16:00:00+00:00""}, ""rr_ratio"": 3.95, ""confidence"": 0.7959, ""funding_rate"": 0.0, ""zone_based_sl"": false, ""structure_trend"": ""DOWN"", ""structure_confirmed"": false, ""predicted_change_pct"": -0.5837}}"
6317,QQQ/USDT,BUY,FUTURES,762.1613999999998,761.39,0.06566851,5,755.5819561,784.242,-0.2532834430699485,-0.5060607897486302,-0.23326344166294288,0.0200200014070056,0,CLOSED,t,TRENDING,f,2026-10-06 16:19:28.334826+00,2026-10-06 16:37:22.033285+00,PAPER-1791303568,"{""close_reason"": ""negative_timeout"", ""entry_indicators"": {""adx"": 50.55, ""rsi"": 70.53, ""bb_pct"": 0.8493, ""regime"": ""TRENDING"", ""atr_pct"": 0.1734, ""research"": {""arm"": true, ""setup"": ""mixed 15m structure — EMA side only"", ""pred_side"": ""bull"", ""confidence"": 0.85, ""hour_start"": ""2026-10-06T16:00:00+00:00""}, ""rr_ratio"": 3.93, ""confidence"": 0.7058, ""funding_rate"": 0.0, ""zone_based_sl"": true, ""structure_trend"": ""UP"", ""structure_confirmed"": true, ""predicted_change_pct"": -0.2475}}"
6318,SPCX/USDT,BUY,FUTURES,173.37319999999997,173.08,0.2886836,5,171.88368,178.396,-0.4232101575999399,-0.8455747485769383,-0.4031901577921319,0.020019999807807994,0,CLOSED,t,TRENDING,f,2026-10-06 16:22:02.549916+00,2026-10-06 17:19:38.685997+00,PAPER-1791303722,"{""close_reason"": ""negative_timeout"", ""entry_indicators"": {""adx"": 61.6, ""rsi"": 65.34, ""bb_pct"": 0.7351, ""regime"": ""TRENDING"", ""atr_pct"": 0.729, ""research"": {""arm"": true, ""setup"": ""15m sweep of hour low then reclaim"", ""pred_side"": ""bull"", ""confidence"": 0.85, ""hour_start"": ""2026-10-06T16:00:00+00:00""}, ""rr_ratio"": 3.95, ""confidence"": 0.5752, ""funding_rate"": 0.00005, ""zone_based_sl"": false, ""structure_trend"": ""RANGE"", ""structure_confirmed"": false, ""predicted_change_pct"": -1.5536}}"
6319,LITE/USDT,BUY,FUTURES,1123.0619399999998,1130.2,0.04456566,5,1113.413256,1155.5982,1.590561775098027,3.1779458219375334,1.610581773728819,0.02001999863079216,0,CLOSED,t,TRANSITION,f,2026-10-06 16:23:22.374152+00,2026-10-06 18:23:26.13204+00,PAPER-1791303802,"{""close_reason"": ""max_hold"", ""entry_indicators"": {""adx"": 24.13, ""rsi"": 61.86, ""bb_pct"": 0.8586, ""regime"": ""TRANSITION"", ""atr_pct"": 0.8455, ""research"": {""arm"": true, ""setup"": ""mixed 15m structure — EMA side only"", ""pred_side"": ""bull"", ""confidence"": 0.85, ""hour_start"": ""2026-10-06T16:00:00+00:00""}, ""rr_ratio"": 3.95, ""confidence"": 0.7077, ""funding_rate"": 0.0, ""zone_based_sl"": false, ""structure_trend"": ""UP"", ""structure_confirmed"": true, ""predicted_change_pct"": -0.7087}}"
6320,1000BONK/USDT,SELL,FUTURES,0.003692304,0.003696,13528.13852814,5,0.00372409,0.00358512,-0.25000000000003264,-0.5005005005005114,-0.23002000000003048,0.019980000000002173,0,CLOSED,t,TRANSITION,f,2026-10-06 16:24:14.971009+00,2026-10-06 16:44:50.125977+00,PAPER-SHORT-1791303854,"{""close_reason"": ""negative_timeout"", ""entry_indicators"": {""adx"": 21.91, ""rsi"": 34.22, ""bb_pct"": 0.0443, ""regime"": ""TRANSITION"", ""atr_pct"": 1.1507, ""research"": {""arm"": true, ""setup"": ""15m sweep of hour high then reject"", ""pred_side"": ""bear"", ""confidence"": 0.85, ""hour_start"": ""2026-10-06T16:00:00+00:00""}, ""rr_ratio"": 3.95, ""confidence"": 0.6252, ""funding_rate"": -0.000324, ""zone_based_sl"": false, ""structure_trend"": ""DOWN"", ""structure_confirmed"": true, ""predicted_change_pct"": -0.6023}}"
6321,AXTI/USDT,SELL,FUTURES,85.56435,85.74,0.58377116,5,86.30094,83.0805,-0.5126970212699716,-1.026420466000094,-0.49271702132831324,0.019979999941658402,0,CLOSED,t,TRANSITION,f,2026-10-06 16:27:15.123869+00,2026-10-06 16:42:15.497122+00,PAPER-SHORT-1791304035,"{""close_reason"": ""negative_timeout"", ""entry_indicators"": {""adx"": 20.56, ""rsi"": 42.16, ""bb_pct"": 0.0363, ""regime"": ""TRANSITION"", ""atr_pct"": 1.1491, ""research"": {""arm"": true, ""setup"": ""15m sweep of hour high then reject"", ""pred_side"": ""bear"", ""confidence"": 0.85, ""hour_start"": ""2026-10-06T16:00:00+00:00""}, ""rr_ratio"": 3.95, ""confidence"": 0.8339, ""funding_rate"": 0.0, ""zone_based_sl"": false, ""structure_trend"": ""UP"", ""structure_confirmed"": false, ""predicted_change_pct"": 1.0124}}"
6322,RAYSOL/USDT,BUY,FUTURES,2.3030006999999997,2.28321239678532,21.73251619,5,2.28321468,2.369721,-2.1502480999282687,-4.296199999999917,-2.130228099928936,0.02001999999933253,0,CLOSED,t,TRENDING,f,2026-10-06 16:37:22.153934+00,2026-10-06 16:40:23.292144+00,PAPER-1791304642,"{""close_reason"": ""stop_loss"", ""entry_indicators"": {""adx"": 30.81, ""rsi"": 74.39, ""bb_pct"": 1.1407, ""regime"": ""TRENDING"", ""atr_pct"": 1.5909, ""research"": {""arm"": true, ""setup"": ""15m holding above hour open and EMA21"", ""pred_side"": ""bull"", ""confidence"": 0.85, ""hour_start"": ""2026-10-06T16:00:00+00:00""}, ""rr_ratio"": 3.95, ""confidence"": 0.661, ""funding_rate"": 0.0001, ""zone_based_sl"": false, ""structure_trend"": ""UP"", ""structure_confirmed"": true, ""predicted_change_pct"": -1.6304}}"
6323,RAYSOL/USDT,BUY,FUTURES,2.2885863,2.2689218510758797,21.86939597,5,2.26892412,2.354889,-2.1502481002671177,-4.296200000000027,-2.1302281002646306,0.020020000002486885,0,CLOSED,t,TRENDING,f,2026-10-06 16:45:24.110678+00,2026-10-06 16:51:09.83283+00,PAPER-1791305124,"{""close_reason"": ""stop_loss"", ""entry_indicators"": {""adx"": 30.81, ""rsi"": 74.39, ""bb_pct"": 1.1407, ""regime"": ""TRENDING"", ""atr_pct"": 1.5909, ""research"": {""arm"": true, ""setup"": ""15m holding above hour open and EMA21"", ""pred_side"": ""bull"", ""confidence"": 0.85, ""hour_start"": ""2026-10-06T16:00:00+00:00""}, ""rr_ratio"": 3.95, ""confidence"": 0.661, ""funding_rate"": 0.0001, ""zone_based_sl"": false, ""structure_trend"": ""UP"", ""structure_confirmed"": true, ""predicted_change_pct"": -1.6304}}"
6324,USELESS/USDT,SELL,FUTURES,0.22645331999999999,0.2267,220.57526028,5,0.22840277,0.2198796,-0.27205752602938166,-0.5446597117675883,-0.2520775260292736,0.019980000000108054,0,CLOSED,t,TRANSITION,f,2026-10-06 16:48:43.680775+00,2026-10-06 17:53:52.023118+00,PAPER-SHORT-1791305323,"{""close_reason"": ""negative_timeout"", ""entry_indicators"": {""adx"": 11.6, ""rsi"": 49.32, ""bb_pct"": 0.4816, ""regime"": ""TRANSITION"", ""atr_pct"": 1.9072, ""research"": {""arm"": true, ""setup"": ""15m sweep of hour high then reject"", ""pred_side"": ""bear"", ""confidence"": 0.85, ""hour_start"": ""2026-10-06T16:00:00+00:00""}, ""rr_ratio"": 3.95, ""confidence"": 0.4908, ""funding_rate"": 0.00005, ""zone_based_sl"": false, ""structure_trend"": ""RANGE"", ""structure_confirmed"": false, ""predicted_change_pct"": 0.8755}}"
6325,1000BONK/USDT,SELL,FUTURES,0.00368631,0.003691,13550.13550136,5,0.00371804,0.0035793,-0.3177506775068854,-0.636137492506043,-0.297770677506878,0.019980000000007356,0,CLOSED,t,TRANSITION,f,2026-10-06 16:49:51.609521+00,2026-10-06 17:05:10.131381+00,PAPER-SHORT-1791305391,"{""close_reason"": ""negative_timeout"", ""entry_indicators"": {""adx"": 21.91, ""rsi"": 34.22, ""bb_pct"": 0.0443, ""regime"": ""TRANSITION"", ""atr_pct"": 1.1507, ""research"": {""arm"": true, ""setup"": ""15m sweep of hour high then reject"", ""pred_side"": ""bear"", ""confidence"": 0.85, ""hour_start"": ""2026-10-06T16:00:00+00:00""}, ""rr_ratio"": 3.95, ""confidence"": 0.6252, ""funding_rate"": -0.000335, ""zone_based_sl"": false, ""structure_trend"": ""DOWN"", ""structure_confirmed"": true, ""predicted_change_pct"": -0.6023}}"
6326,RAYSOL/USDT,BUY,FUTURES,2.2755732999999996,2.2560206639770795,21.9944574,5,2.25602292,2.341499,-2.1502481003191103,-4.296200000000027,-2.130228100316139,0.020020000002970967,0,CLOSED,t,TRENDING,f,2026-10-06 16:56:11.855849+00,2026-10-06 17:00:34.451619+00,PAPER-1791305771,"{""close_reason"": ""stop_loss"", ""entry_indicators"": {""adx"": 30.81, ""rsi"": 74.39, ""bb_pct"": 1.1407, ""regime"": ""TRENDING"", ""atr_pct"": 1.5909, ""research"": {""arm"": true, ""setup"": ""15m holding above hour open and EMA21"", ""pred_side"": ""bull"", ""confidence"": 0.85, ""hour_start"": ""2026-10-06T16:00:00+00:00""}, ""rr_ratio"": 3.95, ""confidence"": 0.661, ""funding_rate"": 0.0001, ""zone_based_sl"": false, ""structure_trend"": ""UP"", ""structure_confirmed"": true, ""predicted_change_pct"": -1.6304}}"
6327,CBRS/USDT,SELL,FUTURES,177.35247,177.56,0.19714978,5,178.879228,176.6,-0.2045724692169914,-0.5850778396263421,-0.19058646903980878,0.01398600017718264,0,CLOSED,t,TRANSITION,f,2026-10-06 16:59:27.288846+00,2026-10-06 17:17:22.590765+00,PAPER-SHORT-1791305967,"{""close_reason"": ""negative_timeout"", ""entry_indicators"": {""adx"": 15.71, ""rsi"": 34.68, ""bb_pct"": -0.2815, ""regime"": ""TRANSITION"", ""atr_pct"": 1.221, ""research"": {""arm"": true, ""setup"": ""mixed 15m structure — EMA side only"", ""pred_side"": ""bear"", ""confidence"": 0.85, ""hour_start"": ""2026-10-06T16:00:00+00:00""}, ""rr_ratio"": 0.69, ""confidence"": 0.5251, ""funding_rate"": 0.0, ""zone_based_sl"": false, ""structure_trend"": ""RANGE"", ""structure_confirmed"": false, ""predicted_change_pct"": 3.1301}}"
6328,SQQQ/USDT,BUY,FUTURES,31.741709999999998,31.7,1.57678966,5,31.469004,32.28,-0.32883948359298776,-0.6570219436822788,-0.3088194835455003,0.020020000047487437,0,CLOSED,t,TRENDING,f,2026-10-06 17:01:47.928336+00,2026-10-06 17:34:58.896355+00,PAPER-1791306107,"{""close_reason"": ""negative_timeout"", ""entry_indicators"": {""adx"": 51.32, ""rsi"": 30.18, ""bb_pct"": 0.1534, ""regime"": ""TRENDING"", ""atr_pct"": 0.5702, ""research"": {""arm"": true, ""setup"": ""15m holding above hour open and EMA21"", ""pred_side"": ""bull"", ""confidence"": 0.85, ""hour_start"": ""2026-10-06T17:00:00+00:00""}, ""rr_ratio"": 2.37, ""confidence"": 0.5251, ""funding_rate"": 0.0, ""zone_based_sl"": false, ""structure_trend"": ""DOWN"", ""structure_confirmed"": true, ""predicted_change_pct"": -0.4472}}"
6329,SKHY/USDT,SELL,FUTURES,186.4134,186.61,0.26795284,5,188.01816,181.002,-0.26339764172002395,-0.5273226066366953,-0.24341764174240155,0.0199799999776224,0,CLOSED,t,TRENDING,f,2026-10-06 17:10:03.74451+00,2026-10-06 17:34:40.408856+00,PAPER-SHORT-1791306602,"{""close_reason"": ""negative_timeout"", ""entry_indicators"": {""adx"": 28.27, ""rsi"": 26.72, ""bb_pct"": 0.0031, ""regime"": ""TRENDING"", ""atr_pct"": 0.7063, ""research"": {""arm"": true, ""setup"": ""15m holding below hour open and EMA21"", ""pred_side"": ""bear"", ""confidence"": 0.85, ""hour_start"": ""2026-10-06T17:00:00+00:00""}, ""rr_ratio"": 3.95, ""confidence"": 0.4893, ""funding_rate"": 0.0, ""zone_based_sl"": false, ""structure_trend"": ""DOWN"", ""structure_confirmed"": true, ""predicted_change_pct"": 1.1205}}"
6330,CARV/USDT,SELL,FUTURES,0.04860135,0.04878,1027.74922919,5,0.04901974,0.04489,-0.9180369989739442,-1.8379119098543093,-0.8980569989739068,0.019980000000037364,0,CLOSED,t,TRANSITION,f,2026-10-06 17:23:59.297476+00,2026-10-06 17:39:02.101742+00,PAPER-SHORT-1791307439,"{""close_reason"": ""negative_timeout"", ""entry_indicators"": {""adx"": 17.86, ""rsi"": 42.32, ""bb_pct"": 0.1095, ""regime"": ""TRANSITION"", ""atr_pct"": 2.4283, ""rr_ratio"": 10.17, ""confidence"": 0.709, ""funding_rate"": 0.0, ""zone_based_sl"": false, ""structure_trend"": ""DOWN"", ""structure_confirmed"": true, ""predicted_change_pct"": -0.9274}}"
6331,PLTR/USDT,BUY,FUTURES,192.63243999999997,192.41,0.25982124,5,190.22711319,198.2132,-0.288973183127968,-0.5773690038914925,-0.26895318335795776,0.02001999977001024,0,CLOSED,t,TRENDING,f,2026-10-06 17:23:59.322778+00,2026-10-06 17:45:46.548582+00,PAPER-1791307439,"{""close_reason"": ""negative_timeout"", ""entry_indicators"": {""adx"": 57.37, ""rsi"": 64.81, ""bb_pct"": 0.8616, ""regime"": ""TRENDING"", ""atr_pct"": 0.4604, ""rr_ratio"": 2.61, ""confidence"": 0.666, ""funding_rate"": 0.0, ""zone_based_sl"": true, ""structure_trend"": ""UP"", ""structure_confirmed"": true, ""predicted_change_pct"": -0.1554}}"
6332,SPCX/USDT,SELL,FUTURES,172.66716,173.22,0.28928489,5,176.49459382,158.9,-0.7996412929380048,-1.6008834569353065,-0.7796612927831198,0.01998000015488496,0,CLOSED,t,TRENDING,f,2026-10-06 17:34:40.452758+00,2026-10-06 17:49:43.454162+00,PAPER-SHORT-1791308080,"{""close_reason"": ""negative_timeout"", ""entry_indicators"": {""adx"": 59.95, ""rsi"": 61.3, ""bb_pct"": 0.5745, ""regime"": ""TRENDING"", ""atr_pct"": 0.712, ""research"": {""arm"": true, ""setup"": ""15m sweep of hour high then reject"", ""pred_side"": ""bear"", ""confidence"": 0.85, ""hour_start"": ""2026-10-06T17:00:00+00:00""}, ""rr_ratio"": 3.81, ""confidence"": 0.5726, ""funding_rate"": 0.00005, ""zone_based_sl"": true, ""structure_trend"": ""UP"", ""structure_confirmed"": false, ""predicted_change_pct"": -3.082}}"
6333,SKHY/USDT,SELL,FUTURES,186.2136,186.45,0.26824034,5,187.81664,180.808,-0.3170600818799663,-0.6347549266003526,-0.2970800821293167,0.019979999750649603,0,CLOSED,t,TRENDING,f,2026-10-06 17:39:41.079238+00,2026-10-06 17:57:45.56306+00,PAPER-SHORT-1791308381,"{""close_reason"": ""negative_timeout"", ""entry_indicators"": {""adx"": 30.06, ""rsi"": 23.34, ""bb_pct"": -0.0741, ""regime"": ""TRENDING"", ""atr_pct"": 0.7107, ""research"": {""arm"": true, ""setup"": ""15m sweep of hour high then reject"", ""pred_side"": ""bear"", ""confidence"": 0.85, ""hour_start"": ""2026-10-06T17:00:00+00:00""}, ""rr_ratio"": 3.95, ""confidence"": 0.4878, ""funding_rate"": 0.0, ""zone_based_sl"": false, ""structure_trend"": ""DOWN"", ""structure_confirmed"": true, ""predicted_change_pct"": 0.9992}}"
6334,SQQQ/USDT,BUY,FUTURES,31.741709999999998,31.69,1.57678966,5,31.469004,32.28,-0.407678966592984,-0.8145433878640751,-0.3876589665454966,0.020020000047487437,0,CLOSED,t,TRENDING,f,2026-10-06 17:39:59.704389+00,2026-10-06 17:55:01.491562+00,PAPER-1791308399,"{""close_reason"": ""negative_timeout"", ""entry_indicators"": {""adx"": 49.76, ""rsi"": 38.25, ""bb_pct"": 0.3176, ""regime"": ""TRENDING"", ""atr_pct"": 0.5695, ""research"": {""arm"": true, ""setup"": ""15m sweep of hour low then reclaim"", ""pred_side"": ""bull"", ""confidence"": 0.85, ""hour_start"": ""2026-10-06T17:00:00+00:00""}, ""rr_ratio"": 2.37, ""confidence"": 0.4982, ""funding_rate"": 0.0, ""zone_based_sl"": false, ""structure_trend"": ""DOWN"", ""structure_confirmed"": true, ""predicted_change_pct"": -0.4566}}"
6335,CARV/USDT,SELL,FUTURES,0.04863132,0.0487,1027.11585867,5,0.04904997,0.04489,-0.3527115858672858,-0.706129301034822,-0.3327315858672636,0.01998000000002222,0,CLOSED,t,TRANSITION,f,2026-10-06 17:45:46.652339+00,2026-10-06 18:14:14.722916+00,PAPER-SHORT-1791308746,"{""close_reason"": ""negative_timeout"", ""entry_indicators"": {""adx"": 17.86, ""rsi"": 42.32, ""bb_pct"": 0.1095, ""regime"": ""TRANSITION"", ""atr_pct"": 2.4283, ""research"": {""arm"": true, ""setup"": ""15m sweep of hour high then reject"", ""pred_side"": ""bear"", ""confidence"": 0.85, ""hour_start"": ""2026-10-06T17:00:00+00:00""}, ""rr_ratio"": 10.24, ""confidence"": 0.709, ""funding_rate"": 0.00005, ""zone_based_sl"": false, ""structure_trend"": ""DOWN"", ""structure_confirmed"": true, ""predicted_change_pct"": -0.9274}}"
6336,CBRS/USDT,SELL,FUTURES,176.31351,176.69,0.24080684,5,177.831324,171.1953,-0.45330683595798765,-1.0676720122014183,-0.4363238362810243,0.01698299967696336,0,CLOSED,t,TRANSITION,f,2026-10-06 17:49:43.492716+00,2026-10-06 18:04:43.623749+00,PAPER-SHORT-1791308983,"{""close_reason"": ""negative_timeout"", ""entry_indicators"": {""adx"": 16.11, ""rsi"": 36.93, ""bb_pct"": -0.0656, ""regime"": ""TRANSITION"", ""atr_pct"": 1.1932, ""research"": {""arm"": true, ""setup"": ""15m sweep of hour high then reject"", ""pred_side"": ""bear"", ""confidence"": 0.85, ""hour_start"": ""2026-10-06T17:00:00+00:00""}, ""rr_ratio"": 3.95, ""confidence"": 0.6138, ""funding_rate"": 0.0, ""zone_based_sl"": false, ""structure_trend"": ""RANGE"", ""structure_confirmed"": false, ""predicted_change_pct"": 4.1539}}"
6337,PLTR/USDT,BUY,FUTURES,192.70250999999996,192.42,0.25972677,5,190.22706485,198.2853,-0.36687704896347767,-0.7330210696269157,-0.3468570487662006,0.020020000197277076,0,CLOSED,t,TRENDING,f,2026-10-06 17:58:00.849287+00,2026-10-06 18:32:41.990304+00,PAPER-1791309480,"{""close_reason"": ""negative_timeout"", ""entry_indicators"": {""adx"": 57.37, ""rsi"": 64.81, ""bb_pct"": 0.8616, ""regime"": ""TRENDING"", ""atr_pct"": 0.4604, ""research"": {""arm"": true, ""setup"": ""15m holding above hour open and EMA21"", ""pred_side"": ""bull"", ""confidence"": 0.85, ""hour_start"": ""2026-10-06T17:00:00+00:00""}, ""rr_ratio"": 2.53, ""confidence"": 0.666, ""funding_rate"": 0.0, ""zone_based_sl"": true, ""structure_trend"": ""UP"", ""structure_confirmed"": true, ""predicted_change_pct"": -0.1554}}"
6338,USELESS/USDT,SELL,FUTURES,0.22644333,0.22839246360730797,154.40949398,5,0.22839269,0.21934813,-1.5048236700191813,-4.303799999999942,-1.490837670019003,0.013986000000178462,0,CLOSED,t,TRANSITION,f,2026-10-06 17:58:53.397189+00,2026-10-06 18:02:12.893152+00,PAPER-SHORT-1791309533,"{""close_reason"": ""stop_loss"", ""entry_indicators"": {""adx"": 12.66, ""rsi"": 39.67, ""bb_pct"": 0.1094, ""regime"": ""TRANSITION"", ""atr_pct"": 2.1535, ""research"": {""arm"": true, ""setup"": ""15m sweep of hour high then reject"", ""pred_side"": ""bear"", ""confidence"": 0.85, ""hour_start"": ""2026-10-06T17:00:00+00:00""}, ""rr_ratio"": 4.25, ""confidence"": 0.4908, ""funding_rate"": 0.000057, ""zone_based_sl"": false, ""structure_trend"": ""RANGE"", ""structure_confirmed"": false, ""predicted_change_pct"": 1.433}}"
6339,CBRS/USDT,SELL,FUTURES,176.36346,177.88152611829597,0.28322193,5,177.881704,171.2438,-2.1497480794569537,-4.303799999999893,-2.1297680796478824,0.01997999980907112,0,CLOSED,t,TRANSITION,f,2026-10-06 18:09:47.545057+00,2026-10-06 18:18:50.805882+00,PAPER-SHORT-1791310187,"{""close_reason"": ""stop_loss"", ""entry_indicators"": {""adx"": 16.11, ""rsi"": 36.93, ""bb_pct"": -0.0656, ""regime"": ""TRANSITION"", ""atr_pct"": 1.1932, ""research"": {""arm"": true, ""setup"": ""mixed 15m structure — EMA side only"", ""pred_side"": ""bear"", ""confidence"": 0.85, ""hour_start"": ""2026-10-06T18:00:00+00:00""}, ""rr_ratio"": 3.95, ""confidence"": 0.6138, ""funding_rate"": 0.0, ""zone_based_sl"": false, ""structure_trend"": ""UP"", ""structure_confirmed"": false, ""predicted_change_pct"": 4.1539}}"
6340,USELESS/USDT,SELL,FUTURES,0.22813164,0.22711,186.10965143,5,0.23009554,0.22711,0.9506853214347172,2.239145784425147,0.9676683214349389,0.0169830000002217,0,CLOSED,t,TRANSITION,f,2026-10-06 18:10:41.842171+00,2026-10-06 18:17:24.431236+00,PAPER-SHORT-1791310241,"{""close_reason"": ""take_profit"", ""entry_indicators"": {""adx"": 12.66, ""rsi"": 39.67, ""bb_pct"": 0.1094, ""regime"": ""TRANSITION"", ""atr_pct"": 2.1535, ""research"": {""arm"": true, ""setup"": ""mixed 15m structure — EMA side only"", ""pred_side"": ""bear"", ""confidence"": 0.85, ""hour_start"": ""2026-10-06T18:00:00+00:00""}, ""rr_ratio"": 0.72, ""confidence"": 0.4908, ""funding_rate"": 0.00005, ""zone_based_sl"": false, ""structure_trend"": ""RANGE"", ""structure_confirmed"": false, ""predicted_change_pct"": 1.433}}"
6341,SKHY/USDT,SELL,FUTURES,186.37344,180.96,0.26801029,5,187.977856,180.9632,7.254288121487973,14.523099428759753,7.274268121369053,0.019979999881079038,0,CLOSED,t,TRENDING,f,2026-10-06 18:16:06.590377+00,2026-10-06 19:42:21.224868+00,PAPER-SHORT-1791310566,"{""close_reason"": ""take_profit"", ""entry_indicators"": {""adx"": 30.06, ""rsi"": 23.34, ""bb_pct"": -0.0741, ""regime"": ""TRENDING"", ""atr_pct"": 0.7107, ""research"": {""arm"": true, ""setup"": ""mixed 15m structure — EMA side only"", ""pred_side"": ""bear"", ""confidence"": 0.85, ""hour_start"": ""2026-10-06T18:00:00+00:00""}, ""rr_ratio"": 3.95, ""confidence"": 0.4878, ""funding_rate"": 0.0, ""zone_based_sl"": false, ""structure_trend"": ""DOWN"", ""structure_confirmed"": true, ""predicted_change_pct"": 0.9992}}"
6342,CARV/USDT,SELL,FUTURES,0.04859136,0.04808,1027.96052632,5,0.04900966,0.04489,2.628289473694989,5.2618407881566025,2.648269473695071,0.019980000000081842,0,CLOSED,t,TRANSITION,f,2026-10-06 18:19:19.521084+00,2026-10-06 20:19:22.170683+00,PAPER-SHORT-1791310759,"{""close_reason"": ""max_hold"", ""entry_indicators"": {""adx"": 17.86, ""rsi"": 42.32, ""bb_pct"": 0.1095, ""regime"": ""TRANSITION"", ""atr_pct"": 2.4283, ""research"": {""arm"": true, ""setup"": ""mixed 15m structure — EMA side only"", ""pred_side"": ""bear"", ""confidence"": 0.8, ""hour_start"": ""2026-10-06T18:00:00+00:00""}, ""rr_ratio"": 10.14, ""confidence"": 0.709, ""funding_rate"": 0.00005, ""zone_based_sl"": false, ""structure_trend"": ""DOWN"", ""structure_confirmed"": true, ""predicted_change_pct"": -0.9274}}"
6343,GLW/USDT,BUY,FUTURES,168.89872999999997,168.7,0.29633142,5,167.447652,173.7919,-0.29444971548296683,-0.5883111140029817,-0.2744297152841282,0.020020000198838636,0,CLOSED,t,TRENDING,f,2026-10-06 18:22:28.637478+00,2026-10-06 19:42:05.272238+00,PAPER-1791310948,"{""close_reason"": ""negative_timeout"", ""entry_indicators"": {""adx"": 48.2, ""rsi"": 84.78, ""bb_pct"": 1.0891, ""regime"": ""TRENDING"", ""atr_pct"": 0.8396, ""research"": {""arm"": true, ""setup"": ""mixed 15m structure — EMA side only"", ""pred_side"": ""bull"", ""confidence"": 0.85, ""hour_start"": ""2026-10-06T18:00:00+00:00""}, ""rr_ratio"": 3.95, ""confidence"": 0.8214, ""funding_rate"": 0.0, ""zone_based_sl"": false, ""structure_trend"": ""DOWN"", ""structure_confirmed"": false, ""predicted_change_pct"": -0.8518}}"
6344,BMNR/USDT,SELL,FUTURES,26.34363,26.38,1.89609405,5,26.570412,25.5789,-0.34480470299248117,-0.6902997043307625,-0.32482470295312055,0.019980000039360603,0,CLOSED,t,TRANSITION,f,2026-10-06 18:23:45.713653+00,2026-10-06 20:15:05.295742+00,PAPER-SHORT-1791311025,"{""close_reason"": ""negative_timeout"", ""entry_indicators"": {""adx"": 14.25, ""rsi"": 38.51, ""bb_pct"": -0.0751, ""regime"": ""TRANSITION"", ""atr_pct"": 0.7673, ""research"": {""arm"": true, ""setup"": ""15m holding below hour open and EMA21"", ""pred_side"": ""bear"", ""confidence"": 0.85, ""hour_start"": ""2026-10-06T18:00:00+00:00""}, ""rr_ratio"": 3.95, ""confidence"": 0.5914, ""funding_rate"": 0.0, ""zone_based_sl"": false, ""structure_trend"": ""RANGE"", ""structure_confirmed"": false, ""predicted_change_pct"": -1.7113}}"
6345,USELESS/USDT,SELL,FUTURES,0.22647330000000002,0.21909,187.47243052,5,0.22842292,0.21937716,6.920825981291589,16.30059702402007,6.937808981291143,0.01698299999955405,0,CLOSED,t,TRANSITION,f,2026-10-06 18:29:36.351256+00,2026-10-06 19:51:53.204243+00,PAPER-SHORT-1791311376,"{""close_reason"": ""take_profit"", ""entry_indicators"": {""adx"": 12.66, ""rsi"": 39.67, ""bb_pct"": 0.1094, ""regime"": ""TRANSITION"", ""atr_pct"": 2.1535, ""research"": {""arm"": true, ""setup"": ""15m sweep of hour high then reject"", ""pred_side"": ""bear"", ""confidence"": 0.85, ""hour_start"": ""2026-10-06T18:00:00+00:00""}, ""rr_ratio"": 4.25, ""confidence"": 0.4908, ""funding_rate"": 0.00005, ""zone_based_sl"": false, ""structure_trend"": ""RANGE"", ""structure_confirmed"": false, ""predicted_change_pct"": 1.433}}"
6346,SQQQ/USDT,BUY,FUTURES,31.771739999999994,31.71,1.57529931,5,31.498776,32.28,-0.4862948969969592,-0.9716181738865237,-0.46627489695715946,0.020020000039799757,0,CLOSED,t,TRENDING,f,2026-10-06 18:31:48.378054+00,2026-10-06 19:16:51.415633+00,PAPER-1791311508,"{""close_reason"": ""negative_timeout"", ""entry_indicators"": {""adx"": 49.76, ""rsi"": 38.25, ""bb_pct"": 0.3176, ""regime"": ""TRENDING"", ""atr_pct"": 0.5695, ""research"": {""arm"": true, ""setup"": ""15m sweep of hour low then reclaim"", ""pred_side"": ""bull"", ""confidence"": 0.85, ""hour_start"": ""2026-10-06T18:00:00+00:00""}, ""rr_ratio"": 2.24, ""confidence"": 0.4982, ""funding_rate"": 0.0, ""zone_based_sl"": false, ""structure_trend"": ""DOWN"", ""structure_confirmed"": true, ""predicted_change_pct"": -0.4566}}"
6347,LITE/USDT,BUY,FUTURES,1130.4092799999999,1128.63,0.044276,5,1120.697472,1163.1584,-0.3938970063999414,-0.7870069856467099,-0.3738770058874294,0.020020000512512,0,CLOSED,t,TRENDING,f,2026-10-06 18:32:13.445881+00,2026-10-06 19:42:21.20305+00,PAPER-1791311533,"{""close_reason"": ""negative_timeout"", ""entry_indicators"": {""adx"": 27.31, ""rsi"": 72.09, ""bb_pct"": 1.039, ""regime"": ""TRENDING"", ""atr_pct"": 0.8906, ""research"": {""arm"": true, ""setup"": ""mixed 15m structure — EMA side only"", ""pred_side"": ""bull"", ""confidence"": 0.85, ""hour_start"": ""2026-10-06T18:00:00+00:00""}, ""rr_ratio"": 3.95, ""confidence"": 0.4958, ""funding_rate"": 0.0, ""zone_based_sl"": false, ""structure_trend"": ""DOWN"", ""structure_confirmed"": false, ""predicted_change_pct"": -2.3683}}"
6348,NBIS/USDT,BUY,FUTURES,253.76350999999997,251.58307241667595,0.19723088,5,251.583324,261.1153,-2.1502481167203427,-4.296200000000027,-2.130228116564667,0.02002000015567552,0,CLOSED,t,TRENDING,f,2026-10-06 18:32:42.037341+00,2026-10-06 19:16:51.398876+00,PAPER-1791311562,"{""close_reason"": ""stop_loss"", ""entry_indicators"": {""adx"": 37.83, ""rsi"": 76.39, ""bb_pct"": 0.9347, ""regime"": ""TRENDING"", ""atr_pct"": 1.0304, ""rr_ratio"": 3.95, ""confidence"": 0.6484, ""funding_rate"": 0.0, ""zone_based_sl"": false, ""structure_trend"": ""UP"", ""structure_confirmed"": true, ""predicted_change_pct"": 1.9077}}"
6349,1000BONK/USDT,SELL,FUTURES,0.0037002959999999996,0.003704,13498.92008639,5,0.00373215,0.00359288,-0.2499999999999568,-0.5005005005005285,-0.2300199999999614,0.01997999999999543,0,CLOSED,t,TRANSITION,f,2026-10-06 19:16:51.591927+00,2026-10-06 20:26:15.433546+00,PAPER-SHORT-1791314211,"{""close_reason"": ""negative_timeout"", ""entry_indicators"": {""adx"": 23.86, ""rsi"": 37.01, ""bb_pct"": 0.1577, ""regime"": ""TRANSITION"", ""atr_pct"": 1.089, ""rr_ratio"": 3.95, ""confidence"": 0.6312, ""funding_rate"": -0.000425, ""zone_based_sl"": false, ""structure_trend"": ""DOWN"", ""structure_confirmed"": true, ""predicted_change_pct"": -0.4389}}"
6350,ORCL/USDT,SELL,FUTURES,145.40445,144.55,0.34352456,5,146.25810987,143.07,1.4676228014599753,2.938183803865651,1.487602801343292,0.0199799998833168,0,CLOSED,t,TRENDING,f,2026-10-06 19:17:14.190028+00,2026-10-07 06:18:41.688375+00,PAPER-SHORT-1791314234,"{""close_reason"": ""max_hold"", ""entry_indicators"": {""adx"": 32.32, ""rsi"": 65.13, ""bb_pct"": 0.8841, ""regime"": ""TRENDING"", ""atr_pct"": 0.541, ""rr_ratio"": 3.5, ""confidence"": 0.5105, ""funding_rate"": 0.0, ""zone_based_sl"": true, ""structure_trend"": ""RANGE"", ""structure_confirmed"": false, ""predicted_change_pct"": -0.5632}}"
6351,AXTI/USDT,SELL,FUTURES,84.33558000000001,82.43,0.59227671,5,85.061592,81.8874,5.643153265209001,11.29760416659256,5.663133265152338,0.019979999943336723,0,CLOSED,t,TRANSITION,f,2026-10-06 19:42:05.332771+00,2026-10-07 06:18:41.676568+00,PAPER-SHORT-1791315725,"{""close_reason"": ""max_hold"", ""entry_indicators"": {""adx"": 20.19, ""rsi"": 50.57, ""bb_pct"": 0.4673, ""regime"": ""TRANSITION"", ""atr_pct"": 1.1276, ""research"": {""arm"": true, ""setup"": ""15m sweep of hour high then reject"", ""pred_side"": ""bear"", ""confidence"": 0.85, ""hour_start"": ""2026-10-06T19:00:00+00:00""}, ""rr_ratio"": 3.95, ""confidence"": 0.7206, ""funding_rate"": 0.0, ""zone_based_sl"": false, ""structure_trend"": ""RANGE"", ""structure_confirmed"": false, ""predicted_change_pct"": 2.237}}"
6352,NBIS/USDT,BUY,FUTURES,250.04979999999998,249.71,0.20016013,5,247.90152,257.294,-0.3400720608699556,-0.6794646506415036,-0.320052060680166,0.020020000189789597,0,CLOSED,t,TRENDING,f,2026-10-06 19:42:21.298227+00,2026-10-06 20:00:09.836674+00,PAPER-1791315741,"{""close_reason"": ""negative_timeout"", ""entry_indicators"": {""adx"": 37.83, ""rsi"": 76.39, ""bb_pct"": 0.9347, ""regime"": ""TRENDING"", ""atr_pct"": 1.0304, ""research"": {""arm"": true, ""setup"": ""15m sweep of hour low then reclaim"", ""pred_side"": ""bull"", ""confidence"": 0.85, ""hour_start"": ""2026-10-06T19:00:00+00:00""}, ""rr_ratio"": 3.95, ""confidence"": 0.6484, ""funding_rate"": 0.0, ""zone_based_sl"": false, ""structure_trend"": ""UP"", ""structure_confirmed"": true, ""predicted_change_pct"": 1.9077}}"
6353,GLW/USDT,BUY,FUTURES,169.01885,167.56657243325998,0.29612082,5,167.56674,173.9155,-2.1502481196532814,-4.296200000000027,-2.1302281194702988,0.0200200001829828,0,CLOSED,t,TRENDING,f,2026-10-06 19:47:07.996683+00,2026-10-07 06:18:41.642465+00,PAPER-1791316027,"{""close_reason"": ""stop_loss"", ""entry_indicators"": {""adx"": 48.56, ""rsi"": 79.82, ""bb_pct"": 0.9635, ""regime"": ""TRENDING"", ""atr_pct"": 0.8813, ""research"": {""arm"": true, ""setup"": ""15m sweep of hour low then reclaim"", ""pred_side"": ""bull"", ""confidence"": 0.85, ""hour_start"": ""2026-10-06T19:00:00+00:00""}, ""rr_ratio"": 3.95, ""confidence"": 0.8719, ""funding_rate"": 0.0, ""zone_based_sl"": false, ""structure_trend"": ""DOWN"", ""structure_confirmed"": false, ""predicted_change_pct"": -0.7496}}"
6354,SPCX/USDT,SELL,FUTURES,172.3275,169.46,0.28985507,5,176.49559924,158.9,4.155797066124968,8.319914117015504,4.175777065955138,0.01997999983017,0,CLOSED,t,TRENDING,f,2026-10-06 19:51:53.259307+00,2026-10-07 06:18:41.554424+00,PAPER-SHORT-1791316313,"{""close_reason"": ""max_hold"", ""entry_indicators"": {""adx"": 57.51, ""rsi"": 56.53, ""bb_pct"": 0.3734, ""regime"": ""TRENDING"", ""atr_pct"": 0.7173, ""research"": {""arm"": true, ""setup"": ""mixed 15m structure — EMA side only"", ""pred_side"": ""bear"", ""confidence"": 0.85, ""hour_start"": ""2026-10-06T19:00:00+00:00""}, ""rr_ratio"": 3.4, ""confidence"": 0.5655, ""funding_rate"": 0.00005, ""zone_based_sl"": true, ""structure_trend"": ""UP"", ""structure_confirmed"": false, ""predicted_change_pct"": -3.0324}}"
6355,LITE/USDT,BUY,FUTURES,1134.4433099999999,1132.51,0.03088299,5,1124.696844,1167.3093,-0.2985319669844778,-0.8520963467094078,-0.28451796642515903,0.01401400055931876,0,CLOSED,t,TRENDING,f,2026-10-06 20:00:09.9164+00,2026-10-06 20:15:10.557315+00,PAPER-1791316809,"{""close_reason"": ""negative_timeout"", ""entry_indicators"": {""adx"": 27.31, ""rsi"": 72.09, ""bb_pct"": 1.039, ""regime"": ""TRENDING"", ""atr_pct"": 0.8906, ""research"": {""arm"": true, ""setup"": ""15m sweep of hour low then reclaim"", ""pred_side"": ""bull"", ""confidence"": 0.85, ""hour_start"": ""2026-10-06T19:00:00+00:00""}, ""rr_ratio"": 3.95, ""confidence"": 0.4958, ""funding_rate"": 0.0, ""zone_based_sl"": false, ""structure_trend"": ""DOWN"", ""structure_confirmed"": false, ""predicted_change_pct"": -2.3683}}"
6356,NBIS/USDT,SELL,FUTURES,250.62912,247.62,0.19929847,5,252.786688,233.49,2.998565060231995,6.003133235276083,3.0185450602933734,0.019980000061378563,0,CLOSED,t,TRENDING,f,2026-10-06 20:15:05.352043+00,2026-10-07 06:18:41.430762+00,PAPER-SHORT-1791317705,"{""close_reason"": ""max_hold"", ""entry_indicators"": {""adx"": 37.83, ""rsi"": 76.39, ""bb_pct"": 0.9347, ""regime"": ""TRENDING"", ""atr_pct"": 1.0304, ""research"": {""arm"": true, ""setup"": ""15m holding below hour open and EMA21"", ""pred_side"": ""bear"", ""confidence"": 0.85, ""hour_start"": ""2026-10-06T20:00:00+00:00""}, ""rr_ratio"": 9.12, ""confidence"": 0.6484, ""funding_rate"": 0.0, ""zone_based_sl"": false, ""structure_trend"": ""UP"", ""structure_confirmed"": true, ""predicted_change_pct"": 1.9077}}"
6357,SKHY/USDT,SELL,FUTURES,182.70711,182.96,0.27338838,5,184.279964,177.4033,-0.34568593709101075,-0.6920639267952076,-0.325705936764058,0.01998000032695272,0,CLOSED,t,TRENDING,f,2026-10-06 20:15:10.644239+00,2026-10-06 20:30:14.795379+00,PAPER-SHORT-1791317710,"{""close_reason"": ""negative_timeout"", ""entry_indicators"": {""adx"": 31.94, ""rsi"": 21.88, ""bb_pct"": -0.079, ""regime"": ""TRENDING"", ""atr_pct"": 0.7374, ""research"": {""arm"": true, ""setup"": ""mixed 15m structure — EMA side only"", ""pred_side"": ""bear"", ""confidence"": 0.85, ""hour_start"": ""2026-10-06T20:00:00+00:00""}, ""rr_ratio"": 3.95, ""confidence"": 0.4878, ""funding_rate"": 0.0, ""zone_based_sl"": false, ""structure_trend"": ""DOWN"", ""structure_confirmed"": true, ""predicted_change_pct"": 0.9992}}"
6358,CBRS/USDT,SELL,FUTURES,177.44238,176.8,0.23927486,5,178.969912,176.6,0.7685269228340035,1.8101087237445834,0.7855099230870302,0.016983000253026723,0,CLOSED,t,TRANSITION,f,2026-10-06 20:19:22.244153+00,2026-10-07 06:18:41.361845+00,PAPER-SHORT-1791317962,"{""close_reason"": ""max_hold"", ""entry_indicators"": {""adx"": 18.15, ""rsi"": 38.81, ""bb_pct"": 0.1572, ""regime"": ""TRANSITION"", ""atr_pct"": 1.1149, ""research"": {""arm"": true, ""setup"": ""mixed 15m structure — EMA side only"", ""pred_side"": ""bear"", ""confidence"": 0.85, ""hour_start"": ""2026-10-06T20:00:00+00:00""}, ""rr_ratio"": 0.76, ""confidence"": 0.5946, ""funding_rate"": 0.0, ""zone_based_sl"": false, ""structure_trend"": ""RANGE"", ""structure_confirmed"": false, ""predicted_change_pct"": 3.5882}}"
6359,BR/USDT,BUY,FUTURES,0.6191285099999999,0.6138087101906758,80.83943671,5,0.61380932,0.6556206,-2.150248099978601,-4.296200000000027,-2.1302280999788,0.020019999999800638,0,CLOSED,t,TRENDING,f,2026-10-06 20:26:15.647512+00,2026-10-06 20:31:56.625637+00,PAPER-1791318375,"{""close_reason"": ""stop_loss"", ""entry_indicators"": {""adx"": 49.93, ""rsi"": 62.11, ""bb_pct"": 0.753, ""regime"": ""TRENDING"", ""atr_pct"": 7.6341, ""research"": {""arm"": true, ""setup"": ""mixed 15m structure — EMA side only"", ""pred_side"": ""bull"", ""confidence"": 0.8, ""hour_start"": ""2026-10-06T20:00:00+00:00""}, ""rr_ratio"": 7.89, ""confidence"": 0.4908, ""funding_rate"": -0.001137, ""zone_based_sl"": false, ""structure_trend"": ""RANGE"", ""structure_confirmed"": false, ""predicted_change_pct"": 3.7491}}"
6360,AAPL/USDT,BUY,FUTURES,334.14381,334.11,0.14978581,5,330.85767597,343.8243,-0.025321291180468015,-0.050591989119830316,-0.005301290685533578,0.020020000494934437,0,CLOSED,t,TRANSITION,f,2026-10-06 20:30:20.262489+00,2026-10-07 06:18:48.738544+00,PAPER-1791318620,"{""close_reason"": ""max_hold"", ""entry_indicators"": {""adx"": 13.94, ""rsi"": 55.43, ""bb_pct"": 0.816, ""regime"": ""TRANSITION"", ""atr_pct"": 0.2243, ""research"": {""arm"": true, ""setup"": ""15m sweep of hour low then reclaim"", ""pred_side"": ""bull"", ""confidence"": 0.85, ""hour_start"": ""2026-10-06T20:00:00+00:00""}, ""rr_ratio"": 3.39, ""confidence"": 0.7484, ""funding_rate"": 0.0, ""zone_based_sl"": true, ""structure_trend"": ""RANGE"", ""structure_confirmed"": false, ""predicted_change_pct"": -0.1566}}"
6361,1000BONK/USDT,SELL,FUTURES,0.003692304,0.003493,9469.6969697,5,0.00372409,0.00358512,9.436742424245443,26.98911032244365,9.450728424245447,0.013986000000004476,0,CLOSED,t,TRENDING,f,2026-10-06 20:31:56.753091+00,2026-10-07 06:18:48.72777+00,PAPER-SHORT-1791318716,"{""close_reason"": ""take_profit"", ""entry_indicators"": {""adx"": 25.75, ""rsi"": 35.02, ""bb_pct"": 0.1079, ""regime"": ""TRENDING"", ""atr_pct"": 1.0554, ""research"": {""arm"": true, ""setup"": ""mixed 15m structure — EMA side only"", ""pred_side"": ""bear"", ""confidence"": 0.85, ""hour_start"": ""2026-10-06T20:00:00+00:00""}, ""rr_ratio"": 3.95, ""confidence"": 0.6479, ""funding_rate"": -0.000399, ""zone_based_sl"": false, ""structure_trend"": ""DOWN"", ""structure_confirmed"": true, ""predicted_change_pct"": -0.4844}}"
6362,ARM/USDT,SELL,FUTURES,300.10959,300.51,0.1664392,5,302.693116,291.3977,-0.3332196003599712,-0.6671063060663361,-0.3132396003312,0.019980000028771205,0,CLOSED,t,TRANSITION,f,2026-10-07 06:18:43.431087+00,2026-10-07 06:33:47.304275+00,PAPER-SHORT-1791353923,"{""close_reason"": ""negative_timeout"", ""entry_indicators"": {""adx"": 22.79, ""rsi"": 44.48, ""bb_pct"": 0.3617, ""regime"": ""TRANSITION"", ""atr_pct"": 0.8191, ""research"": {""arm"": true, ""setup"": ""15m holding below hour open and EMA21"", ""pred_side"": ""bear"", ""confidence"": 0.85, ""hour_start"": ""2026-10-06T20:00:00+00:00""}, ""rr_ratio"": 3.95, ""confidence"": 0.6226, ""funding_rate"": 0.0, ""zone_based_sl"": false, ""structure_trend"": ""UP"", ""structure_confirmed"": false, ""predicted_change_pct"": -1.401}}"
6363,SKHY/USDT,SELL,FUTURES,182.64717000000002,182.84,0.27347809,5,184.219508,177.3451,-0.2636739004734816,-0.5278756851255525,-0.24369390079527947,0.019979999678202125,0,CLOSED,t,TRENDING,f,2026-10-07 06:18:43.470486+00,2026-10-07 06:35:37.277693+00,PAPER-SHORT-1791353923,"{""close_reason"": ""negative_timeout"", ""entry_indicators"": {""adx"": 37.07, ""rsi"": 20.14, ""bb_pct"": -0.0524, ""regime"": ""TRENDING"", ""atr_pct"": 0.8169, ""research"": {""arm"": true, ""setup"": ""mixed 15m structure — EMA side only"", ""pred_side"": ""bear"", ""confidence"": 0.85, ""hour_start"": ""2026-10-06T20:00:00+00:00""}, ""rr_ratio"": 3.95, ""confidence"": 0.5134, ""funding_rate"": 0.0, ""zone_based_sl"": false, ""structure_trend"": ""DOWN"", ""structure_confirmed"": true, ""predicted_change_pct"": 1.0049}}"
6364,BR/USDT,BUY,FUTURES,0.5611205599999999,0.56377,89.19651777,5,0.55629974,0.56373,1.181604110202768,2.3608473729781476,1.2016241102032288,0.020020000000460936,0,CLOSED,t,TRENDING,f,2026-10-07 06:18:43.616416+00,2026-10-07 06:20:10.646968+00,PAPER-1791353923,"{""close_reason"": ""take_profit"", ""entry_indicators"": {""adx"": 49.93, ""rsi"": 62.11, ""bb_pct"": 0.753, ""regime"": ""TRENDING"", ""atr_pct"": 7.6341, ""research"": {""arm"": true, ""setup"": ""mixed 15m structure — EMA side only"", ""pred_side"": ""bull"", ""confidence"": 0.8, ""hour_start"": ""2026-10-06T20:00:00+00:00""}, ""rr_ratio"": 0.74, ""confidence"": 0.4908, ""funding_rate"": -0.00107, ""zone_based_sl"": false, ""structure_trend"": ""RANGE"", ""structure_confirmed"": false, ""predicted_change_pct"": 3.7491}}"
6365,PLTR/USDT,BUY,FUTURES,192.24204999999998,192.04,0.26034887,5,190.22889744,197.8115,-0.2630174459174823,-0.5255093773708364,-0.24299744572388887,0.020020000193593398,0,CLOSED,t,TRENDING,f,2026-10-07 06:18:43.647902+00,2026-10-07 07:00:07.001135+00,PAPER-1791353923,"{""close_reason"": ""negative_timeout"", ""entry_indicators"": {""adx"": 59.27, ""rsi"": 58.19, ""bb_pct"": 0.664, ""regime"": ""TRENDING"", ""atr_pct"": 0.4551, ""research"": {""arm"": true, ""setup"": ""15m sweep of hour high then reject"", ""pred_side"": ""bear"", ""confidence"": 0.85, ""hour_start"": ""2026-10-06T20:00:00+00:00""}, ""rr_ratio"": 3.16, ""confidence"": 0.6343, ""funding_rate"": 0.0, ""zone_based_sl"": true, ""structure_trend"": ""UP"", ""structure_confirmed"": true, ""predicted_change_pct"": -0.1554}}"
6366,BZ/USDT,BUY,FUTURES,101.46135999999998,101.18,0.49329124,5,100.589664,102.47,-0.6939621164319552,-1.3865376927728046,-0.6739421163973606,0.02002000003459456,0,CLOSED,t,TRANSITION,f,2026-10-07 06:18:43.680233+00,2026-10-07 06:33:47.284177+00,PAPER-1791353923,"{""close_reason"": ""negative_timeout"", ""entry_indicators"": {""adx"": 24.71, ""rsi"": 58.88, ""bb_pct"": 0.7827, ""regime"": ""TRANSITION"", ""atr_pct"": 0.6509, ""rr_ratio"": 1.44, ""confidence"": 0.4839, ""funding_rate"": 0.0, ""zone_based_sl"": false, ""structure_trend"": ""DOWN"", ""structure_confirmed"": false, ""predicted_change_pct"": 0.2461}}"
6367,SPCX/USDT,SELL,FUTURES,169.29054000000002,169.66,0.29505488,5,170.747896,158.9,-0.5450548798239636,-1.091200961376741,-0.5250748798380296,0.019979999985934083,0,CLOSED,t,TRENDING,f,2026-10-07 06:23:45.743733+00,2026-10-07 06:38:49.450815+00,PAPER-SHORT-1791354225,"{""close_reason"": ""negative_timeout"", ""entry_indicators"": {""adx"": 51.95, ""rsi"": 54.1, ""bb_pct"": 0.2731, ""regime"": ""TRENDING"", ""atr_pct"": 0.7127, ""research"": {""arm"": true, ""setup"": ""15m sweep of hour high then reject"", ""pred_side"": ""bear"", ""confidence"": 0.85, ""hour_start"": ""2026-10-06T20:00:00+00:00""}, ""rr_ratio"": 8.2, ""confidence"": 0.5726, ""funding_rate"": 0.00005, ""zone_based_sl"": false, ""structure_trend"": ""UP"", ""structure_confirmed"": false, ""predicted_change_pct"": -3.0324}}"
6368,AXTI/USDT,BUY,FUTURES,82.56248,82.47,0.60620757,5,81.853152,84.9544,-0.2803103803679964,-0.5600606958511833,-0.26029038021840695,0.020020000149589438,0,CLOSED,t,TRANSITION,f,2026-10-07 06:23:45.794906+00,2026-10-07 06:48:54.177723+00,PAPER-1791354225,"{""close_reason"": ""negative_timeout"", ""entry_indicators"": {""adx"": 22.91, ""rsi"": 36.59, ""bb_pct"": -0.074, ""regime"": ""TRANSITION"", ""atr_pct"": 1.3035, ""research"": {""arm"": true, ""setup"": ""15m sweep of hour high then reject"", ""pred_side"": ""bear"", ""confidence"": 0.85, ""hour_start"": ""2026-10-06T20:00:00+00:00""}, ""rr_ratio"": 3.95, ""confidence"": 0.7256, ""funding_rate"": 0.0, ""zone_based_sl"": false, ""structure_trend"": ""RANGE"", ""structure_confirmed"": false, ""predicted_change_pct"": 2.237}}"
6369,GLW/USDT,SELL,FUTURES,167.30253,167.55,0.29856094,5,168.742772,162.78,-0.36942437910903164,-0.7395883373671074,-0.34944437886056035,0.01998000024847128,0,CLOSED,t,TRENDING,f,2026-10-07 06:23:45.838458+00,2026-10-07 06:38:49.435717+00,PAPER-SHORT-1791354225,"{""close_reason"": ""negative_timeout"", ""entry_indicators"": {""adx"": 48.87, ""rsi"": 80.38, ""bb_pct"": 0.8709, ""regime"": ""TRENDING"", ""atr_pct"": 0.847, ""research"": {""arm"": true, ""setup"": ""15m sweep of hour low then reclaim"", ""pred_side"": ""bull"", ""confidence"": 0.85, ""hour_start"": ""2026-10-06T20:00:00+00:00""}, ""rr_ratio"": 3.68, ""confidence"": 0.8251, ""funding_rate"": 0.0, ""zone_based_sl"": false, ""structure_trend"": ""DOWN"", ""structure_confirmed"": false, ""predicted_change_pct"": -0.7496}}"
6370,1000BONK/USDT,SELL,FUTURES,0.003492504,0.003506,10011.4416476,5,0.00352257,0.00339112,-0.675572082380048,-1.9321380877444945,-0.6615860823800441,0.013986000000003839,0,CLOSED,t,TRENDING,f,2026-10-07 06:23:51.734011+00,2026-10-07 06:38:54.597122+00,PAPER-SHORT-1791354231,"{""close_reason"": ""negative_timeout"", ""entry_indicators"": {""adx"": 25.75, ""rsi"": 35.02, ""bb_pct"": 0.1079, ""regime"": ""TRENDING"", ""atr_pct"": 1.0554, ""research"": {""arm"": true, ""setup"": ""mixed 15m structure — EMA side only"", ""pred_side"": ""bear"", ""confidence"": 0.85, ""hour_start"": ""2026-10-06T20:00:00+00:00""}, ""rr_ratio"": 3.95, ""confidence"": 0.6479, ""funding_rate"": -0.000404, ""zone_based_sl"": false, ""structure_trend"": ""DOWN"", ""structure_confirmed"": true, ""predicted_change_pct"": -0.4844}}"
6371,BR/USDT,SELL,FUTURES,0.58070871,0.56524,86.01558602,5,0.5857078,0.40081,6.652750778117192,13.31882037725941,6.672730778116219,0.019979999999027293,0,CLOSED,t,TRENDING,f,2026-10-07 06:33:47.423281+00,2026-10-07 06:45:41.298723+00,PAPER-SHORT-1791354827,"{""close_reason"": ""trailing_stop"", ""entry_indicators"": {""adx"": 49.93, ""rsi"": 62.11, ""bb_pct"": 0.753, ""regime"": ""TRENDING"", ""atr_pct"": 7.6341, ""research"": {""arm"": true, ""setup"": ""15m sweep of hour high then reject"", ""pred_side"": ""bear"", ""confidence"": 0.85, ""hour_start"": ""2026-10-07T06:00:00+00:00""}, ""rr_ratio"": 40.85, ""confidence"": 0.4908, ""funding_rate"": -0.00107, ""zone_based_sl"": false, ""structure_trend"": ""RANGE"", ""structure_confirmed"": false, ""predicted_change_pct"": 3.7491}}"
6372,ARM/USDT,SELL,FUTURES,300.45923999999997,300.76,0.16624551,5,303.045776,291.7372,-0.249999997938021,-0.5005005005005426,-0.23001999810281604,0.01997999983520496,0,CLOSED,t,TRANSITION,f,2026-10-07 06:38:49.511226+00,2026-10-07 06:55:27.549062+00,PAPER-SHORT-1791355129,"{""close_reason"": ""negative_timeout"", ""entry_indicators"": {""adx"": 22.79, ""rsi"": 44.48, ""bb_pct"": 0.3617, ""regime"": ""TRANSITION"", ""atr_pct"": 0.8191, ""research"": {""arm"": true, ""setup"": ""15m sweep of hour high then reject"", ""pred_side"": ""bear"", ""confidence"": 0.85, ""hour_start"": ""2026-10-07T06:00:00+00:00""}, ""rr_ratio"": 3.95, ""confidence"": 0.6226, ""funding_rate"": 0.0, ""zone_based_sl"": false, ""structure_trend"": ""UP"", ""structure_confirmed"": false, ""predicted_change_pct"": -1.401}}"
6373,SKHY/USDT,SELL,FUTURES,182.60720999999998,182.89,0.27353794,5,184.179204,177.3063,-0.38676897026300766,-0.7743122519642178,-0.3667889702419887,0.019980000021018955,0,CLOSED,t,TRENDING,f,2026-10-07 06:40:38.303148+00,2026-10-07 06:55:43.139017+00,PAPER-SHORT-1791355238,"{""close_reason"": ""negative_timeout"", ""entry_indicators"": {""adx"": 37.07, ""rsi"": 20.14, ""bb_pct"": -0.0524, ""regime"": ""TRENDING"", ""atr_pct"": 0.8169, ""research"": {""arm"": true, ""setup"": ""15m sweep of hour high then reject"", ""pred_side"": ""bear"", ""confidence"": 0.85, ""hour_start"": ""2026-10-07T06:00:00+00:00""}, ""rr_ratio"": 3.95, ""confidence"": 0.5134, ""funding_rate"": 0.0, ""zone_based_sl"": false, ""structure_trend"": ""DOWN"", ""structure_confirmed"": true, ""predicted_change_pct"": 1.0049}}"
6374,SPCX/USDT,BUY,FUTURES,169.4693,168.71,0.29533373,5,168.01332,171.88,-1.1212345059449966,-2.240228761197449,-1.101214505749201,0.0200200001957956,0,CLOSED,t,TRENDING,f,2026-10-07 06:43:54.013401+00,2026-10-07 06:58:54.0918+00,PAPER-1791355434,"{""close_reason"": ""negative_timeout"", ""entry_indicators"": {""adx"": 51.95, ""rsi"": 54.1, ""bb_pct"": 0.2731, ""regime"": ""TRENDING"", ""atr_pct"": 0.7127, ""research"": {""arm"": true, ""setup"": ""15m sweep of hour low then reclaim"", ""pred_side"": ""bull"", ""confidence"": 0.85, ""hour_start"": ""2026-10-07T06:00:00+00:00""}, ""rr_ratio"": 2.01, ""confidence"": 0.5726, ""funding_rate"": 0.00005, ""zone_based_sl"": false, ""structure_trend"": ""UP"", ""structure_confirmed"": false, ""predicted_change_pct"": -3.0324}}"
6375,GLW/USDT,SELL,FUTURES,167.40242999999998,167.62,0.29838277,5,168.843532,162.78,-0.3245956963445349,-0.6498412239297344,-0.30461569603728245,0.01998000030725244,0,CLOSED,t,TRENDING,f,2026-10-07 06:43:54.056836+00,2026-10-07 06:58:54.078952+00,PAPER-SHORT-1791355434,"{""close_reason"": ""negative_timeout"", ""entry_indicators"": {""adx"": 48.87, ""rsi"": 80.38, ""bb_pct"": 0.8709, ""regime"": ""TRENDING"", ""atr_pct"": 0.847, ""research"": {""arm"": true, ""setup"": ""mixed 15m structure — EMA side only"", ""pred_side"": ""bear"", ""confidence"": 0.85, ""hour_start"": ""2026-10-07T06:00:00+00:00""}, ""rr_ratio"": 3.76, ""confidence"": 0.8251, ""funding_rate"": 0.0, ""zone_based_sl"": false, ""structure_trend"": ""DOWN"", ""structure_confirmed"": false, ""predicted_change_pct"": -0.7496}}"
6376,1000BONK/USDT,SELL,FUTURES,0.0035144819999999998,0.003518,9948.83456509,5,0.00354474,0.00341246,-0.17499999999993793,-0.5005005005005143,-0.16101399999994329,0.013985999999994654,0,CLOSED,t,TRENDING,f,2026-10-07 06:43:59.260969+00,2026-10-07 07:19:08.019942+00,PAPER-SHORT-1791355439,"{""close_reason"": ""negative_timeout"", ""entry_indicators"": {""adx"": 25.75, ""rsi"": 35.02, ""bb_pct"": 0.1079, ""regime"": ""TRENDING"", ""atr_pct"": 1.0554, ""research"": {""arm"": true, ""setup"": ""15m sweep of hour high then reject"", ""pred_side"": ""bear"", ""confidence"": 0.85, ""hour_start"": ""2026-10-07T06:00:00+00:00""}, ""rr_ratio"": 3.95, ""confidence"": 0.6479, ""funding_rate"": -0.000404, ""zone_based_sl"": false, ""structure_trend"": ""DOWN"", ""structure_confirmed"": true, ""predicted_change_pct"": -0.4844}}"
6377,BR/USDT,SELL,FUTURES,0.5609385,0.56163,89.04719501,5,0.5657674,0.40081,-0.30788067674705544,-0.6163777312485736,-0.28790067674780867,0.019979999999246753,0,CLOSED,t,TRENDING,f,2026-10-07 06:50:44.154956+00,2026-10-07 07:13:51.133928+00,PAPER-SHORT-1791355844,"{""close_reason"": ""negative_timeout"", ""entry_indicators"": {""adx"": 49.93, ""rsi"": 62.11, ""bb_pct"": 0.753, ""regime"": ""TRENDING"", ""atr_pct"": 7.6341, ""research"": {""arm"": true, ""setup"": ""15m sweep of hour high then reject"", ""pred_side"": ""bear"", ""confidence"": 0.85, ""hour_start"": ""2026-10-07T06:00:00+00:00""}, ""rr_ratio"": 37.66, ""confidence"": 0.4908, ""funding_rate"": -0.00107, ""zone_based_sl"": false, ""structure_trend"": ""RANGE"", ""structure_confirmed"": false, ""predicted_change_pct"": 3.7491}}"
6378,AXTI/USDT,SELL,FUTURES,82.42749,82.99,0.60598715,5,83.137076,80.0347,-1.7043691587324667,-3.412150485232469,-1.6843891588337654,0.019979999898701403,0,CLOSED,t,TRANSITION,f,2026-10-07 06:53:55.364842+00,2026-10-07 07:08:55.521301+00,PAPER-SHORT-1791356035,"{""close_reason"": ""negative_timeout"", ""entry_indicators"": {""adx"": 22.91, ""rsi"": 36.59, ""bb_pct"": -0.074, ""regime"": ""TRANSITION"", ""atr_pct"": 1.3035, ""research"": {""arm"": true, ""setup"": ""mixed 15m structure — EMA side only"", ""pred_side"": ""bear"", ""confidence"": 0.85, ""hour_start"": ""2026-10-07T06:00:00+00:00""}, ""rr_ratio"": 3.95, ""confidence"": 0.7256, ""funding_rate"": 0.0, ""zone_based_sl"": false, ""structure_trend"": ""RANGE"", ""structure_confirmed"": false, ""predicted_change_pct"": 2.237}}"
6379,BZ/USDT,BUY,FUTURES,101.45134999999998,101.01,0.49333991,5,100.57974,102.47,-1.088677846392428,-2.175180517558273,-1.0686578464410768,0.020019999951351397,0,CLOSED,t,TRANSITION,f,2026-10-07 07:00:22.527155+00,2026-10-07 07:15:22.75435+00,PAPER-1791356422,"{""close_reason"": ""negative_timeout"", ""entry_indicators"": {""adx"": 24.71, ""rsi"": 58.88, ""bb_pct"": 0.7827, ""regime"": ""TRANSITION"", ""atr_pct"": 0.6509, ""research"": {""arm"": true, ""setup"": ""15m holding above hour open and EMA21"", ""pred_side"": ""bull"", ""confidence"": 0.85, ""hour_start"": ""2026-10-07T07:00:00+00:00""}, ""rr_ratio"": 1.45, ""confidence"": 0.4839, ""funding_rate"": 0.0, ""zone_based_sl"": false, ""structure_trend"": ""DOWN"", ""structure_confirmed"": false, ""predicted_change_pct"": 0.2461}}"
6380,ARM/USDT,BUY,FUTURES,301.14083999999997,300.75,0.1662013,5,300.45036377,307.77,-0.324790580459967,-0.6489322404758524,-0.3047705808235302,0.020019999636436796,0,CLOSED,t,TRANSITION,f,2026-10-07 07:00:27.603358+00,2026-10-07 07:17:13.430764+00,PAPER-1791356427,"{""close_reason"": ""negative_timeout"", ""entry_indicators"": {""adx"": 22.79, ""rsi"": 44.48, ""bb_pct"": 0.3617, ""regime"": ""TRANSITION"", ""atr_pct"": 0.8191, ""research"": {""arm"": true, ""setup"": ""15m holding above hour open and EMA21"", ""pred_side"": ""bull"", ""confidence"": 0.85, ""hour_start"": ""2026-10-07T07:00:00+00:00""}, ""rr_ratio"": 17.79, ""confidence"": 0.6226, ""funding_rate"": 0.0, ""zone_based_sl"": true, ""structure_trend"": ""UP"", ""structure_confirmed"": false, ""predicted_change_pct"": -1.401}}"
6381,SKHY/USDT,SELL,FUTURES,182.67714,182.9,0.27343323,5,184.249736,177.3742,-0.3046866481889962,-0.6099832743166365,-0.2847066480140513,0.019980000174944883,0,CLOSED,t,TRENDING,f,2026-10-07 07:00:48.251264+00,2026-10-07 07:15:49.618508+00,PAPER-SHORT-1791356448,"{""close_reason"": ""negative_timeout"", ""entry_indicators"": {""adx"": 37.07, ""rsi"": 20.14, ""bb_pct"": -0.0524, ""regime"": ""TRENDING"", ""atr_pct"": 0.8169, ""research"": {""arm"": true, ""setup"": ""15m holding below hour open and EMA21"", ""pred_side"": ""bear"", ""confidence"": 0.85, ""hour_start"": ""2026-10-07T07:00:00+00:00""}, ""rr_ratio"": 3.95, ""confidence"": 0.5134, ""funding_rate"": 0.0, ""zone_based_sl"": false, ""structure_trend"": ""DOWN"", ""structure_confirmed"": true, ""predicted_change_pct"": 1.0049}}"
6382,NBIS/USDT,SELL,FUTURES,247.68207,245.76,0.20166983,5,252.5624455,233.49,1.9381176507405196,3.880115343028301,1.9580976511208987,0.019980000380379243,0,CLOSED,t,TRENDING,f,2026-10-07 07:02:16.808558+00,2026-10-07 09:02:29.489622+00,PAPER-SHORT-1791356536,"{""close_reason"": ""max_hold"", ""entry_indicators"": {""adx"": 26.21, ""rsi"": 55.94, ""bb_pct"": 0.3988, ""regime"": ""TRENDING"", ""atr_pct"": 0.7326, ""rr_ratio"": 3.12, ""confidence"": 0.7313, ""funding_rate"": 0.0, ""zone_based_sl"": true, ""structure_trend"": ""RANGE"", ""structure_confirmed"": false, ""predicted_change_pct"": -0.6004}}"
6383,SNXX/USDT,SELL,FUTURES,14.785200000000001,14.64,3.37837838,5,14.91248,14.356,2.452702703880015,4.910315721126562,2.4726827038896055,0.019980000009590403,0,CLOSED,t,TRENDING,f,2026-10-07 07:02:18.748814+00,2026-10-07 09:02:29.476406+00,PAPER-SHORT-1791356538,"{""close_reason"": ""max_hold"", ""entry_indicators"": {""adx"": 39.25, ""rsi"": 26.33, ""bb_pct"": 0.1468, ""regime"": ""TRENDING"", ""atr_pct"": 1.257, ""research"": {""arm"": true, ""setup"": ""mixed 15m structure — EMA side only"", ""pred_side"": ""bear"", ""confidence"": 0.85, ""hour_start"": ""2026-10-07T07:00:00+00:00""}, ""rr_ratio"": 3.95, ""confidence"": 0.4982, ""funding_rate"": 0.0, ""zone_based_sl"": false, ""structure_trend"": ""DOWN"", ""structure_confirmed"": true, ""predicted_change_pct"": 1.2469}}"
6384,SPCX/USDT,SELL,FUTURES,168.85098000000002,169.04,0.29582298,5,170.304552,158.9,-0.2795822983979569,-0.5597243202259496,-0.25960229836614873,0.019980000031808165,0,CLOSED,t,TRENDING,f,2026-10-07 07:08:55.564699+00,2026-10-07 07:59:42.462208+00,PAPER-SHORT-1791356935,"{""close_reason"": ""negative_timeout"", ""entry_indicators"": {""adx"": 33.44, ""rsi"": 39.77, ""bb_pct"": 0.2089, ""regime"": ""TRENDING"", ""atr_pct"": 0.6286, ""research"": {""arm"": true, ""setup"": ""mixed 15m structure — EMA side only"", ""pred_side"": ""bear"", ""confidence"": 0.85, ""hour_start"": ""2026-10-07T07:00:00+00:00""}, ""rr_ratio"": 7.88, ""confidence"": 0.6087, ""funding_rate"": 0.0, ""zone_based_sl"": false, ""structure_trend"": ""UP"", ""structure_confirmed"": false, ""predicted_change_pct"": -2.7755}}"
6385,USELESS/USDT,SELL,FUTURES,0.21334644,0.21359,199.00730474,5,0.21518306,0.20618137,-0.24235109571237573,-0.5708086809416735,-0.22536809571226607,0.01698300000010965,0,CLOSED,t,TRENDING,f,2026-10-07 07:13:56.662813+00,2026-10-07 07:33:05.752447+00,PAPER-SHORT-1791357236,"{""close_reason"": ""negative_timeout"", ""entry_indicators"": {""adx"": 26.35, ""rsi"": 36.99, ""bb_pct"": 0.1994, ""regime"": ""TRENDING"", ""atr_pct"": 2.3034, ""rr_ratio"": 4.55, ""confidence"": 0.6502, ""funding_rate"": 0.0, ""zone_based_sl"": false, ""structure_trend"": ""DOWN"", ""structure_confirmed"": true, ""predicted_change_pct"": -1.399}}"
6386,BMNR/USDT,SELL,FUTURES,25.4745,25.5,1.96078431,5,25.6938,24.735,-0.24999999952500943,-0.5005005005005194,-0.23001999956297142,0.019979999962038,0,CLOSED,t,TRENDING,f,2026-10-07 07:15:22.802403+00,2026-10-07 07:30:57.093065+00,PAPER-SHORT-1791357322,"{""close_reason"": ""negative_timeout"", ""entry_indicators"": {""adx"": 34.42, ""rsi"": 28.69, ""bb_pct"": 0.1997, ""regime"": ""TRENDING"", ""atr_pct"": 0.8116, ""research"": {""arm"": true, ""setup"": ""15m holding below hour open and EMA21"", ""pred_side"": ""bear"", ""confidence"": 0.85, ""hour_start"": ""2026-10-07T07:00:00+00:00""}, ""rr_ratio"": 3.95, ""confidence"": 0.8617, ""funding_rate"": 0.0, ""zone_based_sl"": false, ""structure_trend"": ""RANGE"", ""structure_confirmed"": false, ""predicted_change_pct"": 2.3558}}"
6387,MINIMAX/USDT,BUY,FUTURES,30.660629999999994,30.46,1.63238655,5,30.397212,31.61,-1.637528567632458,-3.2717853481809556,-1.6175085676218475,0.020020000010610595,0,CLOSED,t,TRENDING,f,2026-10-07 07:15:52.3813+00,2026-10-07 07:30:57.080928+00,PAPER-1791357352,"{""close_reason"": ""negative_timeout"", ""entry_indicators"": {""adx"": 53.66, ""rsi"": 33.82, ""bb_pct"": 0.2394, ""regime"": ""TRENDING"", ""atr_pct"": 0.9772, ""research"": {""arm"": true, ""setup"": ""15m holding above hour open and EMA21"", ""pred_side"": ""bull"", ""confidence"": 0.85, ""hour_start"": ""2026-10-07T07:00:00+00:00""}, ""rr_ratio"": 4.21, ""confidence"": 0.6121, ""funding_rate"": 0.0, ""zone_based_sl"": false, ""structure_trend"": ""DOWN"", ""structure_confirmed"": true, ""predicted_change_pct"": -1.4628}}"
6388,AXTI/USDT,BUY,FUTURES,82.64255999999999,82.5,0.60562016,5,81.932544,85.0368,-0.431686050047968,-0.8625095834397523,-0.41166604988396416,0.020020000164003834,0,CLOSED,t,TRENDING,f,2026-10-07 07:17:16.448217+00,2026-10-07 07:32:19.021227+00,PAPER-1791357436,"{""close_reason"": ""negative_timeout"", ""entry_indicators"": {""adx"": 35.45, ""rsi"": 36.66, ""bb_pct"": 0.2778, ""regime"": ""TRENDING"", ""atr_pct"": 0.9945, ""research"": {""arm"": true, ""setup"": ""15m holding above hour open and EMA21"", ""pred_side"": ""bull"", ""confidence"": 0.85, ""hour_start"": ""2026-10-07T07:00:00+00:00""}, ""rr_ratio"": 3.95, ""confidence"": 0.7067, ""funding_rate"": 0.0, ""zone_based_sl"": false, ""structure_trend"": ""RANGE"", ""structure_confirmed"": false, ""predicted_change_pct"": 1.0899}}"
6389,1000PEPE/USDT,BUY,FUTURES,0.0041449408,0.0041393,12074.96136012,5,0.00410933,0.0042641,-0.34056221020081767,-0.6804439764254155,-0.32054221020082374,0.020019999999993956,0,CLOSED,t,TRENDING,f,2026-10-07 07:19:14.710505+00,2026-10-07 08:06:27.519601+00,PAPER-1791357554,"{""close_reason"": ""negative_timeout"", ""entry_indicators"": {""adx"": 42.12, ""rsi"": 30.54, ""bb_pct"": 0.212, ""regime"": ""TRENDING"", ""atr_pct"": 1.0417, ""research"": {""arm"": true, ""setup"": ""15m sweep of hour low then reclaim"", ""pred_side"": ""bull"", ""confidence"": 0.85, ""hour_start"": ""2026-10-07T07:00:00+00:00""}, ""rr_ratio"": 3.92, ""confidence"": 0.5535, ""funding_rate"": 0.0, ""zone_based_sl"": false, ""structure_trend"": ""DOWN"", ""structure_confirmed"": true, ""predicted_change_pct"": -0.4078}}"
6390,1000BONK/USDT,SELL,FUTURES,0.003505491,0.0035356648643315998,12111.71273867,5,0.00353567,0.00340373,-1.8272858849996922,-4.303799999999981,-1.810302884999695,0.016982999999997216,0,CLOSED,t,TRENDING,f,2026-10-07 07:31:04.058761+00,2026-10-07 07:45:36.957427+00,PAPER-SHORT-1791358264,"{""close_reason"": ""stop_loss"", ""entry_indicators"": {""adx"": 44.98, ""rsi"": 27.18, ""bb_pct"": 0.2109, ""regime"": ""TRENDING"", ""atr_pct"": 1.226, ""research"": {""arm"": true, ""setup"": ""15m sweep of hour high then reject"", ""pred_side"": ""bear"", ""confidence"": 0.85, ""hour_start"": ""2026-10-07T07:00:00+00:00""}, ""rr_ratio"": 3.95, ""confidence"": 0.5535, ""funding_rate"": 0.0, ""zone_based_sl"": false, ""structure_trend"": ""DOWN"", ""structure_confirmed"": true, ""predicted_change_pct"": -0.4844}}"
6391,BMNR/USDT,SELL,FUTURES,25.45452,25.48,1.96232339,5,25.673648,24.7156,-0.24999999988601698,-0.5005005005005345,-0.23001999989512786,0.01997999999088912,0,CLOSED,t,TRENDING,f,2026-10-07 07:36:07.65992+00,2026-10-07 07:51:15.984367+00,PAPER-SHORT-1791358567,"{""close_reason"": ""negative_timeout"", ""entry_indicators"": {""adx"": 34.42, ""rsi"": 28.69, ""bb_pct"": 0.1997, ""regime"": ""TRENDING"", ""atr_pct"": 0.8116, ""research"": {""arm"": true, ""setup"": ""15m holding below hour open and EMA21"", ""pred_side"": ""bear"", ""confidence"": 0.85, ""hour_start"": ""2026-10-07T07:00:00+00:00""}, ""rr_ratio"": 3.95, ""confidence"": 0.8617, ""funding_rate"": 0.0, ""zone_based_sl"": false, ""structure_trend"": ""RANGE"", ""structure_confirmed"": false, ""predicted_change_pct"": 2.3558}}"
6392,USELESS/USDT,SELL,FUTURES,0.21286692,0.21329,199.45560353,5,0.21469941,0.20571796,-0.421928383707382,-0.9937664339767309,-0.4049453837073131,0.01698300000006889,0,CLOSED,t,TRENDING,f,2026-10-07 07:38:12.510332+00,2026-10-07 07:53:19.186673+00,PAPER-SHORT-1791358692,"{""close_reason"": ""negative_timeout"", ""entry_indicators"": {""adx"": 26.35, ""rsi"": 36.99, ""bb_pct"": 0.1994, ""regime"": ""TRENDING"", ""atr_pct"": 2.3034, ""research"": {""arm"": true, ""setup"": ""15m sweep of hour high then reject"", ""pred_side"": ""bear"", ""confidence"": 0.85, ""hour_start"": ""2026-10-07T07:00:00+00:00""}, ""rr_ratio"": 4.55, ""confidence"": 0.6502, ""funding_rate"": 0.0, ""zone_based_sl"": false, ""structure_trend"": ""DOWN"", ""structure_confirmed"": true, ""predicted_change_pct"": -1.399}}"
6393,PLTR/USDT,BUY,FUTURES,192.39219999999997,192.16,0.26014568,5,191.70105537,197.966,-0.3020291344799798,-0.6034548178148191,-0.2820091346017014,0.020019999878278398,0,CLOSED,t,TRENDING,f,2026-10-07 07:45:25.405085+00,2026-10-07 08:06:41.904992+00,PAPER-1791359125,"{""close_reason"": ""negative_timeout"", ""entry_indicators"": {""adx"": 57.68, ""rsi"": 57.88, ""bb_pct"": 0.4676, ""regime"": ""TRENDING"", ""atr_pct"": 0.2738, ""research"": {""arm"": true, ""setup"": ""15m holding above hour open and EMA21"", ""pred_side"": ""bull"", ""confidence"": 0.85, ""hour_start"": ""2026-10-07T07:00:00+00:00""}, ""rr_ratio"": 11.56, ""confidence"": 0.6495, ""funding_rate"": 0.0, ""zone_based_sl"": true, ""structure_trend"": ""RANGE"", ""structure_confirmed"": false, ""predicted_change_pct"": -0.1554}}"
6394,BMNR/USDT,SELL,FUTURES,25.434540000000002,25.16,1.96386489,5,25.653496,24.6962,2.695797334503017,5.3969916499374815,2.715777334542737,0.019980000039720242,0,CLOSED,t,TRENDING,f,2026-10-07 07:56:19.971516+00,2026-10-07 10:01:21.781448+00,PAPER-SHORT-1791359779,"{""close_reason"": ""max_hold"", ""entry_indicators"": {""adx"": 34.42, ""rsi"": 28.69, ""bb_pct"": 0.1997, ""regime"": ""TRENDING"", ""atr_pct"": 0.8116, ""research"": {""arm"": true, ""setup"": ""15m holding below hour open and EMA21"", ""pred_side"": ""bear"", ""confidence"": 0.85, ""hour_start"": ""2026-10-07T07:00:00+00:00""}, ""rr_ratio"": 3.95, ""confidence"": 0.8617, ""funding_rate"": 0.0, ""zone_based_sl"": false, ""structure_trend"": ""RANGE"", ""structure_confirmed"": false, ""predicted_change_pct"": 2.3558}}"
6395,USELESS/USDT,SELL,FUTURES,0.21563415,0.21593,196.89599259,5,0.21749046,0.20839225,-0.29125839703877143,-0.6859998752517034,-0.2742753970385511,0.016983000000220377,0,CLOSED,t,TRENDING,f,2026-10-07 07:58:23.059155+00,2026-10-07 08:36:25.715494+00,PAPER-SHORT-1791359903,"{""close_reason"": ""negative_timeout"", ""entry_indicators"": {""adx"": 26.35, ""rsi"": 36.99, ""bb_pct"": 0.1994, ""regime"": ""TRENDING"", ""atr_pct"": 2.3034, ""research"": {""arm"": true, ""setup"": ""mixed 15m structure — EMA side only"", ""pred_side"": ""bear"", ""confidence"": 0.85, ""hour_start"": ""2026-10-07T07:00:00+00:00""}, ""rr_ratio"": 4.55, ""confidence"": 0.6502, ""funding_rate"": 0.0, ""zone_based_sl"": false, ""structure_trend"": ""DOWN"", ""structure_confirmed"": true, ""predicted_change_pct"": -1.399}}"
6396,NVDA/USDT,SELL,FUTURES,239.3604,237.62,0.20868114,5,241.08889473,235.84,1.8159432802799935,3.6355219994618864,1.835923280737136,0.019980000457142398,0,CLOSED,t,TRANSITION,f,2026-10-07 09:03:45.019257+00,2026-10-07 11:21:06.190511+00,PAPER-SHORT-1791363825,"{""close_reason"": ""max_hold"", ""entry_indicators"": {""adx"": 24.94, ""rsi"": 47.33, ""bb_pct"": 0.3288, ""regime"": ""TRANSITION"", ""atr_pct"": 0.2752, ""research"": {""arm"": true, ""setup"": ""mixed 15m structure — EMA side only"", ""pred_side"": ""bear"", ""confidence"": 0.8, ""hour_start"": ""2026-10-07T09:00:00+00:00""}, ""rr_ratio"": 2.53, ""confidence"": 0.4964, ""funding_rate"": 0.0, ""zone_based_sl"": true, ""structure_trend"": ""RANGE"", ""structure_confirmed"": false, ""predicted_change_pct"": 0.2821}}"
6397,1000SHIB/USDT,SELL,FUTURES,0.005508486,0.005469,9067.82734857,5,0.00557984,0.00534858,1.7902611534281763,3.584106413268549,1.8102411534281821,0.019980000000005986,0,CLOSED,t,TRENDING,f,2026-10-07 09:06:39.794532+00,2026-10-07 11:21:06.146472+00,PAPER-SHORT-1791363999,"{""close_reason"": ""max_hold"", ""entry_indicators"": {""adx"": 42.97, ""rsi"": 22.08, ""bb_pct"": 0.1751, ""regime"": ""TRENDING"", ""atr_pct"": 0.8275, ""rr_ratio"": 2.51, ""confidence"": 0.5561, ""funding_rate"": 0.0, ""zone_based_sl"": true, ""structure_trend"": ""DOWN"", ""structure_confirmed"": true, ""predicted_change_pct"": -0.4455}}"
6398,NBIS/USDT,SELL,FUTURES,244.94481,245.19,0.20392349,5,247.053444,233.49,-0.2500000025655082,-0.5005005005005169,-0.23002000236047343,0.01998000020503476,0,CLOSED,t,TRANSITION,f,2026-10-07 09:07:54.758897+00,2026-10-07 10:26:54.05961+00,PAPER-SHORT-1791364074,"{""close_reason"": ""negative_timeout"", ""entry_indicators"": {""adx"": 23.35, ""rsi"": 47.01, ""bb_pct"": -0.009, ""regime"": ""TRANSITION"", ""atr_pct"": 0.7149, ""research"": {""arm"": true, ""setup"": ""mixed 15m structure — EMA side only"", ""pred_side"": ""bear"", ""confidence"": 0.85, ""hour_start"": ""2026-10-07T09:00:00+00:00""}, ""rr_ratio"": 6.28, ""confidence"": 0.7317, ""funding_rate"": 0.0, ""zone_based_sl"": false, ""structure_trend"": ""RANGE"", ""structure_confirmed"": false, ""predicted_change_pct"": -0.5922}}"
6399,SKHY/USDT,SELL,FUTURES,181.2186,181.58,0.27563396,5,182.77864,175.958,-0.4980705657200046,-0.9971382628494074,-0.47809056558254215,0.019980000137462404,0,CLOSED,t,TRENDING,f,2026-10-07 09:20:04.29357+00,2026-10-07 09:35:04.504214+00,PAPER-SHORT-1791364804,"{""close_reason"": ""negative_timeout"", ""entry_indicators"": {""adx"": 36.18, ""rsi"": 29.54, ""bb_pct"": 0.2051, ""regime"": ""TRENDING"", ""atr_pct"": 0.6799, ""research"": {""arm"": true, ""setup"": ""15m holding below hour open and EMA21"", ""pred_side"": ""bear"", ""confidence"": 0.85, ""hour_start"": ""2026-10-07T09:00:00+00:00""}, ""rr_ratio"": 3.95, ""confidence"": 0.5222, ""funding_rate"": 0.0, ""zone_based_sl"": false, ""structure_trend"": ""RANGE"", ""structure_confirmed"": false, ""predicted_change_pct"": 1.1209}}"
6400,MINIMAX/USDT,SELL,FUTURES,30.41955,30.29,1.64203612,5,30.68142,29.5365,1.063628896730015,2.129387186858481,1.0836088966716733,0.019979999941658402,0,CLOSED,t,TRENDING,f,2026-10-07 09:30:45.582944+00,2026-10-07 11:30:48.45029+00,PAPER-SHORT-1791365445,"{""close_reason"": ""max_hold"", ""entry_indicators"": {""adx"": 50.32, ""rsi"": 35.89, ""bb_pct"": 0.2989, ""regime"": ""TRENDING"", ""atr_pct"": 0.9007, ""research"": {""arm"": true, ""setup"": ""15m sweep of hour high then reject"", ""pred_side"": ""bear"", ""confidence"": 0.85, ""hour_start"": ""2026-10-07T09:00:00+00:00""}, ""rr_ratio"": 3.95, ""confidence"": 0.6096, ""funding_rate"": 0.0, ""zone_based_sl"": false, ""structure_trend"": ""DOWN"", ""structure_confirmed"": true, ""predicted_change_pct"": -1.4628}}"
6401,AXTI/USDT,SELL,FUTURES,81.19872,81.28,0.61515748,5,81.897728,78.8416,-0.24999999987202057,-0.5005005005005416,-0.23001999988225033,0.019979999989770243,0,CLOSED,t,TRENDING,f,2026-10-07 09:32:19.855429+00,2026-10-07 09:53:30.815869+00,PAPER-SHORT-1791365539,"{""close_reason"": ""negative_timeout"", ""entry_indicators"": {""adx"": 37.77, ""rsi"": 28.5, ""bb_pct"": 0.0954, ""regime"": ""TRENDING"", ""atr_pct"": 1.0161, ""research"": {""arm"": true, ""setup"": ""15m sweep of hour high then reject"", ""pred_side"": ""bear"", ""confidence"": 0.85, ""hour_start"": ""2026-10-07T09:00:00+00:00""}, ""rr_ratio"": 3.95, ""confidence"": 0.633, ""funding_rate"": 0.0, ""zone_based_sl"": false, ""structure_trend"": ""DOWN"", ""structure_confirmed"": true, ""predicted_change_pct"": 1.0899}}"
6402,SKHY/USDT,SELL,FUTURES,181.24857,179.8,0.27558838,5,182.808868,175.9871,1.9960452980829855,3.996086700159867,2.016025297996432,0.019979999913446643,0,CLOSED,t,TRENDING,f,2026-10-07 09:41:24.120901+00,2026-10-07 11:41:27.711814+00,PAPER-SHORT-1791366084,"{""close_reason"": ""max_hold"", ""entry_indicators"": {""adx"": 36.18, ""rsi"": 29.54, ""bb_pct"": 0.2051, ""regime"": ""TRENDING"", ""atr_pct"": 0.6799, ""research"": {""arm"": true, ""setup"": ""15m holding below hour open and EMA21"", ""pred_side"": ""bear"", ""confidence"": 0.85, ""hour_start"": ""2026-10-07T09:00:00+00:00""}, ""rr_ratio"": 3.95, ""confidence"": 0.5222, ""funding_rate"": 0.0, ""zone_based_sl"": false, ""structure_trend"": ""RANGE"", ""structure_confirmed"": false, ""predicted_change_pct"": 1.1209}}"
6403,1000BONK/USDT,SELL,FUTURES,0.0034625339999999998,0.003477,14425.85112522,5,0.00349234,0.00336202,-1.0434218118871847,-2.0889325563301773,-1.0234418118871798,0.019980000000005004,0,CLOSED,t,TRENDING,f,2026-10-07 09:45:43.359892+00,2026-10-07 10:01:29.969072+00,PAPER-SHORT-1791366343,"{""close_reason"": ""negative_timeout"", ""entry_indicators"": {""adx"": 45.93, ""rsi"": 28.69, ""bb_pct"": 0.2275, ""regime"": ""TRENDING"", ""atr_pct"": 1.1922, ""research"": {""arm"": true, ""setup"": ""15m sweep of hour high then reject"", ""pred_side"": ""bear"", ""confidence"": 0.85, ""hour_start"": ""2026-10-07T09:00:00+00:00""}, ""rr_ratio"": 3.95, ""confidence"": 0.5999, ""funding_rate"": 0.0, ""zone_based_sl"": false, ""structure_trend"": ""DOWN"", ""structure_confirmed"": true, ""predicted_change_pct"": -0.4844}}"
6404,SPCX/USDT,SELL,FUTURES,168.08175,168.32,0.29717682,5,169.5287,158.9,-0.3540118868249905,-0.70873250665225,-0.3340318868389765,0.019979999986014,0,CLOSED,t,TRENDING,f,2026-10-07 10:01:21.850249+00,2026-10-07 10:16:23.930203+00,PAPER-SHORT-1791367281,"{""close_reason"": ""negative_timeout"", ""entry_indicators"": {""adx"": 31.1, ""rsi"": 38.57, ""bb_pct"": 0.2271, ""regime"": ""TRENDING"", ""atr_pct"": 0.5829, ""research"": {""arm"": true, ""setup"": ""15m sweep of hour high then reject"", ""pred_side"": ""bear"", ""confidence"": 0.85, ""hour_start"": ""2026-10-07T09:00:00+00:00""}, ""rr_ratio"": 7.31, ""confidence"": 0.6016, ""funding_rate"": 0.0, ""zone_based_sl"": false, ""structure_trend"": ""RANGE"", ""structure_confirmed"": false, ""predicted_change_pct"": -2.3639}}"
6405,AXTI/USDT,SELL,FUTURES,81.25866,81.36,0.61470371,5,81.958184,78.8998,-0.3114703698569795,-0.623564306868913,-0.29149036994832805,0.019979999908651444,0,CLOSED,t,TRENDING,f,2026-10-07 10:01:23.814452+00,2026-10-07 10:16:23.917066+00,PAPER-SHORT-1791367283,"{""close_reason"": ""negative_timeout"", ""entry_indicators"": {""adx"": 37.77, ""rsi"": 28.5, ""bb_pct"": 0.0954, ""regime"": ""TRENDING"", ""atr_pct"": 1.0161, ""research"": {""arm"": true, ""setup"": ""15m sweep of hour high then reject"", ""pred_side"": ""bear"", ""confidence"": 0.85, ""hour_start"": ""2026-10-07T09:00:00+00:00""}, ""rr_ratio"": 3.95, ""confidence"": 0.633, ""funding_rate"": 0.0, ""zone_based_sl"": false, ""structure_trend"": ""DOWN"", ""structure_confirmed"": true, ""predicted_change_pct"": 1.0899}}"
6406,CBRS/USDT,BUY,FUTURES,174.33415999999997,174.13,0.24402848,5,173.24676641,177.5,-0.24910427238396513,-0.5855421565112984,-0.2320872723532144,0.01701700003075072,0,CLOSED,t,TRENDING,f,2026-10-07 10:05:48.512431+00,2026-10-07 10:20:49.436197+00,PAPER-1791367548,"{""close_reason"": ""negative_timeout"", ""entry_indicators"": {""adx"": 26.67, ""rsi"": 35.36, ""bb_pct"": -0.007, ""regime"": ""TRENDING"", ""atr_pct"": 0.7397, ""research"": {""arm"": true, ""setup"": ""15m holding below hour open and EMA21"", ""pred_side"": ""bear"", ""confidence"": 0.85, ""hour_start"": ""2026-10-07T09:00:00+00:00""}, ""rr_ratio"": 3.66, ""confidence"": 0.606, ""funding_rate"": 0.0, ""zone_based_sl"": true, ""structure_trend"": ""DOWN"", ""structure_confirmed"": false, ""predicted_change_pct"": 3.1826}}"
6407,SNXX/USDT,SELL,FUTURES,14.57541,14.63,3.4270048,5,14.700884,14.1523,-0.9354009601600177,-1.8726745937164386,-0.9154209601472305,0.019980000012787203,0,CLOSED,t,TRENDING,f,2026-10-07 10:16:26.122678+00,2026-10-07 10:31:28.692106+00,PAPER-SHORT-1791368186,"{""close_reason"": ""negative_timeout"", ""entry_indicators"": {""adx"": 44.27, ""rsi"": 22.29, ""bb_pct"": 0.0713, ""regime"": ""TRENDING"", ""atr_pct"": 1.1427, ""research"": {""arm"": true, ""setup"": ""15m sweep of hour high then reject"", ""pred_side"": ""bear"", ""confidence"": 0.85, ""hour_start"": ""2026-10-07T10:00:00+00:00""}, ""rr_ratio"": 3.95, ""confidence"": 0.5333, ""funding_rate"": 0.0, ""zone_based_sl"": false, ""structure_trend"": ""DOWN"", ""structure_confirmed"": true, ""predicted_change_pct"": 1.184}}"
6408,GLW/USDT,BUY,FUTURES,165.95578999999998,165.77,0.30158634,5,164.529996,168.92,-0.28015863054295015,-0.559757511322645,-0.2601386308197867,0.02001999972316344,0,CLOSED,t,TRENDING,f,2026-10-07 10:16:26.176559+00,2026-10-07 10:31:43.928984+00,PAPER-1791368186,"{""close_reason"": ""negative_timeout"", ""entry_indicators"": {""adx"": 30.75, ""rsi"": 46.49, ""bb_pct"": 0.0361, ""regime"": ""TRENDING"", ""atr_pct"": 0.6029, ""rr_ratio"": 2.48, ""confidence"": 0.7618, ""funding_rate"": 0.0, ""zone_based_sl"": false, ""structure_trend"": ""UP"", ""structure_confirmed"": true, ""predicted_change_pct"": -0.2935}}"
6409,BZ/USDT,BUY,FUTURES,101.8017,101.52,0.49164208,5,100.92708,102.47,-0.6924778696800102,-1.3835721800323775,-0.6724578698657958,0.0200199998142144,0,CLOSED,t,TRANSITION,f,2026-10-07 10:20:55.513468+00,2026-10-07 10:36:01.657423+00,PAPER-1791368455,"{""close_reason"": ""negative_timeout"", ""entry_indicators"": {""adx"": 19.78, ""rsi"": 61.19, ""bb_pct"": 0.7386, ""regime"": ""TRANSITION"", ""atr_pct"": 0.4851, ""research"": {""arm"": true, ""setup"": ""15m sweep of hour low then reclaim"", ""pred_side"": ""bull"", ""confidence"": 0.85, ""hour_start"": ""2026-10-07T10:00:00+00:00""}, ""rr_ratio"": 1.0, ""confidence"": 0.488, ""funding_rate"": 0.0, ""zone_based_sl"": false, ""structure_trend"": ""RANGE"", ""structure_confirmed"": false, ""predicted_change_pct"": 0.3116}}"
6410,SPCX/USDT,SELL,FUTURES,168.30152999999999,168.51,0.29678875,5,169.750372,158.9,-0.30935775356250816,-0.619334833141462,-0.28937775327779314,0.019980000284715,0,CLOSED,t,TRENDING,f,2026-10-07 10:26:54.111799+00,2026-10-07 11:58:14.965928+00,PAPER-SHORT-1791368814,"{""close_reason"": ""negative_timeout"", ""entry_indicators"": {""adx"": 30.28, ""rsi"": 38.41, ""bb_pct"": 0.238, ""regime"": ""TRENDING"", ""atr_pct"": 0.5562, ""research"": {""arm"": true, ""setup"": ""15m sweep of hour high then reject"", ""pred_side"": ""bear"", ""confidence"": 0.85, ""hour_start"": ""2026-10-07T10:00:00+00:00""}, ""rr_ratio"": 7.47, ""confidence"": 0.5636, ""funding_rate"": 0.0, ""zone_based_sl"": false, ""structure_trend"": ""RANGE"", ""structure_confirmed"": false, ""predicted_change_pct"": -1.8034}}"
6411,AXTI/USDT,SELL,FUTURES,81.43848,80,0.61334642,5,82.139552,79.0744,4.411432791207995,8.83169725171687,4.431412791271291,0.01998000006329664,0,CLOSED,t,TRENDING,f,2026-10-07 10:31:28.806856+00,2026-10-07 12:31:36.673662+00,PAPER-SHORT-1791369088,"{""close_reason"": ""max_hold"", ""entry_indicators"": {""adx"": 38.65, ""rsi"": 31.97, ""bb_pct"": 0.1782, ""regime"": ""TRENDING"", ""atr_pct"": 0.9791, ""research"": {""arm"": true, ""setup"": ""mixed 15m structure — EMA side only"", ""pred_side"": ""bear"", ""confidence"": 0.85, ""hour_start"": ""2026-10-07T10:00:00+00:00""}, ""rr_ratio"": 3.95, ""confidence"": 0.6639, ""funding_rate"": 0.0, ""zone_based_sl"": false, ""structure_trend"": ""DOWN"", ""structure_confirmed"": true, ""predicted_change_pct"": 1.7655}}"
6412,SOXS/USDT,BUY,FUTURES,30.740709999999996,31.64,1.62813416,5,30.476604,31.6313,7.320823843732029,14.627020651117096,7.340843843753491,0.02002000002146144,0,CLOSED,t,TRANSITION,f,2026-10-07 10:31:49.244886+00,2026-10-07 12:27:51.333386+00,PAPER-1791369109,"{""close_reason"": ""take_profit"", ""entry_indicators"": {""adx"": 18.3, ""rsi"": 70.32, ""bb_pct"": 1.0951, ""regime"": ""TRANSITION"", ""atr_pct"": 0.9258, ""research"": {""arm"": true, ""setup"": ""15m sweep of hour low then reclaim"", ""pred_side"": ""bull"", ""confidence"": 0.85, ""hour_start"": ""2026-10-07T10:00:00+00:00""}, ""rr_ratio"": 3.95, ""confidence"": 0.4875, ""funding_rate"": 0.0, ""zone_based_sl"": false, ""structure_trend"": ""UP"", ""structure_confirmed"": true, ""predicted_change_pct"": 0.4878}}"
6413,USELESS/USDT,BUY,FUTURES,0.21310288999999996,0.21284,164.40415238,5,0.21127204,0.22543,-0.2161010380958669,-0.6168147226909282,-0.20208703809579553,0.01401400000007135,0,CLOSED,t,TRENDING,f,2026-10-07 10:36:33.044175+00,2026-10-07 11:00:53.301844+00,PAPER-1791369393,"{""close_reason"": ""negative_timeout"", ""entry_indicators"": {""adx"": 28.81, ""rsi"": 38.54, ""bb_pct"": 0.2709, ""regime"": ""TRENDING"", ""atr_pct"": 2.0791, ""research"": {""arm"": true, ""setup"": ""15m sweep of hour low then reclaim"", ""pred_side"": ""bull"", ""confidence"": 0.85, ""hour_start"": ""2026-10-07T10:00:00+00:00""}, ""rr_ratio"": 7.75, ""confidence"": 0.5951, ""funding_rate"": 0.0, ""zone_based_sl"": false, ""structure_trend"": ""DOWN"", ""structure_confirmed"": true, ""predicted_change_pct"": -2.4292}}"
6414,CBRS/USDT,SELL,FUTURES,173.35647,173.61,0.24491442,5,174.848828,168.3241,-0.31046576451301466,-0.7312389321264214,-0.2934827647916957,0.016982999721318958,0,CLOSED,t,TRENDING,f,2026-10-07 11:00:53.393277+00,2026-10-07 11:35:22.028466+00,PAPER-SHORT-1791370853,"{""close_reason"": ""negative_timeout"", ""entry_indicators"": {""adx"": 28.51, ""rsi"": 29.99, ""bb_pct"": -0.2475, ""regime"": ""TRENDING"", ""atr_pct"": 0.761, ""research"": {""arm"": true, ""setup"": ""15m sweep of hour high then reject"", ""pred_side"": ""bear"", ""confidence"": 0.85, ""hour_start"": ""2026-10-07T11:00:00+00:00""}, ""rr_ratio"": 3.95, ""confidence"": 0.5542, ""funding_rate"": 0.0, ""zone_based_sl"": false, ""structure_trend"": ""DOWN"", ""structure_confirmed"": true, ""predicted_change_pct"": 1.9283}}"
6415,USELESS/USDT,SELL,FUTURES,0.21014964,0.21077,166.38144134,5,0.21195874,0.20379964,-0.5160819547484239,-1.4759958665644497,-0.502095954748311,0.013986000000112847,0,CLOSED,t,TRENDING,f,2026-10-07 11:21:09.599365+00,2026-10-07 11:36:11.057695+00,PAPER-SHORT-1791372069,"{""close_reason"": ""negative_timeout"", ""entry_indicators"": {""adx"": 28.81, ""rsi"": 38.54, ""bb_pct"": 0.2709, ""regime"": ""TRENDING"", ""atr_pct"": 2.0791, ""research"": {""arm"": true, ""setup"": ""15m sweep of hour low then reclaim"", ""pred_side"": ""bull"", ""confidence"": 0.85, ""hour_start"": ""2026-10-07T10:00:00+00:00""}, ""rr_ratio"": 4.1, ""confidence"": 0.5951, ""funding_rate"": 0.00005, ""zone_based_sl"": false, ""structure_trend"": ""DOWN"", ""structure_confirmed"": true, ""predicted_change_pct"": -2.4292}}"
6416,SNXX/USDT,SELL,FUTURES,14.3856,14.509425490559998,3.47222222,5,14.50944,13.968,-2.149748098624127,-4.3037999999999315,-2.129768098636914,0.0199799999872128,0,CLOSED,t,TRENDING,f,2026-10-07 11:21:09.625253+00,2026-10-07 11:25:37.910424+00,PAPER-SHORT-1791372069,"{""close_reason"": ""stop_loss"", ""entry_indicators"": {""adx"": 44.27, ""rsi"": 22.29, ""bb_pct"": 0.0713, ""regime"": ""TRENDING"", ""atr_pct"": 1.1427, ""research"": {""arm"": true, ""setup"": ""15m sweep of hour high then reject"", ""pred_side"": ""bear"", ""confidence"": 0.85, ""hour_start"": ""2026-10-07T10:00:00+00:00""}, ""rr_ratio"": 3.95, ""confidence"": 0.5333, ""funding_rate"": 0.0, ""zone_based_sl"": false, ""structure_trend"": ""DOWN"", ""structure_confirmed"": true, ""predicted_change_pct"": 1.184}}"
6417,DELL/USDT,BUY,FUTURES,566.7261599999999,565.22,0.08831426,5,561.857184,573.31,-0.6650770292079565,-1.3288251948700425,-0.6450570286307399,0.02002000057721664,0,CLOSED,t,TRENDING,f,2026-10-07 11:25:37.99098+00,2026-10-07 11:40:40.607627+00,PAPER-1791372337,"{""close_reason"": ""negative_timeout"", ""entry_indicators"": {""adx"": 26.01, ""rsi"": 46.8, ""bb_pct"": -0.0549, ""regime"": ""TRENDING"", ""atr_pct"": 0.5188, ""research"": {""arm"": true, ""setup"": ""15m sweep of hour high then reject"", ""pred_side"": ""bear"", ""confidence"": 0.85, ""hour_start"": ""2026-10-07T11:00:00+00:00""}, ""rr_ratio"": 1.66, ""confidence"": 0.586, ""funding_rate"": 0.0, ""zone_based_sl"": false, ""structure_trend"": ""RANGE"", ""structure_confirmed"": false, ""predicted_change_pct"": 1.2824}}"
6418,SNXX/USDT,SELL,FUTURES,14.46552,14.590033409952,3.45303867,5,14.590048,14.0456,-2.1497480974890903,-4.303799999999992,-2.129768097512427,0.019979999976663363,0,CLOSED,t,TRENDING,f,2026-10-07 11:30:51.382699+00,2026-10-07 11:35:39.21385+00,PAPER-SHORT-1791372651,"{""close_reason"": ""stop_loss"", ""entry_indicators"": {""adx"": 44.27, ""rsi"": 22.29, ""bb_pct"": 0.0713, ""regime"": ""TRENDING"", ""atr_pct"": 1.1427, ""research"": {""arm"": true, ""setup"": ""15m sweep of hour high then reject"", ""pred_side"": ""bear"", ""confidence"": 0.85, ""hour_start"": ""2026-10-07T10:00:00+00:00""}, ""rr_ratio"": 3.95, ""confidence"": 0.5333, ""funding_rate"": 0.0, ""zone_based_sl"": false, ""structure_trend"": ""DOWN"", ""structure_confirmed"": true, ""predicted_change_pct"": 1.184}}"
6419,GLW/USDT,SELL,FUTURES,164.62520999999998,162.32,0.30341647,5,166.042404,162.78,3.497193404043482,7.0013881834987135,3.5171734040799656,0.019980000036483477,0,CLOSED,t,TRENDING,f,2026-10-07 11:35:24.087783+00,2026-10-07 13:30:20.5311+00,PAPER-SHORT-1791372924,"{""close_reason"": ""take_profit"", ""entry_indicators"": {""adx"": 30.75, ""rsi"": 46.49, ""bb_pct"": 0.0361, ""regime"": ""TRENDING"", ""atr_pct"": 0.6029, ""research"": {""arm"": true, ""setup"": ""15m sweep of hour high then reject"", ""pred_side"": ""bear"", ""confidence"": 0.85, ""hour_start"": ""2026-10-07T11:00:00+00:00""}, ""rr_ratio"": 1.6, ""confidence"": 0.7618, ""funding_rate"": 0.0, ""zone_based_sl"": false, ""structure_trend"": ""UP"", ""structure_confirmed"": true, ""predicted_change_pct"": -0.2935}}"
6420,BZ/USDT,BUY,FUTURES,101.95184999999998,101.62,0.49091802,5,101.07594,102.47,-0.8145557246849421,-1.6274839544352382,-0.7945357245500073,0.020020000134934796,0,CLOSED,t,TRANSITION,f,2026-10-07 11:35:44.464322+00,2026-10-07 11:50:46.962023+00,PAPER-1791372944,"{""close_reason"": ""negative_timeout"", ""entry_indicators"": {""adx"": 19.78, ""rsi"": 61.19, ""bb_pct"": 0.7386, ""regime"": ""TRANSITION"", ""atr_pct"": 0.4851, ""research"": {""arm"": true, ""setup"": ""15m sweep of hour low then reclaim"", ""pred_side"": ""bull"", ""confidence"": 0.85, ""hour_start"": ""2026-10-07T11:00:00+00:00""}, ""rr_ratio"": 0.8, ""confidence"": 0.488, ""funding_rate"": 0.0, ""zone_based_sl"": false, ""structure_trend"": ""RANGE"", ""structure_confirmed"": false, ""predicted_change_pct"": 0.3116}}"
6421,MINIMAX/USDT,SELL,FUTURES,30.239729999999998,30.27,1.65180046,5,30.500052,29.3619,-0.249999999621013,-0.5005005005005265,-0.23001999965130268,0.01997999996971032,0,CLOSED,t,TRENDING,f,2026-10-07 11:36:13.487449+00,2026-10-07 11:51:16.542929+00,PAPER-SHORT-1791372973,"{""close_reason"": ""negative_timeout"", ""entry_indicators"": {""adx"": 49.13, ""rsi"": 34.69, ""bb_pct"": 0.2987, ""regime"": ""TRENDING"", ""atr_pct"": 0.8664, ""research"": {""arm"": true, ""setup"": ""15m holding below hour open and EMA21"", ""pred_side"": ""bear"", ""confidence"": 0.85, ""hour_start"": ""2026-10-07T11:00:00+00:00""}, ""rr_ratio"": 3.95, ""confidence"": 0.4886, ""funding_rate"": 0.0, ""zone_based_sl"": false, ""structure_trend"": ""DOWN"", ""structure_confirmed"": true, ""predicted_change_pct"": -0.7966}}"
6422,CBRS/USDT,SELL,FUTURES,173.02679999999998,173.36,0.2886836,5,174.51632,168.004,-0.4809468776000483,-0.9628566210553322,-0.4609668777918563,0.019979999808191998,0,CLOSED,t,TRENDING,f,2026-10-07 11:40:40.678802+00,2026-10-07 11:55:47.958826+00,PAPER-SHORT-1791373240,"{""close_reason"": ""negative_timeout"", ""entry_indicators"": {""adx"": 30.64, ""rsi"": 28.93, ""bb_pct"": -0.1713, ""regime"": ""TRENDING"", ""atr_pct"": 0.7703, ""research"": {""arm"": true, ""setup"": ""15m sweep of hour high then reject"", ""pred_side"": ""bear"", ""confidence"": 0.85, ""hour_start"": ""2026-10-07T11:00:00+00:00""}, ""rr_ratio"": 3.95, ""confidence"": 0.5482, ""funding_rate"": 0.0, ""zone_based_sl"": false, ""structure_trend"": ""DOWN"", ""structure_confirmed"": true, ""predicted_change_pct"": 2.5111}}"
6423,EWY/USDT,SELL,FUTURES,183.48632999999998,183.78,0.27222736,5,185.065892,178.1599,-0.39972504405602727,-0.8002503510752548,-0.37974504437123174,0.019979999684795517,0,CLOSED,t,TRENDING,f,2026-10-07 11:41:31.881972+00,2026-10-07 11:56:37.023086+00,PAPER-SHORT-1791373291,"{""close_reason"": ""negative_timeout"", ""entry_indicators"": {""adx"": 30.07, ""rsi"": 23.43, ""bb_pct"": -0.0186, ""regime"": ""TRENDING"", ""atr_pct"": 0.434, ""rr_ratio"": 3.95, ""confidence"": 0.513, ""funding_rate"": 0.0, ""zone_based_sl"": false, ""structure_trend"": ""DOWN"", ""structure_confirmed"": true, ""predicted_change_pct"": -0.1819}}"
6424,SKHY/USDT,SELL,FUTURES,179.82,180.39,0.27777778,5,181.368,174.6,-0.7916666729999905,-1.5849182515848994,-0.7716866728401505,0.019980000159839997,0,CLOSED,t,TRENDING,f,2026-10-07 11:50:49.633206+00,2026-10-07 12:05:58.294944+00,PAPER-SHORT-1791373849,"{""close_reason"": ""negative_timeout"", ""entry_indicators"": {""adx"": 38.1, ""rsi"": 24.23, ""bb_pct"": -0.0376, ""regime"": ""TRENDING"", ""atr_pct"": 0.6871, ""research"": {""arm"": true, ""setup"": ""15m sweep of hour high then reject"", ""pred_side"": ""bear"", ""confidence"": 0.85, ""hour_start"": ""2026-10-07T11:00:00+00:00""}, ""rr_ratio"": 3.95, ""confidence"": 0.5296, ""funding_rate"": 0.0, ""zone_based_sl"": false, ""structure_trend"": ""RANGE"", ""structure_confirmed"": false, ""predicted_change_pct"": 0.9935}}"
6425,MINIMAX/USDT,SELL,FUTURES,30.229740000000003,30.31,1.65234633,5,30.489976,29.3522,-0.6630865822289634,-1.3275006665620603,-0.6431065822506218,0.019979999978341684,0,CLOSED,t,TRENDING,f,2026-10-07 11:56:22.955526+00,2026-10-07 12:11:28.893503+00,PAPER-SHORT-1791374182,"{""close_reason"": ""negative_timeout"", ""entry_indicators"": {""adx"": 48.27, ""rsi"": 32.52, ""bb_pct"": 0.2825, ""regime"": ""TRENDING"", ""atr_pct"": 0.8457, ""research"": {""arm"": true, ""setup"": ""15m holding below hour open and EMA21"", ""pred_side"": ""bear"", ""confidence"": 0.85, ""hour_start"": ""2026-10-07T11:00:00+00:00""}, ""rr_ratio"": 3.95, ""confidence"": 0.4886, ""funding_rate"": 0.0, ""zone_based_sl"": false, ""structure_trend"": ""DOWN"", ""structure_confirmed"": true, ""predicted_change_pct"": -0.7966}}"
6426,EWY/USDT,SELL,FUTURES,183.64617,182.13,0.27199043,5,185.227108,178.3151,2.0619186512655223,4.1279652061353,2.0818986515639835,0.019980000298461243,0,CLOSED,t,TRENDING,f,2026-10-07 12:01:41.494381+00,2026-10-07 14:01:47.198466+00,PAPER-SHORT-1791374501,"{""close_reason"": ""max_hold"", ""entry_indicators"": {""adx"": 30.07, ""rsi"": 23.43, ""bb_pct"": -0.0186, ""regime"": ""TRENDING"", ""atr_pct"": 0.434, ""rr_ratio"": 3.95, ""confidence"": 0.513, ""funding_rate"": 0.0, ""zone_based_sl"": false, ""structure_trend"": ""DOWN"", ""structure_confirmed"": true, ""predicted_change_pct"": -0.1819}}"
6427,SPCX/USDT,SELL,FUTURES,168.44139,168.79,0.29654232,5,169.891436,158.9,-0.5168880908759695,-1.034810980840218,-0.4969080906461196,0.019980000229849925,0,CLOSED,t,TRENDING,f,2026-10-07 12:03:18.336685+00,2026-10-07 12:18:22.532985+00,PAPER-SHORT-1791374598,"{""close_reason"": ""negative_timeout"", ""entry_indicators"": {""adx"": 29.88, ""rsi"": 35.76, ""bb_pct"": 0.1942, ""regime"": ""TRENDING"", ""atr_pct"": 0.5486, ""research"": {""arm"": true, ""setup"": ""15m sweep of hour high then reject"", ""pred_side"": ""bear"", ""confidence"": 0.85, ""hour_start"": ""2026-10-07T12:00:00+00:00""}, ""rr_ratio"": 7.58, ""confidence"": 0.543, ""funding_rate"": 0.00005, ""zone_based_sl"": false, ""structure_trend"": ""RANGE"", ""structure_confirmed"": false, ""predicted_change_pct"": -1.7874}}"
6428,SKHY/USDT,SELL,FUTURES,179.91989999999998,179.25,0.27762354,5,181.46876,174.697,0.929900047229978,1.8616617728221954,0.9498800470517564,0.0199799998217784,0,CLOSED,t,TRENDING,f,2026-10-07 12:11:00.965344+00,2026-10-07 14:11:03.903869+00,PAPER-SHORT-1791375060,"{""close_reason"": ""max_hold"", ""entry_indicators"": {""adx"": 38.1, ""rsi"": 24.23, ""bb_pct"": -0.0376, ""regime"": ""TRENDING"", ""atr_pct"": 0.6871, ""research"": {""arm"": true, ""setup"": ""15m sweep of hour high then reject"", ""pred_side"": ""bear"", ""confidence"": 0.85, ""hour_start"": ""2026-10-07T12:00:00+00:00""}, ""rr_ratio"": 3.95, ""confidence"": 0.5296, ""funding_rate"": 0.0, ""zone_based_sl"": false, ""structure_trend"": ""RANGE"", ""structure_confirmed"": false, ""predicted_change_pct"": 0.9935}}"
6429,MINIMAX/USDT,SELL,FUTURES,30.2697,30.12,1.65016502,5,30.53028,29.391,1.2351485174699939,2.4727697995024607,1.2551285175123514,0.0199800000423576,0,CLOSED,t,TRENDING,f,2026-10-07 12:16:29.506923+00,2026-10-07 14:16:32.029329+00,PAPER-SHORT-1791375389,"{""close_reason"": ""max_hold"", ""entry_indicators"": {""adx"": 48.27, ""rsi"": 32.52, ""bb_pct"": 0.2825, ""regime"": ""TRENDING"", ""atr_pct"": 0.8457, ""research"": {""arm"": true, ""setup"": ""mixed 15m structure — EMA side only"", ""pred_side"": ""bear"", ""confidence"": 0.8, ""hour_start"": ""2026-10-07T12:00:00+00:00""}, ""rr_ratio"": 3.95, ""confidence"": 0.4886, ""funding_rate"": 0.0, ""zone_based_sl"": false, ""structure_trend"": ""DOWN"", ""structure_confirmed"": true, ""predicted_change_pct"": -0.7966}}"
6430,BMNR/USDT,SELL,FUTURES,24.83514,24.95,2.01126307,5,25.048936,24.1142,-1.1550683811010019,-2.312449215104086,-1.13508838113289,0.019979999968111922,0,CLOSED,t,TRENDING,f,2026-10-07 12:19:33.279322+00,2026-10-07 12:34:34.814826+00,PAPER-SHORT-1791375573,"{""close_reason"": ""negative_timeout"", ""entry_indicators"": {""adx"": 41.03, ""rsi"": 20.86, ""bb_pct"": 0.1007, ""regime"": ""TRENDING"", ""atr_pct"": 0.8414, ""research"": {""arm"": true, ""setup"": ""15m sweep of hour high then reject"", ""pred_side"": ""bear"", ""confidence"": 0.85, ""hour_start"": ""2026-10-07T12:00:00+00:00""}, ""rr_ratio"": 3.95, ""confidence"": 0.7842, ""funding_rate"": 0.0, ""zone_based_sl"": false, ""structure_trend"": ""DOWN"", ""structure_confirmed"": true, ""predicted_change_pct"": 4.4754}}"
6431,MRVL/USDT,SELL,FUTURES,280.54917,281.81,0.17804366,5,282.964308,271.63,-1.1224139391889985,-2.247074906691042,-1.1024339387742936,0.01998000041470488,0,CLOSED,t,TRANSITION,f,2026-10-07 12:27:36.203617+00,2026-10-07 12:42:38.372029+00,PAPER-SHORT-1791376056,"{""close_reason"": ""negative_timeout"", ""entry_indicators"": {""adx"": 23.63, ""rsi"": 45.52, ""bb_pct"": 0.0545, ""regime"": ""TRANSITION"", ""atr_pct"": 1.0872, ""research"": {""arm"": true, ""setup"": ""15m sweep of hour high then reject"", ""pred_side"": ""bear"", ""confidence"": 0.85, ""hour_start"": ""2026-10-07T12:00:00+00:00""}, ""rr_ratio"": 4.31, ""confidence"": 0.5881, ""funding_rate"": 0.0, ""zone_based_sl"": false, ""structure_trend"": ""UP"", ""structure_confirmed"": false, ""predicted_change_pct"": -0.5935}}"
6432,SOXS/USDT,BUY,FUTURES,31.54151,31.5,1.58679784,5,31.270524,32.4553,-0.32933989169197686,-0.6580217624330142,-0.3093198917166415,0.020019999975335358,0,CLOSED,t,TRANSITION,f,2026-10-07 12:32:51.43332+00,2026-10-07 12:47:53.601744+00,PAPER-1791376371,"{""close_reason"": ""negative_timeout"", ""entry_indicators"": {""adx"": 21.15, ""rsi"": 75.77, ""bb_pct"": 1.2145, ""regime"": ""TRANSITION"", ""atr_pct"": 0.9993, ""research"": {""arm"": true, ""setup"": ""15m sweep of hour low then reclaim"", ""pred_side"": ""bull"", ""confidence"": 0.85, ""hour_start"": ""2026-10-07T12:00:00+00:00""}, ""rr_ratio"": 3.95, ""confidence"": 0.4875, ""funding_rate"": 0.000205, ""zone_based_sl"": false, ""structure_trend"": ""UP"", ""structure_confirmed"": true, ""predicted_change_pct"": 0.4878}}"
6433,AXTI/USDT,SELL,FUTURES,79.95996000000001,80.05,0.62468766,5,80.648304,77.6388,-0.28123438453196153,-0.5630317974145289,-0.2612543844095241,0.019980000122437443,0,CLOSED,t,TRENDING,f,2026-10-07 12:36:42.103201+00,2026-10-07 12:53:05.486882+00,PAPER-SHORT-1791376602,"{""close_reason"": ""negative_timeout"", ""entry_indicators"": {""adx"": 39.92, ""rsi"": 29.35, ""bb_pct"": 0.1212, ""regime"": ""TRENDING"", ""atr_pct"": 1.0041, ""research"": {""arm"": true, ""setup"": ""15m sweep of hour high then reject"", ""pred_side"": ""bear"", ""confidence"": 0.85, ""hour_start"": ""2026-10-07T12:00:00+00:00""}, ""rr_ratio"": 3.95, ""confidence"": 0.6613, ""funding_rate"": 0.0, ""zone_based_sl"": false, ""structure_trend"": ""DOWN"", ""structure_confirmed"": true, ""predicted_change_pct"": 1.9853}}"
6434,LITE/USDT,SELL,FUTURES,1095.8230800000001,1099.58,0.03190752,5,1105.256592,1090.67,-0.5993700001919696,-1.7142000695950885,-0.585384001455345,0.013985998736624643,0,CLOSED,t,TRENDING,f,2026-10-07 12:41:50.645151+00,2026-10-07 12:56:51.36577+00,PAPER-SHORT-1791376910,"{""close_reason"": ""negative_timeout"", ""entry_indicators"": {""adx"": 25.87, ""rsi"": 33.46, ""bb_pct"": -0.0888, ""regime"": ""TRENDING"", ""atr_pct"": 0.6344, ""research"": {""arm"": true, ""setup"": ""15m sweep of hour high then reject"", ""pred_side"": ""bear"", ""confidence"": 0.85, ""hour_start"": ""2026-10-07T12:00:00+00:00""}, ""rr_ratio"": 0.75, ""confidence"": 0.5334, ""funding_rate"": 0.0, ""zone_based_sl"": false, ""structure_trend"": ""UP"", ""structure_confirmed"": false, ""predicted_change_pct"": -0.3498}}"
6435,MVLL/USDT,SELL,FUTURES,40.339620000000004,40.4,1.23823675,5,40.686888,37.68,-0.37382367482496903,-0.7483957459192103,-0.353843674838955,0.019979999986014,0,CLOSED,t,TRANSITION,f,2026-10-07 12:42:40.617162+00,2026-10-07 12:57:42.467015+00,PAPER-SHORT-1791376960,"{""close_reason"": ""negative_timeout"", ""entry_indicators"": {""adx"": 22.6, ""rsi"": 44.2, ""bb_pct"": -0.0079, ""regime"": ""TRANSITION"", ""atr_pct"": 2.129, ""research"": {""arm"": true, ""setup"": ""15m sweep of hour high then reject"", ""pred_side"": ""bear"", ""confidence"": 0.85, ""hour_start"": ""2026-10-07T12:00:00+00:00""}, ""rr_ratio"": 8.8, ""confidence"": 0.5285, ""funding_rate"": 0.0, ""zone_based_sl"": false, ""structure_trend"": ""UP"", ""structure_confirmed"": false, ""predicted_change_pct"": 1.276}}"
6436,MUU/USDT,SELL,FUTURES,33.31665,33.37,1.49925037,5,33.60346,32.3495,-0.39992503619746,-0.800650725688127,-0.3799450362615958,0.0199799999358642,0,CLOSED,t,TRENDING,f,2026-10-07 12:47:56.672787+00,2026-10-07 13:03:01.203715+00,PAPER-SHORT-1791377276,"{""close_reason"": ""negative_timeout"", ""entry_indicators"": {""adx"": 43.38, ""rsi"": 15.87, ""bb_pct"": 0.0141, ""regime"": ""TRENDING"", ""atr_pct"": 1.0716, ""research"": {""arm"": true, ""setup"": ""15m sweep of hour high then reject"", ""pred_side"": ""bear"", ""confidence"": 0.85, ""hour_start"": ""2026-10-07T12:00:00+00:00""}, ""rr_ratio"": 3.95, ""confidence"": 0.8484, ""funding_rate"": 0.0, ""zone_based_sl"": false, ""structure_trend"": ""DOWN"", ""structure_confirmed"": true, ""predicted_change_pct"": -0.3225}}"
6437,SOXL/USDT,SELL,FUTURES,154.59525,154.94,0.32310178,5,155.9261,150.1075,-0.5569466932750077,-1.115008384798384,-0.5369666930931897,0.019980000181818,0,CLOSED,t,TRENDING,f,2026-10-07 12:53:05.582938+00,2026-10-07 13:08:10.257474+00,PAPER-SHORT-1791377585,"{""close_reason"": ""negative_timeout"", ""entry_indicators"": {""adx"": 26.03, ""rsi"": 22.1, ""bb_pct"": -0.1526, ""regime"": ""TRENDING"", ""atr_pct"": 1.1735, ""research"": {""arm"": true, ""setup"": ""15m sweep of hour high then reject"", ""pred_side"": ""bear"", ""confidence"": 0.85, ""hour_start"": ""2026-10-07T12:00:00+00:00""}, ""rr_ratio"": 3.95, ""confidence"": 0.5303, ""funding_rate"": 0.0, ""zone_based_sl"": false, ""structure_trend"": ""DOWN"", ""structure_confirmed"": true, ""predicted_change_pct"": -3.2026}}"
6438,PLTR/USDT,BUY,FUTURES,192.41222,192.19,0.26011861,5,190.27338675,197.9866,-0.28901778757098245,-0.577458126100272,-0.2689977878856168,0.020019999685365678,0,CLOSED,t,TRENDING,f,2026-10-07 12:57:10.338248+00,2026-10-07 13:30:49.94133+00,PAPER-1791377830,"{""close_reason"": ""negative_timeout"", ""entry_indicators"": {""adx"": 50.96, ""rsi"": 53.36, ""bb_pct"": 0.3249, ""regime"": ""TRENDING"", ""atr_pct"": 0.3004, ""research"": {""arm"": true, ""setup"": ""15m sweep of hour low then reclaim"", ""pred_side"": ""bull"", ""confidence"": 0.85, ""hour_start"": ""2026-10-07T12:00:00+00:00""}, ""rr_ratio"": 2.96, ""confidence"": 0.636, ""funding_rate"": 0.0, ""zone_based_sl"": true, ""structure_trend"": ""RANGE"", ""structure_confirmed"": false, ""predicted_change_pct"": -0.1604}}"
6439,AXTI/USDT,SELL,FUTURES,79.92999,80.26,0.62492188,5,80.618076,77.6097,-1.0311523480940046,-2.064369080992012,-1.0111723482463322,0.019979999847672483,0,CLOSED,t,TRENDING,f,2026-10-07 12:58:14.370048+00,2026-10-07 13:13:15.927088+00,PAPER-SHORT-1791377894,"{""close_reason"": ""negative_timeout"", ""entry_indicators"": {""adx"": 41.37, ""rsi"": 26.17, ""bb_pct"": 0.0546, ""regime"": ""TRENDING"", ""atr_pct"": 1.0561, ""research"": {""arm"": true, ""setup"": ""15m sweep of hour high then reject"", ""pred_side"": ""bear"", ""confidence"": 0.85, ""hour_start"": ""2026-10-07T12:00:00+00:00""}, ""rr_ratio"": 3.95, ""confidence"": 0.6536, ""funding_rate"": 0.0, ""zone_based_sl"": false, ""structure_trend"": ""DOWN"", ""structure_confirmed"": true, ""predicted_change_pct"": 1.7559}}"
6440,MVLL/USDT,SELL,FUTURES,40.70925,40.75,1.22699387,5,41.0597,37.68,-0.2500000010125167,-0.500500500500534,-0.2300200009315977,0.019980000080919,0,CLOSED,t,TRANSITION,f,2026-10-07 13:03:03.142075+00,2026-10-07 13:18:16.083158+00,PAPER-SHORT-1791378183,"{""close_reason"": ""negative_timeout"", ""entry_indicators"": {""adx"": 22.6, ""rsi"": 44.2, ""bb_pct"": -0.0079, ""regime"": ""TRANSITION"", ""atr_pct"": 2.129, ""research"": {""arm"": true, ""setup"": ""mixed 15m structure — EMA side only"", ""pred_side"": ""bear"", ""confidence"": 0.85, ""hour_start"": ""2026-10-07T13:00:00+00:00""}, ""rr_ratio"": 9.91, ""confidence"": 0.5285, ""funding_rate"": 0.0, ""zone_based_sl"": false, ""structure_trend"": ""UP"", ""structure_confirmed"": false, ""predicted_change_pct"": 1.276}}"
6441,LITE/USDT,SELL,FUTURES,1100.7281699999999,1110.2027977960918,0.03857219,5,1110.203908,1090.67,-1.8272857176506918,-4.303799999999959,-1.8103027192060548,0.016982998444636917,0,CLOSED,t,TRENDING,f,2026-10-07 13:08:12.617095+00,2026-10-07 13:14:25.593497+00,PAPER-SHORT-1791378492,"{""close_reason"": ""stop_loss"", ""entry_indicators"": {""adx"": 25.87, ""rsi"": 33.46, ""bb_pct"": -0.0888, ""regime"": ""TRENDING"", ""atr_pct"": 0.6344, ""research"": {""arm"": true, ""setup"": ""15m holding below hour open and EMA21"", ""pred_side"": ""bear"", ""confidence"": 0.85, ""hour_start"": ""2026-10-07T13:00:00+00:00""}, ""rr_ratio"": 1.33, ""confidence"": 0.5334, ""funding_rate"": 0.0, ""zone_based_sl"": false, ""structure_trend"": ""UP"", ""structure_confirmed"": false, ""predicted_change_pct"": -0.3498}}"
6442,BMNR/USDT,SELL,FUTURES,24.82515,24.94,2.01207243,5,25.03886,24.1045,-1.1554325929275058,-2.313178369516409,-1.13545259297326,0.019979999954245802,0,CLOSED,t,TRENDING,f,2026-10-07 13:13:15.977693+00,2026-10-07 13:28:16.363551+00,PAPER-SHORT-1791378795,"{""close_reason"": ""negative_timeout"", ""entry_indicators"": {""adx"": 42.81, ""rsi"": 20.73, ""bb_pct"": 0.134, ""regime"": ""TRENDING"", ""atr_pct"": 0.8473, ""research"": {""arm"": true, ""setup"": ""15m holding below hour open and EMA21"", ""pred_side"": ""bear"", ""confidence"": 0.85, ""hour_start"": ""2026-10-07T13:00:00+00:00""}, ""rr_ratio"": 3.95, ""confidence"": 0.7469, ""funding_rate"": 0.0, ""zone_based_sl"": false, ""structure_trend"": ""DOWN"", ""structure_confirmed"": true, ""predicted_change_pct"": 4.166}}"
6443,SOXL/USDT,SELL,FUTURES,154.67517,155.07,0.32293483,5,156.006708,150.1851,-0.6375217946444753,-1.2763199161183554,-0.6175417947528069,0.019979999891668442,0,CLOSED,t,TRENDING,f,2026-10-07 13:14:25.66878+00,2026-10-07 13:31:31.953367+00,PAPER-SHORT-1791378865,"{""close_reason"": ""negative_timeout"", ""entry_indicators"": {""adx"": 26.03, ""rsi"": 22.1, ""bb_pct"": -0.1526, ""regime"": ""TRENDING"", ""atr_pct"": 1.1735, ""research"": {""arm"": true, ""setup"": ""mixed 15m structure — EMA side only"", ""pred_side"": ""bear"", ""confidence"": 0.85, ""hour_start"": ""2026-10-07T13:00:00+00:00""}, ""rr_ratio"": 3.95, ""confidence"": 0.5303, ""funding_rate"": 0.0, ""zone_based_sl"": false, ""structure_trend"": ""DOWN"", ""structure_confirmed"": true, ""predicted_change_pct"": -3.2026}}"
6444,AXTI/USDT,SELL,FUTURES,80.29961999999999,80.99080700911199,0.62204528,5,80.990888,77.9686,-2.149748083077181,-4.303799999999996,-2.1297680832344636,0.01997999984271744,0,CLOSED,t,TRENDING,f,2026-10-07 13:18:16.171937+00,2026-10-07 13:31:56.435085+00,PAPER-SHORT-1791379096,"{""close_reason"": ""stop_loss"", ""entry_indicators"": {""adx"": 41.37, ""rsi"": 26.17, ""bb_pct"": 0.0546, ""regime"": ""TRENDING"", ""atr_pct"": 1.0561, ""research"": {""arm"": true, ""setup"": ""mixed 15m structure — EMA side only"", ""pred_side"": ""bear"", ""confidence"": 0.85, ""hour_start"": ""2026-10-07T13:00:00+00:00""}, ""rr_ratio"": 3.95, ""confidence"": 0.6536, ""funding_rate"": 0.0, ""zone_based_sl"": false, ""structure_trend"": ""DOWN"", ""structure_confirmed"": true, ""predicted_change_pct"": 1.7559}}"
6445,ARM/USDT,SELL,FUTURES,291.3084,293.81586618384,0.17146776,5,293.81616,282.852,-2.149748049093961,-4.303799999999992,-2.1297680495670877,0.019979999526873602,0,CLOSED,t,TRENDING,f,2026-10-07 13:28:16.473687+00,2026-10-07 13:31:19.033204+00,PAPER-SHORT-1791379696,"{""close_reason"": ""stop_loss"", ""entry_indicators"": {""adx"": 43.29, ""rsi"": 27.26, ""bb_pct"": -0.0324, ""regime"": ""TRENDING"", ""atr_pct"": 0.6603, ""research"": {""arm"": true, ""setup"": ""mixed 15m structure — EMA side only"", ""pred_side"": ""bear"", ""confidence"": 0.85, ""hour_start"": ""2026-10-07T13:00:00+00:00""}, ""rr_ratio"": 3.95, ""confidence"": 0.628, ""funding_rate"": 0.0, ""zone_based_sl"": false, ""structure_trend"": ""DOWN"", ""structure_confirmed"": true, ""predicted_change_pct"": -1.546}}"
6446,MVLL/USDT,SELL,FUTURES,39.61035,39.951300048659995,1.26103405,5,39.95134,37.68,-2.149748103547072,-4.303799999999977,-2.129768103514105,0.019980000032966995,0,CLOSED,t,TRANSITION,f,2026-10-07 13:30:22.740836+00,2026-10-07 13:32:11.279242+00,PAPER-SHORT-1791379822,"{""close_reason"": ""stop_loss"", ""entry_indicators"": {""adx"": 22.6, ""rsi"": 44.2, ""bb_pct"": -0.0079, ""regime"": ""TRANSITION"", ""atr_pct"": 2.129, ""research"": {""arm"": true, ""setup"": ""mixed 15m structure — EMA side only"", ""pred_side"": ""bear"", ""confidence"": 0.85, ""hour_start"": ""2026-10-07T13:00:00+00:00""}, ""rr_ratio"": 6.54, ""confidence"": 0.5285, ""funding_rate"": 0.000039, ""zone_based_sl"": false, ""structure_trend"": ""UP"", ""structure_confirmed"": false, ""predicted_change_pct"": 1.276}}"
6447,USELESS/USDT,SELL,FUTURES,0.20956023000000001,0.20987,166.84940649,5,0.21136425,0.20345672,-0.2584247032420256,-0.7390953903800996,-0.24443870324226244,0.013985999999763158,0,CLOSED,t,TRENDING,f,2026-10-07 13:30:51.833963+00,2026-10-07 13:54:13.171485+00,PAPER-SHORT-1791379851,"{""close_reason"": ""negative_timeout"", ""entry_indicators"": {""adx"": 30.85, ""rsi"": 38.21, ""bb_pct"": 0.2508, ""regime"": ""TRENDING"", ""atr_pct"": 2.0064, ""research"": {""arm"": true, ""setup"": ""15m sweep of hour high then reject"", ""pred_side"": ""bear"", ""confidence"": 0.85, ""hour_start"": ""2026-10-07T13:00:00+00:00""}, ""rr_ratio"": 3.96, ""confidence"": 0.5951, ""funding_rate"": 0.00005, ""zone_based_sl"": false, ""structure_trend"": ""DOWN"", ""structure_confirmed"": true, ""predicted_change_pct"": -1.224}}"
6448,LITE/USDT,SELL,FUTURES,1095.07383,1104.499787499108,0.03877136,5,1104.500892,1090.67,-1.827285957713057,-4.303799999999946,-1.8103029570372533,0.016983000675803522,0,CLOSED,t,TRENDING,f,2026-10-07 13:31:21.880791+00,2026-10-07 13:31:56.417641+00,PAPER-SHORT-1791379881,"{""close_reason"": ""stop_loss"", ""entry_indicators"": {""adx"": 25.87, ""rsi"": 33.46, ""bb_pct"": -0.0888, ""regime"": ""TRENDING"", ""atr_pct"": 0.6344, ""research"": {""arm"": true, ""setup"": ""15m sweep of hour high then reject"", ""pred_side"": ""bear"", ""confidence"": 0.85, ""hour_start"": ""2026-10-07T13:00:00+00:00""}, ""rr_ratio"": 0.66, ""confidence"": 0.5334, ""funding_rate"": 0.0, ""zone_based_sl"": false, ""structure_trend"": ""UP"", ""structure_confirmed"": false, ""predicted_change_pct"": -0.3498}}"
6449,MUU/USDT,SELL,FUTURES,33.23673,33.522818477148,1.50285543,5,33.522852,32.2719,-2.1497481067115043,-4.303799999999981,-2.1297681066491267,0.019980000062377563,0,CLOSED,t,TRENDING,f,2026-10-07 13:31:34.186435+00,2026-10-07 13:53:52.275594+00,PAPER-SHORT-1791379894,"{""close_reason"": ""stop_loss"", ""entry_indicators"": {""adx"": 43.38, ""rsi"": 15.87, ""bb_pct"": 0.0141, ""regime"": ""TRENDING"", ""atr_pct"": 1.0716, ""research"": {""arm"": true, ""setup"": ""15m sweep of hour high then reject"", ""pred_side"": ""bear"", ""confidence"": 0.85, ""hour_start"": ""2026-10-07T13:00:00+00:00""}, ""rr_ratio"": 3.95, ""confidence"": 0.8484, ""funding_rate"": 0.0, ""zone_based_sl"": false, ""structure_trend"": ""DOWN"", ""structure_confirmed"": true, ""predicted_change_pct"": -0.3225}}"
6450,SOXS/USDT,BUY,FUTURES,31.311279999999996,31.25,1.59846547,5,31.042272,32.2184,-0.48976982000796704,-0.9785610808628054,-0.46974982004736643,0.020019999960600637,0,CLOSED,t,TRANSITION,f,2026-10-07 13:31:58.448532+00,2026-10-07 14:20:22.931647+00,PAPER-1791379918,"{""close_reason"": ""negative_timeout"", ""entry_indicators"": {""adx"": 24.11, ""rsi"": 77.78, ""bb_pct"": 1.1423, ""regime"": ""TRANSITION"", ""atr_pct"": 1.0439, ""rr_ratio"": 3.95, ""confidence"": 0.4875, ""funding_rate"": 0.000262, ""zone_based_sl"": false, ""structure_trend"": ""UP"", ""structure_confirmed"": true, ""predicted_change_pct"": 0.4878}}"
6451,DELL/USDT,SELL,FUTURES,570.75867,575.671532327892,0.0875151,5,577.19946635,551.2,-2.1497481895584873,-4.3037999999999625,-2.1297681887261204,0.0199800008323668,0,CLOSED,t,TRENDING,f,2026-10-07 13:33:04.897856+00,2026-10-07 13:36:37.096209+00,PAPER-SHORT-1791379984,"{""close_reason"": ""stop_loss"", ""entry_indicators"": {""adx"": 25.09, ""rsi"": 40.56, ""bb_pct"": -0.0918, ""regime"": ""TRENDING"", ""atr_pct"": 0.5478, ""research"": {""arm"": true, ""setup"": ""15m sweep of hour high then reject"", ""pred_side"": ""bear"", ""confidence"": 0.85, ""hour_start"": ""2026-10-07T13:00:00+00:00""}, ""rr_ratio"": 3.43, ""confidence"": 0.6683, ""funding_rate"": 0.0, ""zone_based_sl"": true, ""structure_trend"": ""RANGE"", ""structure_confirmed"": false, ""predicted_change_pct"": 2.0822}}"
6452,ORCL/USDT,SELL,FUTURES,143.77607999999998,144,0.34741523,5,145.55890142,139.6024,-0.38896609150803646,-0.7787108954424861,-0.3689860915473571,0.01997999996067936,0,CLOSED,t,TRENDING,f,2026-10-07 13:34:10.774451+00,2026-10-07 13:54:36.989786+00,PAPER-SHORT-1791380050,"{""close_reason"": ""negative_timeout"", ""entry_indicators"": {""adx"": 26.5, ""rsi"": 32.85, ""bb_pct"": -0.0165, ""regime"": ""TRENDING"", ""atr_pct"": 0.4581, ""research"": {""arm"": true, ""setup"": ""15m sweep of hour high then reject"", ""pred_side"": ""bear"", ""confidence"": 0.85, ""hour_start"": ""2026-10-07T13:00:00+00:00""}, ""rr_ratio"": 2.63, ""confidence"": 0.5355, ""funding_rate"": 0.0, ""zone_based_sl"": true, ""structure_trend"": ""DOWN"", ""structure_confirmed"": true, ""predicted_change_pct"": 0.3616}}"
6453,SNXX/USDT,BUY,FUTURES,14.714699999999997,15.28,3.40136054,5,14.58828,15.25,9.61394556631003,19.20868247398866,9.633965566285205,0.020019999975175198,0,CLOSED,t,TRENDING,f,2026-10-07 13:36:39.038759+00,2026-10-07 14:01:11.695179+00,PAPER-1791380199,"{""close_reason"": ""take_profit"", ""entry_indicators"": {""adx"": 47.37, ""rsi"": 22.98, ""bb_pct"": 0.1411, ""regime"": ""TRENDING"", ""atr_pct"": 1.1889, ""research"": {""arm"": true, ""setup"": ""15m sweep of hour low then reclaim"", ""pred_side"": ""bull"", ""confidence"": 0.85, ""hour_start"": ""2026-10-07T13:00:00+00:00""}, ""rr_ratio"": 4.92, ""confidence"": 0.5091, ""funding_rate"": 0.0, ""zone_based_sl"": false, ""structure_trend"": ""DOWN"", ""structure_confirmed"": true, ""predicted_change_pct"": 1.184}}"
6454,GLW/USDT,BUY,FUTURES,165.59543,164.17256782726798,0.30224264,5,164.172732,168.92,-2.150248097213292,-4.296200000000027,-2.130228097239238,0.02001999997405408,0,CLOSED,t,TRENDING,f,2026-10-07 13:53:55.551248+00,2026-10-07 14:00:46.44211+00,PAPER-1791381235,"{""close_reason"": ""stop_loss"", ""entry_indicators"": {""adx"": 32.0, ""rsi"": 34.41, ""bb_pct"": -0.1336, ""regime"": ""TRENDING"", ""atr_pct"": 0.6736, ""research"": {""arm"": true, ""setup"": ""15m sweep of hour high then reject"", ""pred_side"": ""bear"", ""confidence"": 0.85, ""hour_start"": ""2026-10-07T12:00:00+00:00""}, ""rr_ratio"": 2.78, ""confidence"": 0.8637, ""funding_rate"": 0.0, ""zone_based_sl"": false, ""structure_trend"": ""UP"", ""structure_confirmed"": true, ""predicted_change_pct"": -0.1799}}"
6455,DELL/USDT,BUY,FUTURES,577.4969199999999,581.16,0.08666713,5,572.535408,580.01,1.5873431528020359,3.171514750243243,1.6073631530581316,0.020020000256095835,0,CLOSED,t,TRENDING,f,2026-10-07 13:57:16.703463+00,2026-10-07 14:09:25.759017+00,PAPER-1791381436,"{""close_reason"": ""take_profit"", ""entry_indicators"": {""adx"": 25.09, ""rsi"": 40.56, ""bb_pct"": -0.0918, ""regime"": ""TRENDING"", ""atr_pct"": 0.5478, ""research"": {""arm"": true, ""setup"": ""15m sweep of hour high then reject"", ""pred_side"": ""bear"", ""confidence"": 0.85, ""hour_start"": ""2026-10-07T13:00:00+00:00""}, ""rr_ratio"": 0.7, ""confidence"": 0.6683, ""funding_rate"": 0.0, ""zone_based_sl"": false, ""structure_trend"": ""RANGE"", ""structure_confirmed"": false, ""predicted_change_pct"": 2.0822}}"
6456,ARM/USDT,SELL,FUTURES,298.47123,298.79,0.16735281,5,301.33589737,289.8069,-0.26673527621852433,-0.5340045672074141,-0.24675527660066182,0.01997999961786252,0,CLOSED,t,TRENDING,f,2026-10-07 13:58:12.267945+00,2026-10-07 14:42:18.574434+00,PAPER-SHORT-1791381492,"{""close_reason"": ""negative_timeout"", ""entry_indicators"": {""adx"": 43.29, ""rsi"": 27.26, ""bb_pct"": -0.0324, ""regime"": ""TRENDING"", ""atr_pct"": 0.6603, ""research"": {""arm"": true, ""setup"": ""15m sweep of hour high then reject"", ""pred_side"": ""bear"", ""confidence"": 0.85, ""hour_start"": ""2026-10-07T13:00:00+00:00""}, ""rr_ratio"": 3.49, ""confidence"": 0.628, ""funding_rate"": 0.0, ""zone_based_sl"": true, ""structure_trend"": ""DOWN"", ""structure_confirmed"": true, ""predicted_change_pct"": -1.546}}"
6457,BMNR/USDT,SELL,FUTURES,24.795180000000002,24.55,2.01450443,5,25.008632,24.0754,2.469580980737013,4.944106072228579,2.489560980718072,0.019979999981058965,0,CLOSED,t,TRENDING,f,2026-10-07 14:00:46.489709+00,2026-10-07 16:05:24.43009+00,PAPER-SHORT-1791381646,"{""close_reason"": ""max_hold"", ""entry_indicators"": {""adx"": 42.81, ""rsi"": 20.73, ""bb_pct"": 0.134, ""regime"": ""TRENDING"", ""atr_pct"": 0.8473, ""research"": {""arm"": true, ""setup"": ""15m sweep of hour high then reject"", ""pred_side"": ""bear"", ""confidence"": 0.85, ""hour_start"": ""2026-10-07T13:00:00+00:00""}, ""rr_ratio"": 3.95, ""confidence"": 0.7469, ""funding_rate"": 0.0, ""zone_based_sl"": false, ""structure_trend"": ""DOWN"", ""structure_confirmed"": true, ""predicted_change_pct"": 4.166}}"
6458,USELESS/USDT,SELL,FUTURES,0.20842137000000002,0.2092,167.76110818,5,0.21021559,0.20235103,-0.6531191583109458,-1.8679226607136652,-0.6391331583111083,0.013985999999837526,0,CLOSED,t,TRENDING,f,2026-10-07 14:01:15.531067+00,2026-10-07 15:43:09.421329+00,PAPER-SHORT-1791381675,"{""close_reason"": ""negative_timeout"", ""entry_indicators"": {""adx"": 30.85, ""rsi"": 38.21, ""bb_pct"": 0.2508, ""regime"": ""TRENDING"", ""atr_pct"": 2.0064, ""research"": {""arm"": true, ""setup"": ""15m sweep of hour high then reject"", ""pred_side"": ""bear"", ""confidence"": 0.85, ""hour_start"": ""2026-10-07T13:00:00+00:00""}, ""rr_ratio"": 3.96, ""confidence"": 0.5951, ""funding_rate"": 0.00005, ""zone_based_sl"": false, ""structure_trend"": ""DOWN"", ""structure_confirmed"": true, ""predicted_change_pct"": -1.224}}"
6459,MUU/USDT,SELL,FUTURES,34.375589999999995,34.67148132848399,1.45306597,5,34.671516,33.3777,-2.149748101190935,-4.30379999999995,-2.129768101179866,0.019980000011068918,0,CLOSED,t,TRENDING,f,2026-10-07 14:02:03.343209+00,2026-10-07 14:10:14.620015+00,PAPER-SHORT-1791381723,"{""close_reason"": ""stop_loss"", ""entry_indicators"": {""adx"": 43.38, ""rsi"": 15.87, ""bb_pct"": 0.0141, ""regime"": ""TRENDING"", ""atr_pct"": 1.0716, ""research"": {""arm"": true, ""setup"": ""15m sweep of hour high then reject"", ""pred_side"": ""bear"", ""confidence"": 0.85, ""hour_start"": ""2026-10-07T13:00:00+00:00""}, ""rr_ratio"": 3.95, ""confidence"": 0.8484, ""funding_rate"": 0.0, ""zone_based_sl"": false, ""structure_trend"": ""DOWN"", ""structure_confirmed"": true, ""predicted_change_pct"": -0.3225}}"
6460,RKLB/USDT,SELL,FUTURES,71.16875999999999,,0.70185289,5,71.781424,69.1028,,,,0,0,OPEN,t,TRENDING,f,2026-10-07 15:47:02.817099+00,,PAPER-SHORT-1791388022,"{""entry_indicators"": {""adx"": 28.7, ""rsi"": 24.5, ""bb_pct"": -0.0415, ""regime"": ""TRENDING"", ""atr_pct"": 0.8656, ""research"": {""arm"": true, ""setup"": ""15m sweep of hour high then reject"", ""pred_side"": ""bear"", ""confidence"": 0.85, ""hour_start"": ""2026-10-07T15:00:00+00:00""}, ""rr_ratio"": 3.95, ""confidence"": 0.5671, ""funding_rate"": 0.0, ""zone_based_sl"": false, ""structure_trend"": ""DOWN"", ""structure_confirmed"": true, ""predicted_change_pct"": -0.9656}}"
6461,SOXL/USDT,BUY,FUTURES,156.87671999999998,156.66,0.31904033,5,155.528928,162.73,-0.3457121015879747,-0.6907334625557704,-0.3256921013807277,0.02002000020724704,0,CLOSED,t,TRENDING,f,2026-10-07 15:47:02.831648+00,2026-10-07 16:05:24.410892+00,PAPER-1791388022,"{""close_reason"": ""negative_timeout"", ""entry_indicators"": {""adx"": 33.7, ""rsi"": 28.92, ""bb_pct"": 0.1311, ""regime"": ""TRENDING"", ""atr_pct"": 1.258, ""research"": {""arm"": true, ""setup"": ""15m sweep of hour low then reclaim"", ""pred_side"": ""bull"", ""confidence"": 0.85, ""hour_start"": ""2026-10-07T15:00:00+00:00""}, ""rr_ratio"": 5.05, ""confidence"": 0.5096, ""funding_rate"": 0.0, ""zone_based_sl"": false, ""structure_trend"": ""DOWN"", ""structure_confirmed"": true, ""predicted_change_pct"": -1.4905}}"
6462,CBRS/USDT,BUY,FUTURES,174.34416999999996,174.14,0.28707585,5,172.846308,177.5,-0.2930613814724637,-0.5855372164150219,-0.2730413811543459,0.0200200003181178,0,CLOSED,t,TRENDING,f,2026-10-07 15:47:02.851803+00,2026-10-07 16:16:21.88861+00,PAPER-1791388022,"{""close_reason"": ""negative_timeout"", ""entry_indicators"": {""adx"": 39.23, ""rsi"": 30.52, ""bb_pct"": 0.0029, ""regime"": ""TRENDING"", ""atr_pct"": 0.8447, ""research"": {""arm"": true, ""setup"": ""15m sweep of hour low then reclaim"", ""pred_side"": ""bull"", ""confidence"": 0.85, ""hour_start"": ""2026-10-07T15:00:00+00:00""}, ""rr_ratio"": 2.52, ""confidence"": 0.5648, ""funding_rate"": 0.0, ""zone_based_sl"": false, ""structure_trend"": ""DOWN"", ""structure_confirmed"": true, ""predicted_change_pct"": 0.7096}}"
6463,SNXX/USDT,BUY,FUTURES,16.19618,16.46,3.09023486,5,16.057032,16.46,4.076328803826054,8.14451308888897,4.096348803839988,0.020020000013933916,0,CLOSED,t,TRENDING,f,2026-10-07 15:47:04.878126+00,2026-10-07 16:20:15.889739+00,PAPER-1791388024,"{""close_reason"": ""take_profit"", ""entry_indicators"": {""adx"": 41.38, ""rsi"": 70.72, ""bb_pct"": 1.2136, ""regime"": ""TRENDING"", ""atr_pct"": 1.6197, ""research"": {""arm"": true, ""setup"": ""15m sweep of hour low then reclaim"", ""pred_side"": ""bull"", ""confidence"": 0.85, ""hour_start"": ""2026-10-07T15:00:00+00:00""}, ""rr_ratio"": 2.28, ""confidence"": 0.5025, ""funding_rate"": 0.0, ""zone_based_sl"": false, ""structure_trend"": ""DOWN"", ""structure_confirmed"": false, ""predicted_change_pct"": 1.184}}"
6464,PLTR/USDT,BUY,FUTURES,192.83263999999997,,0.2595515,5,190.8849485,198.4192,,,,0,0,OPEN,t,TRENDING,f,2026-10-07 15:47:04.919426+00,,PAPER-1791388024,"{""entry_indicators"": {""adx"": 50.09, ""rsi"": 40.93, ""bb_pct"": -0.2694, ""regime"": ""TRENDING"", ""atr_pct"": 0.3982, ""research"": {""arm"": true, ""setup"": ""15m sweep of hour low then reclaim"", ""pred_side"": ""bull"", ""confidence"": 0.85, ""hour_start"": ""2026-10-07T15:00:00+00:00""}, ""rr_ratio"": 3.29, ""confidence"": 0.6042, ""funding_rate"": 0.0, ""zone_based_sl"": true, ""structure_trend"": ""DOWN"", ""structure_confirmed"": true, ""predicted_change_pct"": -0.1604}}"
6465,ARM/USDT,BUY,FUTURES,298.92862999999994,298.22,0.16743127,5,296.360412,300.84,-0.5932341043004332,-1.1852829218799155,-0.5732141042363292,0.020020000064104038,0,CLOSED,t,TRENDING,f,2026-10-07 15:47:09.996013+00,2026-10-07 16:46:54.474659+00,PAPER-1791388029,"{""close_reason"": ""negative_timeout"", ""entry_indicators"": {""adx"": 39.19, ""rsi"": 42.44, ""bb_pct"": 0.288, ""regime"": ""TRENDING"", ""atr_pct"": 0.8031, ""research"": {""arm"": true, ""setup"": ""15m sweep of hour low then reclaim"", ""pred_side"": ""bull"", ""confidence"": 0.85, ""hour_start"": ""2026-10-07T15:00:00+00:00""}, ""rr_ratio"": 0.97, ""confidence"": 0.6342, ""funding_rate"": 0.0, ""zone_based_sl"": false, ""structure_trend"": ""DOWN"", ""structure_confirmed"": true, ""predicted_change_pct"": -1.9042}}"
6466,SPCX/USDT,BUY,FUTURES,170.42024999999998,169.38,0.29368576,5,168.9561,171.88,-1.527533059199972,-3.052014065229869,-1.507513058943716,0.020020000256256002,0,CLOSED,t,TRENDING,f,2026-10-07 15:47:10.007542+00,2026-10-07 16:05:31.709429+00,PAPER-1791388030,"{""close_reason"": ""negative_timeout"", ""entry_indicators"": {""adx"": 25.26, ""rsi"": 40.56, ""bb_pct"": 0.2962, ""regime"": ""TRENDING"", ""atr_pct"": 0.6516, ""research"": {""arm"": true, ""setup"": ""15m sweep of hour low then reclaim"", ""pred_side"": ""bull"", ""confidence"": 0.85, ""hour_start"": ""2026-10-07T15:00:00+00:00""}, ""rr_ratio"": 1.26, ""confidence"": 0.5464, ""funding_rate"": 0.00005, ""zone_based_sl"": false, ""structure_trend"": ""RANGE"", ""structure_confirmed"": false, ""predicted_change_pct"": -1.7718}}"
6467,AXTI/USDT,BUY,FUTURES,81.74165999999998,81.03930296061598,0.61229488,5,81.039384,83.8,-2.1502480957338936,-4.296199999999972,-2.1302280957736133,0.020019999960280317,0,CLOSED,t,TRENDING,f,2026-10-07 16:05:26.654379+00,2026-10-07 16:19:05.169235+00,PAPER-1791389126,"{""close_reason"": ""stop_loss"", ""entry_indicators"": {""adx"": 37.33, ""rsi"": 33.12, ""bb_pct"": 0.1312, ""regime"": ""TRENDING"", ""atr_pct"": 1.3014, ""research"": {""arm"": true, ""setup"": ""15m sweep of hour low then reclaim"", ""pred_side"": ""bull"", ""confidence"": 0.85, ""hour_start"": ""2026-10-07T15:00:00+00:00""}, ""rr_ratio"": 3.45, ""confidence"": 0.6891, ""funding_rate"": 0.0, ""zone_based_sl"": false, ""structure_trend"": ""DOWN"", ""structure_confirmed"": true, ""predicted_change_pct"": 1.5549}}"
6468,SKHY/USDT,SELL,FUTURES,179.66016,,0.27802491,5,181.206784,174.4448,,,,0,0,OPEN,t,TRENDING,f,2026-10-07 16:05:26.671946+00,,PAPER-SHORT-1791389126,"{""entry_indicators"": {""adx"": 43.11, ""rsi"": 30.45, ""bb_pct"": 0.1924, ""regime"": ""TRENDING"", ""atr_pct"": 0.7436, ""research"": {""arm"": true, ""setup"": ""15m sweep of hour high then reject"", ""pred_side"": ""bear"", ""confidence"": 0.85, ""hour_start"": ""2026-10-07T15:00:00+00:00""}, ""rr_ratio"": 3.95, ""confidence"": 0.5296, ""funding_rate"": 0.0, ""zone_based_sl"": false, ""structure_trend"": ""DOWN"", ""structure_confirmed"": true, ""predicted_change_pct"": 0.9935}}"
6469,SOXS/USDT,SELL,FUTURES,31.03893,31.15,1.60926939,5,31.306132,29.94,-0.893707755736484,-1.7892047180749788,-0.8737277557575429,0.019979999978941083,0,CLOSED,t,TRENDING,f,2026-10-07 16:05:46.747064+00,2026-10-07 16:20:53.962184+00,PAPER-SHORT-1791389146,"{""close_reason"": ""negative_timeout"", ""entry_indicators"": {""adx"": 31.77, ""rsi"": 70.38, ""bb_pct"": 0.8625, ""regime"": ""TRENDING"", ""atr_pct"": 1.1547, ""research"": {""arm"": true, ""setup"": ""15m sweep of hour high then reject"", ""pred_side"": ""bear"", ""confidence"": 0.85, ""hour_start"": ""2026-10-07T15:00:00+00:00""}, ""rr_ratio"": 4.79, ""confidence"": 0.4875, ""funding_rate"": 0.000192, ""zone_based_sl"": false, ""structure_trend"": ""UP"", ""structure_confirmed"": true, ""predicted_change_pct"": 0.5659}}"
