id,symbol,side,mode,regime,entry_price,exit_price,quantity,leverage,stop_loss_price,take_profit_price,pnl_usdt,gross_pnl_usdt,estimated_fee_usdt,pnl_percent,status,paper_trade,confidence,predicted_change_pct,close_reason,atr_pct,adx,opened_at,closed_at,duration_minutes
5262,NEAR/USDT,SELL,FUTURES,TRANSITION,4.487,4.505,8.44522025,5,4.57674,4.35239,-0.7600698224999914,-0.7449123411952915,0.015157481304700004,-2.0057945174949627,CLOSED,t,0.92,-4.306005001068115,stop_loss,1.0358,13.33,2026-09-25 06:40:58.107801+00,2026-09-25 06:43:45.899272+00,2.7965245166666667
5261,XRP/USDT,SELL,FUTURES,TRANSITION,1.5246,1.5308,24.91089977,5,1.555092,1.478862,-0.7722378928699978,-0.757046229754261,0.0151916631157368,-2.0333202151383913,CLOSED,t,0.92,-1.933791995048523,stop_loss,0.5297,15.66,2026-09-25 06:39:32.762356+00,2026-09-25 06:54:37.87333+00,15.0851829000000000
5260,ONDO/USDT,SELL,FUTURES,TRENDING,0.54,0.5424,142.99453836,5,0.5508,0.5238,-1.7159344603199695,-1.6850476400342096,0.03088682028576,-2.222222222222183,CLOSED,t,0.92,-9.119246482849121,stop_loss,1.4899,32.42,2026-09-25 06:38:37.638628+00,2026-09-25 06:41:23.093997+00,2.7575894833333333
5259,ETC/USDT,SELL,FUTURES,TRANSITION,9.48,9.52,4.07262926,5,9.6696,9.1956,-0.8145258519999825,-0.7990824418460625,0.015443410153920003,-2.1097046413501657,CLOSED,t,0.92,-4.469056606292725,stop_loss,0.737,21.79,2026-09-25 06:38:37.62784+00,2026-09-25 06:40:58.067829+00,2.3406664833333333
5258,FIL/USDT,SELL,FUTURES,TRANSITION,0.9896,0.9936,38.82877667,5,1.009392,0.959912,-0.7765755334000007,-0.7612055504429479,0.015369982957052802,-2.021018593371061,CLOSED,t,0.8955054879188538,-4.0282416343688965,stop_loss,0.6838,11.94,2026-09-25 06:38:32.738645+00,2026-09-25 06:51:35.107913+00,13.0394878000000000
5255,TIA/USDT,SELL,FUTURES,TRANSITION,0.4879,0.4847,78.94493318,5,0.497658,0.473263,1.2631189308799926,1.2785258240394015,0.015406893159408802,3.2793605246976645,CLOSED,t,0.92,-4.922214984893799,manual,0.7446,9.77,2026-09-25 06:31:56.302073+00,2026-09-25 06:38:27.61131+00,6.5218206166666667
5254,OP/USDT,SELL,FUTURES,TRANSITION,0.1326,0.1316,291.02688994,5,0.135252,0.128622,1.4551344497000012,1.4705705159424187,0.0154360662424176,3.7707390648567154,CLOSED,t,0.92,-6.160894870758057,manual,0.727,14.35,2026-09-25 06:27:47.761744+00,2026-09-25 06:38:32.696871+00,10.7489187833333333
5253,WLD/USDT,BUY,FUTURES,TRANSITION,0.4372,0.4354,88.51098989,5,0.428456,0.450316,-0.7965989090099952,-0.781120107098032,0.0154788019119632,-2.0585544373284415,CLOSED,t,0.7233017683029175,9.465638160705566,stop_loss,0.7163,12.59,2026-09-25 06:27:37.664593+00,2026-09-25 06:39:32.726622+00,11.9177004833333333
5252,ASTER/USDT,BUY,SPOT,TRANSITION,0.7132,0.7146,14.02131239,1,0.698936,0.734596,0.01962983734600079,0.02362983734461999,0.003999999998619199,0.19629837352777013,CLOSED,t,,,profitable_timeout,,,2026-09-25 06:22:24.958466+00,2026-09-25 06:52:25.377777+00,30.0069885166666667
5251,SUI/USDT,SELL,FUTURES,TRANSITION,1.02,1.0131,38.0221636,5,1.0404,0.9894,1.3117646442000244,1.3272776869488243,0.015513042748800002,3.3823529411765336,CLOSED,t,,,manual,,,2026-09-25 06:21:19.766242+00,2026-09-25 06:38:37.582875+00,17.2969438833333333
5250,FIL/USDT,SELL,FUTURES,TRANSITION,0.9913,0.9957,39.21463978,5,1.011126,0.961561,-0.8627220751600139,-0.8471726861944483,0.015549388965565599,-2.2193079794209982,CLOSED,t,,,stop_loss,,,2026-09-25 06:20:39.624941+00,2026-09-25 06:27:37.629518+00,6.9667429500000000
5249,HBAR/USDT,SELL,FUTURES,TRANSITION,0.09256,0.09193,421.06392199,5,0.0944112,0.0897832,1.3263513542685115,1.3419408249162692,0.01558947064775776,3.4031979256698657,CLOSED,t,,,manual,,,2026-09-25 06:20:34.489698+00,2026-09-25 06:38:37.593993+00,18.0517382500000000
5248,TIA/USDT,SELL,FUTURES,TRANSITION,0.4864,0.4879,80.31352825,5,0.496128,0.471808,-0.6023514618750005,-0.5867256618186806,0.01562580005632,-1.5419407894736856,CLOSED,t,,,trade_switch,,,2026-09-25 06:20:19.888026+00,2026-09-25 06:31:55.897259+00,11.6001538833333333
5247,SUI/USDT,SELL,FUTURES,TRANSITION,1.0165,1.02,38.50713919,5,1.03683,0.986005,-0.6738749358250112,-0.6582179330303572,0.015657002794654,-1.721593703885912,CLOSED,t,,,trade_switch,,,2026-09-25 06:20:04.921229+00,2026-09-25 06:21:19.741868+00,1.2470106500000000
5246,AVAX/USDT,BUY,FUTURES,TRANSITION,10.207,10.171,3.84961282,5,10.00286,10.51321,-0.6929303076000317,-0.6772131083785358,0.015717199221496,-1.7634956402469704,CLOSED,t,,,trade_switch,,,2026-09-25 06:19:59.853076+00,2026-09-25 06:27:47.749867+00,7.7982798500000000
5245,FIL/USDT,SELL,FUTURES,TRANSITION,0.9881,0.9913,38.96463684,5,1.007862,0.958457,-0.6234341894399962,-0.6080338063753545,0.0154003830646416,-1.6192693047262323,CLOSED,t,,,trade_switch,,,2026-09-25 06:19:39.838007+00,2026-09-25 06:20:39.600386+00,0.99603965000000000000
5244,TIA/USDT,SELL,FUTURES,TRANSITION,0.4849,0.4864,79.52134646,5,0.494598,0.470353,-0.5964100984500006,-0.5809861380906189,0.015423960359381601,-1.5467106619921647,CLOSED,t,,,trade_switch,,,2026-09-25 06:17:51.157219+00,2026-09-25 06:20:19.866781+00,2.4784927000000000
5243,HBAR/USDT,SELL,FUTURES,TRANSITION,0.09224,0.09256,416.77447632,5,0.0940848,0.0894728,-0.6668391621120019,-0.6514618510336991,0.015377311078302723,-1.734605377276674,CLOSED,t,,,trade_switch,,,2026-09-25 06:17:46.105029+00,2026-09-25 06:20:34.470187+00,2.8060859666666667
5242,OP/USDT,SELL,FUTURES,TRANSITION,0.1324,0.1331,290.70994413,5,0.135048,0.128428,-1.017484804455009,-1.0020888058138844,0.0153959986411248,-2.643504531722078,CLOSED,t,,,stop_loss,,,2026-09-25 06:14:50.809659+00,2026-09-25 06:19:59.813331+00,5.1500612000000000
5241,ONDO/USDT,SELL,FUTURES,TRENDING,0.5366,0.5385,143.91833038,5,0.547332,0.520502,-1.3672241386100092,-1.336333508177246,0.0308906304327632,-1.7704062616474217,CLOSED,t,,,trade_switch,,,2026-09-25 06:14:45.748204+00,2026-09-25 06:19:39.826245+00,4.9013006833333333
5240,WLD/USDT,BUY,FUTURES,TRANSITION,0.4337,0.4387,89.18596866,5,0.425026,0.446711,2.2296492164999835,2.2451211983431203,0.015471981843136801,5.764353239566478,CLOSED,t,,,trailing_stop,,,2026-09-25 06:12:33.616234+00,2026-09-25 06:22:24.920289+00,9.8550675833333333
5239,UNI/USDT,BUY,FUTURES,TRANSITION,9.092,9.094,4.25996277,5,8.91016,9.36476,0.04259962769995536,0.05809226030189136,0.015492632601936002,0.10998680158369467,CLOSED,t,,,profitable_timeout,,,2026-09-25 06:11:58.498393+00,2026-09-25 06:51:15.090149+00,39.2765292666666667
5238,ONDO/USDT,SELL,FUTURES,TRENDING,0.5348,0.5366,148.19527298,5,0.545496,0.518756,-1.3337574568199353,-1.3020555240240537,0.0317019327958816,-1.6828721017201875,CLOSED,t,,,trade_switch,,,2026-09-25 06:11:48.397478+00,2026-09-25 06:14:45.72335+00,2.9554312000000000
5237,BCH/USDT,SELL,FUTURES,TRANSITION,332.3,333.4,0.11925193,5,338.946,322.331,-0.6558856149999797,-0.6400346484643796,0.0158509665356,-1.6551309058079535,CLOSED,t,,,trade_switch,,,2026-09-25 06:11:48.386643+00,2026-09-25 06:17:51.146745+00,6.0460017000000000
5236,SUI/USDT,SELL,FUTURES,TRANSITION,1.013,1.0165,39.07962523,5,1.03326,0.98261,-0.6838934415250114,-0.6680583773818154,0.015835064143196,-1.7275419545903548,CLOSED,t,,,trade_switch,,,2026-09-25 06:11:43.308101+00,2026-09-25 06:20:04.898745+00,8.3598440666666667
5235,PUMP/USDT,BUY,FUTURES,TRANSITION,0.003909,0.003875,10156.66574953,5,0.00383082,0.00402627,-1.7266331774201142,-1.7107522148541492,0.01588096256596511,-4.348938347403464,CLOSED,t,,,stop_loss,,,2026-09-25 06:10:43.139008+00,2026-09-25 06:36:34.676534+00,25.8589587666666667
5234,OP/USDT,SELL,FUTURES,TRANSITION,0.132,0.1324,301.38460406,5,0.13464,0.12804,-0.6027692081199755,-0.5868561010256075,0.015913107094368002,-1.5151515151514534,CLOSED,t,,,trade_switch,,,2026-09-25 06:10:08.011148+00,2026-09-25 06:14:50.790474+00,4.7129887666666667
5233,UNI/USDT,BUY,FUTURES,TRANSITION,9.12,9.092,4.37333664,5,8.9376,9.3936,-0.6122671295999687,-0.5963131975372487,0.015953932062719996,-1.5350877192981671,CLOSED,t,,,trade_switch,,,2026-09-25 06:07:00.135615+00,2026-09-25 06:11:58.483866+00,4.9724708500000000
5232,PUMP/USDT,BUY,FUTURES,TRANSITION,0.003921,0.003908,10213.4897329,5,0.00384258,0.00403863,-0.6638768326385032,-0.6478579953414229,0.016018837297080358,-1.6577403723539996,CLOSED,t,,,trade_switch,,,2026-09-25 06:04:09.689443+00,2026-09-25 06:10:07.998792+00,5.9718224833333333
5231,WLD/USDT,BUY,FUTURES,TRANSITION,0.4353,0.4337,91.50017497,5,0.426594,0.448359,-0.732001399760025,-0.7160693892942486,0.0159320104657764,-1.8378130025270556,CLOSED,t,,,trade_switch,,,2026-09-25 05:50:38.971751+00,2026-09-25 06:12:33.59932+00,21.9104594833333333
5230,UNI/USDT,BUY,FUTURES,TRANSITION,9.149,9.12,4.26875191,5,8.96602,9.42347,-0.6189690269499923,-0.6033471024601563,0.015621924489836,-1.584872663679071,CLOSED,t,,,trade_switch,,,2026-09-25 05:50:28.862872+00,2026-09-25 06:07:00.12064+00,16.5209628000000000
5229,ONDO/USDT,SELL,FUTURES,TRENDING,0.5315,0.5339,149.01473353,5,0.54213,0.515555,-1.7881768023600515,-1.7564962700115736,0.031680532348478,-2.25776105362189,CLOSED,t,,,stop_loss,,,2026-09-25 05:42:25.442823+00,2026-09-25 05:50:28.82405+00,8.0563537833333333
5228,ARB/USDT,SELL,FUTURES,TRANSITION,0.217,0.2162,182.49154579,5,0.22134,0.21049,0.7299661831599955,0.7458064493345675,0.015840266174572,1.8433179723502193,CLOSED,t,,,profitable_timeout,,,2026-09-25 05:42:25.432782+00,2026-09-25 06:17:46.080609+00,35.3441304500000000
5227,AVAX/USDT,BUY,FUTURES,TRANSITION,10.214,10.169,3.88061315,5,10.00972,10.52042,-0.8731379587500061,-0.8572833256643662,0.015854633085640002,-2.202858821225784,CLOSED,t,,,stop_loss,,,2026-09-25 05:41:49.364+00,2026-09-25 06:10:43.112804+00,28.8958134000000000
5226,FIL/USDT,SELL,FUTURES,TRANSITION,0.9908,0.9859,39.07518778,5,1.010616,0.961076,0.9573421006100031,0.9728283790309727,0.0154862784209696,2.4727492935002098,CLOSED,t,,,profitable_timeout,,,2026-09-25 05:41:44.291338+00,2026-09-25 06:11:48.343445+00,30.0675351166666667
5225,TIA/USDT,SELL,FUTURES,TRANSITION,0.4849,0.4843,79.84263983,5,0.494598,0.470353,0.2395279194899958,0.2550141979114226,0.0154862784214268,0.6186842647968545,CLOSED,t,,,profitable_timeout,,,2026-09-25 05:41:44.279416+00,2026-09-25 06:11:48.354133+00,30.0679119500000000
5224,HBAR/USDT,SELL,FUTURES,TRANSITION,0.09237,0.09205,411.69078217,5,0.0942174,0.0895989,0.6587052514719731,0.6739164024915902,0.01521115101961716,1.732164122550541,CLOSED,t,,,profitable_timeout,,,2026-09-25 05:41:39.207253+00,2026-09-25 06:11:43.273863+00,30.0677768333333333
5223,OP/USDT,SELL,FUTURES,TRANSITION,0.1316,0.1322,288.96563487,5,0.134232,0.127652,-0.8668969046100247,-0.8516857535904678,0.015211151019556798,-2.279635258358728,CLOSED,t,,,stop_loss,,,2026-09-25 05:41:39.195058+00,2026-09-25 06:04:09.669564+00,22.5079084333333333
5222,WLD/USDT,BUY,FUTURES,TRANSITION,0.4346,0.4347,87.74984128,5,0.425908,0.447638,0.043874920639998434,0.059129353048113634,0.0152544324081152,0.11504832029451961,CLOSED,t,0.9106259346008301,8.079263687133789,profitable_timeout,0.818,16.4,2026-09-25 04:34:53.828168+00,2026-09-25 05:41:49.323843+00,66.9249279166666667
5221,UNI/USDT,BUY,FUTURES,TRANSITION,9.149,9.138,4.18634323,5,8.96602,9.42347,-0.23024887764998692,-0.21492853596547892,0.015320341684508,-0.6011585965678967,CLOSED,t,0.9191886186599731,7.6960906982421875,negative_timeout,0.657,12.31,2026-09-25 04:34:28.30644+00,2026-09-25 05:42:25.391063+00,67.9514103833333333
5220,LTC/USDT,SELL,FUTURES,TRANSITION,70.81,71.14,0.54252946,5,72.2262,68.6857,-0.8951736089999954,-0.8798070045749554,0.015366604425040002,-2.3301793531986887,CLOSED,t,0.92,-1.5891594886779785,stop_loss,0.866,13.28,2026-09-25 04:20:00.045515+00,2026-09-25 04:34:53.787239+00,14.8956954000000000
5219,ADA/USDT,SELL,FUTURES,TRANSITION,0.2481,0.2479,153.1651056,5,0.253062,0.240657,0.15316510559998311,0.16836521067972712,0.015200105079744002,0.4030632809350624,CLOSED,t,0.0893794521689415,1.0682106018066406,profitable_timeout,0.6777,10.88,2026-09-25 04:19:14.493194+00,2026-09-25 05:41:44.240114+00,82.4957820000000000
5218,XPL/USDT,SELL,FUTURES,TRENDING,0.11589,0.11729,675.02203083,5,0.1182078,0.11238044,-4.725154215809994,-4.693862894548838,0.03129132126115548,-6.040210544481829,CLOSED,t,0.92,-6.128518104553223,stop_loss,2.4076,29.87,2026-09-25 04:17:53.560196+00,2026-09-25 04:19:14.447586+00,1.3481231666666667
5217,TUT/USDT,SELL,FUTURES,TRANSITION,0.02608,0.02619,1452.57234874,5,0.0266016,0.0252976,-0.798914791807018,-0.7837615570649623,0.015153234742055679,-2.10889570552152,CLOSED,t,,,stop_loss,,,2026-09-25 04:16:52.620894+00,2026-09-25 04:17:53.515829+00,1.01491558333333333333
5216,APT/USDT,SELL,FUTURES,TRANSITION,0.7972,0.8023,47.5201792,5,0.813144,0.773284,-1.2117645695999983,-1.1966113348567022,0.015153234743296001,-3.1986954340190628,CLOSED,t,,,stop_loss,,,2026-09-25 04:16:50.169178+00,2026-09-25 04:34:28.26515+00,17.6349328666666667
5215,SUI/USDT,SELL,FUTURES,TRENDING,1.0138,1.0135,74.29882704,5,1.034076,0.983386,0.11144824055998774,0.14157790090124855,0.030129660341260803,0.14795817715524115,CLOSED,t,,,profitable_timeout,,,2026-09-25 04:15:54.648632+00,2026-09-25 05:41:44.250026+00,85.8266899000000000
5214,OP/USDT,SELL,FUTURES,TRANSITION,0.1304,0.131,293.967973,5,0.133008,0.126488,-0.8819039190000253,-0.8665705495283453,0.015333369471679998,-2.3006134969325815,CLOSED,t,,,stop_loss,,,2026-09-25 04:15:17.260174+00,2026-09-25 04:20:00.0033+00,4.7123854333333333
5213,PAXG/USDT,BUY,SPOT,RANGING,4263.82,4267.3,0.00251731,1,4178.5436,4391.7346,0.008760238800002252,0.013053581489682251,0.00429334268968,0.081616953811392,CLOSED,t,,,profitable_timeout,,,2026-09-25 04:15:17.252944+00,2026-09-25 05:41:32.66528+00,86.2568722666666667
5212,SOL/USDT,BUY,SPOT,TRANSITION,116.45,116.57,0.08587377,1,114.121,119.9435,0.010304852399998472,0.014304852606598473,0.0040000002066,0.10304851867752873,CLOSED,t,,,profitable_timeout,,,2026-09-25 04:15:17.244032+00,2026-09-25 05:41:35.271045+00,86.3004502166666667
5211,PUMP/USDT,BUY,FUTURES,TRANSITION,0.003894,0.003936,9844.22796084,5,0.00381612,0.00401082,2.067287871776406,2.0826212412482104,0.015333369471804383,5.392912172573205,CLOSED,t,,,trailing_stop,,,2026-09-25 04:15:17.229356+00,2026-09-25 05:50:38.950383+00,95.3620171166666667
5210,DOT/USDT,SELL,FUTURES,TRENDING,1.136,1.138,69.26198486,5,1.15872,1.10192,-0.6926198486000007,-0.6611472026796167,0.031472645920384,-0.880281690140846,CLOSED,t,,,negative_timeout,,,2026-09-25 03:13:10.984171+00,2026-09-25 04:16:50.13833+00,63.6525693166666667
5209,WLD/USDT,BUY,FUTURES,TRANSITION,0.4313,0.4316,90.59110631,5,0.422674,0.444239,0.1358866594649714,0.15151543712557258,0.015628777660601202,0.3477857639693216,CLOSED,t,,,profitable_timeout,,,2026-09-25 03:13:00.882684+00,2026-09-25 04:15:14.114593+00,62.2205318166666667
5208,TIA/USDT,SELL,FUTURES,TRENDING,0.4843,0.4833,165.8491794,5,0.493986,0.469771,0.8292458970000007,0.8613742000333687,0.03212830303336801,1.0324179227751402,CLOSED,t,,,profitable_timeout,,,2026-09-25 03:10:32.183067+00,2026-09-25 04:15:52.532631+00,65.3391594000000000
5207,BCH/USDT,SELL,FUTURES,TRANSITION,339.9,333.3,0.11848718,5,346.698,329.703,3.9100769399999797,3.9261864569927796,0.0161095169928,9.70873786407762,CLOSED,t,,,manual,,,2026-09-25 03:09:36.642778+00,2026-09-25 05:42:25.403693+00,152.8126819166666667
5206,FIL/USDT,SELL,FUTURES,TRANSITION,0.9815,0.9811,40.15930039,5,1.00113,0.952055,0.08031860078001345,0.09608514211312745,0.015766541333114,0.20376974019361535,CLOSED,t,,,profitable_timeout,,,2026-09-25 03:07:10.179799+00,2026-09-25 04:15:17.051179+00,68.1145230000000000
5205,PEPE/USDT,BUY,SPOT,TRANSITION,4.41e-06,4.42e-06,2267573.69614512,1,4.32e-06,4.54e-06,0.022675736961450487,0.02667573696145048,0.003999999999999992,0.22675736961450532,CLOSED,t,,,profitable_timeout,,,2026-09-25 03:06:14.610625+00,2026-09-25 04:16:50.147175+00,70.5922758333333333
5204,WLD/USDT,BUY,FUTURES,TRANSITION,0.4331,0.4318,92.420939,5,0.424438,0.446093,-0.600736103499974,-0.584725100027614,0.01601100347236,-1.5008081274531793,CLOSED,t,,,trade_switch,,,2026-09-25 03:05:42.943071+00,2026-09-25 03:10:32.172489+00,4.8204903000000000
5203,PUMP/USDT,BUY,FUTURES,TRANSITION,0.003879,0.003921,10140.82825578,5,0.00380142,0.00399537,2.129573933713791,2.145308442835459,0.01573450912166825,5.413766434648082,CLOSED,t,,,trailing_stop,,,2026-09-25 03:05:27.813524+00,2026-09-25 03:13:00.854989+00,7.5506910833333333
5202,LTC/USDT,SELL,FUTURES,TRANSITION,71.05,71.05,0.54357313,5,72.471,68.9185,0.02717865649997528,0.042627004854575275,0.015448348354599998,0.07037297677685367,CLOSED,t,,,take_profit,,,2026-09-25 03:04:22.082497+00,2026-09-25 03:13:10.950546+00,8.8144674833333333
5201,ARB/USDT,SELL,FUTURES,TRANSITION,0.2163,0.2175,175.49956479,5,0.220626,0.209811,-1.052997388740006,-1.037813166394375,0.015184222345630799,-2.773925104022207,CLOSED,t,,,stop_loss,,,2026-09-25 03:04:11.972704+00,2026-09-25 04:15:17.101336+00,71.0854772000000000
5200,ICP/USDT,SELL,FUTURES,TRANSITION,3.069,3.069,11.69420814,5,3.13038,2.97693,0.05847104069999356,0.07282685061265756,0.014355809912664,0.16291951775820948,CLOSED,t,,,take_profit,,,2026-09-25 03:04:01.864926+00,2026-09-25 03:09:36.615089+00,5.5791693833333333
5199,ADA/USDT,SELL,FUTURES,TRANSITION,0.2472,0.2482,145.40297217,5,0.252144,0.239784,-0.7270148608500006,-0.712637414961831,0.014377445888169601,-2.0226537216828495,CLOSED,t,,,stop_loss,,,2026-09-25 03:03:26.492222+00,2026-09-25 03:06:14.584988+00,2.8015461000000000
5198,XPL/USDT,SELL,FUTURES,TRENDING,0.11322,0.11322,653.07083491,5,0.1154844,0.1097913,0.06530708349102,0.09488335546242409,0.029576271971404083,0.08832361773540949,CLOSED,t,,,take_profit,,,2026-09-25 03:03:16.314671+00,2026-09-25 03:07:10.154147+00,3.8973246000000000
5197,ONDO/USDT,SELL,FUTURES,TRENDING,0.5311,0.5333,141.63647872,5,0.541722,0.515167,-1.5580012659199858,-1.527912012380709,0.030089253539276804,-2.071173037092807,CLOSED,t,,,stop_loss,,,2026-09-25 03:02:24.069632+00,2026-09-25 03:04:22.04326+00,1.9662271333333333
5196,TUT/USDT,SELL,FUTURES,TRANSITION,0.026,0.02612,1438.03716296,5,0.02652,0.02522,-0.8628222977760147,-0.8478667112812307,0.014955586494783998,-2.3076923076923475,CLOSED,t,,,stop_loss,,,2026-09-25 03:01:15.069652+00,2026-09-25 03:03:16.267477+00,2.0199637500000000
5195,XLM/USDT,SELL,FUTURES,TRENDING,0.2192,0.2204,341.14020289,5,0.223584,0.212624,-2.0468412173400115,-2.0169300443506164,0.029911172989395204,-2.7372262773722777,CLOSED,t,,,stop_loss,,,2026-09-25 03:01:12.789885+00,2026-09-25 03:04:11.936079+00,2.9857699000000000
5194,SUI/USDT,SELL,FUTURES,TRENDING,1.0093,1.0134,74.08890565,5,1.029486,0.979021,-1.5188225658249974,-1.4889113928359794,0.029911172989018003,-2.0311106707619104,CLOSED,t,,,stop_loss,,,2026-09-25 03:01:12.780833+00,2026-09-25 03:05:27.791925+00,4.2501848666666667
5193,OP/USDT,SELL,FUTURES,TRANSITION,0.1305,0.1311,289.92603493,5,0.13311,0.126585,-0.8697781047899845,-0.8546439657666385,0.015134139023346002,-2.2988505747126027,CLOSED,t,,,stop_loss,,,2026-09-25 03:00:17.237886+00,2026-09-25 03:05:42.918803+00,5.4280152833333333
5192,BCH/USDT,SELL,FUTURES,TRANSITION,337.5,338.9,0.11210473,5,344.25,327.375,-0.7847331099999871,-0.7695989714499871,0.01513413855,-2.07407407407404,CLOSED,t,,,stop_loss,,,2026-09-25 03:00:17.223719+00,2026-09-25 03:03:26.458872+00,3.1539192166666667
5191,UNI/USDT,BUY,FUTURES,TRANSITION,9.08,9.117,4.1668885,5,8.8984,9.3524,0.770874372500026,0.786008511532026,0.015134139032,2.0374449339207734,CLOSED,t,,,profitable_timeout,,,2026-09-25 03:00:17.211164+00,2026-09-25 04:15:17.110606+00,74.9983240333333333
5190,PEPE/USDT,BUY,SPOT,TRANSITION,4.43e-06,4.38e-06,2257336.34311512,1,4.34e-06,4.56e-06,-0.11286681715575543,-0.10886681715575544,0.003999999999999993,-1.1286681715575564,CLOSED,t,,,negative_timeout,,,2026-09-25 01:57:22.030663+00,2026-09-25 03:00:12.205117+00,62.8362409000000000
5189,WLD/USDT,BUY,FUTURES,TRANSITION,0.4359,0.4297,84.71487949,5,0.427182,0.448977,-2.626161264189999,-2.6113903778021226,0.0147708863878764,-7.111722872218396,CLOSED,t,,,stop_loss,,,2026-09-25 01:54:12.339007+00,2026-09-25 03:00:14.608974+00,66.0378327833333333
5188,APT/USDT,SELL,FUTURES,TRANSITION,0.8034,0.795,45.49507947,5,0.819468,0.779298,1.9107933377399915,1.9254136364784706,0.014620298738479202,5.227781926811029,CLOSED,t,,,trailing_stop,,,2026-09-25 01:49:31.693365+00,2026-09-25 03:01:12.726819+00,71.6838909000000000
5187,SUI/USDT,SELL,FUTURES,TRENDING,1.022,1.022,72.74361446,5,1.04244,0.99134,0.14548722891998397,0.17522481851123198,0.029737589591248004,0.1956947162426399,CLOSED,t,,,take_profit,,,2026-09-25 01:48:01.948516+00,2026-09-25 01:54:12.229546+00,6.1713505000000000
5186,SOL/USDT,BUY,SPOT,TRANSITION,117.37,116.77,0.08520065,1,115.0226,120.8911,-0.05112039000000089,-0.04712038988380089,0.0040000001162,-0.511203885149536,CLOSED,t,,,negative_timeout,,,2026-09-25 01:45:28.599119+00,2026-09-25 03:02:24.034272+00,76.9239192166666667
5185,TIA/USDT,SELL,FUTURES,TRENDING,0.489,0.4826,156.16266295,5,0.49878,0.47433,4.9972052144000125,5.027750631273032,0.03054541687302,6.543967280163616,CLOSED,t,,,trailing_stop,,,2026-09-25 01:45:28.537621+00,2026-09-25 03:01:12.741648+00,75.7367337833333333
5184,FIL/USDT,SELL,FUTURES,TRANSITION,0.9878,0.9771,38.65334186,5,1.007556,0.958166,2.067953789510008,2.0832264979457316,0.015272708435723202,5.416076128771028,CLOSED,t,,,trailing_stop,,,2026-09-25 01:45:28.52431+00,2026-09-25 03:01:12.752286+00,75.7371329333333333
5183,PUMP/USDT,BUY,FUTURES,TRANSITION,0.003913,0.00385,9757.672142,5,0.00383474,0.00403039,-3.0736667247299776,-3.0583940162933194,0.0152727084366584,-8.050089445438225,CLOSED,t,,,stop_loss,,,2026-09-25 01:45:28.478324+00,2026-09-25 03:00:14.706527+00,74.7704700500000000
5182,OP/USDT,SELL,FUTURES,TRANSITION,0.1325,0.131,288.83940802,5,0.13515,0.128525,2.166295560150002,2.181604048775062,0.015308488625060002,5.66037735849057,CLOSED,t,,,trailing_stop,,,2026-09-25 00:14:10.948739+00,2026-09-25 01:57:21.996792+00,103.1841342166666667
5181,BCH/USDT,SELL,FUTURES,TRANSITION,339.2,338.7,0.1131539,5,345.984,329.024,0.28288475,0.298237471152,0.015352721152,0.7370283018867925,CLOSED,t,,,profitable_timeout,,,2026-09-25 00:12:50.373902+00,2026-09-25 01:45:25.225658+00,92.5808626000000000
5180,DOT/USDT,SELL,FUTURES,TRENDING,1.161,1.138,68.06822062,5,1.18422,1.12617,7.827845371300046,7.859456252955974,0.03161088165592801,9.905254091300659,CLOSED,t,,,trailing_stop,,,2026-09-25 00:09:40.898142+00,2026-09-25 03:04:01.835528+00,174.3489564333333333
5179,UNI/USDT,BUY,FUTURES,TRANSITION,9.18,9.181,4.22892489,5,8.9964,9.4554,0.021144624449971186,0.03667323664605118,0.01552861219608,0.054466230936744964,CLOSED,t,,,profitable_timeout,,,2026-09-25 00:09:26.035311+00,2026-09-25 01:45:25.309962+00,95.9879108500000000
5178,FIL/USDT,SELL,FUTURES,TRANSITION,0.9945,0.9986,39.04854234,5,1.01439,0.964665,-0.8004951179699985,-0.7849616078271465,0.015533510142852001,-2.0613373554549987,CLOSED,t,,,stop_loss,,,2026-09-25 00:09:18.602615+00,2026-09-25 00:14:07.732424+00,4.8188301500000000
5177,PEPE/USDT,BUY,SPOT,TRANSITION,4.45e-06,4.42e-06,2247191.01123596,1,4.36e-06,4.58e-06,-0.06741573033707829,-0.06341573033707829,0.004000000000000009,-0.6741573033707815,CLOSED,t,,,negative_timeout,,,2026-09-25 00:06:22.053349+00,2026-09-25 01:47:59.606634+00,101.6258880833333333
5176,PUMP/USDT,BUY,FUTURES,TRANSITION,0.00387,0.00387,9947.970835,5,0.0037926,0.0039861,0,0.015399458852580001,0.015399458852580001,0,CLOSED,t,,,take_profit,,,2026-09-25 00:05:50.043947+00,2026-09-25 00:09:16.024122+00,3.4330029166666667
5175,ICP/USDT,SELL,FUTURES,TRANSITION,3.095,3.11,12.48837554,5,3.1569,3.00215,-0.9366281654999802,-0.9211675565814602,0.015460608918520002,-2.423263327948252,CLOSED,t,,,stop_loss,,,2026-09-25 00:05:42.48678+00,2026-09-25 00:09:38.556067+00,3.9344881166666667
5174,ADA/USDT,SELL,FUTURES,TRANSITION,0.2487,0.2497,152.41918356,5,0.253674,0.241239,-0.7620959178000009,-0.746933257419452,0.0151626603805488,-2.010454362685969,CLOSED,t,,,stop_loss,,,2026-09-25 00:04:32.745962+00,2026-09-25 00:12:47.677209+00,8.2488541166666667
5173,XPL/USDT,SELL,FUTURES,TRENDING,0.11251,0.11307,660.12744069,5,0.1147602,0.1091028,-1.848356833932016,-1.8186484585912033,0.02970837534081276,-2.4886676739845566,CLOSED,t,,,stop_loss,,,2026-09-25 00:03:47.964661+00,2026-09-25 00:05:47.508727+00,1.9924011000000000
5172,TUT/USDT,SELL,FUTURES,TRANSITION,0.02709,0.02667,1370.81835276,5,0.0276318,0.0262773,2.878718540796001,2.8935727284665083,0.014854187670507358,7.751937984496128,CLOSED,t,,,trailing_stop,,,2026-09-25 00:03:47.929974+00,2026-09-25 01:49:31.659315+00,105.7288223500000000
5171,XLM/USDT,SELL,FUTURES,TRENDING,0.2185,0.2194,346.41506285,5,0.22287,0.211945,-1.5588677828250206,-1.5285911063319306,0.030276676493090005,-2.059496567505748,CLOSED,t,,,stop_loss,,,2026-09-25 00:02:48.844753+00,2026-09-25 00:04:32.706272+00,1.7310253166666667
5170,APT/USDT,SELL,FUTURES,TRANSITION,0.8093,0.8129,45.41854181,5,0.825486,0.785021,-0.8175337525799855,-0.8028308622252524,0.014702890354733199,-2.2241443222537605,CLOSED,t,,,stop_loss,,,2026-09-25 00:01:28.11318+00,2026-09-25 00:05:42.450562+00,4.2389563666666667
5169,PAXG/USDT,BUY,SPOT,RANGING,4260.66,4285.38,0.00244137,1,4175.4468,4388.4798,0.06035066639999987,0.06451140540167988,0.00416073900168,0.5801918012702245,CLOSED,t,,,profitable_timeout,,,2026-09-25 00:00:45.259931+00,2026-09-25 01:45:28.14966+00,104.7148288166666667
5168,TIA/USDT,SELL,FUTURES,TRENDING,0.4889,0.4909,151.97148058,5,0.498678,0.474233,-1.5197148058000014,-1.4899952630577766,0.0297195427422248,-2.045408058907754,CLOSED,t,,,stop_loss,,,2026-09-25 00:00:45.244578+00,2026-09-25 00:09:26.009833+00,8.6794209166666667
5167,BCH/USDT,SELL,FUTURES,TRANSITION,338,338,0.10990955,5,344.76,327.86,0.054954775000012494,0.0698145461600125,0.01485977116,0.14792899408287388,CLOSED,t,,,take_profit,,,2026-09-25 00:00:45.231658+00,2026-09-25 00:06:22.028461+00,5.6132800500000000
5166,WLD/USDT,BUY,FUTURES,TRANSITION,0.4401,0.4376,84.41133476,5,0.431298,0.453303,-1.055141684499998,-1.0402819131288474,0.014859771371150403,-2.8402635764598894,CLOSED,t,,,stop_loss,,,2026-09-25 00:00:45.213542+00,2026-09-25 01:45:28.225536+00,104.7168665666666667
5165,SUI/USDT,SELL,FUTURES,TRENDING,1.0179,1.0153,74.35047519,5,1.038258,0.987363,0.9665561774699759,0.9968287169483363,0.030272539478360398,1.2771392081736592,CLOSED,t,0.92,-3.3064749240875244,profitable_timeout,0.9133,25.86,2026-09-24 21:51:16.725487+00,2026-09-25 00:01:28.075671+00,130.1891697333333333
5164,OP/USDT,SELL,FUTURES,TRANSITION,0.1325,0.1318,285.30835458,5,0.13515,0.128525,0.9985792410300088,1.0137005838227489,0.015121342792740002,2.6415094339622875,CLOSED,t,0.92,-3.920616865158081,profitable_timeout,0.9903,16.65,2026-09-24 21:49:03.306435+00,2026-09-25 00:03:44.4518+00,134.6857560833333333
5163,DOT/USDT,SELL,FUTURES,TRENDING,1.173,1.158,64.31877313,5,1.19646,1.13781,4.82390798475004,4.854086353102636,0.030178368352596,6.393861892583173,CLOSED,t,0.92,-3.8303005695343018,trailing_stop,0.6926,26.08,2026-09-24 21:48:53.170302+00,2026-09-25 00:03:44.464474+00,134.8549028666666667
5162,PUMP/USDT,BUY,FUTURES,TRANSITION,0.003891,0.00385,9721.02360279,5,0.00381318,0.00400773,-1.992809838571934,-1.9776800374365515,0.015129801135382355,-5.268568491390346,CLOSED,t,0.7817740440368652,10.927242279052734,stop_loss,0.8719,12.71,2026-09-24 21:46:26.931741+00,2026-09-25 00:00:44.9513+00,134.3003259833333333
5161,UNI/USDT,BUY,FUTURES,TRANSITION,9.197,9.152,4.03894233,5,9.01306,9.47291,-0.908762024250008,-0.893903563206404,0.014858461043604002,-2.446449929324801,CLOSED,t,0.92,5.057244777679443,stop_loss,0.7676,11.69,2026-09-24 21:41:18.255296+00,2026-09-25 00:00:45.02561+00,139.4461719000000000
5160,SAGA/USDT,BUY,FUTURES,TRANSITION,0.05712,0.0588336,644.56081973,5,0.0559776,0.0588336,5.5754510906645205,5.590178016273711,0.01472692560919104,15.143557422969245,CLOSED,t,0.44873011112213135,0.0469244010746479,take_profit,4.1103,25.14,2026-09-24 21:40:17.742306+00,2026-09-24 21:41:15.766061+00,0.96706258333333333333
5159,FIL/USDT,SELL,FUTURES,TRANSITION,1.0033,0.9921,36.92399743,5,1.023366,0.973201,2.0677438560800185,2.0825621947286264,0.014818338648607602,5.58158078341478,CLOSED,t,,,trailing_stop,,,2026-09-24 21:34:40.166645+00,2026-09-25 00:02:48.808692+00,148.1440341166666667
5158,SAGA/USDT,BUY,FUTURES,TRANSITION,0.05661,0.05606,654.50343424,5,0.0554778,0.0583083,-1.799884444159997,-1.7850638683950666,0.014820575764930562,-4.857798975446026,CLOSED,t,,,stop_loss,,,2026-09-24 21:34:31.876601+00,2026-09-24 21:34:36.900538+00,0.08373228333333333333
5157,SOL/USDT,BUY,FUTURES,TRENDING,116.98,117.05,0.63622523,5,114.6404,120.4894,0.2226788304999374,0.2524490814620974,0.02977025096216,0.29919644383646915,CLOSED,t,,,profitable_timeout,,,2026-09-24 21:33:20.496739+00,2026-09-25 00:00:45.059909+00,147.4093861666666667
5156,PEPE/USDT,BUY,SPOT,TRANSITION,4.47e-06,4.43e-06,2237136.46532438,1,4.38e-06,4.6e-06,-0.08948545861297655,-0.08548545861297656,0.003999999999999991,-0.8948545861297674,CLOSED,t,,,negative_timeout,,,2026-09-24 21:27:21.70883+00,2026-09-25 00:00:45.073646+00,153.3894136000000000
5155,SAGA/USDT,BUY,FUTURES,TRANSITION,0.05461,0.05358,675.72576073,5,0.0535178,0.0562483,-3.4799876677594876,-3.4652271142421016,0.014760553517386121,-9.430507233107456,CLOSED,t,,,stop_loss,,,2026-09-24 21:27:14.123222+00,2026-09-24 21:27:19.148542+00,0.08375533333333333333
5154,UNI/USDT,BUY,FUTURES,TRANSITION,9.215,9.215,4.01256455,5,9.0307,9.49145,0.020062822750006412,0.034853135681306414,0.0147903129313,0.05425935973957241,CLOSED,t,,,take_profit,,,2026-09-24 21:25:12.503586+00,2026-09-24 21:34:29.275417+00,9.2795305166666667
5153,UNI/USDT,BUY,FUTURES,TRANSITION,9.243,9.215,3.99712738,5,9.05814,9.52029,-0.5595978332000068,-0.5448196538506708,0.014778179349336,-1.5146597425078623,CLOSED,t,,,trade_switch,,,2026-09-24 21:24:11.522346+00,2026-09-24 21:25:12.48237+00,1.01600040000000000000
5152,DOT/USDT,SELL,FUTURES,TRENDING,1.171,1.176,65.23735852,5,1.19442,1.13587,-1.6309339629999653,-1.6003767842691974,0.030557178730768006,-2.1349274124679303,CLOSED,t,,,stop_loss,,,2026-09-24 21:21:02.245058+00,2026-09-24 21:33:17.82765+00,12.2597098666666667
5151,TIA/USDT,SELL,FUTURES,TRANSITION,0.4988,0.4934,75.96339386,5,0.508776,0.483836,2.051011634220006,2.0661678505629535,0.015156216342947202,5.4129911788292056,CLOSED,t,,,trailing_stop,,,2026-09-24 21:20:54.694062+00,2026-09-24 21:51:16.696509+00,30.3667074500000000
5150,SAGA/USDT,BUY,FUTURES,TRANSITION,0.04749,0.04692,799.63197533,5,0.0465402,0.0489147,-2.2789511296904705,-2.263761320687102,0.01518980900336868,-6.001263423878633,CLOSED,t,,,stop_loss,,,2026-09-24 21:20:39.596858+00,2026-09-24 21:20:59.715936+00,0.33531796666666666667
5149,BCH/USDT,SELL,FUTURES,TRANSITION,340.4,339.9,0.11177554,5,347.208,330.188,0.27943884999999996,0.2946582075264,0.015219357526400001,0.7344300822561691,CLOSED,t,,,profitable_timeout,,,2026-09-24 21:18:59.368368+00,2026-09-24 21:49:03.278359+00,30.0651665166666667
5148,WLD/USDT,BUY,FUTURES,TRENDING,0.4415,0.4417,176.86207002,5,0.43267,0.454745,0.17686207001998586,0.20809591158551785,0.031233841565532005,0.22650056625139747,CLOSED,t,,,profitable_timeout,,,2026-09-24 21:18:51.871764+00,2026-09-24 21:48:53.14071+00,30.0211491000000000
5147,TUT/USDT,SELL,FUTURES,TRANSITION,0.0274,0.02752,1389.2108757,5,0.027948,0.026578,-0.8335265254199904,-0.8183007742223184,0.015225751197672003,-2.1897810218977845,CLOSED,t,,,stop_loss,,,2026-09-24 21:15:00.342715+00,2026-09-24 21:46:26.915774+00,31.4428843166666667
5146,SUI/USDT,SELL,FUTURES,TRANSITION,1.0224,1.0262,37.47567105,5,1.042848,0.991728,-0.7120377499500047,-0.6967116995173966,0.015326050432608,-1.8583724569640188,CLOSED,t,,,trade_switch,,,2026-09-24 21:14:02.381144+00,2026-09-24 21:20:39.587593+00,6.6201074833333333
5145,SAGA/USDT,BUY,FUTURES,TRANSITION,0.04233,0.04189,907.68845028,5,0.0414834,0.0435999,-1.996914590616006,-1.981545609775865,0.015368980840140961,-5.197259626742278,CLOSED,t,,,stop_loss,,,2026-09-24 21:13:52.259238+00,2026-09-24 21:14:02.328654+00,0.16782360000000000000
5144,PUMP/USDT,BUY,SPOT,TRANSITION,0.003875,0.00388,2580.64516129,1,0.0037975,0.00399125,0.012903225806451585,0.016903225806451084,0.0039999999999995,0.129032258064532,CLOSED,t,0.8140379190444946,10.273038864135742,profitable_timeout,0.9882,11.84,2026-09-24 21:10:10.387989+00,2026-09-24 21:40:17.710781+00,30.1220465333333333
5143,DOT/USDT,SELL,FUTURES,TRENDING,1.167,1.167,66.33443863,5,1.19034,1.13199,0,0.030964915952484,0.030964915952484,0,CLOSED,t,0.92,-2.7197258472442627,take_profit,0.7464,25.32,2026-09-24 21:07:52.402927+00,2026-09-24 21:14:57.82247+00,7.0903257166666667
5142,TIA/USDT,SELL,FUTURES,TRANSITION,0.4934,0.4956,78.15840426,5,0.503268,0.478598,-0.8597424468599922,-0.8443171041952386,0.015425342664753601,-2.229428455614086,CLOSED,t,0.9173142910003662,-4.465183734893799,stop_loss,1.0748,24.57,2026-09-24 21:03:33.812595+00,2026-09-24 21:13:52.220049+00,10.3067909000000000
5141,BCH/USDT,SELL,FUTURES,TRANSITION,339.2,340.4,0.11395609,5,345.984,329.024,-0.6837365399999935,-0.6682749777087935,0.0154615622912,-1.7688679245282852,CLOSED,t,0.8476804494857788,-3.416907787322998,trade_switch,0.7535,10.88,2026-09-24 21:02:23.266738+00,2026-09-24 21:18:59.350526+00,16.6013964666666667
5140,SAGA/USDT,BUY,FUTURES,TRANSITION,0.04271,0.04248,886.757157,5,0.0418558,0.0439913,-1.0197707305500108,-1.0046213712798229,0.015149359270188002,-2.6925778506204923,CLOSED,t,0.8513692021369934,9.326833724975586,stop_loss,1.3165,15.88,2026-09-24 21:02:18.217182+00,2026-09-24 21:07:52.364127+00,5.5691157500000000
5139,SOL/USDT,BUY,FUTURES,TRENDING,116.78,116.93,0.66521956,5,114.4444,120.2834,0.49891467000000433,0.5299884060867244,0.031073736086720004,0.6422332591197177,CLOSED,t,0.6985868215560913,4.946558952331543,profitable_timeout,0.4578,25.38,2026-09-24 20:57:09.673854+00,2026-09-24 21:27:14.098998+00,30.0737524000000000
5138,PEPE/USDT,BUY,SPOT,TRANSITION,4.47e-06,4.49e-06,2237136.46532438,1,4.38e-06,4.6e-06,0.044742729306488274,0.048742729306488264,0.003999999999999991,0.4474272930648837,CLOSED,t,0.7611417174339294,6.961867809295654,profitable_timeout,1.0036,13.22,2026-09-24 20:50:54.428565+00,2026-09-24 21:20:54.659255+00,30.0038448333333333
5137,FIL/USDT,SELL,FUTURES,TRANSITION,1.0021,1.0019,38.03880815,5,1.022142,0.972037,0.03803880814999581,0.053286284008841805,0.015247475858846,0.09979044007582975,CLOSED,t,0.9177135229110718,-4.861026763916016,profitable_timeout,0.8484,12.55,2026-09-24 20:49:11.234513+00,2026-09-24 21:24:11.498009+00,35.0043916000000000
5136,DOT/USDT,SELL,FUTURES,TRENDING,1.164,1.169,66.68891015,5,1.18728,1.12908,-1.6672227537500384,-1.6361723971841984,0.031050356565839998,-2.1477663230241046,CLOSED,t,0.92,-2.7197258472442627,stop_loss,0.7464,25.32,2026-09-24 20:48:05.770701+00,2026-09-24 21:02:18.184674+00,14.2068995500000000
5135,TIA/USDT,SELL,FUTURES,TRANSITION,0.4929,0.4948,78.96930464,5,0.502758,0.478113,-0.7502083940800052,-0.7346388059771828,0.015569588102822402,-1.927368634611496,CLOSED,t,0.9173142910003662,-4.465183734893799,trade_switch,1.0748,24.57,2026-09-24 20:46:55.256766+00,2026-09-24 21:02:23.255652+00,15.4666481000000000
5134,BCH/USDT,SELL,FUTURES,TRANSITION,336.6,338,0.11479375,5,343.332,326.502,-0.803556249999987,-0.788100419499987,0.015455830500000002,-2.079619726678516,CLOSED,t,0.8476804494857788,-3.416907787322998,stop_loss,0.7535,10.88,2026-09-24 20:44:44.379006+00,2026-09-24 20:46:55.208285+00,2.1804879833333333
5133,WLD/USDT,BUY,FUTURES,TRENDING,0.4394,0.4405,179.26349634,5,0.430612,0.452582,0.9859492298700284,1.017456581986747,0.0315073521167184,1.2517068730086844,CLOSED,t,0.9111327528953552,9.40085220336914,profitable_timeout,0.9977,25.05,2026-09-24 20:38:57.034822+00,2026-09-24 21:10:10.360567+00,31.2220957500000000
5132,UNI/USDT,BUY,FUTURES,TRANSITION,9.255,9.255,4.16656027,5,9.0699,9.53265,0,0.015424606119540002,0.015424606119540002,0,CLOSED,t,,,take_profit,,,2026-09-24 20:37:26.471642+00,2026-09-24 21:18:51.851125+00,41.4229913833333333
5131,WLD/USDT,BUY,FUTURES,TRENDING,0.4413,0.4396,179.7986779,5,0.432474,0.454539,-1.5282887621500476,-1.4965506995271396,0.031738062622908,-1.9261273510084442,CLOSED,t,,,trade_switch,,,2026-09-24 20:35:35.69845+00,2026-09-24 20:37:26.459901+00,1.8460241833333333
5130,PUMP/USDT,BUY,FUTURES,TRANSITION,0.003861,0.003879,10306.65124822,5,0.00378378,0.00397683,0.9275986123398127,0.9435162045275637,0.01591759218775097,2.331002331002363,CLOSED,t,,,profitable_timeout,,,2026-09-24 20:33:33.114343+00,2026-09-24 21:03:33.780708+00,30.0111060833333333
5129,FIL/USDT,SELL,FUTURES,TRANSITION,0.9984,1.0021,39.97829505,5,1.018368,0.968448,-0.7395984584250073,-0.7236327265138393,0.015965731911168,-1.852964743589762,CLOSED,t,,,trade_switch,,,2026-09-24 20:28:19.100734+00,2026-09-24 20:49:11.214013+00,20.8685546500000000
5128,SAGA/USDT,BUY,FUTURES,TRANSITION,0.04238,0.04239,918.75992078,5,0.0415324,0.0436514,0.04593799603898976,0.061512814216052314,0.01557481817706256,0.11798017932984628,CLOSED,t,,,profitable_timeout,,,2026-09-24 20:27:08.66323+00,2026-09-24 20:57:09.649544+00,30.0164385666666667
5127,FET/USDT,BUY,FUTURES,TRENDING,0.2236,0.2236,350.01260631,5,0.219128,0.230308,0.35001260630998055,0.38131773381834694,0.0313051275083664,0.4472271914132131,CLOSED,t,,,take_profit,,,2026-09-24 20:24:32.884848+00,2026-09-24 20:27:08.621643+00,2.5956132500000000
5126,UNI/USDT,BUY,FUTURES,TRANSITION,9.292,9.254,4.22661377,5,9.10616,9.57076,-0.8030566162999988,-0.7873471382396628,0.015709478060336,-2.0447696943607374,CLOSED,t,,,stop_loss,,,2026-09-24 20:23:46.030086+00,2026-09-24 20:28:19.054553+00,4.5504077833333333
5125,SOL/USDT,BUY,FUTURES,TRENDING,116.88,117.01,0.67562121,5,114.5424,120.3864,0.43915378650007136,0.4707404293099914,0.031586642809920004,0.5561259411362984,CLOSED,t,,,profitable_timeout,,,2026-09-24 20:20:50.028453+00,2026-09-24 20:50:54.406681+00,30.0729704666666667
5124,WLD/USDT,BUY,FUTURES,TRENDING,0.4437,0.4414,183.34189783,5,0.434826,0.457011,-2.1084318250449567,-2.075892305018088,0.0325395200268684,-2.59184133423479,CLOSED,t,,,stop_loss,,,2026-09-24 20:20:04.720738+00,2026-09-24 20:24:32.849889+00,4.4688191833333333
5123,PAXG/USDT,BUY,SPOT,TRANSITION,4262.58,4265.21,0.002346,1,4177.3284,4390.4574,0.006169979999999911,0.01016998507199991,0.004000005072,0.061699721764751914,CLOSED,t,,,profitable_timeout,,,2026-09-24 20:18:01.729082+00,2026-09-24 20:48:05.738209+00,30.0668187833333333
5122,FIL/USDT,SELL,FUTURES,TRANSITION,0.9953,0.9993,40.43959468,5,1.015206,0.965441,-0.8087918936000008,-0.7926920821659992,0.0160998114340016,-2.0094443886265467,CLOSED,t,,,stop_loss,,,2026-09-24 20:14:50.595146+00,2026-09-24 20:18:01.681116+00,3.1847661666666667
5121,PEPE/USDT,BUY,SPOT,TRANSITION,4.44e-06,4.45e-06,2252252.25225225,1,4.35e-06,4.57e-06,0.022522522522523382,0.02652252252252338,0.003999999999999996,0.22522522522523403,CLOSED,t,,,profitable_timeout,,,2026-09-24 20:14:40.499663+00,2026-09-24 20:44:42.434937+00,30.0322545666666667
5120,FET/USDT,BUY,FUTURES,TRENDING,0.2245,0.2234,362.26332198,5,0.22001,0.231235,-1.992448270890028,-1.9599170245762239,0.032531246313804,-2.449888641425424,CLOSED,t,0.7476565837860107,10.161138534545898,stop_loss,1.5754,48.87,2026-09-24 20:13:22.765781+00,2026-09-24 20:14:50.556775+00,1.4631832333333333
5119,PUMP/USDT,BUY,FUTURES,TRANSITION,0.003888,0.003865,10183.98213739,5,0.00381024,0.00400464,-1.1711579457998516,-1.1553198167797827,0.01583812902006893,-2.957818930041156,CLOSED,t,0.770140528678894,11.741887092590332,stop_loss,1.0195,10.66,2026-09-24 20:13:12.62509+00,2026-09-24 20:23:46.000315+00,10.5562537500000000
5118,UNI/USDT,BUY,FUTURES,TRANSITION,9.325,9.286,4.12699528,5,9.1385,9.60475,-0.8047640795999885,-0.7893703872055885,0.015393692394400001,-2.091152815013375,CLOSED,t,0.8890504837036133,5.359018802642822,stop_loss,0.8315,14.37,2026-09-24 20:12:47.454516+00,2026-09-24 20:14:40.454334+00,1.8833303000000000
5117,SAGA/USDT,BUY,FUTURES,TRANSITION,0.04262,0.04243,896.32149109,5,0.0417676,0.0438986,-0.8515054165354862,-0.8362249277553838,0.015280488780102321,-2.2290004692632204,CLOSED,t,0.92,9.20170783996582,stop_loss,1.3699,19.1,2026-09-24 20:07:48.433632+00,2026-09-24 20:20:04.688422+00,12.2709131666666667
5116,SOL/USDT,BUY,FUTURES,TRENDING,117.24,116.88,0.65496411,5,114.8952,120.7572,-1.178935398000003,-1.148220201097443,0.030715196902559996,-1.5353121801433,CLOSED,t,0.7533867359161377,4.082098484039307,trade_switch,0.4861,29.77,2026-09-24 19:56:45.312554+00,2026-09-24 20:20:50.012278+00,24.0783287333333333
5115,SAGA/USDT,BUY,FUTURES,TRENDING,0.04287,0.04268,1820.19856085,5,0.0420126,0.0441561,-1.7291886328074453,-1.6979758678859895,0.031212764921455798,-2.216001866106765,CLOSED,t,0.92,9.20170783996582,stop_loss,1.3699,19.1,2026-09-24 19:47:38.110649+00,2026-09-24 19:56:45.263936+00,9.1192214500000000
5114,XLM/USDT,SELL,FUTURES,TRENDING,0.2131,0.2128,376.97786244,5,0.217362,0.206707,0.5654667936600424,0.5976003866544279,0.032133592994385604,0.7038948850305548,CLOSED,t,0.92,-3.4736075401306152,profitable_timeout,0.9522,28.9,2026-09-24 19:42:44.53201+00,2026-09-24 20:12:47.404939+00,30.0478821500000000
5113,TAO/USDT,BUY,FUTURES,TRANSITION,298.3,302.9,0.12917453,5,292.334,307.249,2.9710141899999685,2.9864272949195683,0.015413104919600002,7.710358699295927,CLOSED,t,0.6102372407913208,2.287148952484131,trailing_stop,1.145,17.76,2026-09-24 19:40:13.673831+00,2026-09-24 19:47:38.064828+00,7.4065166166666667
5112,ZRO/USDT,BUY,SPOT,TRANSITION,1.49,1.465,6.7114094,1,1.4602,1.5347,-0.1677852349999992,-0.1637852349975992,0.0040000000024,-1.6778523489932806,CLOSED,t,0.5333293676376343,5.8335161209106445,negative_timeout,1.342,9.66,2026-09-24 19:38:52.871199+00,2026-09-24 20:38:57.016625+00,60.0690904333333333
5111,WLD/USDT,BUY,FUTURES,TRENDING,0.4425,0.4433,178.5561833,5,0.43365,0.455775,0.714224733200018,0.745829177644118,0.0316044444441,0.9039548022599098,CLOSED,t,0.92,9.129474639892578,profitable_timeout,1.0609,30.41,2026-09-24 19:38:52.856853+00,2026-09-24 20:13:12.59137+00,34.3289086166666667
5110,DOT/USDT,SELL,FUTURES,TRENDING,1.168,1.167,67.64649924,5,1.19136,1.13296,0.33823249619996276,0.36983694064489075,0.031604444444928,0.4280821917807748,CLOSED,t,0.92,-2.793623924255371,profitable_timeout,0.8343,27.05,2026-09-24 19:38:52.841304+00,2026-09-24 20:13:22.720524+00,34.4979870000000000
5109,SAGA/USDT,BUY,FUTURES,TRENDING,0.0426,0.04313,1864.6349501,5,0.041748,0.043878,4.941282617765066,4.97305599731477,0.031773379549704,6.220657276995389,CLOSED,t,,,manual,,,2026-09-24 19:09:57.385791+00,2026-09-24 19:40:13.629991+00,30.2707366666666667
5108,PEPE/USDT,BUY,FUTURES,TRANSITION,4.48e-06,4.46e-06,8676039.46427761,5,4.39e-06,4.61e-06,-0.8676039464277795,-0.852056483707794,0.015547462719985479,-2.2321428571429047,CLOSED,t,,,stop_loss,,,2026-09-24 19:09:47.239966+00,2026-09-24 19:42:44.49483+00,32.9542477333333333
5107,SAGA/USDT,BUY,FUTURES,TRENDING,0.04277,0.0426,1851.0714383,5,0.0419146,0.0440531,-1.5734107225550198,-1.5417425923885835,0.0316681301664364,-1.9873743277998845,CLOSED,t,,,trade_switch,,,2026-09-24 19:08:26.75869+00,2026-09-24 19:09:57.366908+00,1.5101369666666667
5106,PUMP/USDT,BUY,SPOT,TRANSITION,0.003925,0.003895,2547.77070064,1,0.0038465,0.00404275,-0.07643312101919887,-0.07243312101919407,0.0040000000000048,-0.7643312101910715,CLOSED,t,,,negative_timeout,,,2026-09-24 19:07:46.550767+00,2026-09-24 20:07:48.404223+00,60.0308909333333333
5105,FET/USDT,BUY,FUTURES,TRENDING,0.2237,0.224,355.36230347,5,0.219226,0.230411,0.5330434552050299,0.5648412741195256,0.0317978189144956,0.6705409029951204,CLOSED,t,,,profitable_timeout,,,2026-09-24 19:07:46.539833+00,2026-09-24 19:38:50.582785+00,31.0673825333333333
5104,DOT/USDT,SELL,FUTURES,TRENDING,1.164,1.169,70.25581885,5,1.18728,1.12908,-1.7563954712500405,-1.7236843619934805,0.03271110925656,-2.1477663230241046,CLOSED,t,,,stop_loss,,,2026-09-24 19:04:35.093132+00,2026-09-24 19:09:47.203053+00,5.2018320166666667
5103,TAO/USDT,BUY,FUTURES,TRANSITION,293.4,293.4,0.13971736,5,287.532,302.202,0,0.016397229369600003,0.016397229369600003,0,CLOSED,t,,,take_profit,,,2026-09-24 19:01:25.003962+00,2026-09-24 19:07:46.491631+00,6.3581278166666667
5102,AVAX/USDT,BUY,FUTURES,TRANSITION,10.411,10.366,3.91535481,5,10.20278,10.72333,-0.880954832250003,-0.8646497286792391,0.016305103570764003,-2.1611756795696935,CLOSED,t,,,stop_loss,,,2026-09-24 19:01:09.850847+00,2026-09-24 19:04:35.052129+00,3.4200213666666667
5101,UNI/USDT,BUY,FUTURES,TRANSITION,9.248,9.284,4.42308882,5,9.06304,9.52544,0.7961559876000291,0.8125178777629731,0.016361890162944,1.9463667820069919,CLOSED,t,,,profitable_timeout,,,2026-09-24 19:00:54.980018+00,2026-09-24 19:38:50.595515+00,37.9269249500000000
5100,WLD/USDT,BUY,FUTURES,TRENDING,0.4433,0.4433,185.97540607,5,0.434434,0.456599,0.09298770303497175,0.12596486203930415,0.0329771590043324,0.11279043537104627,CLOSED,t,,,take_profit,,,2026-09-24 19:00:25.089017+00,2026-09-24 19:07:46.505409+00,7.3569398666666667
5099,TAO/USDT,BUY,FUTURES,TRANSITION,294.3,293.4,0.13608333,5,288.414,303.129,-0.612374985000026,-0.596355255392426,0.0160197296076,-1.529051987767649,CLOSED,t,,,trade_switch,,,2026-09-24 19:00:20.012168+00,2026-09-24 19:01:24.982487+00,1.0828386500000000
5098,BCH/USDT,SELL,FUTURES,TRANSITION,338,337.1,0.11848913,5,344.76,327.86,0.5332010849999864,0.5492208153759864,0.016019730376,1.3313609467455283,CLOSED,t,,,profitable_timeout,,,2026-09-24 19:00:19.999691+00,2026-09-24 19:38:50.606997+00,38.5101217666666667
5097,PEPE/USDT,BUY,FUTURES,TRANSITION,4.5e-06,4.48e-06,8604972.70871257,5,4.41e-06,4.64e-06,-0.8604972708712411,-0.8450083199955585,0.015488950875682628,-2.222222222222181,CLOSED,t,,,stop_loss,,,2026-09-24 19:00:14.909747+00,2026-09-24 19:00:19.940587+00,0.08384733333333333333
5096,UNI/USDT,BUY,FUTURES,TRANSITION,9.276,9.248,4.12595515,5,9.09048,9.55428,-0.5776337210000007,-0.5623247770114407,0.015308943988560001,-1.5092712376024164,CLOSED,t,,,trade_switch,,,2026-09-24 18:59:12.780455+00,2026-09-24 19:00:54.964182+00,1.7030621166666667
5095,WLD/USDT,BUY,FUTURES,TRENDING,0.4448,0.4433,172.08794965,5,0.435904,0.458144,-1.290659622374939,-1.2600417343732109,0.030617888001728003,-1.6861510791366108,CLOSED,t,,,trade_switch,,,2026-09-24 18:59:12.770597+00,2026-09-24 19:00:25.072323+00,1.2050287666666667
5094,FET/USDT,BUY,FUTURES,TRENDING,0.2216,0.2232,355.35037582,5,0.217168,0.228248,2.8428030065600405,2.8743012638727254,0.0314982573126848,3.6101083032491488,CLOSED,t,,,manual,,,2026-09-24 18:45:30.819996+00,2026-09-24 19:00:19.961669+00,14.8190278833333333
5093,AVAX/USDT,BUY,FUTURES,TRANSITION,10.399,10.351,3.80077755,5,10.19102,10.71097,-0.9121866119999623,-0.8963768977029823,0.01580971429698,-2.307914222521301,CLOSED,t,,,stop_loss,,,2026-09-24 18:39:53.230815+00,2026-09-24 18:45:30.780072+00,5.6258209500000000
5092,XLM/USDT,SELL,FUTURES,TRENDING,0.2132,0.2144,363.66675913,5,0.217464,0.206804,-2.182000554780012,-2.1509870535614057,0.0310135012186064,-2.814258911819903,CLOSED,t,0.92,-3.203187942504883,stop_loss,1.0151,26.13,2026-09-24 18:39:43.061927+00,2026-09-24 18:59:12.718192+00,19.4942710833333333
5091,TAO/USDT,BUY,FUTURES,TRANSITION,296.1,294.5,0.13128503,5,290.178,304.983,-1.0502802400000169,-1.0347308410468168,0.0155493989532,-2.7017899358325326,CLOSED,t,0.7458363771438599,3.6952731609344482,stop_loss,1.1458,17.01,2026-09-24 18:39:08.671359+00,2026-09-24 18:39:53.150284+00,0.74131541666666666667
5090,ZRO/USDT,BUY,SPOT,TRANSITION,1.452,1.472,6.88705234,1,1.42296,1.49556,0.13774104680000027,0.14174104679907226,0.003999999999072,1.377410468319562,CLOSED,t,0.6525260210037231,7.55494499206543,profitable_timeout,1.472,9.97,2026-09-24 18:38:25.324073+00,2026-09-24 19:08:26.724666+00,30.0233432166666667
5089,SAGA/USDT,BUY,FUTURES,TRENDING,0.04264,0.04293,1844.78060841,5,0.0417872,0.0439192,2.674931882194586,2.7063964602516273,0.031464578057040955,3.4005628517824738,CLOSED,t,0.7691302299499512,9.110265731811523,manual,1.4862,26.01,2026-09-24 18:37:45.995146+00,2026-09-24 19:00:14.877841+00,22.4813782500000000
5088,FET/USDT,BUY,FUTURES,TRENDING,0.2178,0.2207,372.54437262,5,0.213444,0.224334,5.401893402990047,5.434349468732702,0.032456065742654396,6.657483930211261,CLOSED,t,0.8685410022735596,10.4524564743042,trailing_stop,1.5644,50.82,2026-09-24 18:35:34.989299+00,2026-09-24 18:39:42.984751+00,4.1332575333333333
5087,SAGA/USDT,BUY,FUTURES,TRENDING,0.04277,0.04264,1902.47849751,5,0.0419146,0.0440531,-1.2366110233815342,-1.2040634212461332,0.03254760213540108,-1.519756838905817,CLOSED,t,0.7691302299499512,9.110265731811523,trade_switch,1.4862,26.01,2026-09-24 18:35:29.926942+00,2026-09-24 18:37:45.976978+00,2.2675006000000000
5086,BCH/USDT,SELL,FUTURES,TRANSITION,336.2,338.2,0.12135802,5,342.924,326.114,-1.2135801999999998,-1.1972599734703997,0.0163202265296,-2.97441998810232,CLOSED,t,0.835533618927002,-3.9969136714935303,stop_loss,0.9954,16.34,2026-09-24 18:35:24.856648+00,2026-09-24 18:39:08.631325+00,3.7295779500000000
5085,PEPE/USDT,BUY,FUTURES,TRANSITION,4.47e-06,4.45e-06,9148876.57937675,5,4.38e-06,4.6e-06,-0.9148876579377115,-0.898529466613786,0.01635819132392563,-2.237136465324474,CLOSED,t,0.9129751324653625,8.170509338378906,stop_loss,1.2043,20.32,2026-09-24 18:35:04.089457+00,2026-09-24 18:35:24.808712+00,0.34532091666666666667
5084,SAGA/USDT,BUY,FUTURES,TRENDING,0.0429,0.04277,1945.05178961,5,0.042042,0.044187,-1.264283663246462,-1.2309065745367544,0.033377088709707604,-1.5151515151514694,CLOSED,t,0.7691302299499512,9.110265731811523,trade_switch,1.4862,26.01,2026-09-24 18:32:17.792498+00,2026-09-24 18:35:29.906987+00,3.2019081500000000
5083,PUMP/USDT,BUY,SPOT,TRANSITION,0.003902,0.003908,2562.78831369,1,0.00382396,0.00401906,0.015376729882138847,0.0193767298821462,0.004000000000007352,0.15376729882110585,CLOSED,t,0.7244817614555359,10.669445991516113,profitable_timeout,1.039,14.31,2026-09-24 18:31:05.14831+00,2026-09-24 19:01:09.812451+00,30.0777356833333333
5082,UNI/USDT,BUY,FUTURES,TRANSITION,9.258,9.215,4.55391969,5,9.07284,9.53574,-0.9790927333499835,-0.9622286579539755,0.016864075396008,-2.3223158349535145,CLOSED,t,0.8719024062156677,5.635323524475098,stop_loss,0.9338,18.38,2026-09-24 18:25:56.284495+00,2026-09-24 18:35:04.048523+00,9.1294004666666667
5081,DOT/USDT,SELL,FUTURES,TRENDING,1.162,1.173,74.97302162,5,1.18524,1.12714,-4.1235161891000445,-4.088668728651069,0.034847460448976,-4.7332185886403275,CLOSED,t,0.92,-6.087951183319092,stop_loss,0.8687,29.64,2026-09-24 18:23:59.342332+00,2026-09-24 18:59:12.740063+00,35.2232955166666667
5080,TIA/USDT,SELL,FUTURES,TRENDING,0.4838,0.4858,72.34394378,5,0.493476,0.469286,-0.7234394378000006,-0.709439437799695,0.014000000000305603,-2.0669698222405968,CLOSED,t,0.8565584421157837,-1.9857043027877808,stop_loss,1.3248,28.14,2026-09-24 18:09:16.100254+00,2026-09-24 18:23:59.300129+00,14.7199979166666667
5079,MUBARAK/USDT,BUY,FUTURES,TRANSITION,0.04567,0.04549,766.36741844,5,0.0447566,0.0470401,-0.6897306765960068,-0.6757306765959449,0.014000000000061923,-1.9706590759798748,CLOSED,t,0.7055140137672424,1.902492880821228,trade_switch,1.5133,27.21,2026-09-24 18:09:11.002765+00,2026-09-24 18:18:01.316195+00,8.8385571666666667
5078,UNI/USDT,BUY,FUTURES,TRANSITION,9.203,9.253,3.80310768,5,9.01894,9.47909,0.950776920000022,0.9647769199916381,0.013999999991616,2.7165054873411476,CLOSED,t,0.8719024062156677,5.635323524475098,manual,0.9338,18.38,2026-09-24 18:08:27.078711+00,2026-09-24 18:18:44.750152+00,10.2945240166666667
5077,WLD/USDT,BUY,FUTURES,TRENDING,0.4404,0.4407,79.47320618,5,0.431592,0.453612,0.11920980926998721,0.133209809270656,0.014000000000668804,0.34059945504083533,CLOSED,t,0.8900958895683289,8.464203834533691,profitable_timeout,1.2589,37.17,2026-09-24 18:08:21.984573+00,2026-09-24 18:38:25.287302+00,30.0550454833333333
5076,FET/USDT,BUY,FUTURES,TRENDING,0.2186,0.2178,160.10978957,5,0.214228,0.225158,-0.6404391582799961,-0.6264391582799953,0.0140000000000008,-1.8298261665141702,CLOSED,t,0.8685410022735596,10.4524564743042,trade_switch,1.5644,50.82,2026-09-24 18:08:21.975526+00,2026-09-24 18:35:34.97299+00,27.2166244000000000
5075,牛来/USDT,BUY,FUTURES,TRANSITION,0.10248,0.10336,341.53005464,5,0.1004304,0.1055544,1.5027322404160017,1.5167322404158046,0.013999999999802882,4.293520686963315,CLOSED,t,0.9021572470664978,1.0991077423095703,manual,1.3872,16.65,2026-09-24 18:07:15.426756+00,2026-09-24 18:31:05.112637+00,23.8280980166666667
5074,TAO/USDT,BUY,FUTURES,TRANSITION,290.3,292.8,0.12056493,5,284.494,299.009,1.5070616250000115,1.5210616246716115,0.0139999996716,4.305890458146777,CLOSED,t,,,manual,,,2026-09-24 18:04:49.778472+00,2026-09-24 18:11:55.727727+00,7.0991542500000000
5073,OP/USDT,SELL,FUTURES,TRENDING,0.1315,0.1322,266.15969582,5,0.13413,0.127555,-0.9315589353700082,-0.9175589353698762,0.014000000000132002,-2.661596958174928,CLOSED,t,,,stop_loss,,,2026-09-24 18:04:19.682056+00,2026-09-24 18:08:21.927745+00,4.0374281500000000
5072,INJ/USDT,SELL,FUTURES,TRENDING,8.09,7.998,4.3263288,5,8.2518,7.8473,1.990111247999992,2.004111247996792,0.013999999996800001,5.686032138442499,CLOSED,t,,,trailing_stop,,,2026-09-24 18:04:10.504589+00,2026-09-24 18:05:18.673393+00,1.1361467333333333
5071,SAGA/USDT,SELL,FUTURES,TRENDING,0.04261,0.04274,821.40342643,5,0.0434622,0.0413317,-0.5339122271794925,-0.5199122271794195,0.01400000000007292,-1.525463506219176,CLOSED,t,,,trade_switch,,,2026-09-24 18:03:24.780784+00,2026-09-24 18:25:56.272686+00,22.5248650333333333
5070,ZEC/USDT,SELL,FUTURES,TRANSITION,1547.56,1557.77,0.02261625,5,1578.5112,1501.1332,-1.1545595625000042,-1.1405595609600043,0.01400000154,-3.2987412442813326,CLOSED,t,,,stop_loss,,,2026-09-24 18:03:17.22213+00,2026-09-24 18:09:10.947286+00,5.8954192666666667
5069,PEPE/USDT,BUY,FUTURES,TRANSITION,4.41e-06,4.38e-06,7936507.93650794,5,4.32e-06,4.54e-06,-1.190476190476173,-1.176476190476173,0.014000000000000005,-3.4013605442176353,CLOSED,t,,,stop_loss,,,2026-09-24 18:03:17.191535+00,2026-09-24 18:06:01.10813+00,2.7319432500000000
5068,AVAX/USDT,BUY,SPOT,TRANSITION,10.26,10.382,0.97465887,1,10.0548,10.5678,0.11890838213999937,0.12290838214247937,0.00400000000248,1.1890838206627619,CLOSED,t,,,profitable_timeout,,,2026-09-24 18:02:14.85508+00,2026-09-24 18:32:17.7567+00,30.0483603333333333
5067,LTC/USDT,SELL,FUTURES,TRENDING,71.72,72.07,0.48800892,5,73.1544,69.5684,-0.8540156099999863,-0.8400156101030263,0.01399999989696,-2.440044617958689,CLOSED,t,,,stop_loss,,,2026-09-24 17:59:45.804638+00,2026-09-24 18:11:15.327601+00,11.4920493833333333
5066,DOT/USDT,SELL,FUTURES,TRENDING,1.164,1.157,30.06872852,5,1.18728,1.12908,1.052405498199984,1.066405498198896,0.013999999998912,3.0068728522336317,CLOSED,t,,,trailing_stop,,,2026-09-24 17:58:44.110402+00,2026-09-24 18:04:37.482779+00,5.8895396166666667
5065,MUBARAK/USDT,BUY,FUTURES,TRANSITION,0.04543,0.04543,770.41602465,5,0.0445214,0.0467929,0,0.0139999999999398,0.0139999999999398,0,CLOSED,t,,,take_profit,,,2026-09-24 17:57:18.734688+00,2026-09-24 18:04:07.994734+00,6.8210007666666667
5064,INJ/USDT,SELL,FUTURES,TRENDING,8.336,8.291,4.19865643,5,8.50272,8.08592,0.9446976967499987,0.9586976967501907,0.014000000000192001,2.6991362763915507,CLOSED,t,,,trailing_stop,,,2026-09-24 17:57:03.463523+00,2026-09-24 17:58:40.685189+00,1.6203611000000000
5063,ADA/USDT,SELL,FUTURES,TRENDING,0.246,0.2468,142.27642276,5,0.25092,0.23862,-0.5691056910399965,-0.5551056910404125,0.013999999999584001,-1.6260162601625918,CLOSED,t,,,trade_switch,,,2026-09-24 17:54:09.848179+00,2026-09-24 18:18:35.666963+00,24.4303130666666667
5062,UNI/USDT,BUY,FUTURES,TRANSITION,9.225,9.182,3.79403794,5,9.0405,9.50175,-0.8157181570999835,-0.8017181571013835,0.013999999998600002,-2.330623306233015,CLOSED,t,,,stop_loss,,,2026-09-24 17:54:03.247473+00,2026-09-24 18:03:22.262727+00,9.3169209000000000
5061,FIL/USDT,SELL,FUTURES,TRENDING,1.0014,0.994,34.9510685,5,1.021428,0.971358,1.2931895345000126,1.3071895344983726,0.01399999999836,3.6948272418614305,CLOSED,t,,,trailing_stop,,,2026-09-24 17:53:24.9926+00,2026-09-24 18:08:14.201116+00,14.8201419333333333
5060,FET/USDT,BUY,FUTURES,TRENDING,0.2192,0.2183,159.67153285,5,0.214816,0.225776,-0.7185218978250124,-0.7045218978247244,0.014000000000288,-2.0529197080292327,CLOSED,t,,,stop_loss,,,2026-09-24 17:53:08.96041+00,2026-09-24 18:03:14.915532+00,10.0992520333333333
5059,TIA/USDT,SELL,FUTURES,TRENDING,0.485,0.4821,72.16494845,5,0.4947,0.47045,1.0463917525250048,1.0603917525243047,0.0139999999993,2.9896907216494983,CLOSED,t,,,trailing_stop,,,2026-09-24 17:53:01.470784+00,2026-09-24 18:04:14.517771+00,11.2174497833333333
5058,WLD/USDT,BUY,FUTURES,TRENDING,0.4404,0.4383,79.47320618,5,0.431592,0.453612,-0.8344686648899882,-0.8204686648893194,0.014000000000668804,-2.3841961852860694,CLOSED,t,,,stop_loss,,,2026-09-24 17:52:53.113557+00,2026-09-24 18:03:14.932536+00,10.3636496500000000
5057,LINK/USDT,SELL,FUTURES,TRENDING,12.886,12.941,2.71612603,5,13.14372,12.49942,-0.7469346582500203,-0.7329346582409882,0.014000000009032,-2.134099022194688,CLOSED,t,,,stop_loss,,,2026-09-24 17:52:28.767291+00,2026-09-24 18:09:01.75163+00,16.5497389833333333
5056,HBAR/USDT,SELL,FUTURES,TRANSITION,0.09238,0.09187,378.86988526,5,0.0942276,0.0896086,0.9661182074130197,0.9801182074131471,0.01400000000012752,2.7603377354406278,CLOSED,t,,,trailing_stop,,,2026-09-24 17:52:28.756163+00,2026-09-24 18:07:08.385651+00,14.6604914666666667
5055,APT/USDT,SELL,FUTURES,TRENDING,0.8179,0.8093,42.79251742,5,0.834258,0.793363,1.8400782490599878,1.854078249059115,0.013999999999127202,5.257366426213438,CLOSED,t,,,trailing_stop,,,2026-09-24 17:52:20.217407+00,2026-09-24 18:05:11.979803+00,12.8627066000000000
5054,牛来/USDT,BUY,FUTURES,TRANSITION,0.10312,0.10255,339.41039566,5,0.1010576,0.1062136,-0.9673196276309929,-0.9533196276308092,0.014000000000183681,-2.763770364623719,CLOSED,t,,,stop_loss,,,2026-09-24 17:52:20.203516+00,2026-09-24 18:02:14.808998+00,9.9100913666666667
5053,MUBARAK/USDT,BUY,FUTURES,TRANSITION,0.04551,0.04537,769.06174467,5,0.0445998,0.0468753,-0.538343221269004,-0.5243432212690313,0.013999999999972682,-1.538123489343013,CLOSED,t,,,trade_switch,,,2026-09-24 17:52:20.189176+00,2026-09-24 17:54:09.813736+00,1.8270760000000000
5052,XRP/USDT,SELL,FUTURES,TRENDING,1.5283,1.5205,22.90126284,5,1.558866,1.482451,0.8931492507600035,0.9071492507593523,0.013999999999348802,2.551855002290136,CLOSED,t,0.92,-0.5008341073989868,trailing_stop,0.794,27.73,2026-09-24 17:47:57.964313+00,2026-09-24 18:06:44.617656+00,18.7775557166666667
5051,ASTER/USDT,BUY,SPOT,TRANSITION,0.7089,0.7106,14.10636197,1,0.694722,0.730167,0.023980815348999852,0.027980815349213053,0.0040000000002132,0.23980815347721673,CLOSED,t,0.5509762763977051,0.8073939085006714,profitable_timeout,0.7256,17.23,2026-09-24 17:47:57.95477+00,2026-09-24 18:18:01.298528+00,30.0557293000000000
5050,ZEC/USDT,SELL,FUTURES,TRANSITION,1547.38,1554.92,0.02261888,5,1578.3276,1500.9586,-0.852731775999996,-0.838731774986236,0.014000001013760002,-2.436376326435641,CLOSED,t,0.92,-1.235167145729065,stop_loss,1.008,21.95,2026-09-24 17:47:24.817081+00,2026-09-24 17:48:27.703044+00,1.0480993833333333
5049,TAO/USDT,BUY,FUTURES,TRANSITION,291.6,293.2,0.12002743,5,285.768,300.348,0.9602194399999697,0.9742194394351698,0.013999999435200002,2.74348422496562,CLOSED,t,0.6446493268013,3.1410419940948486,trailing_stop,1.1294,19.15,2026-09-24 17:47:24.798875+00,2026-09-24 17:59:45.724202+00,12.3487554500000000
5048,XLM/USDT,SELL,FUTURES,TRENDING,0.2102,0.2112,166.50808754,5,0.214404,0.203894,-0.8325404377000006,-0.8185404376996375,0.0140000000003632,-2.378686964795435,CLOSED,t,0.92,-3.0267653465270996,stop_loss,1.0472,27.62,2026-09-24 17:47:24.787452+00,2026-09-24 18:11:23.73786+00,23.9825068000000000
5047,WLD/USDT,BUY,FUTURES,TRENDING,0.4418,0.4404,79.22136713,5,0.432964,0.455054,-0.5545495699099959,-0.5405495699107823,0.013999999999213603,-1.5844273426889877,CLOSED,t,0.8873631954193115,6.990796089172363,trade_switch,1.211,41.77,2026-09-24 17:47:24.767622+00,2026-09-24 17:52:53.090951+00,5.4720554833333333
5046,FET/USDT,BUY,FUTURES,TRENDING,0.22,0.2192,159.09090909,5,0.2156,0.2266,-0.636363636360004,-0.6223636363600841,0.01399999999992,-1.81818181818183,CLOSED,t,0.7812171578407288,11.4356107711792,trade_switch,1.6417,53.77,2026-09-24 17:47:24.757544+00,2026-09-24 17:53:01.459023+00,5.6116913166666667
5045,TIA/USDT,SELL,FUTURES,TRENDING,0.4922,0.4879,71.10930516,5,0.502044,0.477434,1.5288500609400095,1.5428500609399103,0.013999999999900804,4.36814303128812,CLOSED,t,0.92,-5.515230655670166,trailing_stop,1.2623,32.04,2026-09-24 17:33:20.013231+00,2026-09-24 17:47:54.703044+00,14.5781635500000000
5044,PUMP/USDT,BUY,SPOT,TRANSITION,0.003936,0.003857,2540.6504065,1,0.00385728,0.00405408,-0.20071138211350065,-0.19671138211350706,0.003999999999993601,-2.007113821138218,CLOSED,t,0.7518650889396667,10.2046480178833,stop_loss,0.9741,15.85,2026-09-24 17:31:48.791524+00,2026-09-24 18:05:42.991818+00,33.9033382333333333
5043,APT/USDT,SELL,FUTURES,TRENDING,0.8315,0.8315,42.09260373,5,0.84813,0.806555,1.9573060734449947,1.9713060734455927,0.014000000000598001,5.592303066746828,CLOSED,t,0.882286548614502,-0.7531225085258484,take_profit,1.2869,39.03,2026-09-24 17:30:16.345324+00,2026-09-24 17:47:18.835789+00,17.0415077500000000
5042,牛来/USDT,BUY,FUTURES,TRANSITION,0.10365,0.10283,337.67486734,5,0.101577,0.1067595,-1.3844669560940088,-1.3704669560940925,0.0139999999999164,-3.9556198745779314,CLOSED,t,0.8820003867149353,1.2079310417175293,stop_loss,1.3777,16.53,2026-09-24 17:29:45.749054+00,2026-09-24 17:47:18.883944+00,17.5522481666666667
5041,INJ/USDT,SELL,FUTURES,TRENDING,8.5,8.417,4.11764706,5,8.67,8.245,1.7088235299000039,1.7228235299040038,0.014000000004,4.882352941176482,CLOSED,t,0.8935670852661133,-2.4148950576782227,trailing_stop,1.5508,45.14,2026-09-24 17:29:35.878753+00,2026-09-24 17:47:54.719369+00,18.3140102666666667
5040,WLD/USDT,BUY,FUTURES,TRENDING,0.4461,0.4443,78.4577449,5,0.437178,0.459483,-0.7061197041000038,-0.6921197041000478,0.013999999999955999,-2.017484868863495,CLOSED,t,0.8873631954193115,6.990796089172363,stop_loss,1.211,41.77,2026-09-24 17:29:26.443278+00,2026-09-24 17:32:44.740783+00,3.3049584166666667
5039,LTC/USDT,SELL,FUTURES,TRENDING,73.92,72.62,0.47348485,5,75.3984,71.7024,3.077651524999993,3.091651525044793,0.0140000000448,8.793290043290023,CLOSED,t,0.8530464172363281,-2.1136744022369385,trailing_stop,1.3807,48.23,2026-09-24 17:28:46.495571+00,2026-09-24 17:48:57.396129+00,20.1816759666666667
5038,ADA/USDT,SELL,FUTURES,TRENDING,0.2477,0.2467,141.29995963,5,0.252654,0.240269,0.7064997981500006,0.7204997981501411,0.014000000000140402,2.0185708518369014,CLOSED,t,0.92,-1.3576781749725342,trailing_stop,0.9267,25.37,2026-09-24 17:28:36.386399+00,2026-09-24 17:48:03.024033+00,19.4439605666666667
5037,FET/USDT,BUY,FUTURES,TRENDING,0.2217,0.2207,157.87099684,5,0.217266,0.228351,-0.7893549841999946,-0.7753549842002234,0.0139999999997712,-2.2552999548939856,CLOSED,t,0.7812171578407288,11.4356107711792,stop_loss,1.6417,53.77,2026-09-24 17:28:16.933361+00,2026-09-24 17:28:41.461133+00,0.40879620000000000000
5036,FIL/USDT,SELL,FUTURES,TRENDING,1.0065,1.002,34.7739692,5,1.02663,0.976305,0.7824143069999911,0.7964143069999111,0.013999999999920002,2.235469448584177,CLOSED,t,0.92,-4.922727108001709,trailing_stop,1.0403,25.39,2026-09-24 17:26:44.0623+00,2026-09-24 17:47:54.736975+00,21.1779112500000000
5035,XRP/USDT,SELL,FUTURES,TRENDING,1.5357,1.5428,22.79090968,5,1.566414,1.489629,-0.8090772936399867,-0.7950772936417563,0.0139999999982304,-2.3116494106921546,CLOSED,t,0.92,-0.5008341073989868,stop_loss,0.794,27.73,2026-09-24 17:25:13.551261+00,2026-09-24 17:29:30.890314+00,4.2889842166666667
5034,SAGA/USDT,SELL,FUTURES,TRENDING,0.04282,0.04258,817.37505838,5,0.0436764,0.0415354,0.9808500700559886,0.9948500700559212,0.013999999999932641,2.802428771602022,CLOSED,t,0.92,-1.8380277156829834,trailing_stop,1.6606,26.4,2026-09-24 17:23:53.505404+00,2026-09-24 17:53:08.914239+00,29.2568139166666667
5033,MUBARAK/USDT,BUY,FUTURES,TRANSITION,0.04562,0.0454,767.20736519,5,0.0447076,0.0469886,-0.843928101708983,-0.8299281017089959,0.01399999999998712,-2.4112231477421697,CLOSED,t,0.779263436794281,2.5271499156951904,stop_loss,1.56,24.51,2026-09-24 17:23:53.494381+00,2026-09-24 17:47:18.949474+00,23.4242515500000000
5032,TAO/USDT,BUY,FUTURES,TRANSITION,293.3,293.3,0.11933174,5,287.434,302.099,0,0.013999999736800002,0.013999999736800002,0,CLOSED,t,0.6446493268013,3.1410419940948486,take_profit,1.1294,19.15,2026-09-24 17:23:03.382967+00,2026-09-24 17:29:21.413654+00,6.3005114500000000
5031,DOT/USDT,SELL,FUTURES,TRENDING,1.164,1.163,30.06872852,5,1.18728,1.12908,0.15034364259998345,0.16434364259889545,0.013999999998912,0.42955326460476373,CLOSED,t,0.92,-3.410003662109375,profitable_timeout,0.8881,31.78,2026-09-24 17:22:23.663426+00,2026-09-24 17:53:24.942994+00,31.0213261333333333
5030,牛来/USDT,BUY,FUTURES,TRANSITION,0.10412,0.10364,336.15059547,5,0.1020376,0.1072436,-0.8067614291280215,-0.7927614291278869,0.014000000000134561,-2.3050326546293354,CLOSED,t,0.8820003867149353,1.2079310417175293,stop_loss,1.3777,16.53,2026-09-24 17:21:37.836521+00,2026-09-24 17:23:48.535274+00,2.1783125500000000
5029,OP/USDT,SELL,FUTURES,TRENDING,0.1348,0.1331,259.64391691,5,0.137496,0.130756,2.2069732937350093,2.2209732937347963,0.013999999999787198,6.305637982195872,CLOSED,t,0.906548798084259,-1.4434741735458374,trailing_stop,1.4424,38.18,2026-09-24 17:21:37.825795+00,2026-09-24 17:47:57.897593+00,26.3345299666666667
5028,INJ/USDT,SELL,FUTURES,TRENDING,8.565,8.516,4.08639813,5,8.7363,8.30805,1.0011675418499895,1.0151675418433694,0.013999999993379999,2.8604786923525682,CLOSED,t,0.8935670852661133,-2.4148950576782227,trailing_stop,1.5508,45.14,2026-09-24 17:21:35.812436+00,2026-09-24 17:24:10.475892+00,2.5777242666666667
5027,WLD/USDT,BUY,FUTURES,TRENDING,0.4473,0.4452,78.24726135,5,0.438354,0.460719,-0.8215962441749924,-0.8075962441742505,0.014000000000742,-2.3474178403755652,CLOSED,t,0.8873631954193115,6.990796089172363,stop_loss,1.211,41.77,2026-09-24 17:21:28.176178+00,2026-09-24 17:23:51.047784+00,2.3811934333333333
5026,LINK/USDT,SELL,FUTURES,TRENDING,12.917,12.917,2.70960749,5,13.17534,12.52949,0.46063327330000947,0.47463327327934146,0.013999999979332,1.316095068514388,CLOSED,t,0.8987464308738708,-1.206682801246643,take_profit,0.7888,32.49,2026-09-24 17:21:12.224496+00,2026-09-24 17:47:21.534645+00,26.1551691500000000
5025,HBAR/USDT,SELL,FUTURES,TRANSITION,0.09262,0.09262,377.88814511,5,0.0944724,0.0898414,0.45346577413198147,0.46746577413201673,0.014000000000035278,1.2956164975166824,CLOSED,t,0.916833221912384,-1.2807875871658325,take_profit,0.8619,19.42,2026-09-24 17:21:04.895832+00,2026-09-24 17:47:24.704816+00,26.3301497333333333
5024,UNI/USDT,BUY,FUTURES,TRANSITION,9.257,9.225,3.78092255,5,9.07186,9.53471,-0.6049476080000084,-0.5909476079818684,0.01400000001814,-1.7284217349033404,CLOSED,t,0.807933509349823,5.0447235107421875,trade_switch,0.9548,21.56,2026-09-24 17:20:32.471659+00,2026-09-24 17:54:03.228644+00,33.5126164166666667
5023,FET/USDT,BUY,FUTURES,TRENDING,0.2215,0.2225,158.01354402,5,0.21707,0.228145,0.7900677200999884,0.8040677201001604,0.014000000000172003,2.2573363431150906,CLOSED,t,0.7812171578407288,11.4356107711792,trailing_stop,1.6417,53.77,2026-09-24 17:20:07.5572+00,2026-09-24 17:22:23.596504+00,2.2673217333333333
5022,ZEC/USDT,SELL,FUTURES,TRANSITION,1551.51,1557.93,0.02255867,5,1582.5402,1504.9647,-0.7241333070000081,-0.7101333061633281,0.01400000083668,-2.0689521820678154,CLOSED,t,0.92,-1.235167145729065,stop_loss,1.008,21.95,2026-09-24 17:18:07.532091+00,2026-09-24 17:29:45.690006+00,11.6359652500000000
5021,AAVE/USDT,BUY,SPOT,TRENDING,144.47,144.69,0.06921852,1,141.5806,148.8041,0.015228074399999356,0.019228074233759357,0.003999999833760001,0.15228075032878152,CLOSED,t,0.6149734258651733,2.414083957672119,profitable_timeout,0.8696,28.86,2026-09-24 17:17:45.20942+00,2026-09-24 18:16:37.556609+00,58.8724531500000000
5020,ICP/USDT,SELL,FUTURES,TRENDING,3.151,3.137,11.10758489,5,3.21402,3.05647,0.7775309422999881,0.791530942295344,0.013999999995355998,2.2215169787368754,CLOSED,t,0.92,-2.314986228942871,trailing_stop,1.2867,32.91,2026-09-24 17:17:45.197681+00,2026-09-24 17:21:35.712528+00,3.8419141166666667
5019,ARB/USDT,SELL,FUTURES,TRANSITION,0.2187,0.2177,160.03657979,5,0.223074,0.212139,0.8001828989500006,0.8141828989500298,0.014000000000029201,2.2862368541380906,CLOSED,t,0.92,-2.3891050815582275,trailing_stop,1.0833,19.79,2026-09-24 17:17:10.173829+00,2026-09-24 17:21:28.112312+00,4.2989747166666667
5018,LTC/USDT,SELL,FUTURES,TRENDING,74.69,74.29,0.46860356,5,76.1838,72.4493,0.9372071199999799,0.9512071199585399,0.01399999995856,2.677734636497466,CLOSED,t,0.8530464172363281,-2.1136744022369385,trailing_stop,1.3807,48.23,2026-09-24 17:16:49.849911+00,2026-09-24 17:21:35.723704+00,4.7645632166666667
5017,APT/USDT,SELL,FUTURES,TRENDING,0.8277,0.8277,42.28585236,5,0.844254,0.802869,0,0.013999999999348799,0.013999999999348799,0,CLOSED,t,0.882286548614502,-0.7531225085258484,take_profit,1.2869,39.03,2026-09-24 17:16:13.015025+00,2026-09-24 17:23:03.326225+00,6.8385200000000000
5016,UNI/USDT,BUY,FUTURES,TRANSITION,9.285,9.257,3.76952073,5,9.0993,9.56355,-0.5277329022000001,-0.5137329022087801,0.013999999991220001,-1.5078082929456116,CLOSED,t,0.807933509349823,5.0447235107421875,trade_switch,0.9548,21.56,2026-09-24 17:16:12.983053+00,2026-09-24 17:20:32.455588+00,4.3245422500000000
5015,DOT/USDT,SELL,FUTURES,TRENDING,1.163,1.168,30.09458298,5,1.18626,1.12811,-0.752364574499984,-0.738364574497688,0.014000000002296,-2.1496130696474176,CLOSED,t,,,stop_loss,,,2026-09-24 17:02:01.717073+00,2026-09-24 17:16:49.76336+00,14.8007714500000000
5014,FIL/USDT,SELL,FUTURES,TRANSITION,1.0139,1.0078,34.52016964,5,1.034178,0.983483,1.052865174019999,1.0668651740191974,0.0139999999991984,3.008186211657952,CLOSED,t,,,trailing_stop,,,2026-09-24 17:01:52.657645+00,2026-09-24 17:21:12.152126+00,19.3249080166666667
5013,TAO/USDT,BUY,FUTURES,TRANSITION,292.6,295.5,0.11961722,5,286.748,301.378,1.7344496899999828,1.7484496894287829,0.013999999428800002,4.95557074504438,CLOSED,t,,,trailing_stop,,,2026-09-24 17:00:48.896221+00,2026-09-24 17:17:45.089347+00,16.9365521000000000
5012,INJ/USDT,SELL,FUTURES,TRENDING,8.628,8.571,4.05656004,5,8.80056,8.36916,1.1561196114000076,1.1701196114100556,0.014000000010048001,3.3031988873435547,CLOSED,t,,,trailing_stop,,,2026-09-24 16:58:30.57398+00,2026-09-24 17:16:12.887572+00,17.7052265333333333
5011,ARB/USDT,SELL,FUTURES,TRANSITION,0.2183,0.2191,160.32982135,5,0.222666,0.211751,-0.6413192853999962,-0.6273192853997142,0.014000000000282,-1.8323408153916518,CLOSED,t,,,trade_switch,,,2026-09-24 16:58:25.454185+00,2026-09-24 17:02:01.68974+00,3.6039259166666667
5010,PEPE/USDT,BUY,SPOT,TRENDING,4.47e-06,4.43e-06,2237136.46532438,1,4.38e-06,4.6e-06,-0.08948545861297655,-0.08548545861297656,0.003999999999999991,-0.8948545861297674,CLOSED,t,,,negative_timeout,,,2026-09-24 16:57:12.667095+00,2026-09-24 17:57:18.687455+00,60.1003393333333333
5009,AVAX/USDT,BUY,SPOT,TRANSITION,10.426,10.304,0.95914061,1,10.21748,10.73878,-0.11701515441999981,-0.1130151544200558,0.003999999999944001,-1.1701515442163801,CLOSED,t,,,negative_timeout,,,2026-09-24 16:56:57.39789+00,2026-09-24 17:57:03.419487+00,60.1003599500000000
5008,PUMP/USDT,BUY,SPOT,TRANSITION,0.003901,0.003913,2563.44527044,1,0.00382298,0.00401803,0.030761343245280712,0.034761343245275286,0.003999999999994576,0.30761343245322426,CLOSED,t,,,profitable_timeout,,,2026-09-24 16:56:38.218764+00,2026-09-24 17:26:44.01705+00,30.0966381000000000
5007,TAO/USDT,BUY,FUTURES,TRANSITION,293.6,292.6,0.11920981,5,287.728,302.408,-0.5960490499999943,-0.5820490499135943,0.014000000086400002,-1.7029972752043432,CLOSED,t,,,trade_switch,,,2026-09-24 16:55:34.447357+00,2026-09-24 17:00:48.874252+00,5.2404482500000000
5006,LTC/USDT,SELL,FUTURES,TRENDING,73.75,74.14,0.47457627,5,75.225,71.5375,-0.9254237265000014,-0.9114237265350014,0.013999999965,-2.644067796610173,CLOSED,t,,,stop_loss,,,2026-09-24 16:54:49.531562+00,2026-09-24 16:56:57.320885+00,2.1298220500000000
5005,WLD/USDT,BUY,FUTURES,TRENDING,0.448,0.4499,78.125,5,0.43904,0.46144,0.7421875000000022,0.7561875000000022,0.014,2.1205357142857206,CLOSED,t,,,trailing_stop,,,2026-09-24 16:54:40.387085+00,2026-09-24 17:16:12.924589+00,21.5422917333333333
5004,FIL/USDT,SELL,FUTURES,TRANSITION,1.004,1.0094,34.86055777,5,1.02408,0.97388,-0.9412350597900123,-0.9272350597895803,0.014000000000431998,-2.689243027888482,CLOSED,t,,,stop_loss,,,2026-09-24 16:54:00.773231+00,2026-09-24 16:56:38.151286+00,2.6229675833333333
5003,TIA/USDT,SELL,FUTURES,TRENDING,0.4954,0.4934,70.64997981,5,0.505308,0.480538,0.7064997981000007,0.7204997980991503,0.013999999999149602,2.0185708518369014,CLOSED,t,,,trailing_stop,,,2026-09-24 16:53:55.681517+00,2026-09-24 17:28:16.887446+00,34.3534321500000000
5002,XLM/USDT,SELL,FUTURES,TRENDING,0.212,0.2116,165.09433962,5,0.21624,0.20564,0.33018867923998657,0.3441886792397626,0.013999999999776,0.9433962264150559,CLOSED,t,,,profitable_timeout,,,2026-09-24 16:53:21.96869+00,2026-09-24 17:30:16.279792+00,36.9051850333333333
5001,BCH/USDT,SELL,FUTURES,TRANSITION,337.2,337.2,0.10379597,5,343.944,327.084,0.1037959699999941,0.1177959704335941,0.0140000004336,0.29655990510081354,CLOSED,t,,,take_profit,,,2026-09-24 16:52:30.606164+00,2026-09-24 17:18:06.612194+00,25.6001005000000000
5000,LTC/USDT,SELL,FUTURES,TRENDING,73.84,74.11,0.47399783,5,75.3168,71.6248,-0.6398970704999906,-0.6258970705931106,0.01399999990688,-1.8282773564463435,CLOSED,t,,,trade_switch,,,2026-09-24 16:51:41.911985+00,2026-09-24 16:52:30.587355+00,0.81125616666666666667
4999,WIF/USDT,SELL,FUTURES,TRANSITION,0.2384,0.2372,146.81208054,5,0.243168,0.231248,0.8808724832400049,0.8948724832402993,0.014000000000294402,2.5167785234899465,CLOSED,t,,,trailing_stop,,,2026-09-24 16:51:41.897456+00,2026-09-24 17:21:02.424656+00,29.3421200000000000
4998,PENGU/USDT,BUY,SPOT,TRANSITION,0.00999,0.009994,1001.001001,1,0.0097902,0.0102897,0.004004004003999466,0.008004004003995466,0.003999999999996001,0.0400400400400347,CLOSED,t,,,profitable_timeout,,,2026-09-24 16:51:22.404476+00,2026-09-24 17:31:48.766185+00,40.4393618166666667
4997,WLD/USDT,BUY,FUTURES,TRENDING,0.4485,0.4471,78.03790412,5,0.43953,0.461955,-0.5462653288400048,-0.5322653288408767,0.013999999999128,-1.5607580824972267,CLOSED,t,,,trade_switch,,,2026-09-24 16:51:17.272139+00,2026-09-24 16:54:00.764374+00,2.7248705833333333
4996,MUBARAK/USDT,BUY,FUTURES,TRANSITION,0.04592,0.04569,762.19512195,5,0.0450016,0.0472976,-0.876524390242505,-0.8625243902425274,0.013999999999977602,-2.5043554006968782,CLOSED,t,,,stop_loss,,,2026-09-24 16:50:56.826153+00,2026-09-24 17:17:45.128886+00,26.8050455500000000
4995,BROCCOLI714/USDT,SELL,FUTURES,TRENDING,0.03308,0.03319,1058.04111245,5,0.0337416,0.03135668,-0.5819226118474947,-0.5679226118475563,0.0139999999999384,-1.6626360338573005,CLOSED,t,,,trade_switch,,,2026-09-24 16:50:47.57593+00,2026-09-24 16:53:21.958443+00,2.5730418833333333
4994,ADA/USDT,SELL,FUTURES,TRENDING,0.2493,0.2478,140.39310068,5,0.254286,0.241821,1.0529482551000011,1.0669482550998106,0.0139999999998096,3.0084235860409176,CLOSED,t,,,trailing_stop,,,2026-09-24 16:50:18.029548+00,2026-09-24 17:21:35.759048+00,31.2954916666666667
4993,NEAR/USDT,SELL,FUTURES,TRENDING,4.699,4.68,7.44839328,5,4.79298,4.55803,0.7075973616000049,0.7215973616090928,0.014000000009088001,2.021706746116209,CLOSED,t,,,trailing_stop,,,2026-09-24 16:48:09.573018+00,2026-09-24 16:51:12.10149+00,3.0421412000000000
4992,XRP/USDT,SELL,FUTURES,TRENDING,1.5342,1.5342,22.81319254,5,1.564884,1.488174,0.148285751510009,0.1622857515079562,0.0139999999979472,0.42367357580500553,CLOSED,t,,,take_profit,,,2026-09-24 16:47:55.296399+00,2026-09-24 17:20:07.5244+00,32.2038000166666667
4991,牛来/USDT,BUY,FUTURES,TRANSITION,0.10483,0.10446,333.87389106,5,0.1027334,0.1079749,-0.6176666984610147,-0.6036666984610868,0.01399999999992792,-1.7647619956119853,CLOSED,t,,,trade_switch,,,2026-09-24 16:47:45.104288+00,2026-09-24 16:53:55.671928+00,6.1761273333333333
4990,LINK/USDT,SELL,FUTURES,TRANSITION,12.972,12.92,2.69811903,5,13.23144,12.58284,0.7015109477999947,0.7155109478228587,0.014000000022864001,2.0043169904409344,CLOSED,t,,,trailing_stop,,,2026-09-24 16:47:15.18476+00,2026-09-24 16:54:40.333591+00,7.4191471833333333
4989,ZEC/USDT,SELL,FUTURES,TRANSITION,1541.42,1546.62,0.02270634,5,1572.2484,1495.1774,-0.5903648399999794,-0.5763648373588593,0.01400000264112,-1.6867563675052284,CLOSED,t,,,trade_switch,,,2026-09-24 16:47:15.173186+00,2026-09-24 16:58:30.547239+00,11.2562342166666667
4988,SAGA/USDT,SELL,FUTURES,TRANSITION,0.04262,0.04259,821.2106992,5,0.0434724,0.0413414,0.12318160487998074,0.13718160487994235,0.0139999999999616,0.35194744251519605,CLOSED,t,,,profitable_timeout,,,2026-09-24 16:47:00.852125+00,2026-09-24 17:17:10.11472+00,30.1543765833333333
4987,ICP/USDT,SELL,FUTURES,TRENDING,3.171,3.155,11.03752759,5,3.23442,3.07587,0.8830022072000009,0.8970022071951569,0.013999999995156,2.5228634500157705,CLOSED,t,,,trailing_stop,,,2026-09-24 16:46:38.07113+00,2026-09-24 16:55:34.392619+00,8.9386914833333333
4986,ARB/USDT,SELL,FUTURES,TRANSITION,0.2186,0.2186,160.10978957,5,0.222972,0.212042,0,0.0140000000000008,0.0140000000000008,0,CLOSED,t,,,take_profit,,,2026-09-24 16:46:38.060251+00,2026-09-24 16:51:01.873883+00,4.3968938666666667
4985,APT/USDT,SELL,FUTURES,TRENDING,0.8322,0.8247,42.05719779,5,0.848844,0.807234,1.577144917125013,1.5911449171253482,0.014000000000335201,4.5061283345350045,CLOSED,t,,,trailing_stop,,,2026-09-24 16:46:28.669474+00,2026-09-24 16:57:12.618202+00,10.7324788000000000
4984,FIL/USDT,SELL,FUTURES,TRANSITION,1.0073,1.0116,34.74635163,5,1.027446,0.977081,-0.7470465600449948,-0.7330465600462353,0.0139999999987596,-2.134418743174809,CLOSED,t,,,stop_loss,,,2026-09-24 16:46:18.427963+00,2026-09-24 16:47:45.02933+00,1.4433561166666667
4983,TIA/USDT,SELL,FUTURES,TRENDING,0.4973,0.4999,70.38005228,5,0.507246,0.482381,-0.9149406796399968,-0.9009406796404592,0.013999999999537603,-2.6141162276291885,CLOSED,t,,,stop_loss,,,2026-09-24 16:46:18.416068+00,2026-09-24 16:48:09.503877+00,1.8514634833333333
4982,XLM/USDT,SELL,FUTURES,TRENDING,0.2128,0.2137,164.47368421,5,0.217056,0.206416,-0.7401315789450096,-0.7261315789450544,0.0139999999999552,-2.114661654135366,CLOSED,t,,,stop_loss,,,2026-09-24 16:36:18.342089+00,2026-09-24 16:47:55.222081+00,11.6146665333333333
4981,TAO/USDT,BUY,FUTURES,TRANSITION,294.1,296.2,0.11900714,5,288.218,302.923,1.2495749699999932,1.2635749699495933,0.013999999949600002,3.5702142128527514,CLOSED,t,,,trailing_stop,,,2026-09-24 16:36:03.115686+00,2026-09-24 16:50:17.942967+00,14.2471213500000000
4980,WLD/USDT,BUY,FUTURES,TRENDING,0.452,0.4494,77.43362832,5,0.44296,0.46556,-1.0066371681599957,-0.9926371681597397,0.014000000000256,-2.8761061946902533,CLOSED,t,,,stop_loss,,,2026-09-24 16:35:58.188202+00,2026-09-24 16:46:15.645089+00,10.2909481166666667
4979,XLM/USDT,SELL,FUTURES,TRENDING,0.2121,0.2128,165.01650165,5,0.216342,0.205737,-0.5775577557749823,-0.5635577557749962,0.013999999999986003,-1.6501650165015993,CLOSED,t,,,trade_switch,,,2026-09-24 16:34:37.323918+00,2026-09-24 16:36:18.324457+00,1.6833423166666667
4978,LTC/USDT,SELL,FUTURES,TRENDING,74.05,74.39,0.47265361,5,75.531,71.8285,-0.8035111370000081,-0.7895111370718081,0.0139999999282,-2.2957461174882066,CLOSED,t,,,stop_loss,,,2026-09-24 16:33:31.853528+00,2026-09-24 16:46:37.970135+00,13.1019434500000000
4977,AAVE/USDT,BUY,SPOT,TRENDING,144.99,145.03,0.06897027,1,142.0902,149.3397,0.0027588107999995037,0.006758810578919504,0.00399999977892,0.02758810952478985,CLOSED,t,,,profitable_timeout,,,2026-09-24 16:31:30.633006+00,2026-09-24 17:01:52.616611+00,30.3663934166666667
4976,WLD/USDT,BUY,FUTURES,TRENDING,0.4527,0.451,77.31389441,5,0.443646,0.466281,-0.6571681024849825,-0.6431681024852197,0.013999999999762801,-1.8776231499889051,CLOSED,t,,,trade_switch,,,2026-09-24 16:31:18.179502+00,2026-09-24 16:34:37.314264+00,3.3189127000000000
4975,INJ/USDT,SELL,FUTURES,TRENDING,8.559,8.605,4.08926276,5,8.73018,8.30223,-0.9405304348000237,-0.9265304348148877,0.013999999985136001,-2.6872298165674238,CLOSED,t,,,stop_loss,,,2026-09-24 16:30:42.796789+00,2026-09-24 16:47:00.773385+00,16.2996099333333333
4974,TIA/USDT,SELL,FUTURES,TRENDING,0.4978,0.4978,70.30936119,5,0.507756,0.482866,0.14061872238000403,0.15461872238015684,0.014000000000152802,0.4017677782241979,CLOSED,t,,,take_profit,,,2026-09-24 16:30:12.465669+00,2026-09-24 16:31:28.266124+00,1.2633409166666667
4973,ICP/USDT,SELL,FUTURES,TRENDING,3.185,3.2,10.98901099,5,3.2487,3.08945,-0.8241758242500068,-0.8101758242487468,0.014000000001260001,-2.354788069073803,CLOSED,t,,,stop_loss,,,2026-09-24 16:29:27.079422+00,2026-09-24 16:30:42.720883+00,1.2606910166666667
4972,ARB/USDT,SELL,FUTURES,TRANSITION,0.2184,0.2184,160.25641026,5,0.222768,0.211848,0,0.0140000000003136,0.0140000000003136,0,CLOSED,t,,,take_profit,,,2026-09-24 16:28:41.525547+00,2026-09-24 16:31:18.102133+00,2.6096097666666667
4971,ASTER/USDT,BUY,SPOT,TRANSITION,0.715,0.7102,13.98601399,1,0.7007,0.73645,-0.06713286715199923,-0.06313286715085924,0.00400000000114,-0.6713286713286637,CLOSED,t,,,negative_timeout,,,2026-09-24 16:28:31.489205+00,2026-09-24 17:28:36.346412+00,60.0809534500000000
4970,DOT/USDT,SELL,FUTURES,TRENDING,1.167,1.161,29.99143102,5,1.19034,1.13199,0.8997429306000011,0.9137429306001371,0.014000000000136001,2.5706940874036017,CLOSED,t,,,trailing_stop,,,2026-09-24 16:25:43.324597+00,2026-09-24 16:54:49.483393+00,29.1026466000000000
4969,UNI/USDT,BUY,FUTURES,TRANSITION,9.271,9.273,3.77521303,5,9.08558,9.54913,0.03775213029997598,0.05175213030042799,0.014000000000452003,0.10786322942502036,CLOSED,t,,,profitable_timeout,,,2026-09-24 16:25:33.306998+00,2026-09-24 16:58:25.413609+00,32.8684435166666667
4968,FIL/USDT,SELL,FUTURES,TRANSITION,1.0039,1.0086,34.86403028,5,1.023978,0.973783,-0.8193047115799872,-0.8053047115807503,0.013999999999236802,-2.34087060464186,CLOSED,t,,,stop_loss,,,2026-09-24 16:25:23.142881+00,2026-09-24 16:35:58.127179+00,10.5830716333333333
4967,WIF/USDT,SELL,FUTURES,TRANSITION,0.2394,0.2384,146.19883041,5,0.244188,0.232218,0.7309941520500007,0.7449941520500624,0.014000000000061602,2.0885547201336694,CLOSED,t,,,trailing_stop,,,2026-09-24 16:24:37.632834+00,2026-09-24 16:46:37.994034+00,22.0060200000000000
4966,TIA/USDT,SELL,FUTURES,TRENDING,0.4955,0.4977,70.63572149,5,0.50541,0.480635,-0.7769929363899927,-0.7629929363906747,0.013999999999317999,-2.219979818365267,CLOSED,t,,,stop_loss,,,2026-09-24 16:24:12.483645+00,2026-09-24 16:24:37.564145+00,0.41800833333333333333
4965,XLM/USDT,SELL,FUTURES,TRENDING,0.212,0.2131,165.09433962,5,0.21624,0.20564,-0.9080188679100145,-0.8940188679102385,0.013999999999776,-2.594339622641551,CLOSED,t,,,stop_loss,,,2026-09-24 16:23:42.249825+00,2026-09-24 16:29:27.006872+00,5.7459507833333333
4964,UNI/USDT,BUY,FUTURES,TRANSITION,9.3,9.271,3.76344086,5,9.114,9.579,-0.5456989246999896,-0.5316989247007896,0.013999999999200003,-1.5591397849462063,CLOSED,t,,,trade_switch,,,2026-09-24 16:23:06.960521+00,2026-09-24 16:25:33.294373+00,2.4388975333333333
4963,ZEC/USDT,SELL,FUTURES,TRANSITION,1527.61,1534.79,0.02291161,5,1558.1622,1481.7817,-0.8225267990000071,-0.8085267971791671,0.014000001820839998,-2.3500762629205307,CLOSED,t,,,stop_loss,,,2026-09-24 16:21:46.489804+00,2026-09-24 16:28:41.461472+00,6.9161944666666667
4962,WLD/USDT,BUY,FUTURES,TRENDING,0.4511,0.4531,77.58811793,5,0.442078,0.464633,0.7758811792999956,0.7898811792992848,0.013999999999289199,2.2168033695411093,CLOSED,t,,,trailing_stop,,,2026-09-24 16:21:36.518974+00,2026-09-24 16:25:43.242141+00,4.1120527833333333
4961,NEAR/USDT,SELL,FUTURES,TRENDING,4.651,4.666,7.52526338,5,4.74402,4.51147,-0.5643947535000213,-0.5503947535078694,0.013999999992151999,-1.6125564394754428,CLOSED,t,,,trade_switch,,,2026-09-24 16:21:31.432689+00,2026-09-24 16:23:42.239124+00,2.1801072500000000
4960,MARSCOIN/USDT,BUY,SPOT,TRENDING,0.1178,0.1185,84.88964346,1,0.115444,0.121334,0.059422750421998904,0.06342275042183411,0.0039999999998352005,0.5942275042444711,CLOSED,t,,,profitable_timeout,,,2026-09-24 16:21:31.421485+00,2026-09-24 16:51:31.569626+00,30.0024690166666667
4959,LTC/USDT,SELL,FUTURES,TRENDING,74.39,74.04,0.47049335,5,75.8778,72.1583,0.8233633624999867,0.8373633626225867,0.0140000001226,2.3524667293990746,CLOSED,t,,,trailing_stop,,,2026-09-24 16:21:31.407489+00,2026-09-24 16:28:31.414075+00,7.0001097666666667
4958,PEPE/USDT,BUY,SPOT,TRENDING,4.47e-06,4.48e-06,2237136.46532438,1,4.38e-06,4.6e-06,0.022371364653244137,0.026371364653244127,0.003999999999999991,0.22371364653244186,CLOSED,t,,,profitable_timeout,,,2026-09-24 16:21:31.394864+00,2026-09-24 16:51:36.758527+00,30.0893943833333333
4957,APT/USDT,SELL,FUTURES,TRENDING,0.8289,0.8315,42.22463506,5,0.845478,0.804033,-0.5489202557800099,-0.5349202557795163,0.0140000000004936,-1.5683435878875902,CLOSED,t,,,trade_switch,,,2026-09-24 16:21:21.20512+00,2026-09-24 16:36:03.094743+00,14.6981603833333333
4956,ZEC/USDT,SELL,FUTURES,TRANSITION,1521.77,1527.61,0.02299953,5,1552.2054,1476.1169,-0.6715862759999907,-0.6575862780927506,0.013999997907240002,-1.9188182182589741,CLOSED,t,,,trade_switch,,,2026-09-24 16:21:04.406483+00,2026-09-24 16:21:46.450246+00,0.70072938333333333333
4955,TAO/USDT,BUY,FUTURES,TRANSITION,293.2,294.8,0.11937244,5,287.336,301.996,0.9549795200000257,0.9689795197632257,0.0139999997632,2.7285129604366354,CLOSED,t,,,trailing_stop,,,2026-09-24 16:20:54.232999+00,2026-09-24 16:30:12.413039+00,9.3030006666666667
4954,BCH/USDT,SELL,FUTURES,TRANSITION,339.3,337.6,0.10315355,5,346.086,329.121,0.8768051749999942,0.8908051748059942,0.013999999806,2.505157677571454,CLOSED,t,,,trailing_stop,,,2026-09-24 16:20:54.215614+00,2026-09-24 16:47:15.097472+00,26.3480309666666667
4953,PUMP/USDT,BUY,SPOT,TRANSITION,0.003885,0.003904,2574.002574,1,0.0038073,0.00400155,0.04890604890599887,0.05290604890599487,0.003999999999996001,0.4890604890604777,CLOSED,t,,,profitable_timeout,,,2026-09-24 16:20:54.206082+00,2026-09-24 16:50:56.764894+00,30.0426468666666667
4952,XLM/USDT,SELL,FUTURES,TRENDING,0.2109,0.2116,165.95542911,5,0.215118,0.204573,-0.5808440018850051,-0.5668440018852855,0.013999999999719601,-1.659554291133253,CLOSED,t,,,trade_switch,,,2026-09-24 16:20:54.197513+00,2026-09-24 16:23:06.949763+00,2.2125375000000000
4951,WIF/USDT,SELL,FUTURES,TRANSITION,0.2388,0.2396,146.56616415,5,0.243576,0.231636,-0.5862646565999964,-0.5722646566003884,0.013999999999608,-1.675041876046891,CLOSED,t,,,trade_switch,,,2026-09-24 16:20:54.189095+00,2026-09-24 16:24:12.474586+00,3.3047581833333333
4950,SUI/USDT,SELL,FUTURES,TRENDING,1.011,1.0156,35.56354102,5,1.03122,0.98067,-0.8179614434600283,-0.8035795474715403,0.014381895988488,-2.2749752720079917,CLOSED,t,,,stop_loss,,,2026-09-24 16:20:44.065102+00,2026-09-24 16:47:15.11165+00,26.5174424666666667
4949,ETC/USDT,SELL,FUTURES,TRENDING,10.1,10.05,3.55987524,5,10.302,9.797,0.889968809999981,0.904350705969581,0.014381895969600001,2.4752475247524224,CLOSED,t,,,trailing_stop,,,2026-09-24 16:20:44.048983+00,2026-09-24 16:33:31.794923+00,12.7957656666666667
4948,AVAX/USDT,BUY,SPOT,TRANSITION,10.399,10.444,0.96163093,1,10.19102,10.71097,0.0432733918500021,0.0472733918664301,0.004000000016428,0.43273391672278283,CLOSED,t,,,profitable_timeout,,,2026-09-24 16:20:44.038209+00,2026-09-24 16:50:47.514155+00,30.0579324333333333
4947,WLD/USDT,BUY,FUTURES,TRENDING,0.4526,0.4511,79.44043298,5,0.443548,0.466178,-0.595803247350003,-0.5814213513633038,0.0143818959866992,-1.6570923552806094,CLOSED,t,,,trade_switch,,,2026-09-24 16:20:44.026631+00,2026-09-24 16:21:36.506194+00,0.87465938333333333333
4946,USD1/USDT,SELL,FUTURES,TRANSITION,0.99965,0.9995,35.01225429,5,1.019643,0.9696605,0.026259190717497112,0.04025919071789651,0.014000000000399403,0.07502625919070849,CLOSED,t,,,profitable_timeout,,,2026-09-24 16:16:27.946595+00,2026-09-24 20:35:35.665104+00,259.1286418166666667
4945,ENA/USDT,BUY,SPOT,TRENDING,0.2188,0.2198,45.70383912,1,0.214424,0.225364,0.04570383911999992,0.04970383911978232,0.0039999999997824,0.4570383912248621,CLOSED,t,,,profitable_timeout,,,2026-09-24 16:16:27.935178+00,2026-09-24 16:46:28.616454+00,30.0113546000000000
4944,RLUSD/USDT,SELL,FUTURES,TRENDING,1.0004,1.0003,34.9860056,5,1.020408,0.970388,0.017493002799998075,0.03149300280089408,0.014000000000896,0.04998000799679578,CLOSED,t,,,profitable_timeout,,,2026-09-24 16:16:27.925348+00,2026-09-24 20:33:33.084394+00,257.0859841000000000
4943,MUBARAK/USDT,BUY,FUTURES,TRANSITION,0.04619,0.04619,757.73977051,5,0.0452662,0.0475757,0,0.01399999999994276,0.01399999999994276,0,CLOSED,t,,,take_profit,,,2026-09-24 16:16:27.914412+00,2026-09-24 16:20:43.999961+00,4.2680924833333333
4942,BROCCOLI714/USDT,SELL,FUTURES,TRENDING,0.03309,0.03347,1057.72136597,5,0.0337518,0.03136616,-2.0096705953429916,-1.9956705953430127,0.013999999999978923,-5.741915986702907,CLOSED,t,,,stop_loss,,,2026-09-24 16:16:17.654966+00,2026-09-24 16:16:27.762097+00,0.16845218333333333333
4941,ADA/USDT,SELL,FUTURES,TRENDING,0.2486,0.2496,140.78841512,5,0.253572,0.241142,-0.7039420756000005,-0.6899420756004677,0.0139999999995328,-2.0112630732099777,CLOSED,t,,,stop_loss,,,2026-09-24 16:16:00.846813+00,2026-09-24 16:16:27.775084+00,0.44880451666666666667
4940,NEAR/USDT,SELL,FUTURES,TRENDING,4.591,4.619,7.62361141,5,4.68282,4.45327,-1.0673055973999839,-1.0533055974066599,0.013999999993324,-3.0494445654541034,CLOSED,t,,,stop_loss,,,2026-09-24 16:15:50.645476+00,2026-09-24 16:16:27.787982+00,0.61904176666666666667
4939,PENGU/USDT,BUY,SPOT,TRANSITION,0.00992,0.009983,1008.06451613,1,0.0097216,0.0102176,0.06350806451618997,0.0675080645161938,0.00400000000000384,0.63508064516129,CLOSED,t,,,profitable_timeout,,,2026-09-24 16:15:50.635037+00,2026-09-24 16:46:18.278801+00,30.4607294000000000
4938,XRP/USDT,SELL,FUTURES,TRENDING,1.5188,1.5252,23.04450882,5,1.549176,1.473236,-0.7374242822399957,-0.7234242822416693,0.0139999999983264,-2.10692652093757,CLOSED,t,,,stop_loss,,,2026-09-24 16:15:50.625315+00,2026-09-24 16:16:48.001386+00,0.95626785000000000000
4937,牛来/USDT,BUY,FUTURES,TRANSITION,0.10368,0.10488,337.57716049,5,0.1016064,0.1067904,2.0254629629400185,2.0394629629398597,0.01399999999984128,5.7870370370370905,CLOSED,t,,,manual,,,2026-09-24 16:15:50.61407+00,2026-09-24 16:17:38.637708+00,1.8003939666666667
4936,LINK/USDT,SELL,FUTURES,TRANSITION,12.827,12.889,2.72861932,5,13.08354,12.44219,-0.8458719891999916,-0.8318719891929356,0.014000000007056,-2.4167771107819207,CLOSED,t,,,stop_loss,,,2026-09-24 16:15:50.603269+00,2026-09-24 16:17:08.400248+00,1.2966163166666667
4935,SAGA/USDT,SELL,FUTURES,TRANSITION,0.04291,0.04307,815.66068515,5,0.0437682,0.0416227,-0.6525285481200018,-0.6385285481200872,0.0139999999999146,-1.864367280354235,CLOSED,t,,,trade_switch,,,2026-09-24 16:15:40.49884+00,2026-09-24 16:25:23.115878+00,9.7102839666666667
4934,ICP/USDT,SELL,FUTURES,TRENDING,3.155,3.168,11.09350238,5,3.2181,3.06035,-0.721077654700019,-0.707077654696459,0.014000000003559998,-2.0602218700475983,CLOSED,t,,,stop_loss,,,2026-09-24 16:15:40.482936+00,2026-09-24 16:16:48.022923+00,1.1256664500000000
4933,APT/USDT,SELL,FUTURES,TRENDING,0.8269,0.8307,42.32676261,5,0.843438,0.802093,-0.8042084895900053,-0.7902084895891217,0.0140000000008836,-2.2977385415407094,CLOSED,t,,,stop_loss,,,2026-09-24 16:15:40.470231+00,2026-09-24 16:16:15.802869+00,0.58887730000000000000
4932,UNI/USDT,BUY,FUTURES,TRANSITION,9.217,9.297,3.79733102,5,9.03266,9.49351,1.5189324080000068,1.5329324080045428,0.014000000004536004,4.3398068785939214,CLOSED,t,,,manual,,,2026-09-24 16:15:40.440623+00,2026-09-24 16:17:38.655394+00,1.9702461833333333
4931,INJ/USDT,SELL,FUTURES,TRENDING,8.503,8.569,4.11619428,5,8.67306,8.24791,-1.3583441124000148,-1.344344112414879,0.013999999985136001,-3.8809831824062524,CLOSED,t,0.8924123048782349,-2.6702988147735596,stop_loss,1.5743,35.93,2026-09-24 15:58:57.428122+00,2026-09-24 16:16:48.038319+00,17.8435032833333333
4930,LTC/USDT,SELL,FUTURES,TRENDING,74.33,74.77,0.47087313,5,75.8166,72.1001,-1.0359208859999947,-1.0219208860988347,0.013999999901159998,-2.9597739808959895,CLOSED,t,0.92,-2.919055938720703,stop_loss,1.5415,41.03,2026-09-24 15:58:52.288255+00,2026-09-24 16:16:27.823011+00,17.5922459333333333
4929,WLD/USDT,BUY,FUTURES,TRENDING,0.4391,0.452273,79.70849465,5,0.430318,0.452273,5.300614894225008,5.314614894225334,0.014000000000326,15.14461398314737,CLOSED,t,0.8687027096748352,6.468372344970703,take_profit,1.2156,36.01,2026-09-24 15:58:47.170589+00,2026-09-24 16:15:40.256272+00,16.8847613833333333
4928,ETC/USDT,SELL,FUTURES,TRENDING,10,10.05,3.5,5,10.2,9.7,-0.8750000000000125,-0.8610000000000125,0.014,-2.5000000000000355,CLOSED,t,0.92,-5.441485404968262,stop_loss,1.8861,35.23,2026-09-24 15:58:03.411593+00,2026-09-24 16:15:40.325922+00,17.6152388166666667
4927,FIL/USDT,SELL,FUTURES,TRANSITION,0.9986,1.0043,35.0490687,5,1.018572,0.968642,-0.9988984579499871,-0.9848984579484591,0.014000000001528,-2.853995593831327,CLOSED,t,0.8305081129074097,-3.8985211849212646,stop_loss,1.0933,22.05,2026-09-24 15:57:28.787886+00,2026-09-24 16:16:48.048309+00,19.3210070500000000
4926,APT/USDT,SELL,FUTURES,TRENDING,0.8293,0.8259,42.20426866,5,0.845886,0.804421,0.7174725672200148,0.73147256721991,0.0139999999998952,2.0499216206439588,CLOSED,t,0.9120398759841919,-2.769303798675537,trailing_stop,1.3841,36.18,2026-09-24 15:54:36.975911+00,2026-09-24 15:58:03.311297+00,3.4389231000000000
4925,DOT/USDT,SELL,FUTURES,TRENDING,1.171,1.176,29.88898377,5,1.19442,1.13587,-0.7472245942499839,-0.7332245942521158,0.013999999997868,-2.1349274124679303,CLOSED,t,0.92,-1.9943537712097168,stop_loss,0.8924,29.29,2026-09-24 15:53:30.40397+00,2026-09-24 16:18:18.613494+00,24.8034920666666667
4924,LTC/USDT,SELL,FUTURES,TRENDING,73.99,74.25,0.4730369,5,75.4698,71.7703,-0.6149479700000121,-0.6009479699076121,0.014000000092399998,-1.7569941884038731,CLOSED,t,0.92,-2.919055938720703,trade_switch,1.5415,41.03,2026-09-24 15:52:56.28078+00,2026-09-24 15:54:36.94113+00,1.6776725000000000
4923,SAGA/USDT,SELL,FUTURES,TRANSITION,0.04331,0.04312,808.12745324,5,0.0441762,0.0420107,0.7677210805780108,0.7817210805779405,0.013999999999929761,2.1934888016624643,CLOSED,t,0.92,-2.553284168243408,trailing_stop,1.9517,22.36,2026-09-24 15:52:31.362414+00,2026-09-24 15:53:30.326791+00,0.98273961666666666667
4922,LINK/USDT,SELL,FUTURES,TRANSITION,12.745,12.784,2.74617497,5,12.9999,12.36265,-0.5355041191500203,-0.5215041191529602,0.013999999997060001,-1.5300117693213604,CLOSED,t,0.92,-0.7432159185409546,trade_switch,0.7104,24.15,2026-09-24 15:52:26.222915+00,2026-09-24 15:58:52.255409+00,6.4338749000000000
4921,ETC/USDT,SELL,FUTURES,TRENDING,10.07,10.12,3.47567031,5,10.2714,9.7679,-0.8689175774999814,-0.8549175774913015,0.014000000008680001,-2.4826216484607215,CLOSED,t,0.92,-5.441485404968262,stop_loss,1.8861,35.23,2026-09-24 15:51:17.97294+00,2026-09-24 15:52:26.140882+00,1.1361323666666667
4920,INJ/USDT,SELL,FUTURES,TRENDING,8.526,8.466,4.10509031,5,8.69652,8.27022,1.2315270930000102,1.2455270929932343,0.013999999993223999,3.5186488388459125,CLOSED,t,0.8924123048782349,-2.6702988147735596,trailing_stop,1.5743,35.93,2026-09-24 15:50:38.340531+00,2026-09-24 15:52:56.187211+00,2.2974446666666667
4919,SAGA/USDT,SELL,FUTURES,TRANSITION,0.04318,0.04331,810.56044465,5,0.0440436,0.0418846,-0.5268642890224927,-0.5128642890224979,0.013999999999994803,-1.5053265400648237,CLOSED,t,0.92,-2.553284168243408,trade_switch,1.9517,22.36,2026-09-24 15:50:33.217899+00,2026-09-24 15:52:31.331376+00,1.9685579500000000
4918,AAVE/USDT,BUY,SPOT,TRENDING,143.86,144.93,0.06951203,1,140.9828,148.1758,0.0743778720999986,0.0783778723543186,0.004000000254320001,0.7437786737105379,CLOSED,t,0.6841821074485779,2.1667137145996094,profitable_timeout,0.905,27.43,2026-09-24 15:49:29.097067+00,2026-09-24 16:19:33.986574+00,30.0814917833333333
4917,INJ/USDT,SELL,FUTURES,TRENDING,8.499,8.526,4.11813154,5,8.66898,8.24403,-0.5559477578999844,-0.5419477579166004,0.013999999983384002,-1.588422167313757,CLOSED,t,0.8924123048782349,-2.6702988147735596,trade_switch,1.5743,35.93,2026-09-24 15:48:59.517707+00,2026-09-24 15:50:38.308563+00,1.6465142666666667
4916,ICP/USDT,SELL,FUTURES,TRENDING,3.127,3.109,11.19283658,5,3.18954,3.03319,1.0073552921999884,1.0213552921942524,0.013999999994264,2.8781579788934755,CLOSED,t,0.92,-2.0611422061920166,trailing_stop,1.2423,30.64,2026-09-24 15:48:24.244794+00,2026-09-24 15:58:57.329732+00,10.5514156333333333
4915,ARB/USDT,SELL,FUTURES,TRANSITION,0.218,0.2189,160.55045872,5,0.22236,0.21146,-0.7224770642400096,-0.7084770642396255,0.014000000000384,-2.064220183486266,CLOSED,t,0.92,-1.9606999158859253,stop_loss,1.0916,22.37,2026-09-24 15:48:03.874854+00,2026-09-24 16:17:08.424282+00,29.0758238000000000
4914,ASTER/USDT,BUY,SPOT,TRANSITION,0.7099,0.7149,14.08649106,1,0.695702,0.731197,0.07043245530000009,0.07443245530139768,0.0040000000013976,0.7043245527539099,CLOSED,t,0.6056617498397827,2.0262258052825928,profitable_timeout,0.6098,16.04,2026-09-24 15:47:04.485676+00,2026-09-24 16:17:08.433834+00,30.0658026333333333
4913,WLD/USDT,BUY,FUTURES,TRENDING,0.4407,0.4391,79.41910597,5,0.431886,0.453921,-0.6353528477599955,-0.6213528477596039,0.0140000000003916,-1.815293850692068,CLOSED,t,0.8687027096748352,6.468372344970703,trade_switch,1.2156,36.01,2026-09-24 15:46:07.567774+00,2026-09-24 15:58:47.154887+00,12.6597852166666667
4912,ONDO/USDT,SELL,FUTURES,TRENDING,0.519,0.5127,67.43737958,5,0.52938,0.50193462,2.124277456769991,2.138277456770799,0.014000000000808002,6.069364161849684,CLOSED,t,0.92,-6.5777082443237305,trailing_stop,2.1921,50.37,2026-09-24 15:44:14.917012+00,2026-09-24 15:49:29.006476+00,5.2348244000000000
4911,DOT/USDT,SELL,FUTURES,TRENDING,1.165,1.17,30.04291845,5,1.1883,1.13005,-0.7510729612499838,-0.7370729612522838,0.0139999999977,-2.14592274678107,CLOSED,t,0.92,-1.9943537712097168,stop_loss,0.8924,29.29,2026-09-24 15:44:12.460064+00,2026-09-24 15:48:24.16883+00,4.1951461000000000
4910,PEPE/USDT,BUY,SPOT,TRENDING,4.45e-06,4.47e-06,2247191.01123596,1,4.36e-06,4.58e-06,0.044943820224721084,0.048943820224721095,0.004000000000000009,0.4494382022472099,CLOSED,t,0.7024067044258118,4.9649128913879395,profitable_timeout,1.1226,29.68,2026-09-24 15:43:13.848217+00,2026-09-24 16:16:27.848352+00,33.2333355833333333
4909,TIA/USDT,SELL,FUTURES,TRENDING,0.4894,0.4924,71.51614221,5,0.499188,0.474718,-1.0727421331500009,-1.0587421331509712,0.013999999999029601,-3.0649775234981638,CLOSED,t,0.92,-4.450328350067139,stop_loss,1.2019,27.38,2026-09-24 15:43:11.399327+00,2026-09-24 16:16:48.069115+00,33.6111631333333333
4908,OP/USDT,SELL,FUTURES,TRENDING,0.1328,0.1335,263.55421687,5,0.135456,0.128816,-0.9224397590450083,-0.908439759044874,0.014000000000134401,-2.6355421686747222,CLOSED,t,0.8468257784843445,-1.1960608959197998,stop_loss,1.2634,35.21,2026-09-24 15:39:59.754515+00,2026-09-24 15:43:27.21856+00,3.4577340833333333
4907,WIF/USDT,SELL,FUTURES,TRANSITION,0.239,0.2389,146.44351464,5,0.24378,0.23183,0.07322175731999192,0.08722175731957592,0.013999999999583998,0.20920502092047907,CLOSED,t,0.92,-4.800330638885498,profitable_timeout,1.0536,17.96,2026-09-24 15:38:34.577658+00,2026-09-24 16:15:50.516287+00,37.2656438166666667
4906,MARSCOIN/USDT,BUY,SPOT,TRENDING,0.1167,0.1171,85.68980291,1,0.114366,0.120201,0.0342759211639996,0.0382759211638384,0.0039999999998388,0.3427592116538092,CLOSED,t,0.5368847846984863,2.2536046504974365,profitable_timeout,1.6295,25.81,2026-09-24 15:37:59.95442+00,2026-09-24 16:16:27.864161+00,38.4651623500000000
4905,APT/USDT,SELL,FUTURES,TRENDING,0.8254,0.829,42.40368306,5,0.841908,0.800638,-0.7632662950799864,-0.7492662950808968,0.0139999999990896,-2.1807608432274876,CLOSED,t,0.9120398759841919,-2.769303798675537,stop_loss,1.3841,36.18,2026-09-24 15:37:49.753497+00,2026-09-24 15:48:59.448774+00,11.1615879500000000
4904,SUI/USDT,SELL,FUTURES,TRENDING,1.0106,1.0051,34.63289135,5,1.030812,0.980282,0.9524045121249722,0.9664045121242962,0.013999999999324001,2.7211557490598848,CLOSED,t,0.92,-0.986335039138794,trailing_stop,1.0717,30.11,2026-09-24 15:37:45.667992+00,2026-09-24 16:15:40.384373+00,37.9119396833333333
4903,SAGA/USDT,SELL,FUTURES,TRANSITION,0.04363,0.04326,802.20032088,5,0.0445026,0.0423211,1.484070593628009,1.4980705936280068,0.01399999999999776,4.240201696080704,CLOSED,t,0.92,-2.553284168243408,manual,1.9517,22.36,2026-09-24 15:37:40.562562+00,2026-09-24 15:43:39.453792+00,5.9815205000000000
4902,FIL/USDT,SELL,FUTURES,TRANSITION,1.0011,1.0054,34.9615423,5,1.021122,0.971067,-0.7516731594499947,-0.7376731594513827,0.013999999998612001,-2.147637598641479,CLOSED,t,0.8305081129074097,-3.8985211849212646,stop_loss,1.0933,22.05,2026-09-24 15:37:35.428371+00,2026-09-24 15:50:33.156555+00,12.9621364000000000
4901,ICP/USDT,SELL,FUTURES,TRENDING,3.099,3.127,11.2939658,5,3.16098,3.00603,-1.5811552119999763,-1.5671552119942964,0.014000000005680002,-4.517586318167083,CLOSED,t,0.92,-2.0611422061920166,stop_loss,1.2423,30.64,2026-09-24 15:37:30.329791+00,2026-09-24 15:42:39.089634+00,5.1459973833333333
4900,LTC/USDT,SELL,FUTURES,TRENDING,73.9,74.23,0.47361299,5,75.378,71.683,-0.7814614334999958,-0.7674614335155957,0.013999999984400002,-2.232746955345049,CLOSED,t,0.92,-2.919055938720703,stop_loss,1.5415,41.03,2026-09-24 15:37:20.13002+00,2026-09-24 15:47:40.492536+00,10.3393752666666667
4899,ZEC/USDT,SELL,FUTURES,TRANSITION,1523.44,1513.62,0.02297432,5,1553.9088,1477.7368,1.1280391120000188,1.1420391112243389,0.013999999224320003,3.2229690699995284,CLOSED,t,0.92,-0.9909194111824036,trailing_stop,0.904,19.46,2026-09-24 15:36:46.622433+00,2026-09-24 16:16:00.803303+00,39.2363478333333333
4898,ETC/USDT,SELL,FUTURES,TRENDING,10.18,10.18,3.43811395,5,10.3836,9.8746,0.17190569749999632,0.1859056975043963,0.0140000000044,0.491159135559911,CLOSED,t,0.92,-5.441485404968262,take_profit,1.8861,35.23,2026-09-24 15:36:12.075944+00,2026-09-24 15:45:46.262842+00,9.5697816333333333
4897,ARB/USDT,SELL,FUTURES,TRANSITION,0.2171,0.2183,161.21602948,5,0.221442,0.210587,-0.967296176880005,-0.9532961768799618,0.014000000000043198,-2.7637033625057725,CLOSED,t,0.92,-1.776313066482544,stop_loss,1.0741,22.82,2026-09-24 15:35:18.210888+00,2026-09-24 15:37:30.232843+00,2.2003659166666667
4896,ONDO/USDT,SELL,FUTURES,TRENDING,0.5122,0.5155,77.46435674,5,0.522444,0.49550417,-1.278161886209988,-1.2622909888010967,0.0158708974088912,-3.221397891448623,CLOSED,t,0.92,-5.251178741455078,stop_loss,2.1731,49.93,2026-09-24 15:35:18.202255+00,2026-09-24 15:36:11.979147+00,0.89628153333333333333
4895,BCH/USDT,SELL,FUTURES,TRANSITION,340.8,338.6,0.10269953,5,347.616,330.576,1.129694829999994,1.1436948299295941,0.0139999999296,3.227699530516415,CLOSED,t,0.7300266623497009,-2.583813428878784,trailing_stop,1.0795,21.91,2026-09-24 15:35:18.194453+00,2026-09-24 16:15:50.532699+00,40.5389707666666667
4894,INJ/USDT,SELL,FUTURES,TRENDING,8.463,8.503,4.68831898,5,8.63226,8.20911,-0.9376637960000216,-0.9217928985889255,0.015870897411096,-2.363228169679837,CLOSED,t,0.92,-2.617494821548462,stop_loss,1.3785,34.33,2026-09-24 15:35:18.185955+00,2026-09-24 15:36:46.541964+00,1.4726001500000000
4893,AVAX/USDT,BUY,SPOT,TRANSITION,10.367,10.38,0.96459921,1,10.15966,10.67801,0.012539789729999367,0.01653978973402737,0.004000000004028001,0.12539789717371796,CLOSED,t,0.5423910021781921,2.9635722637176514,profitable_timeout,0.8133,21.26,2026-09-24 15:35:18.177761+00,2026-09-24 16:15:40.402647+00,40.3704147666666667
4892,APT/USDT,SELL,FUTURES,TRENDING,0.8223,0.8254,48.25154265,5,0.838746,0.797631,-0.7478989110749982,-0.7320280136665602,0.015870897408438,-1.8849568284081186,CLOSED,t,0.92,-3.191000461578369,trade_switch,1.3883,35.38,2026-09-24 15:35:18.169761+00,2026-09-24 15:37:49.728805+00,2.5259840666666667
4891,SUI/USDT,SELL,FUTURES,TRENDING,1.007,1.0106,39.40143349,5,1.02714,0.97679,-0.7092258028200094,-0.6933549054102374,0.015870897409772,-1.7874875868917814,CLOSED,t,0.92,-2.490520477294922,trade_switch,1.0432,29.71,2026-09-24 15:35:18.162122+00,2026-09-24 15:37:45.642178+00,2.4580009333333333
4890,DOT/USDT,SELL,FUTURES,TRENDING,1.158,1.163,34.26359544,5,1.18116,1.12326,-0.8565898860000197,-0.8407189885922117,0.015870897407808,-2.158894645941328,CLOSED,t,0.875832200050354,-2.481088638305664,stop_loss,0.8825,28.69,2026-09-24 15:35:18.154619+00,2026-09-24 15:37:59.88926+00,2.6955773500000000
4889,PEPE/USDT,BUY,FUTURES,TRENDING,4.44e-06,4.46e-06,8936316.10827574,5,4.35e-06,4.57e-06,0.8936316108275648,0.9095025082358625,0.015870897408297713,2.2522522522522292,CLOSED,t,0.6639787554740906,5.346333026885986,trailing_stop,1.1153,30.11,2026-09-24 15:35:18.145867+00,2026-09-24 15:37:40.474708+00,2.3721473500000000
4888,TAO/USDT,BUY,FUTURES,TRANSITION,290.4,290.9,0.12052342,5,284.592,299.112,0.30130854999999085,0.31530855046719086,0.0140000004672,0.8608815426996985,CLOSED,t,0.7866518497467041,3.934704065322876,profitable_timeout,0.9902,19.01,2026-09-24 15:35:18.13737+00,2026-09-24 16:15:50.541387+00,40.5400669500000000
4887,TIA/USDT,SELL,FUTURES,TRENDING,0.4864,0.4886,81.57328026,5,0.496128,0.471808,-0.8973060828599919,-0.8814351854526064,0.015870897407385603,-2.2615131578947163,CLOSED,t,0.92,-4.174666404724121,stop_loss,1.1516,26.88,2026-09-24 15:35:18.127977+00,2026-09-24 15:37:20.071621+00,2.0323940666666667
4886,PUMP/USDT,BUY,SPOT,TRANSITION,0.003872,0.003877,2582.6446281,1,0.00379456,0.00398816,0.012913223140500165,0.016913223140501445,0.00400000000000128,0.12913223140496033,CLOSED,t,0.7430195808410645,6.530669212341309,profitable_timeout,1.0618,24.53,2026-09-24 15:35:18.119613+00,2026-09-24 16:15:50.552338+00,40.5405454166666667
4885,WIF/USDT,SELL,FUTURES,TRANSITION,0.2381,0.239,146.99706006,5,0.242862,0.230957,-0.6614867702699884,-0.647486770269874,0.0140000000001144,-1.8899622007559516,CLOSED,t,0.9122157692909241,-4.395633697509766,trade_switch,1.0706,18.79,2026-09-24 15:35:18.110824+00,2026-09-24 15:38:34.558307+00,3.2741247166666667
4884,FIL/USDT,SELL,FUTURES,TRANSITION,0.9975,1.0011,35.0877193,5,1.01745,0.967575,-0.6315789474000084,-0.6175789473993084,0.014000000000700001,-1.8045112781955126,CLOSED,t,0.8667476773262024,-4.340201377868652,trade_switch,1.0888,21.82,2026-09-24 15:35:18.102814+00,2026-09-24 15:37:35.409111+00,2.2884382833333333
4883,WLD/USDT,BUY,FUTURES,TRENDING,0.4392,0.4417,90.33980765,5,0.430416,0.452376,1.1292475956250103,1.1451184930329623,0.015870897407951997,2.846083788706766,CLOSED,t,0.8596509695053101,6.790947437286377,trailing_stop,1.2217,35.53,2026-09-24 15:35:18.093697+00,2026-09-24 15:39:59.696437+00,4.6933790000000000
4882,XLM/USDT,SELL,FUTURES,TRANSITION,0.2092,0.2089,167.3040153,5,0.213384,0.202924,0.25095602294999564,0.26495602295029963,0.014000000000304002,0.7170172084129893,CLOSED,t,0.92,-3.7884788513183594,profitable_timeout,0.8003,24.76,2026-09-24 15:35:18.083044+00,2026-09-24 16:15:50.562704+00,40.5413276666666667
4881,UNI/USDT,BUY,FUTURES,TRANSITION,9.24,9.277,3.78787879,5,9.0552,9.5172,0.7007575761500011,0.7147575761578411,0.014000000007840002,2.002164502164505,CLOSED,t,0.92,4.768061637878418,trailing_stop,0.9891,22.3,2026-09-24 15:35:18.072759+00,2026-09-24 15:57:28.758221+00,22.1780910333333333
4880,FET/USDT,BUY,FUTURES,TRENDING,0.2212,0.2245,179.37271031,5,0.216776,0.227836,2.9596497201149905,2.975520617523219,0.0158708974082288,7.459312839059651,CLOSED,t,0.8310864567756653,8.660323143005371,manual,1.4862,41.97,2026-09-24 15:35:18.06123+00,2026-09-24 15:43:04.779491+00,7.7786376833333333
4879,UNI/USDT,BUY,FUTURES,TRANSITION,9.102,9.062,3.84530872,5,8.91996,9.37506,-0.7690617440000167,-0.7550617440122407,0.013999999987775999,-2.19731927049005,CLOSED,t,0.92,4.423853874206543,stop_loss,0.8355,24.01,2026-09-24 14:50:14.695378+00,2026-09-24 14:53:07.965569+00,2.8878365166666667
4878,BROCCOLI714/USDT,SELL,FUTURES,TRENDING,0.03176,0.03155,1102.01511335,5,0.0323952,0.0302278,1.157115869017472,1.1711158690174706,0.013999999999998401,3.3060453400502983,CLOSED,t,0.92,-2.7245585918426514,trailing_stop,3.2162,59.72,2026-09-24 14:49:10.604767+00,2026-09-24 14:51:32.823259+00,2.3703082000000000
4877,TAO/USDT,BUY,FUTURES,TRANSITION,287.8,286.5,0.12161223,5,282.044,296.434,-0.7904794950000129,-0.7764794950824129,0.013999999917600002,-2.258512856150141,CLOSED,t,0.7250856161117554,5.573321342468262,stop_loss,0.7752,22.04,2026-09-24 14:49:10.579336+00,2026-09-24 14:50:04.425943+00,0.89744345000000000000
4876,LTC/USDT,SELL,FUTURES,TRENDING,72.4,72.09,0.48342541,5,73.848,70.228,0.7493093855000054,0.7633093853736054,0.013999999873600002,2.1408839779005677,CLOSED,t,0.92,-2.6467113494873047,trailing_stop,1.5281,34.76,2026-09-24 14:48:35.948532+00,2026-09-24 14:53:42.415669+00,5.1077856166666667
4875,牛来/USDT,BUY,FUTURES,TRENDING,0.10454,0.10363,334.80007653,5,0.1024492,0.1076762,-1.5233403482114851,-1.5093403482113066,0.01400000000017848,-4.352400994834471,CLOSED,t,0.8452221751213074,0.7558078765869141,stop_loss,1.3692,30.92,2026-09-24 14:48:16.596129+00,2026-09-24 14:49:01.427911+00,0.74719636666666666667
4874,ENA/USDT,SELL,FUTURES,TRENDING,0.2217,0.216,157.87099684,5,0.226134,0.215049,4.499323409940009,4.51332340993978,0.0139999999997712,12.85520974289583,CLOSED,t,0.7921184301376343,-0.36759892106056213,trailing_stop,1.2155,34.91,2026-09-24 14:47:12.214178+00,2026-09-24 14:50:14.626926+00,3.0402124666666667
4873,ONE/USDT,BUY,FUTURES,TRANSITION,0.002551,0.002532,13720.10976088,5,0.00249998,0.00267906,-1.3034104272836031,-1.2894104272836011,0.01400000000000195,-3.724029792238348,CLOSED,t,0.7863167524337769,3.117227077484131,stop_loss,3.3467,12.25,2026-09-24 14:47:12.202585+00,2026-09-24 14:48:16.515542+00,1.0718826166666667
4872,NEAR/USDT,SELL,FUTURES,TRENDING,4.627,4.608,7.56429652,5,4.71954,4.48819,0.7186081694000049,0.7326081693992209,0.013999999999215999,2.0531661984007057,CLOSED,t,0.901612401008606,-2.4800102710723877,trailing_stop,1.4349,29.47,2026-09-24 14:46:47.753523+00,2026-09-24 14:49:01.442515+00,2.2281498666666667
4871,ETC/USDT,SELL,FUTURES,TRENDING,9.99,9.99,3.5035035,5,10.1898,9.6903,0.17517517499999627,0.18917517498599626,0.013999999986000001,0.5005005005004899,CLOSED,t,0.92,-5.082402229309082,take_profit,1.5435,31.96,2026-09-24 14:46:38.609872+00,2026-09-24 14:47:22.329+00,0.72865213333333333333
4870,ZEC/USDT,SELL,FUTURES,TRANSITION,1515.35,1504.81,0.02309697,5,1545.657,1469.8895,1.2172103189999959,1.231210316395796,0.0139999973958,3.47774441548156,CLOSED,t,0.8725437521934509,-0.9097777605056763,trailing_stop,0.79,23.19,2026-09-24 14:46:33.484617+00,2026-09-24 14:50:29.929071+00,3.9407409000000000
4869,AAVE/USDT,BUY,FUTURES,TRENDING,143.65,143.01,0.24364775,5,140.777,147.9595,-0.7796728000000183,-0.7656728002850183,0.013999999715000003,-2.22763661677694,CLOSED,t,0.6361416578292847,2.29923939704895,stop_loss,0.7625,26.45,2026-09-24 14:46:33.472068+00,2026-09-24 14:48:26.742764+00,1.8878449333333333
4868,ARB/USDT,SELL,FUTURES,TRENDING,0.219,0.2149,159.8173516,5,0.22338,0.21243,3.276255707799994,3.290255707800154,0.01400000000016,9.36073059360729,CLOSED,t,0.92,-1.2477048635482788,trailing_stop,0.8357,26.44,2026-09-24 14:45:39.617337+00,2026-09-24 14:50:29.942455+00,4.8387519666666667
4867,SUI/USDT,SELL,FUTURES,TRENDING,1.0083,0.9943,34.7118913,5,1.028466,0.978051,2.429832391000002,2.443832390999118,0.013999999999116,6.9423782604383675,CLOSED,t,0.92,-2.1171722412109375,trailing_stop,0.7871,28.22,2026-09-24 14:45:22.688839+00,2026-09-24 14:50:29.954954+00,5.1211019166666667
4866,APT/USDT,SELL,FUTURES,TRENDING,0.8344,0.831,41.94630872,5,0.851088,0.809368,0.7130872482400145,0.7270872482384017,0.0139999999983872,2.0373921380633204,CLOSED,t,0.92,-3.2884342670440674,trailing_stop,1.0453,30.54,2026-09-24 14:45:22.679129+00,2026-09-24 14:48:06.247825+00,2.7261449333333333
4865,PUMP/USDT,BUY,FUTURES,TRENDING,0.003922,0.003903,8924.01835798,5,0.00384356,0.00403966,-0.847781744008124,-0.833781744008125,0.013999999999999025,-2.4222335543090945,CLOSED,t,0.7923882007598877,8.170953750610352,stop_loss,0.8592,28.21,2026-09-24 14:45:22.657834+00,2026-09-24 14:47:12.138993+00,1.8246859833333333
4864,ONDO/USDT,SELL,FUTURES,TRENDING,0.5029,0.5056,69.59634122,5,0.512958,0.487813,-0.9395506064700123,-0.9255506064701972,0.0139999999998152,-2.68443030423547,CLOSED,t,0.92,-4.723069190979004,stop_loss,1.8904,47.23,2026-09-24 14:44:47.961823+00,2026-09-24 14:45:22.58005+00,0.57697045000000000000
4863,PEPE/USDT,BUY,FUTURES,TRENDING,4.47e-06,4.45e-06,7829977.62863535,5,4.38e-06,4.6e-06,-0.7829977628635661,-0.7689977628635661,0.014000000000000005,-2.237136465324474,CLOSED,t,0.6874240040779114,6.553276538848877,stop_loss,0.8251,32.57,2026-09-24 14:44:47.940153+00,2026-09-24 14:47:02.989782+00,2.2508271500000000
4862,TIA/USDT,SELL,FUTURES,TRENDING,0.4887,0.4799,71.61857991,5,0.498474,0.474039,3.15121751604001,3.165217516040817,0.0140000000008068,9.003478616738315,CLOSED,t,0.92,-5.752774715423584,trailing_stop,1.0169,26.63,2026-09-24 14:44:28.646161+00,2026-09-24 14:50:29.965471+00,6.0219885000000000
4861,BROCCOLI714/USDT,SELL,FUTURES,TRENDING,0.0319,0.0319,1097.17868339,5,0.032538,0.03036105,0,0.014000000000056401,0.014000000000056401,0,CLOSED,t,0.92,-2.7245585918426514,take_profit,3.2162,59.72,2026-09-24 14:42:54.190758+00,2026-09-24 14:44:09.230173+00,1.2506569166666667
4860,INJ/USDT,SELL,FUTURES,TRENDING,8.315,8.21,4.20926037,5,8.4813,8.06555,2.209861694249972,2.223861694240592,0.013999999990620002,6.3138905592302255,CLOSED,t,0.92,-2.5220947265625,manual,1.2343,32.77,2026-09-24 14:42:09.847576+00,2026-09-24 14:46:28.265059+00,4.3069580500000000
4859,UNI/USDT,BUY,FUTURES,TRANSITION,9.262,9.222,3.77888145,5,9.07676,9.53986,-0.7557762900000149,-0.7417762900040549,0.013999999995960003,-2.159360829194601,CLOSED,t,0.92,4.423853874206543,stop_loss,0.8355,24.01,2026-09-24 14:41:59.389095+00,2026-09-24 14:45:12.346308+00,3.2159535500000000
4858,ONE/USDT,BUY,FUTURES,TRANSITION,0.00254,0.002526,13779.52755906,5,0.0024892,0.00266751,-0.9645669291342059,-0.9505669291342009,0.01400000000000496,-2.755905511811041,CLOSED,t,0.7863167524337769,3.117227077484131,stop_loss,3.3467,12.25,2026-09-24 14:41:49.761987+00,2026-09-24 14:42:09.704786+00,0.33237998333333333333
4857,BCH/USDT,SELL,FUTURES,TRANSITION,343.4,336.7,0.10192196,5,350.268,333.098,3.414385659999994,3.428385660425594,0.014000000425600002,9.755387303436208,CLOSED,t,0.9043636322021484,-2.9664106369018555,trailing_stop,0.8982,21.37,2026-09-24 14:41:34.80577+00,2026-09-24 14:50:29.975946+00,8.9195029333333333
4856,LTC/USDT,SELL,FUTURES,TRENDING,73.51,73.16,0.4761257,5,74.9802,71.3047,0.8332199750000203,0.8472199750828203,0.0140000000828,2.380628485920341,CLOSED,t,0.92,-2.6467113494873047,trailing_stop,1.5281,34.76,2026-09-24 14:41:24.58682+00,2026-09-24 14:43:34.41236+00,2.1637590000000000
4855,SAGA/USDT,SELL,FUTURES,TRANSITION,0.04442,0.04378,787.93336335,5,0.0453084,0.04306606,2.5213867627200073,2.53538676272001,0.014000000000002804,7.203962179198578,CLOSED,t,0.92,-3.8658668994903564,trailing_stop,2.032,24.87,2026-09-24 14:40:54.802002+00,2026-09-24 14:50:29.985895+00,9.5863982166666667
4854,RLUSD/USDT,SELL,FUTURES,TRENDING,1.0004,1.0003,34.9860056,5,1.020408,0.970388,0.017493002799998075,0.03149300280089408,0.014000000000896,0.04998000799679578,CLOSED,t,0.92,-0.00162732123862952,profitable_timeout,0.013,36.74,2026-09-24 14:40:24.994903+00,2026-09-24 15:46:59.483541+00,66.5748106333333333
4853,USD1/USDT,BUY,FUTURES,TRANSITION,0.99953,0.99956,35.01645774,5,0.9795394,1.0295159,0.005252468660990307,0.019252468662935188,0.014000000001944882,0.015007053315030383,CLOSED,t,0.92,0.002250175690278411,profitable_timeout,0.0044,24.45,2026-09-24 14:40:24.985419+00,2026-09-24 15:10:28.9695+00,30.0664013500000000
4852,NEAR/USDT,SELL,FUTURES,TRENDING,4.695,4.672,7.45473908,5,4.7889,4.55415,0.8572949942000214,0.8712949941922614,0.013999999992240001,2.4494142705005935,CLOSED,t,0.901612401008606,-2.4800102710723877,trailing_stop,1.4349,29.47,2026-09-24 14:40:24.961801+00,2026-09-24 14:41:44.982594+00,1.3336798833333333
4851,ETC/USDT,SELL,FUTURES,TRENDING,10.21,10.21,3.42801175,5,10.4142,9.9037,0,0.013999999987000002,0.013999999987000002,0,CLOSED,t,0.92,-5.082402229309082,take_profit,1.5435,31.96,2026-09-24 14:39:51.222563+00,2026-09-24 14:41:34.732943+00,1.7251730000000000
4850,TAO/USDT,BUY,FUTURES,TRANSITION,293.4,292.2,0.11929107,5,287.532,302.202,-0.7157464200000022,-0.7017464200248023,0.013999999975199998,-2.0449897750511314,CLOSED,t,0.7250856161117554,5.573321342468262,stop_loss,0.7752,22.04,2026-09-24 14:39:51.203469+00,2026-09-24 14:44:09.272499+00,4.3011505000000000
4849,WLD/USDT,BUY,FUTURES,TRENDING,0.4426,0.4398,79.07817442,5,0.433748,0.455878,-1.1070944418799826,-1.0930944418806658,0.0139999999993168,-3.1631269769543113,CLOSED,t,0.6604393720626831,6.106834411621094,stop_loss,0.928,32.32,2026-09-24 14:39:28.202421+00,2026-09-24 14:45:32.827546+00,6.0770854166666667
4848,HBAR/USDT,SELL,FUTURES,TRENDING,0.09477,0.09397,369.31518413,5,0.0966654,0.0919269,1.4772607365199908,1.4912607365199908,0.014000000000000038,4.220744961485677,CLOSED,t,0.8541935682296753,-0.10782583057880402,trailing_stop,0.6421,29.47,2026-09-24 14:37:55.239719+00,2026-09-24 14:46:38.543467+00,8.7217291333333333
4847,ENA/USDT,SELL,FUTURES,TRENDING,0.2245,0.2234,155.90200445,5,0.22899,0.217765,0.8574610244750138,0.8714610244746238,0.013999999999610001,2.4498886414254293,CLOSED,t,0.7921184301376343,-0.36759892106056213,trailing_stop,1.2155,34.91,2026-09-24 14:37:55.230371+00,2026-09-24 14:42:09.764641+00,4.2422378333333333
4846,ADA/USDT,SELL,FUTURES,TRENDING,0.2499,0.2454,140.05602241,5,0.254898,0.242403,3.151260504225003,3.1652605042251065,0.014000000000103601,9.003601440576238,CLOSED,t,0.92,-0.24276071786880493,trailing_stop,0.665,26.3,2026-09-24 14:36:59.897078+00,2026-09-24 14:50:30.002959+00,13.5017646833333333
4845,牛来/USDT,BUY,FUTURES,TRENDING,0.10553,0.10627,331.65924382,5,0.1034194,0.1086959,1.2271392021340097,1.2411392021341396,0.01400000000012984,3.5061120060646545,CLOSED,t,0.8452221751213074,0.7558078765869141,trailing_stop,1.3692,30.92,2026-09-24 14:36:50.667364+00,2026-09-24 14:43:14.788092+00,6.4020121333333333
4844,ONE/USDT,BUY,FUTURES,TRANSITION,0.002574,0.002556,13597.51359751,5,0.00252252,0.00270322,-1.223776223775878,-1.2097762237758818,0.013999999999996297,-3.4965034965034336,CLOSED,t,0.7863167524337769,3.117227077484131,stop_loss,3.3467,12.25,2026-09-24 14:36:35.36592+00,2026-09-24 14:36:45.459517+00,0.16822661666666666667
4843,BROCCOLI714/USDT,SELL,FUTURES,TRENDING,0.03203,0.03162,1092.72556978,5,0.0326706,0.03048478,2.240087418049003,2.2540874180490245,0.01400000000002136,6.40024976584453,CLOSED,t,0.92,-2.7245585918426514,trailing_stop,3.2162,59.72,2026-09-24 14:36:26.123107+00,2026-09-24 14:37:50.016651+00,1.3982257333333333
4842,XRP/USDT,SELL,FUTURES,TRENDING,1.5255,1.5038,22.94329728,5,1.55601,1.479735,2.489347754880006,2.503347754880262,0.014000000000256,7.112422156669961,CLOSED,t,0.92,-0.578044593334198,trailing_stop,0.5665,28.65,2026-09-24 14:35:56.391416+00,2026-09-24 14:50:30.012826+00,14.5603568333333333
4841,ZEC/USDT,SELL,FUTURES,TRANSITION,1528.56,1521.97,0.02289737,5,1559.1312,1482.7032,0.7544683414999906,0.7684683430548707,0.014000001554880001,2.155623593447401,CLOSED,t,0.8725437521934509,-0.9097777605056763,trailing_stop,0.79,23.19,2026-09-24 14:34:46.818928+00,2026-09-24 14:40:20.63682+00,5.5636315333333333
4840,ARB/USDT,SELL,FUTURES,TRENDING,0.223,0.2214,156.95067265,5,0.22746,0.21631,1.2556053811999925,1.2696053812003725,0.014000000000380002,3.587443946188319,CLOSED,t,0.92,-1.2477048635482788,trailing_stop,0.8357,26.44,2026-09-24 14:34:46.808698+00,2026-09-24 14:40:20.646925+00,5.5639704500000000
4839,NEAR/USDT,SELL,FUTURES,TRENDING,4.715,4.747,7.42311771,5,4.8093,4.57355,-1.1876988336000012,-1.1736988335989411,0.01400000000106,-3.3934252386002157,CLOSED,t,0.901612401008606,-2.4800102710723877,stop_loss,1.4349,29.47,2026-09-24 14:34:36.347244+00,2026-09-24 14:34:41.384758+00,0.08395856666666666667
4838,LTC/USDT,SELL,FUTURES,TRENDING,74.07,74.46,0.47252599,5,75.5514,71.8479,-0.9214256805000014,-0.9074256804682814,0.014000000031719998,-2.632644795463755,CLOSED,t,0.92,-2.6467113494873047,stop_loss,1.5281,34.76,2026-09-24 14:34:16.686113+00,2026-09-24 14:36:20.898717+00,2.0702100666666667
4837,MUBARAK/USDT,BUY,SPOT,TRANSITION,0.04841,0.04731,206.56889073,1,0.0474418,0.0498623,-0.2272257798030005,-0.22322577980290476,0.00400000000009572,-2.2722577979756298,CLOSED,t,0.6712256669998169,0.8736174702644348,stop_loss,1.6438,21.23,2026-09-24 14:34:06.421027+00,2026-09-24 14:49:45.184394+00,15.6460561166666667
4836,ONDO/USDT,SELL,FUTURES,TRENDING,0.5096,0.5065,70.21853402,5,0.519792,0.494312,1.0883872773100363,1.102700623284673,0.014313345974636803,3.0416012558870706,CLOSED,t,0.92,-4.723069190979004,trailing_stop,1.8904,47.23,2026-09-24 14:33:41.959284+00,2026-09-24 14:39:45.976956+00,6.0669612000000000
4835,SAGA/USDT,SELL,FUTURES,TRANSITION,0.04478,0.04478,781.59892809,5,0.0456756,0.04341509,0,0.01399999999994808,0.01399999999994808,0,CLOSED,t,0.92,-3.8658668994903564,take_profit,2.032,24.87,2026-09-24 14:33:41.951096+00,2026-09-24 14:35:50.984113+00,2.1505502833333333
4834,INJ/USDT,SELL,FUTURES,TRENDING,8.257,8.312,4.33370049,5,8.42214,8.00929,-1.1917676347499937,-1.1774542887716217,0.014313345978372,-3.3305074482257306,CLOSED,t,0.92,-2.5220947265625,stop_loss,1.2343,32.77,2026-09-24 14:33:41.942669+00,2026-09-24 14:37:04.946806+00,3.3834022833333333
4833,AAVE/USDT,BUY,FUTURES,TRENDING,145.08,144.47,0.24664575,5,142.1784,149.4324,-0.7522695375000121,-0.7379561913360121,0.014313346164000002,-2.102288392611007,CLOSED,t,0.6361416578292847,2.29923939704895,stop_loss,0.7625,26.45,2026-09-24 14:33:41.931882+00,2026-09-24 14:41:05.116422+00,7.3864090000000000
4832,ETC/USDT,SELL,FUTURES,TRENDING,10.41,10.35,3.43740297,5,10.6182,10.0977,1.0312208910000085,1.0455342369670884,0.01431334596708,2.881844380403482,CLOSED,t,0.92,-5.082402229309082,trailing_stop,1.5435,31.96,2026-09-24 14:33:41.922254+00,2026-09-24 14:34:32.038908+00,0.83527756666666666667
4831,SUI/USDT,SELL,FUTURES,TRENDING,1.0207,1.0166,35.05767114,5,1.041114,0.990079,0.7186822583699989,0.7329956043430381,0.0143133459730392,2.0084255902811763,CLOSED,t,0.92,-2.1171722412109375,trailing_stop,0.7871,28.22,2026-09-24 14:33:41.911852+00,2026-09-24 14:40:20.678392+00,6.6461090000000000
4830,APT/USDT,SELL,FUTURES,TRENDING,0.8471,0.843,42.24219683,5,0.864042,0.821687,0.8659650350149984,0.8802783809888757,0.0143133459738772,2.4200212489670596,CLOSED,t,0.92,-3.2884342670440674,trailing_stop,1.0453,30.54,2026-09-24 14:33:41.90291+00,2026-09-24 14:40:20.693329+00,6.6465069833333333
4829,BCH/USDT,SELL,FUTURES,TRANSITION,345.2,345.2,0.1013905,5,352.104,334.844,0.3041714999999827,0.3181715002399827,0.014000000240000001,0.8690614136731836,CLOSED,t,0.9043636322021484,-2.9664106369018555,take_profit,0.8982,21.37,2026-09-24 14:33:41.895134+00,2026-09-24 14:36:31.185036+00,2.8214983666666667
4828,FIL/USDT,SELL,FUTURES,TRANSITION,1.0182,1.0077,34.37438617,5,1.038564,0.987654,1.8046552739249921,1.8186552739243098,0.013999999999317602,5.1561579257513035,CLOSED,t,0.8259131908416748,-3.029202938079834,manual,0.8634,21.44,2026-09-24 14:33:41.8868+00,2026-09-24 14:46:38.563031+00,12.9446038500000000
4827,DOT/USDT,SELL,FUTURES,TRENDING,1.179,1.165,30.35060639,5,1.20258,1.14363,2.124542447300002,2.138855793273526,0.014313345973524001,5.937234944868538,CLOSED,t,0.92,-2.986032485961914,manual,0.7768,26.25,2026-09-24 14:33:41.878457+00,2026-09-24 14:46:33.435901+00,12.8592907333333333
4826,WLD/USDT,BUY,FUTURES,TRENDING,0.4476,0.4458,79.94496188,5,0.438648,0.461028,-0.7195046569200003,-0.7051913109450051,0.014313345974995199,-2.0107238605898137,CLOSED,t,0.6604393720626831,6.106834411621094,stop_loss,0.928,32.32,2026-09-24 14:33:41.870562+00,2026-09-24 14:34:11.480474+00,0.49349853333333333333
4825,PAXG/USDT,BUY,SPOT,RANGING,4256.32,4256.37,0.00234945,1,4171.1936,4384.0096,0.00011747250000151262,0.004117476909601512,0.0040000044095999995,0.001174723704999714,CLOSED,t,0.5495635867118835,1.335404634475708,profitable_timeout,0.1697,15.95,2026-09-24 14:33:41.862362+00,2026-09-24 15:51:17.93822+00,77.6012643000000000
4824,UNI/USDT,BUY,FUTURES,TRANSITION,9.354,9.311,3.74171477,5,9.16692,9.63462,-0.8044686755499896,-0.7904686755665575,0.013999999983432,-2.298481932862917,CLOSED,t,0.92,4.423853874206543,stop_loss,0.8355,24.01,2026-09-24 14:33:41.854291+00,2026-09-24 14:36:55.733254+00,3.2313160500000000
4823,WIF/USDT,SELL,FUTURES,TRANSITION,0.2418,0.2369,144.74772539,5,0.246636,0.234546,3.5463192720549914,3.5603192720547123,0.0139999999997208,10.132340777502044,CLOSED,t,0.92,-4.863215446472168,trailing_stop,0.8783,21.98,2026-09-24 14:33:41.845317+00,2026-09-24 14:50:30.026147+00,16.8030138333333333
4822,TIA/USDT,SELL,FUTURES,TRENDING,0.4925,0.4898,72.65657855,5,0.50235,0.477725,0.9808638104249927,0.9951771563993427,0.01431334597435,2.7411167512690153,CLOSED,t,0.92,-5.752774715423584,trailing_stop,1.0169,26.63,2026-09-24 14:33:41.83741+00,2026-09-24 14:39:24.098712+00,5.7043550333333333
4821,PEPE/USDT,BUY,FUTURES,TRENDING,4.52e-06,4.5e-06,7916673.65831483,5,4.43e-06,4.66e-06,-0.7916673658314842,-0.777354019857251,0.014313345974233213,-2.212389380530977,CLOSED,t,0.6874240040779114,6.553276538848877,stop_loss,0.8251,32.57,2026-09-24 14:33:41.828528+00,2026-09-24 14:39:46.028901+00,6.0700062166666667
4820,XLM/USDT,SELL,FUTURES,TRANSITION,0.209,0.2067,167.46411483,5,0.21318,0.20273,1.925837320544997,1.939837320544785,0.013999999999788,5.5023923444976,CLOSED,t,0.92,-3.6596107482910156,trailing_stop,0.5733,24.16,2026-09-24 14:33:41.818443+00,2026-09-24 14:50:30.035964+00,16.8036253500000000
4819,PUMP/USDT,BUY,FUTURES,TRENDING,0.003937,0.003937,9088.99287162,5,0.00385826,0.00405511,0.13633489307426516,0.15064823904849234,0.014313345974227176,0.38100076200142663,CLOSED,t,0.7923882007598877,8.170953750610352,take_profit,0.8592,28.21,2026-09-24 14:33:41.806414+00,2026-09-24 14:40:20.798439+00,6.6498670833333333
4818,TAO/USDT,BUY,FUTURES,TRANSITION,295.2,295.2,0.11856369,5,289.296,304.056,0,0.014000000515200001,0.014000000515200001,0,CLOSED,t,0.7250856161117554,5.573321342468262,take_profit,0.7752,22.04,2026-09-24 14:33:41.789688+00,2026-09-24 14:34:41.500567+00,0.99518131666666666667
4817,PEPE/USDT,BUY,FUTURES,TRENDING,4.39e-06,4.37e-06,8170371.65155474,5,4.3e-06,4.52e-06,-0.8170371651554932,-0.8026899925353631,0.014347172620130124,-2.2779043280182765,CLOSED,t,0.552790641784668,5.453884601593018,stop_loss,0.8244,31.67,2026-09-24 14:01:45.246476+00,2026-09-24 14:02:19.422597+00,0.56960201666666666667
4816,INJ/USDT,SELL,FUTURES,TRENDING,8.042,8.095,4.35215121,5,8.20284,7.80074,-1.153320070650018,-1.13932007063769,0.014000000012328,-3.295200198955535,CLOSED,t,0.92,-2.640126943588257,stop_loss,1.2851,32.04,2026-09-24 14:00:17.58581+00,2026-09-24 14:01:21.108743+00,1.0587155500000000
4815,WLD/USDT,BUY,FUTURES,TRANSITION,0.4269,0.4288,81.98641368,5,0.418362,0.439707,0.7788709299600123,0.7928709299600091,0.0139999999999968,2.2253455141719725,CLOSED,t,0.847951352596283,7.214094161987305,trailing_stop,0.9036,29.6,2026-09-24 13:58:58.814023+00,2026-09-24 14:01:00.904091+00,2.0348344666666667
4814,BNB/USDT,BUY,SPOT,TRANSITION,776.57,783.14,0.01287714,1,761.0386,799.8671,0.08460280979999987,0.08860281004391987,0.004000000243920001,0.8460280464092085,CLOSED,t,0.34125351905822754,0.9933630228042603,profitable_timeout,0.2944,21.79,2026-09-24 13:58:15.491599+00,2026-09-24 14:33:39.797194+00,35.4050932500000000
4813,AVAX/USDT,BUY,FUTURES,TRENDING,10.273,10.483,3.40698919,5,10.06754,10.58119,3.5773386495000112,3.5913386494795594,0.013999999979548,10.220967584931406,CLOSED,t,0.6804062724113464,2.305713653564453,manual,0.6533,25.73,2026-09-24 13:58:15.472979+00,2026-09-24 14:34:06.324443+00,35.8475244000000000
4812,UNI/USDT,BUY,FUTURES,TRENDING,9.163,9.184,3.8197097,5,8.97974,9.43789,0.40106951849997385,0.41506951849241386,0.013999999992440003,1.1459129106187183,CLOSED,t,0.92,4.136620998382568,trailing_stop,0.903,25.47,2026-09-24 13:54:54.51579+00,2026-09-24 14:01:21.125806+00,6.4435002666666667
4811,DOT/USDT,SELL,FUTURES,TRANSITION,1.148,1.156,30.48780488,5,1.17096,1.11356,-1.219512195200001,-1.205512195199105,0.014000000000895997,-3.4843205574912925,CLOSED,t,0.9111812710762024,-1.3051551580429077,stop_loss,0.7349,19.19,2026-09-24 13:53:16.855961+00,2026-09-24 14:01:00.927981+00,7.7345336666666667
4810,INJ/USDT,SELL,FUTURES,TRENDING,8.129,8.094,4.30557264,5,8.29158,7.88513,0.753475212000003,0.767475211996227,0.013999999996224,2.152786320580646,CLOSED,t,0.92,-2.7206473350524902,trailing_stop,1.2138,29.71,2026-09-24 13:53:16.845709+00,2026-09-24 13:55:13.61803+00,1.9462053500000000
4809,TAO/USDT,BUY,FUTURES,TRANSITION,287.1,287.8,0.12190874,5,281.358,295.713,0.4266805900000001,0.44068058970160007,0.013999999701600001,1.219087425983978,CLOSED,t,0.7566580176353455,5.474687576293945,trailing_stop,0.8475,23.1,2026-09-24 13:53:16.831673+00,2026-09-24 14:00:17.55453+00,7.0120476166666667
4808,PEPE/USDT,BUY,FUTURES,TRENDING,4.37e-06,4.38e-06,8009153.3180778,5,4.28e-06,4.5e-06,0.40045766590390813,0.41445766590390815,0.013999999999999995,1.1441647597254523,CLOSED,t,0.6890608072280884,6.884085178375244,trailing_stop,0.8272,31.02,2026-09-24 13:53:16.822007+00,2026-09-24 13:56:41.232199+00,3.4068365333333333
4807,PUMP/USDT,BUY,FUTURES,TRENDING,0.003833,0.003846,9131.2288025,5,0.00375634,0.00394799,0.5935298721625045,0.6075298721624975,0.013999999999993,1.6957996347508608,CLOSED,t,0.7987108826637268,8.318840026855469,trailing_stop,0.8812,33.43,2026-09-24 13:53:16.810938+00,2026-09-24 14:00:07.427981+00,6.8436173833333333
4806,WLD/USDT,BUY,SPOT,TRANSITION,0.424,0.4237,82.54716981,1,0.41552,0.43672,-0.024764150942997568,-0.010764150943221567,0.013999999999776,-0.07075471698112512,CLOSED,t,0.8868634104728699,9.520437240600586,negative_timeout,0.8627,24.72,2026-09-24 13:38:51.395655+00,2026-09-24 13:53:56.13537+00,15.0789952500000000
4805,BNB/USDT,BUY,SPOT,TRANSITION,776.1,775.11,0.04509728,1,760.578,799.383,-0.04464630719999968,-0.03064630759679968,0.0139999996032,-0.12756088132972465,CLOSED,t,0.5106039047241211,1.2380459308624268,negative_timeout,0.3054,17.89,2026-09-24 13:38:08.109195+00,2026-09-24 13:53:11.717651+00,15.0601409333333333
4804,DOGE/USDT,BUY,SPOT,TRANSITION,0.09402,0.09381,372.26122102,1,0.0921396,0.0968406,-0.07817485641419913,-0.06417485641407897,0.014000000000120161,-0.2233567326100805,CLOSED,t,0.264731764793396,0.22104237973690033,manual,0.5849,22.87,2026-09-24 13:38:08.095907+00,2026-09-24 13:46:28.508336+00,8.3402071500000000
4803,UNI/USDT,BUY,FUTURES,TRENDING,9.201,9.162,4.08361029,5,9.01698,9.47703,-0.7963040065499952,-0.7812746872386792,0.015029319311316002,-2.1193348549070623,CLOSED,t,0.92,4.136620998382568,stop_loss,0.903,25.47,2026-09-24 13:38:08.084703+00,2026-09-24 13:49:50.181984+00,11.7016213500000000
4802,XPL/USDT,BUY,SPOT,TRANSITION,0.09012,0.09006,388.37106081,1,0.0883176,0.0928236,-0.023302263648601617,-0.009302263648522735,0.014000000000078882,-0.06657789613848664,CLOSED,t,0.4223204255104065,3.062668561935425,negative_timeout,0.7745,23.11,2026-09-24 13:38:08.072322+00,2026-09-24 13:53:11.727193+00,15.0609145166666667
4801,LINK/USDT,BUY,SPOT,TRANSITION,12.465,12.457,2.80786201,1,12.2157,12.83895,-0.022462896079997297,-0.008462896098137296,0.01399999998186,-0.06417970316886512,CLOSED,t,0.13052602112293243,1.1702884435653687,negative_timeout,0.5067,21.92,2026-09-24 13:38:08.061807+00,2026-09-24 13:53:11.737034+00,15.0612537833333333
4800,TAO/USDT,BUY,FUTURES,TRENDING,287.3,287.9,0.13078071,5,281.554,295.919,0.39234212999999224,0.40737144919319224,0.015029319193200002,1.0442046641141456,CLOSED,t,0.7566580176353455,5.474687576293945,trailing_stop,0.8475,23.1,2026-09-24 13:38:08.051057+00,2026-09-24 13:47:49.005913+00,9.6825809333333333
4799,AAVE/USDT,BUY,SPOT,TRANSITION,141.17,141.19,0.24792803,1,138.3466,145.4051,0.004958560600002129,0.01895856059804213,0.01399999999804,0.014167316001989505,CLOSED,t,0.5575013756752014,2.310734272003174,manual,0.759,20.23,2026-09-24 13:38:08.040283+00,2026-09-24 13:46:42.605505+00,8.5760870333333333
4798,AVAX/USDT,BUY,FUTURES,TRENDING,10.241,10.236,3.66890912,5,10.03618,10.54823,-0.09172272799997196,-0.07669340868080396,0.015029319319168,-0.2441167854700943,CLOSED,t,0.92,5.417059421539307,negative_timeout,0.6778,28.4,2026-09-24 13:38:08.029026+00,2026-09-24 13:53:11.746568+00,15.0619590333333333
4797,ACE/USDT,BUY,SPOT,TRANSITION,0.1768,0.1776,197.9638009,1,0.173264,0.182104,0.15837104071999944,0.17237104071964743,0.013999999999648,0.4524886877828038,CLOSED,t,,,manual,,,2026-09-24 13:38:08.015474+00,2026-09-24 13:46:04.465354+00,7.9408313333333333
4796,WLD/USDT,BUY,SPOT,TRANSITION,0.4224,0.4233,82.85984848,1,0.413952,0.435072,0.07457386363200211,0.08857386363118291,0.0139999999991808,0.21306818181818787,CLOSED,t,,,manual,,,2026-09-24 13:33:06.015738+00,2026-09-24 13:33:35.077813+00,0.48436791666666666667
4795,DOGE/USDT,BUY,SPOT,TRANSITION,0.0937,0.09436,373.53255069,1,0.091826,0.096511,0.24653148345539386,0.26053148345525506,0.0139999999998612,0.7043756670223944,CLOSED,t,,,manual,,,2026-09-24 13:30:33.055862+00,2026-09-24 13:33:05.901183+00,2.5474220166666667
4794,LINK/USDT,BUY,SPOT,TRANSITION,12.387,12.466,2.82554291,1,12.13926,12.75861,0.22321788988999508,0.23721788990046308,0.014000000010468,0.6377653992088339,CLOSED,t,,,manual,,,2026-09-24 13:30:33.034971+00,2026-09-24 13:33:05.913699+00,2.5479788000000000
4793,AAVE/USDT,BUY,SPOT,TRANSITION,140.59,141.25,0.24895085,1,137.7782,144.8077,0.16430756099999627,0.17830756100059628,0.0140000000006,0.46945017426558433,CLOSED,t,,,manual,,,2026-09-24 13:30:33.019139+00,2026-09-24 13:33:05.926557+00,2.5484569666666667
4792,UNI/USDT,BUY,FUTURES,TRENDING,9.059,9.19,3.8635611,5,8.87782,9.33077,2.530632520500014,2.544632520501974,0.014000000001959998,7.230378628987788,CLOSED,t,0.92,3.8560290336608887,manual,0.9125,29.16,2026-09-24 13:07:07.675787+00,2026-09-24 13:33:05.939602+00,25.9710635833333333
4791,TAO/USDT,BUY,FUTURES,TRENDING,283.5,286.4,0.12345679,5,277.83,292.005,1.790123454999998,1.8041234549859981,0.013999999986000001,5.1146384479717755,CLOSED,t,0.92,6.748377799987793,manual,0.8157,26.58,2026-09-24 13:07:07.661485+00,2026-09-24 13:33:05.951934+00,25.9715074833333333
4790,AVAX/USDT,BUY,FUTURES,TRENDING,10.09,10.264,3.46878097,5,9.8882,10.3927,3.0178394438999736,3.0318394438948935,0.013999999994920001,8.622398414271482,CLOSED,t,0.92,6.240391731262207,manual,0.6464,31.22,2026-09-24 13:07:07.651516+00,2026-09-24 13:33:05.963624+00,25.9718684666666667
4789,BNB/USDT,BUY,SPOT,TRANSITION,772.38,777,0.04531448,1,756.9324,795.5514,0.20935289760000347,0.22335289682496348,0.01399999922496,0.5981511691136587,CLOSED,t,0.8883108496665955,0.6653445959091187,manual,0.2851,13.22,2026-09-24 13:07:02.616117+00,2026-09-24 13:33:05.974635+00,26.0559753000000000
4788,XPL/USDT,BUY,SPOT,TRANSITION,0.08934,0.09035,391.76180882,1,0.0875532,0.0920202,0.3956794269082022,0.4096794269081937,0.013999999999991523,1.1305126483098338,CLOSED,t,0.7594180107116699,4.357083320617676,manual,0.777,24.69,2026-09-24 13:07:02.595022+00,2026-09-24 13:33:05.984735+00,26.0564952166666667
4787,ACE/USDT,BUY,SPOT,TRANSITION,0.1747,0.1763,200.34344591,1,0.171206,0.179941,0.320549513456002,0.3345495134561928,0.0140000000001908,0.9158557527189526,CLOSED,t,0.71905916929245,23.15088653564453,manual,1.3669,20.91,2026-09-24 13:07:02.571213+00,2026-09-24 13:33:05.995627+00,26.0570735666666667
4786,WLD/USDT,BUY,SPOT,TRANSITION,0.4105,0.4135,85.26187576,1,0.40229,0.422815,0.25578562727999854,0.26978562727979055,0.013999999999792,0.730816077953711,CLOSED,t,0.8324965834617615,9.3439302444458,manual,0.7483,21.19,2026-09-24 12:54:09.09958+00,2026-09-24 13:07:00.90282+00,12.8633873333333333
4785,LINK/USDT,BUY,SPOT,TRANSITION,12.25,12.324,2.85714286,1,12.005,12.6175,0.21142857164000098,0.225428571654001,0.014000000014000001,0.604081632653064,CLOSED,t,0.92,2.224687337875366,manual,0.495,23.83,2026-09-24 12:39:43.374968+00,2026-09-24 13:07:00.917683+00,27.2923785833333333
4784,BNB/USDT,BUY,SPOT,TRANSITION,770.42,770.1,0.04542977,1,755.0116,793.5326,-0.014537526399997773,-0.0005375250386377723,0.01400000136136,-0.041535785675339554,CLOSED,t,0.8656835556030273,0.7647798657417297,negative_timeout,0.2964,13.82,2026-09-24 12:39:05.381904+00,2026-09-24 12:54:09.066296+00,15.0614065333333333
4783,DOGE/USDT,BUY,SPOT,TRANSITION,0.09219,0.09307,379.65072134,1,0.0903462,0.0949557,0.3340926347792004,0.3480926347793343,0.014000000000133841,0.9545503850743042,CLOSED,t,0.8858243823051453,1.7257336378097534,manual,0.5574,24.51,2026-09-24 12:39:02.877381+00,2026-09-24 13:07:00.931717+00,27.9675722666666667
4782,SOL/USDT,BUY,SPOT,TRENDING,113.28,114.18,0.30896893,1,111.0144,116.6784,0.2780720369999983,0.29207203715615826,0.01400000015616,0.7944915254237239,CLOSED,t,0.6470274925231934,2.217294454574585,manual,0.4076,34.41,2026-09-24 12:39:00.102402+00,2026-09-24 13:07:00.945368+00,28.0140494333333333
4781,XPL/USDT,BUY,FUTURES,TRENDING,0.088,0.08844,397.72727273,5,0.08624,0.09064,0.87500000000602,0.889000000006116,0.014000000000095998,2.5000000000000577,CLOSED,t,0.7335628867149353,4.322682857513428,trailing_stop,0.783,25.56,2026-09-24 12:38:57.714766+00,2026-09-24 12:45:47.0115+00,6.8216122333333333
4780,UNI/USDT,BUY,FUTURES,TRENDING,8.963,9.001,3.90494254,5,8.78374,9.23189,0.7419390826000128,0.7559390825944209,0.013999999994407998,2.11982595113247,CLOSED,t,0.92,4.374347686767578,trailing_stop,0.9436,29.49,2026-09-24 12:38:54.95891+00,2026-09-24 12:42:45.841328+00,3.8480403000000000
4779,TAO/USDT,BUY,FUTURES,TRENDING,280.2,278.8,0.12491078,5,274.596,288.606,-0.8743754599999936,-0.8603754597775936,0.0140000002224,-2.4982155603140432,CLOSED,t,0.92,6.096355438232422,stop_loss,0.8215,26.2,2026-09-24 12:38:52.409919+00,2026-09-24 12:41:46.531944+00,2.9020337500000000
4778,AAVE/USDT,BUY,SPOT,TRANSITION,136.92,138.22,0.25562372,1,134.1816,141.0276,0.3323108360000051,0.3463108358969651,0.01399999989696,0.9494595384166082,CLOSED,t,0.92,5.514215469360352,manual,0.6978,17.36,2026-09-24 12:38:49.612417+00,2026-09-24 13:07:00.957322+00,28.1890817500000000
4777,AVAX/USDT,BUY,FUTURES,TRENDING,9.992,10.05,3.50280224,5,9.79216,10.29176,1.0158126495999888,1.0298126495928208,0.013999999992832,2.9023218574859566,CLOSED,t,0.92,5.993187427520752,trailing_stop,0.639,30.37,2026-09-24 12:38:47.166594+00,2026-09-24 12:45:47.02597+00,6.9976562666666667
4776,ACE/USDT,BUY,FUTURES,TRENDING,0.176,0.1749,198.86363636,5,0.17248,0.18415512,-1.093749999979996,-1.079749999980252,0.013999999999743998,-3.124999999999989,CLOSED,t,0.542477011680603,24.86568832397461,stop_loss,1.2664,19.25,2026-09-24 12:35:49.935636+00,2026-09-24 12:39:33.447333+00,3.7251949500000000
4775,HBAR/USDT,SELL,FUTURES,TRENDING,0.09002,0.0901,388.80248834,5,0.0918204,0.0873194,-0.1555209953359937,-0.14152099533584697,0.014000000000146721,-0.4443457009553252,CLOSED,t,0.40245768427848816,0.8806447982788086,negative_timeout,0.5988,21.45,2026-09-24 12:35:44.892649+00,2026-09-24 12:50:47.363558+00,15.0411818166666667
4774,SUI/USDT,SELL,FUTURES,TRENDING,0.9553,0.9514,36.63770543,5,0.974406,0.926641,0.7144352558850027,0.7284352558839142,0.0139999999989116,2.041243588401557,CLOSED,t,0.92,-2.519014835357666,trailing_stop,1.4719,33.33,2026-09-24 12:31:02.890436+00,2026-09-24 12:34:55.660312+00,3.8794979333333333
4773,TAO/USDT,BUY,FUTURES,TRENDING,281.5,280.1,0.12433393,5,275.87,289.945,-0.8703375099999786,-0.8563375094819786,0.014000000517999999,-2.4866785079928344,CLOSED,t,0.92,4.446953773498535,stop_loss,1.7853,32.04,2026-09-24 12:31:00.414842+00,2026-09-24 12:33:33.437121+00,2.5503713166666667
4772,APT/USDT,SELL,FUTURES,TRENDING,0.7664,0.7697,45.66805846,5,0.781728,0.743408,-0.7535229645900184,-0.7395229645885208,0.014000000001497601,-2.15292275574118,CLOSED,t,0.92,-5.995985507965088,stop_loss,1.8485,27.77,2026-09-24 12:30:57.786901+00,2026-09-24 12:40:50.451179+00,9.8777379666666667
4771,ONDO/USDT,SELL,FUTURES,TRENDING,0.4563,0.4563,35.8647341,5,0.465426,0.4448015,0.03586473409999605,0.04241076536792805,0.006546031267932,0.2191540653078873,CLOSED,t,0.9145737290382385,-4.3722100257873535,take_profit,2.1623,27.56,2026-09-24 12:24:19.706363+00,2026-09-24 12:33:19.466692+00,8.9960054833333333
4770,PUMP/USDT,BUY,FUTURES,TRENDING,0.0038,0.003788,4350.18840614,5,0.003724,0.003895,-0.2610113043683934,-0.2543990179910606,0.0066122863773328,-1.5789473684210131,CLOSED,t,0.92,13.04249382019043,negative_timeout,1.6467,40.46,2026-09-24 12:23:35.744244+00,2026-09-24 12:38:42.012056+00,15.1044635333333333
4769,TAO/USDT,BUY,FUTURES,TRENDING,282.4,283.2,0.05774102,5,276.752,290.16429019,0.23096407999999496,0.23748650561919496,0.006522425619199999,1.4164305949008194,CLOSED,t,,,trailing_stop,,,2026-09-24 12:19:06.399918+00,2026-09-24 12:23:30.638845+00,4.4039821166666667
4768,LINK/USDT,BUY,FUTURES,TRENDING,12.278,12.244,1.34151366,5,12.03244,12.58495,-0.22805732220000405,-0.22146888031301204,0.006588441886992,-1.3845903241570534,CLOSED,t,,,negative_timeout,,,2026-09-24 12:18:57.410748+00,2026-09-24 12:33:57.523177+00,15.0018738166666667
4767,ONDO/USDT,SELL,FUTURES,TRENDING,0.4578,0.4524,36.01588856,5,0.466956,0.4462637,0.9724289911199928,0.9790242206331,0.006595229513107199,5.897771952817782,CLOSED,t,,,trailing_stop,,,2026-09-24 12:18:23.160645+00,2026-09-24 12:19:16.501245+00,0.88901000000000000000
4766,APT/USDT,SELL,FUTURES,TRENDING,0.7671,0.7703,21.71158447,5,0.782442,0.74553031,-0.3473853515199979,-0.34072336894122307,0.0066619825787748,-2.0857776039629647,CLOSED,t,0.92,-5.672806739807129,stop_loss,1.8746,28.9,2026-09-24 12:14:48.558677+00,2026-09-24 12:25:17.37569+00,10.4802835500000000
4765,HBAR/USDT,SELL,FUTURES,TRENDING,0.09031,0.09031,181.86721295,5,0.0921162,0.08805225,0.11821368841750464,0.12478345961811044,0.0065697712006058005,0.7197431070756567,CLOSED,t,0.8285292387008667,-2.8587350845336914,take_profit,1.3573,32.92,2026-09-24 12:13:48.71846+00,2026-09-24 12:30:42.291297+00,16.8928806166666667
4764,ACE/USDT,BUY,FUTURES,TRENDING,0.1781,0.1773,93.15365794,5,0.174538,0.18682007,-0.372614631760001,-0.36597836516835536,0.0066362665916456015,-2.245929253228529,CLOSED,t,0.8645520806312561,14.694602012634277,stop_loss,3.2641,39.62,2026-09-24 12:13:39.708411+00,2026-09-24 12:30:45.920552+00,17.1035356833333333
4763,PUMP/USDT,BUY,FUTURES,TRENDING,0.0038,0.003784,4369.7682253,5,0.003724,0.003895,-0.3495814580239974,-0.3429394103215414,0.006642047702456,-2.105263157894721,CLOSED,t,0.92,12.004034042358398,stop_loss,1.6198,39.52,2026-09-24 12:13:10.513198+00,2026-09-24 12:18:33.264813+00,5.3791935833333333
4762,ONDO/USDT,SELL,FUTURES,TRENDING,0.4667,0.4686,36.30745846,5,0.476034,0.45493942,-0.3449208553700022,-0.3381429790246894,0.0067778763453128,-2.035568887936589,CLOSED,t,0.9145001769065857,-2.24153733253479,stop_loss,1.68,26.6,2026-09-24 12:12:50.322835+00,2026-09-24 12:13:19.474119+00,0.48585473333333333333
4761,DOT/USDT,SELL,FUTURES,TRENDING,1.118,1.112,15.15625301,5,1.14036,1.09005,0.45468759030000044,0.46146546664607246,0.006777876346072002,2.6833631484794296,CLOSED,t,0.92,-3.6710519790649414,trailing_stop,1.3934,26.85,2026-09-24 12:12:50.307364+00,2026-09-24 12:34:36.704841+00,21.7732912833333333
4760,LINK/USDT,BUY,FUTURES,TRENDING,12.221,12.274,1.41683322,5,11.97658,12.526525,0.3754608033000016,0.3823868508126496,0.006926047512648001,2.168398658047632,CLOSED,t,0.92,1.2704477310180664,trailing_stop,1.0871,40.71,2026-09-24 12:07:48.025016+00,2026-09-24 12:13:53.761545+00,6.0956088166666667
4759,TAO/USDT,BUY,FUTURES,TRENDING,281.8,283.8,0.06144471,5,276.164,289.54779382,0.614447100000008,0.621373147711208,0.006926047711200001,3.5486160397445454,CLOSED,t,0.92,4.356414318084717,trailing_stop,1.8329,32.16,2026-09-24 12:07:48.008656+00,2026-09-24 12:14:05.3831+00,6.2895740666666667
4758,PENGU/USDT,BUY,SPOT,TRANSITION,0.009743,0.009732,1026.37791235,1,0.00954814,0.01010437,-0.011290157035850892,-0.0072901570358404715,0.004000000000010421,-0.1129015703582148,CLOSED,t,0.7249209880828857,8.514748573303223,negative_timeout,2.4727,14.68,2026-09-24 12:07:47.99603+00,2026-09-24 12:32:59.229169+00,25.1872189833333333
4757,WLD/USDT,BUY,SPOT,TRENDING,0.4062,0.4085,24.61841457,1,0.398076,0.41693582,0.056622353510999146,0.060622353510332745,0.0039999999993336,0.5662235352043243,CLOSED,t,0.9136186242103577,8.89093017578125,profitable_timeout,1.762,39.54,2026-09-24 12:07:47.983144+00,2026-09-24 12:38:44.463008+00,30.9413310666666667
4756,APT/USDT,SELL,FUTURES,TRENDING,0.7607,0.7639,21.87216016,5,0.775914,0.73931027,-0.34995456255999785,-0.34329930166651307,0.006655260893484801,-2.1033258840541476,CLOSED,t,0.92,-5.672806739807129,stop_loss,1.8746,28.9,2026-09-24 11:55:34.914729+00,2026-09-24 12:09:46.527355+00,14.1935437666666667
4755,ACE/USDT,BUY,FUTURES,TRENDING,0.1777,0.1767,93.6305697,5,0.174146,0.18640049,-0.46815284849999805,-0.46149758760572207,0.006655260894275999,-2.8137310073156896,CLOSED,t,0.8645520806312561,14.694602012634277,stop_loss,3.2641,39.62,2026-09-24 11:55:34.900499+00,2026-09-24 12:08:37.947138+00,13.0507773166666667
4754,HBAR/USDT,SELL,FUTURES,TRENDING,0.08976,0.08978,187.23879128,5,0.0915552,0.087516,-0.01872387912799274,-0.012001257565875618,0.006722621562117121,-0.11140819964345057,CLOSED,t,0.8285292387008667,-2.8587350845336914,negative_timeout,1.3573,32.92,2026-09-24 11:45:31.483141+00,2026-09-24 12:08:48.074572+00,23.2765238500000000
4753,PUMP/USDT,BUY,FUTURES,TRENDING,0.00377,0.003782,4503.09284842,5,0.0036946,0.00386425,0.2701855709052049,0.27697623492062223,0.00679066401541736,1.5915119363395513,CLOSED,t,0.92,12.004034042358398,trailing_stop,1.6198,39.52,2026-09-24 11:44:35.755604+00,2026-09-24 12:08:08.74356+00,23.5497992666666667
4752,ONDO/USDT,SELL,FUTURES,TRENDING,0.4267,0.452,40.18862875,5,0.435234,0.4159474,-5.083861536874998,-5.077002141719948,0.006859395155050001,-29.646121396765864,CLOSED,t,0.9145001769065857,-2.24153733253479,stop_loss,1.68,26.6,2026-09-24 11:42:09.056093+00,2026-09-24 12:07:47.938456+00,25.6480393833333333
4751,LTC/USDT,SELL,FUTURES,TRENDING,66.64,65.69,0.25286505,5,67.9728,64.6895895,1.2011089875000036,1.2078493582728036,0.0067403707728,7.127851140456204,CLOSED,t,0.92,-2.2316372394561768,trailing_stop,1.9512,34.79,2026-09-24 11:39:35.190878+00,2026-09-24 12:08:48.085105+00,29.2149037833333333
4750,DOT/USDT,SELL,FUTURES,TRENDING,1.115,1.113,15.11053278,5,1.1373,1.087125,0.15110532780000013,0.15784462541988015,0.006739297619880001,0.896860986547086,CLOSED,t,0.92,-3.6710519790649414,profitable_timeout,1.3934,26.85,2026-09-24 11:36:47.947878+00,2026-09-24 12:07:47.954116+00,31.0001039666666667
4749,PUMP/USDT,BUY,FUTURES,TRENDING,0.003801,0.003801,4477.44597347,5,0.00372498,0.00389602,0,0.006807508858063789,0.006807508858063789,0,CLOSED,t,0.92,12.004034042358398,take_profit,1.6198,39.52,2026-09-24 11:36:17.555222+00,2026-09-24 11:39:35.121089+00,3.2927644500000000
4748,APT/USDT,SELL,FUTURES,TRENDING,0.7655,0.7697,22.45725177,5,0.78081,0.7439753,-0.47160228717001024,-0.4647258766780362,0.006876410491973999,-2.743305029392614,CLOSED,t,0.92,-5.672806739807129,stop_loss,1.8746,28.9,2026-09-24 11:36:12.491917+00,2026-09-24 11:40:41.254594+00,4.4793779500000000
4747,PENGU/USDT,BUY,SPOT,TRANSITION,0.00977,0.00971,1023.54145343,1,0.0095746,0.01013237,-0.06141248720579906,-0.05741248720579462,0.00400000000000444,-0.6141248720573089,CLOSED,t,0.7249209880828857,8.514748573303223,negative_timeout,2.4727,14.68,2026-09-24 11:35:52.664212+00,2026-09-24 11:55:23.500746+00,19.5139422333333333
4746,WLD/USDT,BUY,FUTURES,TRENDING,0.4064,0.4061,43.97216166,5,0.398272,0.4171411,-0.06595824248999492,-0.05881012789054532,0.007148114599449599,-0.36909448818894797,CLOSED,t,0.9136186242103577,8.89093017578125,negative_timeout,1.762,39.54,2026-09-24 11:35:50.109765+00,2026-09-24 11:55:25.997887+00,19.5981353666666667
4745,LINK/USDT,BUY,FUTURES,TRENDING,12.224,12.195,1.49179733,5,11.97952,12.5296,-0.21631061284999828,-0.2090163206252303,0.007294292224768,-1.1861910994764302,CLOSED,t,0.92,1.2704477310180664,negative_timeout,1.0871,40.71,2026-09-24 11:35:32.930288+00,2026-09-24 11:55:29.393014+00,19.9410454333333333
4744,TAO/USDT,BUY,FUTURES,TRENDING,281.9,281,0.06468865,5,276.262,289.65054321,-0.291098924999989,-0.283804632825989,0.007294292173999999,-1.5963107484923134,CLOSED,t,0.92,4.356414318084717,negative_timeout,1.8329,32.16,2026-09-24 11:35:30.400467+00,2026-09-24 11:55:33.436836+00,20.0506061500000000
4743,APT/USDT,SELL,FUTURES,TRENDING,0.767,0.7649,20.62455538,5,0.78234,0.74543312,0.21655783148999902,0.22288544508058303,0.006327613590584,1.3689700130378035,CLOSED,t,0.92,-5.672806739807129,trailing_stop,1.8746,28.9,2026-09-24 11:26:24.350342+00,2026-09-24 11:31:06.25804+00,4.6984616333333333
4742,LTC/USDT,SELL,FUTURES,TRENDING,66.57,66.42,0.24248956,5,67.9014,64.62163825,0.18186716999998967,0.18832418200366968,0.00645701200368,1.1266336187471195,CLOSED,t,0.92,-2.2316372394561768,trailing_stop,1.9512,34.79,2026-09-24 11:24:42.567816+00,2026-09-24 11:34:30.554916+00,9.7997850000000000
4741,ONDO/USDT,SELL,FUTURES,TRENDING,0.428,0.4269,37.71619225,5,0.43656,0.41721464,0.2074390573749981,0.2138960694881981,0.0064570121132,1.2850467289719507,CLOSED,t,0.9145001769065857,-2.24153733253479,trailing_stop,1.68,26.6,2026-09-24 11:24:39.103482+00,2026-09-24 11:37:08.178143+00,12.4845776833333333
4740,PUMP/USDT,BUY,FUTURES,TRENDING,0.003827,0.003811,4218.92205667,5,0.00375046,0.00392267,-0.3375137645336031,-0.3310554386492527,0.006458325884350436,-2.09041024301021,CLOSED,t,0.92,12.004034042358398,stop_loss,1.6198,39.52,2026-09-24 11:18:16.25925+00,2026-09-24 11:31:13.578601+00,12.9553225166666667
4739,LINK/USDT,BUY,FUTURES,TRENDING,12.26,12.228,1.22349103,5,12.0148,12.5665,-0.1957585647999987,-0.1897585647888787,0.00600000001112,-1.3050570962479524,CLOSED,t,0.92,1.8060758113861084,negative_timeout,1.0871,40.71,2026-09-24 11:13:42.614589+00,2026-09-24 11:30:18.812829+00,16.6033040000000000
4738,XPL/USDT,BUY,SPOT,TRANSITION,0.0884,0.08828,113.12217195,1,0.086632,0.09083253,-0.01357466063400106,-0.00957466063384906,0.004000000000152,-0.13574660633485225,CLOSED,t,0.7152291536331177,4.021401882171631,negative_timeout,1.8345,22.44,2026-09-24 11:13:39.378611+00,2026-09-24 11:30:21.320443+00,16.6990305333333333
4737,TAO/USDT,BUY,FUTURES,TRENDING,282.8,282,0.05304102,5,277.144,290.57528776,-0.212164079999999,-0.20616407981759902,0.006000000182400001,-1.4144271570014078,CLOSED,t,0.92,3.5325255393981934,negative_timeout,1.8329,32.16,2026-09-24 11:13:36.695768+00,2026-09-24 11:30:23.686866+00,16.7831849666666667
4736,FET/USDT,BUY,SPOT,TRANSITION,0.1982,0.1977,50.45408678,1,0.194236,0.20365268,-0.02522704338999977,-0.02122704339008137,0.0039999999999184,-0.25227043390514403,CLOSED,t,0.92,3.3866772651672363,negative_timeout,1.8341,21.96,2026-09-24 11:13:34.357125+00,2026-09-24 11:30:26.287726+00,16.8655100166666667
4735,PENGU/USDT,BUY,SPOT,TRANSITION,0.0098,0.009799,1020.40816327,1,0.009604,0.01016349,-0.0010204081632694572,0.002979591836748943,0.0040000000000184,-0.010204081632647632,CLOSED,t,0.7147025465965271,8.544322967529297,negative_timeout,2.4727,14.68,2026-09-24 11:13:31.77765+00,2026-09-24 11:30:28.774181+00,16.9499421833333333
4734,DOT/USDT,SELL,FUTURES,TRENDING,1.122,1.115,13.36898396,5,1.14444,1.09395,0.4679144386000078,0.4739144386012558,0.006000000001248,3.1194295900178775,CLOSED,t,0.92,-3.5090644359588623,trailing_stop,1.3934,26.85,2026-09-24 11:13:29.424627+00,2026-09-24 11:31:46.795039+00,18.2895068666666667
4733,HBAR/USDT,SELL,FUTURES,TRENDING,0.08977,0.0898,167.09368386,5,0.0915654,0.08752575,-0.025064052579001878,-0.019064052578957,0.00600000000004488,-0.16709368385876266,CLOSED,t,0.8707393407821655,-3.291383981704712,negative_timeout,1.3573,32.92,2026-09-24 11:13:26.89083+00,2026-09-24 11:40:31.100822+00,27.0701665333333333
4732,APT/USDT,SELL,FUTURES,TRENDING,0.7692,0.7674,19.50078003,5,0.784584,0.74757126,0.1755070202700023,0.18150702026963272,0.005999999999630401,1.1700468018720902,CLOSED,t,0.92,-5.432128429412842,trailing_stop,1.8746,28.9,2026-09-24 11:13:23.668253+00,2026-09-24 11:21:15.52148+00,7.8642204500000000
4731,WLD/USDT,BUY,FUTURES,TRENDING,0.4072,0.4064,36.83693517,5,0.399056,0.41796225,-0.14734774068000653,-0.14134774067951694,0.0060000000004896,-0.9823182711198863,CLOSED,t,0.9048015475273132,7.571542263031006,negative_timeout,1.762,39.54,2026-09-24 11:13:20.586959+00,2026-09-24 11:30:36.849011+00,17.2710342000000000
4730,PUMP/USDT,BUY,SPOT,TRENDING,0.003888,0.00382776516,18546.7729666,1,0.00382968,0.0039852,-1.0942596050294036,-1.0654156637117473,0.028843941317656323,-1.5174897119341613,CLOSED,t,0.8654100298881531,11.053457260131836,stop_loss,1.5011,37.98,2026-09-24 09:15:11.928887+00,2026-09-24 11:13:15.786155+00,118.0642878000000000
4729,FIL/USDT,SELL,FUTURES,TRENDING,0.9772,0.974,227.73108005,3,0.991858,0.95061188,2.186218368479987,2.2752338930499314,0.08901552456994401,0.9823986901350741,CLOSED,t,0.92,-7.815310001373291,manual,1.8139,29.03,2026-09-24 09:05:48.828455+00,2026-09-24 09:19:02.984298+00,13.2359307166666667
4728,PUMP/USDT,BUY,SPOT,TRENDING,0.00393,0.003929,17124.06093968,1,0.00387105,0.00402825,-0.017124060939685756,0.009794962857491204,0.02691902379717696,-0.025445292620873694,CLOSED,t,0.8654100298881531,11.053457260131836,negative_timeout,1.5011,37.98,2026-09-24 08:54:37.118686+00,2026-09-24 09:10:05.201052+00,15.4680394333333333
4727,FIL/USDT,SELL,FUTURES,TRENDING,0.9756,0.9823,295.63152123,3,0.990234,0.94905541,-5.942193576722934,-5.826826331878139,0.11536724484479519,-2.0602706027060047,CLOSED,t,0.92,-7.815310001373291,stop_loss,1.8139,29.03,2026-09-24 08:54:24.637676+00,2026-09-24 09:00:48.519343+00,6.3980277833333333
4726,PENGU/USDT,BUY,SPOT,TRANSITION,0.00984,0.0096924,1016.2601626,1,0.0096924,0.01022824,-0.15040650406480086,-0.14640650406480726,0.0039999999999936,-1.5040650406504152,CLOSED,t,0.8189626336097717,7.7644782066345215,stop_loss,2.6304,17.42,2026-09-24 08:41:12.758014+00,2026-09-24 08:49:05.552174+00,7.8799026666666667
4725,PUMP/USDT,BUY,FUTURES,TRENDING,0.00395,0.003921,13796.5111494,3,0.00389075,0.00404875,-1.20029646999781,-1.178497982381758,0.021798487616052003,-2.2025316455696387,CLOSED,t,0.8654100298881531,11.053457260131836,stop_loss,1.5011,37.98,2026-09-24 08:39:36.628711+00,2026-09-24 08:49:22.470292+00,9.7640263500000000
4724,HBAR/USDT,SELL,FUTURES,TRENDING,0.09061,0.08998,580.72570255,3,0.09196915,0.08834475,1.0975715778194854,1.1186194001827077,0.021047822363222203,2.0858624875841243,CLOSED,t,0.8903608322143555,-4.473265647888184,manual,1.347,33.5,2026-09-24 08:33:35.90103+00,2026-09-24 08:49:22.479587+00,15.7763092833333333
4723,FIL/USDT,SELL,FUTURES,TRENDING,0.9838,0.973,58.34839591,3,0.998557,0.9570323,1.890488027484006,1.9134492882425091,0.022961260758503202,3.2933523073795588,CLOSED,t,0.92,-7.815310001373291,manual,1.8139,29.03,2026-09-24 08:33:25.80793+00,2026-09-24 08:49:17.439035+00,15.8605184166666667
4722,APT/USDT,SELL,FUTURES,TRENDING,0.7652,0.7582,81.83693185,3,0.776678,0.74388336,1.7185755688500015,1.7436242169506495,0.025048648100648,2.744380554103505,CLOSED,t,0.92,-5.339725494384766,manual,1.8572,29.04,2026-09-24 08:33:15.73224+00,2026-09-24 08:49:12.402622+00,15.9445063666666667
4721,WLD/USDT,BUY,FUTURES,TRENDING,0.4106,0.4078,166.37724019,3,0.404441,0.42146226,-1.397568817596019,-1.3702430196672135,0.027325797928805608,-2.0457866536775726,CLOSED,t,0.92,6.042558670043945,stop_loss,1.7636,39.02,2026-09-24 08:32:09.274739+00,2026-09-24 08:45:46.625395+00,13.6225109333333333
4720,PUMP/USDT,BUY,FUTURES,TRENDING,0.003983,0.003955,12202.48818494,3,0.00392326,0.00408257,-1.025009007534969,-1.0055680033587224,0.01944100417624641,-2.108963093145888,CLOSED,t,0.8654100298881531,11.053457260131836,stop_loss,1.5011,37.98,2026-09-24 08:26:36.122246+00,2026-09-24 08:34:29.912466+00,7.8965036666666667
4719,WLD/USDT,BUY,FUTURES,TRENDING,0.4144,0.4115,115.17166325,3,0.408184,0.42536279,-1.001993470275012,-0.9829026153746919,0.01909085490032,-2.0994208494208744,CLOSED,t,0.92,6.042558670043945,stop_loss,1.7636,39.02,2026-09-24 08:21:12.468343+00,2026-09-24 08:27:08.433174+00,5.9327471833333333
4718,ETC/USDT,SELL,FUTURES,TRENDING,9.65,9.5,5.39543709,3,9.79475,9.3874578,2.4279466905000056,2.4487730776674055,0.020826387167400002,4.663212435233171,CLOSED,t,0.92,-6.928233623504639,manual,1.939,29.77,2026-09-24 08:17:31.808992+00,2026-09-24 08:28:18.960996+00,10.7858667333333333
4717,PENGU/USDT,BUY,SPOT,TRANSITION,0.009975,0.009846,1002.50626566,1,0.00982537,0.01038576,-0.12932330827013905,-0.12532330827015564,0.0039999999999834005,-1.2932330827067573,CLOSED,t,0.8189626336097717,7.7644782066345215,negative_timeout,2.6304,17.42,2026-09-24 08:16:05.559739+00,2026-09-24 08:36:06.13051+00,20.0095128500000000
4716,APT/USDT,SELL,FUTURES,TRENDING,0.7729,0.764,67.38856669,3,0.7844935,0.75046991,1.7992747306230037,1.820108579900884,0.0208338492778804,3.454521930392037,CLOSED,t,0.92,-5.253770351409912,manual,1.9347,30.13,2026-09-24 08:10:48.573581+00,2026-09-24 08:28:13.912836+00,17.4223209166666667
4715,DOT/USDT,SELL,FUTURES,TRENDING,1.138,1.118,45.76856168,3,1.15507,1.10955,2.746113700799972,2.7669475500767082,0.020833849276736,5.272407732864622,CLOSED,t,0.92,-3.8997833728790283,manual,1.349,31.82,2026-09-24 08:10:48.564575+00,2026-09-24 08:44:27.398258+00,33.6472280500000000
4714,HBAR/USDT,SELL,FUTURES,TRENDING,0.0915,0.09069,620.97911411,3,0.0928725,0.0892125,1.5089792472872836,1.5317070828637096,0.022727835576426,2.655737704918004,CLOSED,t,0.8860358595848083,-4.542758464813232,manual,1.4025,35.07,2026-09-24 08:08:52.443895+00,2026-09-24 08:28:30.891311+00,19.6407902666666667
4713,PUMP/USDT,BUY,FUTURES,TRENDING,0.004013,0.003986,15446.05186094,3,0.00395281,0.00411333,-1.25113020073615,-1.2263361982889691,0.024794002447180892,-2.018440069773253,CLOSED,t,0.9058495759963989,11.306004524230957,stop_loss,1.5384,39.21,2026-09-24 08:08:20.475338+00,2026-09-24 08:21:35.870541+00,13.2565867166666667
4712,ETC/USDT,SELL,FUTURES,TRENDING,9.62,9.62,6.03624334,3,9.7643,9.35827399,0,0.02322746437232,0.02322746437232,0,CLOSED,t,0.92,-5.813395023345947,take_profit,1.8138,28.54,2026-09-24 08:05:44.395922+00,2026-09-24 08:12:29.731916+00,6.7555999000000000
4711,FIL/USDT,SELL,FUTURES,TRENDING,0.9938,0.985,57.76997832,3,1.008707,0.96587203,1.525127427648005,1.5480921494297712,0.022964721781766402,2.656470114711218,CLOSED,t,0.92,-7.8091630935668945,manual,1.8735,30.07,2026-09-24 08:03:36.529166+00,2026-09-24 08:28:24.033121+00,24.7917325833333333
4710,WLD/USDT,BUY,FUTURES,TRENDING,0.4165,0.4146,114.90156393,3,0.4102525,0.42798279,-0.6549389144009862,-0.6357963138502482,0.019142600550738,-1.3685474189675584,CLOSED,t,0.8818124532699585,5.686732292175293,negative_timeout,1.838,39.85,2026-09-24 07:55:43.478903+00,2026-09-24 08:15:45.380365+00,20.0316910333333333
4709,PENGU/USDT,BUY,SPOT,TRANSITION,0.010025,0.01002,997.50623441,1,0.00987462,0.01043782,-0.0049875311720494675,-0.000987531172065367,0.0039999999999841005,-0.04987531172069293,CLOSED,t,0.8528014421463013,8.276114463806152,negative_timeout,2.7453,17.65,2026-09-24 07:48:29.598209+00,2026-09-24 08:11:05.438209+00,22.5973333333333333
4708,APT/USDT,SELL,FUTURES,TRENDING,0.7686,0.7716,71.28519733,3,0.780129,0.7462947,-0.6415667759700006,-0.6196508549028653,0.021915921067135198,-1.170960187353631,CLOSED,t,0.92,-5.253770351409912,negative_timeout,1.9347,30.13,2026-09-24 07:45:43.704484+00,2026-09-24 08:05:44.366128+00,20.0110274000000000
4707,DOT/USDT,SELL,FUTURES,TRENDING,1.133,1.139,48.35816652,3,1.149995,1.104675,-0.8704469973600009,-0.8485310762931368,0.021915921066864,-1.5887025595763475,CLOSED,t,0.92,-3.8997833728790283,negative_timeout,1.349,31.82,2026-09-24 07:45:41.261016+00,2026-09-24 08:05:44.376937+00,20.0519320166666667
4706,HBAR/USDT,SELL,FUTURES,TRENDING,0.09123,0.0913,720.68138986,3,0.09259845,0.08894925,-0.15134309187060133,-0.1250439865918302,0.026299105278771124,-0.23018743834265243,CLOSED,t,0.8860358595848083,-4.542758464813232,negative_timeout,1.4025,35.07,2026-09-24 07:43:49.538939+00,2026-09-24 08:03:51.653652+00,20.0352452166666667
4705,ETC/USDT,SELL,FUTURES,TRENDING,9.41,9.55115,6.9870099,3,9.55115,9.15398735,-3.1441544550000073,-3.1178553497364074,0.026299105263600003,-4.782146652497354,CLOSED,t,0.92,-5.813395023345947,stop_loss,1.8138,28.54,2026-09-24 07:43:47.088112+00,2026-09-24 08:00:38.455066+00,16.8561159000000000
4704,FIL/USDT,SELL,FUTURES,TRENDING,0.987,0.9901,45.09,3,1.001805,0.95926313,-0.4193369999999989,-0.4015354679999989,0.017801532000000002,-0.942249240121578,CLOSED,t,0.92,-7.8091630935668945,negative_timeout,1.8735,30.07,2026-09-24 07:38:35.26217+00,2026-09-24 07:58:35.620312+00,20.0059690333333333
4703,APT/USDT,SELL,FUTURES,TRENDING,0.7665,0.7703,70.34301978,3,0.7779975,0.74425564,-0.8019104254920053,-0.7803432556274573,0.021567169864548003,-1.487279843444237,CLOSED,t,0.92,-5.253770351409912,negative_timeout,1.9347,30.13,2026-09-24 07:20:24.459082+00,2026-09-24 07:40:25.049916+00,20.0098472333333333
4702,DOT/USDT,SELL,FUTURES,TRENDING,1.128,1.133,47.7995786,3,1.14492,1.0998,-0.7169936790000164,-0.6954265091356965,0.021567169864319998,-1.329787234042584,CLOSED,t,0.92,-3.8997833728790283,negative_timeout,1.349,31.82,2026-09-24 07:20:24.448528+00,2026-09-24 07:40:25.060408+00,20.0101980000000000
4701,WLD/USDT,BUY,FUTURES,TRENDING,0.4139,0.416,130.2679987,3,0.4076915,0.42531111,0.8206883918100019,0.8422555616747739,0.021567169864771998,1.5221067890794915,CLOSED,t,0.8818124532699585,5.686732292175293,profitable_timeout,1.838,39.85,2026-09-24 07:20:24.437438+00,2026-09-24 07:50:36.755285+00,30.2052974500000000
4700,PUMP/USDT,BUY,FUTURES,TRENDING,0.003992,0.004018,14734.35725868,3,0.00393212,0.0040918,1.1492798661770458,1.172807687847706,0.023527821670660223,1.9539078156312728,CLOSED,t,0.9058495759963989,11.306004524230957,profitable_timeout,1.5384,39.21,2026-09-24 07:20:19.224245+00,2026-09-24 08:03:14.645275+00,42.9236838333333333
4699,FIL/USDT,SELL,FUTURES,TRENDING,0.9831,0.983,49.57787959,3,0.9978465,0.95441959,0.014873363876998365,0.03436936924696997,0.019496005369971602,0.03051571559352731,CLOSED,t,,,take_profit,,,2026-09-24 07:14:51.625123+00,2026-09-24 07:25:08.576572+00,10.2825241500000000
4698,ETC/USDT,SELL,FUTURES,TRENDING,9.27,9.48,5.73580623,3,9.40905,9.01225389,-3.613557924900014,-3.592289555399174,0.02126836950084,-6.796116504854396,CLOSED,t,,,stop_loss,,,2026-09-24 07:14:04.593586+00,2026-09-24 07:38:35.224694+00,24.5105184666666667
4697,WIF/USDT,SELL,FUTURES,TRENDING,0.2394,0.2404,242.29174635,3,0.242991,0.22992524,-0.7268752390500007,-0.7036733814195247,0.023201857630476004,-1.2531328320802018,CLOSED,t,,,negative_timeout,,,2026-09-24 07:13:41.684562+00,2026-09-24 07:38:35.233541+00,24.8924829833333333
4696,PENGU/USDT,BUY,SPOT,TRANSITION,0.009861,0.010051,1120.42426056,1,0.00971308,0.0102604,0.21288060950639948,0.21730001095975235,0.004419401453352864,1.9267822736030782,CLOSED,t,,,profitable_timeout,,,2026-09-24 07:12:33.002535+00,2026-09-24 07:43:06.205835+00,30.5533883333333333
4695,HBAR/USDT,SELL,FUTURES,TRENDING,0.09111,0.09147,727.5932587,3,0.09247665,0.08883225,-0.7858007193959984,-0.7592843106759356,0.0265164087200628,-1.1853803095159672,CLOSED,t,,,negative_timeout,,,2026-09-24 07:12:32.992003+00,2026-09-24 07:38:35.244335+00,26.0375388666666667
4694,PUMP/USDT,BUY,FUTURES,TRENDING,0.003987,0.003983,12204.32848827,3,0.00392719,0.00408667,-0.14645194185923244,-0.12698847878613945,0.019463463073093,-0.300978179082001,CLOSED,t,,,negative_timeout,,,2026-09-24 06:55:12.786169+00,2026-09-24 07:15:13.444693+00,20.0109754000000000
4693,ETC/USDT,SELL,FUTURES,TRENDING,9.22,9.26,5.00638145,3,9.3583,8.96364411,-0.6007657739999872,-0.5823022392123872,0.018463534787600003,-1.3015184381778464,CLOSED,t,,,negative_timeout,,,2026-09-24 06:48:59.886195+00,2026-09-24 07:09:00.528359+00,20.0107027333333333
4692,PENGU/USDT,BUY,SPOT,TRANSITION,0.00993,0.009848,1007.04934542,1,0.00978105,0.0103322,-0.08257804632443881,-0.07857804632443058,0.00400000000000824,-0.8257804632426868,CLOSED,t,,,negative_timeout,,,2026-09-24 06:47:24.625148+00,2026-09-24 07:07:28.392793+00,20.0627940833333333
4691,DOT/USDT,SELL,FUTURES,TRENDING,1.128,1.125,51.76472022,3,1.14492,1.0998,0.4658824819799831,0.4892387237432471,0.023356241763264,0.797872340425503,CLOSED,t,0.92,-3.4434192180633545,profitable_timeout,1.402,33.86,2026-09-24 06:45:20.864934+00,2026-09-24 07:15:23.540734+00,30.0445966666666667
4690,APT/USDT,SELL,FUTURES,TRENDING,0.7709,0.7661,75.7434225,3,0.7824635,0.74758968,1.090705284000006,1.114061525762106,0.023356241762099997,1.8679465559735478,CLOSED,t,0.92,-5.322356700897217,profitable_timeout,2.0159,30.87,2026-09-24 06:45:20.854081+00,2026-09-24 07:15:23.550064+00,30.0449330500000000
4689,FIL/USDT,SELL,FUTURES,TRENDING,0.9853,0.9855,64.64918418,3,1.0000795,0.95655541,-0.03878951050801726,-0.013309974038995656,0.025479536469021603,-0.060895158834899724,CLOSED,t,0.92,-7.646217346191406,negative_timeout,1.9449,31.79,2026-09-24 06:45:15.808446+00,2026-09-24 07:09:49.042848+00,24.5539067000000000
4688,HBAR/USDT,SELL,FUTURES,TRENDING,0.09175,0.09121,443.84090987,3,0.09312625,0.08945625,0.7190222739893984,0.7353112353816275,0.016288961392229,1.7656675749318762,CLOSED,t,0.8906826972961426,-4.343423843383789,profitable_timeout,1.4421,36.52,2026-09-24 06:37:24.200881+00,2026-09-24 07:07:28.410653+00,30.0701628666666667
4687,PENGU/USDT,BUY,SPOT,TRANSITION,0.010041,0.00994,995.91674136,1,0.00989038,0.01044769,-0.10058759087736079,-0.09658759087736248,0.003999999999998304,-1.0058759087740343,CLOSED,t,0.8022792935371399,7.96694803237915,negative_timeout,2.7002,18.19,2026-09-24 06:22:16.883282+00,2026-09-24 06:42:20.88073+00,20.0666241333333333
4686,DOT/USDT,SELL,FUTURES,TRENDING,1.125,1.128,65.18518519,3,1.141875,1.096875,-0.5866666667099786,-0.5573333333744785,0.0293333333355,-0.799999999999971,CLOSED,t,0.92,-3.4434192180633545,negative_timeout,1.402,33.86,2026-09-24 06:20:19.211189+00,2026-09-24 06:40:19.518989+00,20.0051300000000000
4685,WIF/USDT,SELL,FUTURES,TRENDING,0.2424,0.2401,302.53025303,3,0.246036,0.23280651,2.0874587459069964,2.1167920792407853,0.029333333333788802,2.846534653465342,CLOSED,t,0.92,-6.601644515991211,manual,2.6385,25.98,2026-09-24 06:20:16.790603+00,2026-09-24 07:08:38.818386+00,48.3671297166666667
4684,APT/USDT,SELL,FUTURES,TRENDING,0.7685,0.7705,95.42398612,3,0.7800275,0.74526225,-0.5725439167200005,-0.5432105833867125,0.029333333333288,-0.7807417046193892,CLOSED,t,0.92,-5.322356700897217,negative_timeout,2.0159,30.87,2026-09-24 06:20:14.44399+00,2026-09-24 06:40:19.531944+00,20.0847992333333333
4683,ETC/USDT,SELL,FUTURES,TRENDING,9.26,9.27,7.91936645,3,9.3989,9.00253193,-0.23758099349999498,-0.20824766016919496,0.029333333330800005,-0.32397408207342726,CLOSED,t,0.92,-5.672043323516846,negative_timeout,1.8536,28.88,2026-09-24 06:20:11.164823+00,2026-09-24 06:43:55.884374+00,23.7453258500000000
4682,FIL/USDT,SELL,FUTURES,TRENDING,0.9817,0.9853,74.70034973,3,0.9964255,0.95306043,-0.8067637770839857,-0.7774304437520093,0.0293333333319764,-1.1001324233472354,CLOSED,t,0.92,-7.646217346191406,negative_timeout,1.9449,31.79,2026-09-24 06:20:08.80788+00,2026-09-24 06:40:13.021653+00,20.0702295500000000
4681,PUMP/USDT,BUY,FUTURES,TRENDING,0.003974,0.003991,18453.27965107,3,0.00391439,0.00407335,0.9411172622045492,0.97045059553789,0.029333333333340872,1.2833417211876919,CLOSED,t,0.92,11.321980476379395,profitable_timeout,1.619,39.56,2026-09-24 06:20:06.375876+00,2026-09-24 06:50:08.523332+00,30.0357909333333333
4680,HBAR/USDT,SELL,FUTURES,TRENDING,0.09178,0.09195,871.64959686,3,0.0931567,0.0894855,-0.44454129439860907,-0.41254129439868475,0.03199999999992432,-0.5556766179995756,CLOSED,t,0.8906826972961426,-4.343423843383789,negative_timeout,1.4421,36.52,2026-09-24 06:12:20.209072+00,2026-09-24 06:32:20.761782+00,20.0092118333333333
